"integrated_rank","gene","final_integrated_score","final_tier","adjusted_biomarker_score","biomarker_score","avg_log2FC","absolute_log2FC","pct.1","pct.2","prevalence_difference","mean_sample_prevalence","minimum_sample_prevalence","maximum_sample_prevalence","consistency_category","sample_consistency_score","specificity_score","prevalence_score","significance_score","high_priority","robust_3sample","final_biological_category","biological_class","GO_BP_support","GO_CC_support","GO_MF_support","KEGG_support","pathway_support","epithelial_relevance","proliferation_relevance","mitochondrial_relevance","stress_relevance","metabolic_flag","biological_review_flag","strong_candidate","strong_3sample","review_category","final_review_status","pathway_support_score","biological_relevance_score","consistency_penalty","review_penalty","final_biological_score","tumor_priority_score","OXPHOS_priority_score","final_panel_rank"
7,"PRSS23",0.731177175465214,"Tier_1_Strong_Tumor_Relevant",0.767050935819276,0.767050935819276,1.57640748655421,1.57640748655421,0.739,0.378,0.361,0.758410723407786,0.465789473684211,0.920863309352518,"Consistent_3_of_3",1,0.361,0.739,1,TRUE,TRUE,"Epithelial_Tumor_Relevant","Epithelial_TumorAssociated",FALSE,TRUE,FALSE,FALSE,TRUE,TRUE,FALSE,FALSE,FALSE,NA,"Standard_candidate",TRUE,TRUE,"Tumor_Epithelial","Standard",2,0.683410187163855,0,0,0.683410187163855,0.738467827536747,0.817915280745783,1
47,"EPN3",0.675747068071565,"Tier_1_Strong_Tumor_Relevant",0.766,0.766,2.37194040602517,2.37194040602517,0.452,0.074,0.378,0.455457472462142,0.35,0.54874651810585,"Consistent_3_of_3",1,0.378,0.452,1,TRUE,TRUE,"Epithelial_Tumor_Relevant","Epithelial_TumorAssociated",FALSE,TRUE,FALSE,FALSE,TRUE,TRUE,FALSE,FALSE,FALSE,NA,"Standard_candidate",TRUE,TRUE,"Tumor_Epithelial","Standard",2,0.6832,0,0,0.6832,0.6841,0.7602,2
9,"FCGRT",0.7279716884174,"Tier_1_Strong_Tumor_Relevant",0.757529975309625,0.757529975309625,1.461839802477,1.461839802477,0.708,0.292,0.416,0.723525211497713,0.37883008356546,0.949640287769784,"Consistent_3_of_3",1,0.416,0.708,1,TRUE,TRUE,"Epithelial_Tumor_Relevant","Epithelial_TumorAssociated",FALSE,TRUE,FALSE,FALSE,TRUE,TRUE,FALSE,FALSE,FALSE,NA,"Standard_candidate",TRUE,TRUE,"Tumor_Epithelial","Standard",2,0.681505995061925,0,0,0.681505995061925,0.739935491358369,0.808858992592888,3
93,"ESR1",0.650898007284263,"Tier_1_Strong_Tumor_Relevant",0.717087884107616,0.717087884107616,1.35430307286093,1.35430307286093,0.618,0.247,0.371,0.636625008745386,0.410526315789474,0.805755395683453,"Consistent_3_of_3",1,0.371,0.618,1,TRUE,TRUE,"Epithelial_Tumor_Relevant","Epithelial_TumorAssociated",FALSE,FALSE,FALSE,FALSE,FALSE,TRUE,FALSE,FALSE,FALSE,NA,"Standard_candidate",TRUE,TRUE,"Tumor_Epithelial","Standard",0,0.593417576821523,0,0,0.593417576821523,0.698780759437666,0.738726365232285,4
403,"CDK4",0.535867854205297,"Tier_3_Exploratory_Robust",0.556795215571176,0.556795215571176,0.506890945863032,0.506890945863032,0.534,0.328,0.206,0.523763209048653,0.431654676258993,0.660526315789474,"Consistent_3_of_3",1,0.206,0.534,0.969558982255311,FALSE,TRUE,"Proliferation_Relevant","Proliferation_CellCycle",FALSE,TRUE,FALSE,FALSE,TRUE,FALSE,TRUE,FALSE,FALSE,NA,"Standard_candidate",TRUE,TRUE,"Proliferation","Standard",2,0.541359043114235,0,0,0.541359043114235,0.592878325449912,0.70927241200965,5
576,"PCNA",0.466408909310927,"Tier_4_Exploratory",0.513843548863385,0.513843548863385,0.555210909682802,0.555210909682802,0.339,0.178,0.161,0.35067117102389,0.284122562674095,0.47841726618705,"Consistent_3_of_3",1,0.161,0.339,0.962947901020231,FALSE,TRUE,"Proliferation_Relevant","Proliferation_CellCycle",FALSE,TRUE,FALSE,FALSE,TRUE,FALSE,TRUE,FALSE,FALSE,NA,"Standard_candidate",TRUE,TRUE,"Proliferation","Standard",2,0.532768709772677,0,0,0.532768709772677,0.529845242102185,0.65639524981205,6
21,"ATP5F1A",0.701494756227477,"Tier_2_Strong_Robust_Candidate",0.774782182712209,0.774782182712209,1.78705746169767,1.78705746169767,0.789,0.571,0.218,0.772152054049474,0.564748201438849,0.983286908077994,"Consistent_3_of_3",1,0.218,0.789,1,TRUE,TRUE,"Mitochondrial_Metabolic","Mitochondrial_OXPHOS",TRUE,TRUE,TRUE,FALSE,TRUE,FALSE,FALSE,TRUE,FALSE,NA,"Standard_candidate",TRUE,TRUE,"Mitochondrial_OXPHOS","Standard",4,0.514956436542442,0,0,0.514956436542442,0.722573763949273,0.870234654813663,7
30,"ETFB",0.687697613954743,"Tier_2_Strong_Robust_Candidate",0.740547687662161,0.740547687662161,1.38518150129729,1.38518150129729,0.651,0.215,0.436,0.643616641652226,0.58273381294964,0.763157894736842,"Consistent_3_of_3",1,0.436,0.651,1,TRUE,TRUE,"Mitochondrial_Metabolic","Mitochondrial_OXPHOS",TRUE,TRUE,TRUE,FALSE,TRUE,FALSE,FALSE,TRUE,FALSE,NA,"Standard_candidate",TRUE,TRUE,"Mitochondrial_OXPHOS","Standard",4,0.508109537532432,0,0,0.508109537532432,0.726591690681756,0.832364306298648,8
10,"HSPA1A",0.726293066147912,"Tier_2_Strong_Robust_Candidate",0.725321816673933,0.725321816673933,0.815374533391467,0.815374533391467,0.961,0.555,0.406,0.961362568060198,0.947075208913649,0.971223021582734,"Consistent_3_of_3",1,0.406,0.961,1,FALSE,TRUE,"Stress_Response","Stress_Response",TRUE,TRUE,TRUE,FALSE,TRUE,FALSE,FALSE,FALSE,TRUE,NA,"Standard_candidate",TRUE,TRUE,"Stress_Response","Standard",4,0.505064363334787,0,0,0.505064363334787,0.777262635835877,0.88979654500218,9
15,"COX7B",0.705287673580521,"Tier_2_Strong_Robust_Candidate",0.724587398228997,0.724587398228997,1.13909918583198,1.13909918583198,0.957,0.753,0.204,0.955456312270225,0.935251798561151,0.991643454038997,"Consistent_3_of_3",1,0.204,0.957,1,TRUE,TRUE,"Mitochondrial_Metabolic","Mitochondrial_OXPHOS",TRUE,TRUE,TRUE,FALSE,TRUE,FALSE,FALSE,TRUE,FALSE,NA,"Standard_candidate",TRUE,TRUE,"Mitochondrial_OXPHOS","Standard",4,0.504917479645799,0,0,0.504917479645799,0.735805589380149,0.888776219468699,10
22,"COX8A",0.699713647123647,"Tier_2_Strong_Robust_Candidate",0.71394587758215,0.71394587758215,1.0635670206572,1.0635670206572,0.981,0.807,0.174,0.982162541481256,0.968421052631579,0.989208633093525,"Consistent_3_of_3",1,0.174,0.981,1,FALSE,TRUE,"Mitochondrial_Metabolic","Mitochondrial_OXPHOS",TRUE,TRUE,TRUE,FALSE,TRUE,FALSE,FALSE,TRUE,FALSE,NA,"Standard_candidate",TRUE,TRUE,"Mitochondrial_OXPHOS","Standard",4,0.50278917551643,0,0,0.50278917551643,0.730881057153753,0.890383763274645,11
40,"NDUFB5",0.678153746151341,"Tier_2_Strong_Robust_Candidate",0.70713435500549,0.70713435500549,1.09387484004392,1.09387484004392,0.784,0.466,0.318,0.770065536780369,0.615107913669065,0.863509749303621,"Consistent_3_of_3",1,0.318,0.784,1,TRUE,TRUE,"Mitochondrial_Metabolic","Mitochondrial_OXPHOS",TRUE,TRUE,TRUE,FALSE,TRUE,FALSE,FALSE,TRUE,FALSE,NA,"Standard_candidate",TRUE,TRUE,"Mitochondrial_OXPHOS","Standard",4,0.501426871001098,0,0,0.501426871001098,0.717897024251922,0.848940306501647,12
35,"MDH2",0.682656071180685,"Tier_2_Strong_Robust_Candidate",0.703877645922375,0.703877645922375,1.058221167379,1.058221167379,0.892,0.676,0.216,0.887108509937395,0.820143884892086,0.983286908077994,"Consistent_3_of_3",1,0.216,0.892,1,TRUE,TRUE,"Mitochondrial_Metabolic","Mitochondrial_OXPHOS",TRUE,TRUE,TRUE,FALSE,TRUE,FALSE,FALSE,TRUE,FALSE,NA,"Standard_candidate",TRUE,TRUE,"Mitochondrial_OXPHOS","Standard",4,0.500775529184475,0,0,0.500775529184475,0.717957176072831,0.869563293776713,13
231,"SORD",0.596786388765997,"Tier_3_Exploratory_Robust",0.702755015090049,0.702755015090049,1.58524012072039,1.58524012072039,0.492,0.211,0.281,0.488809755596783,0.314763231197772,0.655263157894737,"Consistent_3_of_3",1,0.281,0.492,1,TRUE,TRUE,"Other_Candidate","Other_Candidate",TRUE,TRUE,TRUE,FALSE,TRUE,FALSE,FALSE,FALSE,FALSE,NA,"Standard_candidate",TRUE,TRUE,"Other_Research_Candidate","Standard",4,0.50055100301801,0,0,0.50055100301801,0.650564255281517,0.789226504527015,14
39,"CYC1",0.678760804154267,"Tier_2_Strong_Robust_Candidate",0.699357163119656,0.699357163119656,1.01405730495725,1.01405730495725,0.849,0.585,0.264,0.83788165479931,0.712230215827338,0.930362116991644,"Consistent_3_of_3",1,0.264,0.849,1,TRUE,TRUE,"Mitochondrial_Metabolic","Mitochondrial_OXPHOS",TRUE,TRUE,TRUE,FALSE,TRUE,FALSE,FALSE,TRUE,FALSE,NA,"Standard_candidate",TRUE,TRUE,"Mitochondrial_OXPHOS","Standard",4,0.499871432623931,0,0,0.499871432623931,0.71737500709188,0.859607148935897,15
37,"ATP5F1B",0.679362492992467,"Tier_2_Strong_Robust_Candidate",0.694559422061715,0.694559422061715,0.966075376493722,0.966075376493722,0.896,0.673,0.223,0.888597545947995,0.802158273381295,0.96100278551532,"Consistent_3_of_3",1,0.223,0.896,1,FALSE,TRUE,"Mitochondrial_Metabolic","Mitochondrial_OXPHOS",TRUE,TRUE,TRUE,FALSE,TRUE,FALSE,FALSE,TRUE,FALSE,NA,"Standard_candidate",TRUE,TRUE,"Mitochondrial_OXPHOS","Standard",4,0.498911884412343,0,0,0.498911884412343,0.7168957977216,0.867567826618515,16
28,"COX5B",0.689992131137538,"Tier_2_Strong_Robust_Candidate",0.694250790629771,0.694250790629771,0.896406325038166,0.896406325038166,0.986,0.811,0.175,0.986226658608606,0.984210526315789,0.988857938718663,"Consistent_3_of_3",1,0.175,0.986,1,FALSE,TRUE,"Mitochondrial_Metabolic","Mitochondrial_OXPHOS",TRUE,TRUE,TRUE,FALSE,TRUE,FALSE,FALSE,TRUE,FALSE,NA,"Standard_candidate",TRUE,TRUE,"Mitochondrial_OXPHOS","Standard",4,0.498850158125954,0,0,0.498850158125954,0.72518777672042,0.885475237188931,17
95,"MRPS7",0.649998241181109,"Tier_3_Exploratory_Robust",0.687921179692176,0.687921179692176,0.946569437537409,0.946569437537409,0.745,0.392,0.353,0.739689022861758,0.690647482014389,0.823684210526316,"Consistent_3_of_3",1,0.353,0.745,1,FALSE,TRUE,"Other_Candidate","Other_Candidate",TRUE,TRUE,TRUE,FALSE,TRUE,FALSE,FALSE,FALSE,FALSE,NA,"Standard_candidate",TRUE,TRUE,"Other_Research_Candidate","Standard",4,0.497584235938435,0,0,0.497584235938435,0.710372412892262,0.835376353907653,18
195,"PDHB",0.60961618221682,"Tier_3_Exploratory_Robust",0.687319614079493,0.687319614079493,1.27135691263594,1.27135691263594,0.562,0.232,0.33,0.545531116522996,0.345323741007194,0.6991643454039,"Consistent_3_of_3",1,0.33,0.562,1,TRUE,TRUE,"Other_Candidate","Other_Candidate",TRUE,TRUE,TRUE,FALSE,TRUE,FALSE,FALSE,FALSE,FALSE,NA,"Standard_candidate",TRUE,TRUE,"Other_Research_Candidate","Standard",4,0.497463922815899,0,0,0.497463922815899,0.668961864927823,0.798595884223848,19
207,"CYB561",0.603459188541566,"Tier_3_Exploratory_Robust",0.687035200747529,0.687035200747529,1.34428160598023,1.34428160598023,0.583,0.321,0.262,0.61105812315402,0.303621169916435,0.953237410071942,"Consistent_3_of_3",1,0.262,0.583,1,TRUE,TRUE,"Other_Candidate","Other_Candidate",TRUE,TRUE,TRUE,FALSE,TRUE,FALSE,FALSE,FALSE,FALSE,NA,"Standard_candidate",TRUE,TRUE,"Other_Research_Candidate","Standard",4,0.497407040149506,0,0,0.497407040149506,0.659462320261635,0.802710560224259,20
32,"COX5A",0.684395716904917,"Tier_2_Strong_Robust_Candidate",0.686557889505941,0.686557889505941,0.828463116047528,0.828463116047528,0.947,0.729,0.218,0.947188116681556,0.928947368421053,0.966573816155989,"Consistent_3_of_3",1,0.218,0.947,1,FALSE,TRUE,"Mitochondrial_Metabolic","Mitochondrial_OXPHOS",TRUE,TRUE,TRUE,FALSE,TRUE,FALSE,FALSE,TRUE,FALSE,NA,"Standard_candidate",TRUE,TRUE,"Mitochondrial_OXPHOS","Standard",4,0.497311577901188,0,0,0.497311577901188,0.723295261327079,0.875367366851782,21
150,"MRPS23",0.62772308889957,"Tier_3_Exploratory_Robust",0.685067597800949,0.685067597800949,1.09654078240759,1.09654078240759,0.655,0.32,0.335,0.66906696311328,0.518105849582173,0.841726618705036,"Consistent_3_of_3",1,0.335,0.655,1,TRUE,TRUE,"Other_Candidate","Other_Candidate",TRUE,TRUE,TRUE,FALSE,TRUE,FALSE,FALSE,FALSE,FALSE,NA,"Standard_candidate",TRUE,TRUE,"Other_Research_Candidate","Standard",4,0.49701351956019,0,0,0.49701351956019,0.687773659230332,0.816520279340285,22
36,"UQCR10",0.68245030629408,"Tier_2_Strong_Robust_Candidate",0.685026324311889,0.685026324311889,0.837010594495108,0.837010594495108,0.964,0.776,0.188,0.964983052408682,0.936842105263158,0.983286908077994,"Consistent_3_of_3",1,0.188,0.964,1,FALSE,TRUE,"Mitochondrial_Metabolic","Mitochondrial_OXPHOS",TRUE,TRUE,TRUE,FALSE,TRUE,FALSE,FALSE,TRUE,FALSE,NA,"Standard_candidate",TRUE,TRUE,"Mitochondrial_OXPHOS","Standard",4,0.497005264862378,0,0,0.497005264862378,0.720159213509161,0.878307897293567,23
29,"NDUFB7",0.689624893148779,"Tier_2_Strong_Robust_Candidate",0.684980285276756,0.684980285276756,0.74224228221405,0.74224228221405,0.931,0.651,0.28,0.931520427991282,0.928947368421053,0.935251798561151,"Consistent_3_of_3",1,0.28,0.931,1,FALSE,TRUE,"Mitochondrial_Metabolic","Mitochondrial_OXPHOS",TRUE,TRUE,TRUE,FALSE,TRUE,FALSE,FALSE,TRUE,FALSE,NA,"Standard_candidate",TRUE,TRUE,"Mitochondrial_OXPHOS","Standard",4,0.496996057055351,0,0,0.496996057055351,0.731943099846865,0.871694085583027,24
89,"MRPL27",0.651602935560356,"Tier_2_Strong_Robust_Candidate",0.684215857260936,0.684215857260936,0.899326858087485,0.899326858087485,0.785,0.461,0.324,0.793042803698692,0.735376044568245,0.888489208633094,"Consistent_3_of_3",1,0.324,0.785,1,FALSE,TRUE,"Other_Candidate","Other_Candidate",TRUE,TRUE,TRUE,FALSE,TRUE,FALSE,FALSE,FALSE,FALSE,NA,"Standard_candidate",TRUE,TRUE,"Other_Research_Candidate","Standard",4,0.496843171452187,0,0,0.496843171452187,0.711275550041328,0.842264757178281,25
34,"NDUFB9",0.683514994591374,"Tier_2_Strong_Robust_Candidate",0.682063756237649,0.682063756237649,0.787710049901196,0.787710049901196,0.97,0.772,0.198,0.969924362518488,0.955263157894737,0.983286908077994,"Consistent_3_of_3",1,0.198,0.97,1,FALSE,TRUE,"Mitochondrial_Metabolic","Mitochondrial_OXPHOS",TRUE,TRUE,TRUE,FALSE,TRUE,FALSE,FALSE,TRUE,FALSE,NA,"Standard_candidate",TRUE,TRUE,"Mitochondrial_OXPHOS","Standard",4,0.49641275124753,0,0,0.49641275124753,0.722322314683177,0.878619126871295,26
31,"NDUFB10",0.684466735445208,"Tier_2_Strong_Robust_Candidate",0.681885747721626,0.681885747721626,0.751085981773012,0.751085981773012,0.925,0.66,0.265,0.924405445589284,0.899721448467967,0.952631578947368,"Consistent_3_of_3",1,0.265,0.925,1,FALSE,TRUE,"Mitochondrial_Metabolic","Mitochondrial_OXPHOS",TRUE,TRUE,TRUE,FALSE,TRUE,FALSE,FALSE,TRUE,FALSE,NA,"Standard_candidate",TRUE,TRUE,"Mitochondrial_OXPHOS","Standard",4,0.496377149544325,0,0,0.496377149544325,0.726660011702569,0.869565724316488,27
105,"MRPS26",0.647450135427186,"Tier_3_Exploratory_Robust",0.681855674749395,0.681855674749395,0.89964539799516,0.89964539799516,0.764,0.431,0.333,0.774430477608823,0.707520891364902,0.892086330935252,"Consistent_3_of_3",1,0.333,0.764,1,FALSE,TRUE,"Other_Candidate","Other_Candidate",TRUE,TRUE,TRUE,FALSE,TRUE,FALSE,FALSE,FALSE,FALSE,NA,"Standard_candidate",TRUE,TRUE,"Other_Research_Candidate","Standard",4,0.496371134949879,0,0,0.496371134949879,0.708049486162288,0.837356702424819,28
124,"MRPS12",0.640412242256878,"Tier_3_Exploratory_Robust",0.681605864328952,0.681605864328952,0.964846914631618,0.964846914631618,0.752,0.449,0.303,0.729961007004395,0.489208633093525,0.878947368421053,"Consistent_3_of_3",1,0.303,0.752,1,FALSE,TRUE,"Other_Candidate","Other_Candidate",TRUE,TRUE,TRUE,FALSE,TRUE,FALSE,FALSE,FALSE,FALSE,NA,"Standard_candidate",TRUE,TRUE,"Other_Research_Candidate","Standard",4,0.49632117286579,0,0,0.49632117286579,0.699562052515133,0.834881759298686,29
45,"UQCRH",0.675785282088052,"Tier_2_Strong_Robust_Candidate",0.679926562090905,0.679926562090905,0.841012496727239,0.841012496727239,0.971,0.818,0.153,0.970596605840969,0.956834532374101,0.994428969359331,"Consistent_3_of_3",1,0.153,0.971,1,FALSE,TRUE,"Mitochondrial_Metabolic","Mitochondrial_OXPHOS",TRUE,TRUE,TRUE,FALSE,TRUE,FALSE,FALSE,TRUE,FALSE,NA,"Standard_candidate",TRUE,TRUE,"Mitochondrial_OXPHOS","Standard",4,0.495985312418181,0,0,0.495985312418181,0.712774296731817,0.878177968627271,30
144,"MRPL12",0.629858792246829,"Tier_3_Exploratory_Robust",0.678882179912325,0.678882179912325,1.0118574392986,1.0118574392986,0.7,0.388,0.312,0.682098326616525,0.492805755395683,0.823684210526316,"Consistent_3_of_3",1,0.312,0.7,1,TRUE,TRUE,"Other_Candidate","Other_Candidate",TRUE,TRUE,TRUE,FALSE,TRUE,FALSE,FALSE,FALSE,FALSE,NA,"Standard_candidate",TRUE,TRUE,"Other_Research_Candidate","Standard",4,0.495776435982465,0,0,0.495776435982465,0.690008762969314,0.823664653973698,31
114,"SELENOT",0.644162772240566,"Tier_3_Exploratory_Robust",0.677440091866903,0.677440091866903,0.888320734935225,0.888320734935225,0.792,0.502,0.29,0.773878577829717,0.58273381294964,0.892105263157895,"Consistent_3_of_3",1,0.29,0.792,1,FALSE,TRUE,"Other_Candidate","Other_Candidate",TRUE,TRUE,TRUE,FALSE,TRUE,FALSE,FALSE,FALSE,FALSE,NA,"Standard_candidate",TRUE,TRUE,"Other_Research_Candidate","Standard",4,0.495488018373381,0,0,0.495488018373381,0.703504032153416,0.841632027560071,32
94,"NDUFS2",0.650355760092151,"Tier_2_Strong_Robust_Candidate",0.676793320495267,0.676793320495267,0.956746563962134,0.956746563962134,0.761,0.486,0.275,0.756159142470513,0.683453237410072,0.871866295264624,"Consistent_3_of_3",1,0.275,0.761,1,FALSE,TRUE,"Mitochondrial_Metabolic","Mitochondrial_OXPHOS",TRUE,TRUE,TRUE,FALSE,TRUE,FALSE,FALSE,TRUE,FALSE,NA,"Standard_candidate",TRUE,TRUE,"Mitochondrial_OXPHOS","Standard",4,0.495358664099053,0,0,0.495358664099053,0.694077662173343,0.83523799614858,33
74,"NDUFA12",0.66182174262231,"Tier_2_Strong_Robust_Candidate",0.67501065194601,0.67501065194601,0.822485215568076,0.822485215568076,0.785,0.459,0.326,0.776931851381525,0.690647482014389,0.821727019498607,"Consistent_3_of_3",1,0.326,0.785,1,FALSE,TRUE,"Mitochondrial_Metabolic","Mitochondrial_OXPHOS",TRUE,TRUE,TRUE,FALSE,TRUE,FALSE,FALSE,TRUE,FALSE,NA,"Standard_candidate",TRUE,TRUE,"Mitochondrial_OXPHOS","Standard",4,0.495002130389202,0,0,0.495002130389202,0.708453728181104,0.839503195583803,34
49,"NDUFA1",0.675077224677425,"Tier_2_Strong_Robust_Candidate",0.67348070392601,0.67348070392601,0.735045631408079,0.735045631408079,0.926,0.694,0.232,0.926038345397571,0.902631578947368,0.958217270194986,"Consistent_3_of_3",1,0.232,0.926,1,FALSE,TRUE,"Mitochondrial_Metabolic","Mitochondrial_OXPHOS",TRUE,TRUE,TRUE,FALSE,TRUE,FALSE,FALSE,TRUE,FALSE,NA,"Standard_candidate",TRUE,TRUE,"Mitochondrial_OXPHOS","Standard",4,0.494696140785202,0,0,0.494696140785202,0.717318246374104,0.867244211177803,35
102,"NDUFA8",0.647985164378658,"Tier_3_Exploratory_Robust",0.671864627090596,0.671864627090596,0.90451701672477,0.90451701672477,0.744,0.444,0.3,0.736628981523768,0.643884892086331,0.813370473537604,"Consistent_3_of_3",1,0.3,0.744,1,FALSE,TRUE,"Mitochondrial_Metabolic","Mitochondrial_OXPHOS",TRUE,TRUE,TRUE,FALSE,TRUE,FALSE,FALSE,TRUE,FALSE,NA,"Standard_candidate",TRUE,TRUE,"Mitochondrial_OXPHOS","Standard",4,0.494372925418119,0,0,0.494372925418119,0.693952619481709,0.830359388127179,36
136,"MRPL23",0.63355914902705,"Tier_3_Exploratory_Robust",0.671817497084747,0.671817497084747,0.891339976677975,0.891339976677975,0.732,0.412,0.32,0.724535053089327,0.651079136690647,0.781578947368421,"Consistent_3_of_3",1,0.32,0.732,1,FALSE,TRUE,"Other_Candidate","Other_Candidate",TRUE,TRUE,TRUE,FALSE,TRUE,FALSE,FALSE,FALSE,FALSE,NA,"Standard_candidate",TRUE,TRUE,"Other_Research_Candidate","Standard",4,0.494363499416949,0,0,0.494363499416949,0.695536123979661,0.827945249125424,37
41,"IDH2",0.677867804054534,"Tier_2_Strong_Robust_Candidate",0.670927365297269,0.670927365297269,0.660218922378154,0.660218922378154,0.908,0.624,0.284,0.901316097100329,0.838129496402878,0.960526315789474,"Consistent_3_of_3",1,0.284,0.908,1,FALSE,TRUE,"Mitochondrial_Metabolic","Mitochondrial_OXPHOS",TRUE,TRUE,TRUE,FALSE,TRUE,FALSE,FALSE,TRUE,FALSE,NA,"Standard_candidate",TRUE,TRUE,"Mitochondrial_OXPHOS","Standard",4,0.494185473059454,0,0,0.494185473059454,0.723224577854044,0.862878209589181,38
55,"NDUFB4",0.672060477631703,"Tier_2_Strong_Robust_Candidate",0.669011888572467,0.669011888572467,0.723295108579735,0.723295108579735,0.96,0.777,0.183,0.959491881644955,0.944736842105263,0.98050139275766,"Consistent_3_of_3",1,0.183,0.96,1,FALSE,TRUE,"Mitochondrial_Metabolic","Mitochondrial_OXPHOS",TRUE,TRUE,TRUE,FALSE,TRUE,FALSE,FALSE,TRUE,FALSE,NA,"Standard_candidate",TRUE,TRUE,"Mitochondrial_OXPHOS","Standard",4,0.493802377714493,0,0,0.493802377714493,0.712754161000363,0.87270356657174,39
300,"COX11",0.569418642386706,"Tier_3_Exploratory_Robust",0.664678785150076,0.664678785150076,1.32863028120061,1.32863028120061,0.455,0.167,0.288,0.459511604907542,0.423684210526316,0.503597122302158,"Consistent_3_of_3",1,0.288,0.455,1,TRUE,TRUE,"Other_Candidate","Other_Candidate",TRUE,TRUE,TRUE,FALSE,TRUE,FALSE,FALSE,FALSE,FALSE,NA,"Standard_candidate",TRUE,TRUE,"Other_Research_Candidate","Standard",4,0.492935757030015,0,0,0.492935757030015,0.631237574802527,0.770403635545023,40
68,"NDUFA7",0.665890917795199,"Tier_2_Strong_Robust_Candidate",0.662635773493152,0.662635773493152,0.651486187945216,0.651486187945216,0.868,0.58,0.288,0.872488035081391,0.839473684210526,0.91726618705036,"Consistent_3_of_3",1,0.288,0.868,1,FALSE,TRUE,"Mitochondrial_Metabolic","Mitochondrial_OXPHOS",TRUE,TRUE,TRUE,FALSE,TRUE,FALSE,FALSE,TRUE,FALSE,NA,"Standard_candidate",TRUE,TRUE,"Mitochondrial_OXPHOS","Standard",4,0.49252715469863,0,0,0.49252715469863,0.713122520722603,0.852390732047946,41
179,"MRPL40",0.617205857134868,"Tier_3_Exploratory_Robust",0.662572256799186,0.662572256799186,0.900578054393485,0.900578054393485,0.663,0.326,0.337,0.652398556158738,0.543165467625899,0.731578947368421,"Consistent_3_of_3",1,0.337,0.663,1,FALSE,TRUE,"Other_Candidate","Other_Candidate",TRUE,TRUE,TRUE,FALSE,TRUE,FALSE,FALSE,FALSE,FALSE,NA,"Standard_candidate",TRUE,TRUE,"Other_Research_Candidate","Standard",4,0.492514451359837,0,0,0.492514451359837,0.681900289879715,0.811371677039756,42
62,"NDUFS6",0.667746100131695,"Tier_2_Strong_Robust_Candidate",0.662463999645813,0.662463999645813,0.640511997166507,0.640511997166507,0.889,0.616,0.273,0.887149538542454,0.866295264623955,0.921052631578947,"Consistent_3_of_3",1,0.273,0.889,1,FALSE,TRUE,"Mitochondrial_Metabolic","Mitochondrial_OXPHOS",TRUE,TRUE,TRUE,FALSE,TRUE,FALSE,FALSE,TRUE,FALSE,NA,"Standard_candidate",TRUE,TRUE,"Mitochondrial_OXPHOS","Standard",4,0.492492799929163,0,0,0.492492799929163,0.714262399876034,0.856539199893744,43
138,"NDUFS3",0.633010436249248,"Tier_3_Exploratory_Robust",0.659863118127973,0.659863118127973,0.866104945023785,0.866104945023785,0.685,0.362,0.323,0.674962302552035,0.550359712230216,0.777158774373259,"Consistent_3_of_3",1,0.323,0.685,1,FALSE,TRUE,"Mitochondrial_Metabolic","Mitochondrial_OXPHOS",TRUE,TRUE,TRUE,FALSE,TRUE,FALSE,FALSE,TRUE,FALSE,NA,"Standard_candidate",TRUE,TRUE,"Mitochondrial_OXPHOS","Standard",4,0.491972623625595,0,0,0.491972623625595,0.682552091344791,0.814958935438392,44
97,"CALR",0.649503477513745,"Tier_3_Exploratory_Robust",0.658491794373848,0.658491794373848,0.626334354990783,0.626334354990783,0.901,0.651,0.25,0.897806428658569,0.838440111420613,0.973684210526316,"Consistent_3_of_3",1,0.25,0.901,1,FALSE,TRUE,"Other_Candidate","Other_Candidate",TRUE,TRUE,TRUE,FALSE,TRUE,FALSE,FALSE,FALSE,FALSE,NA,"Standard_candidate",TRUE,TRUE,"Other_Research_Candidate","Standard",4,0.49169835887477,0,0,0.49169835887477,0.710672128030847,0.857747538312154,45
260,"MRPS18A",0.586810772944466,"Tier_3_Exploratory_Robust",0.658414429799644,0.658414429799644,1.10891543839715,1.10891543839715,0.554,0.259,0.295,0.547557549913742,0.482014388489209,0.586842105263158,"Consistent_3_of_3",1,0.295,0.554,1,TRUE,TRUE,"Other_Candidate","Other_Candidate",TRUE,TRUE,TRUE,FALSE,TRUE,FALSE,FALSE,FALSE,FALSE,NA,"Standard_candidate",TRUE,TRUE,"Other_Research_Candidate","Standard",4,0.491682885959929,0,0,0.491682885959929,0.650245050429875,0.788324328939893,46
184,"NDUFV1",0.614697415224058,"Tier_3_Exploratory_Robust",0.657756162644686,0.657756162644686,0.99804930115749,0.99804930115749,0.621,0.327,0.294,0.597444325729857,0.345323741007194,0.786842105263158,"Consistent_3_of_3",1,0.294,0.621,1,FALSE,TRUE,"Mitochondrial_Metabolic","Mitochondrial_OXPHOS",TRUE,TRUE,TRUE,FALSE,TRUE,FALSE,FALSE,TRUE,FALSE,NA,"Standard_candidate",TRUE,TRUE,"Mitochondrial_OXPHOS","Standard",4,0.491551232528937,0,0,0.491551232528937,0.66321465692564,0.801526848793406,47
120,"MRPS24",0.642557502347613,"Tier_3_Exploratory_Robust",0.653788866402394,0.653788866402394,0.615910931219153,0.615910931219153,0.865,0.596,0.269,0.85945470276762,0.802158273381295,0.921052631578947,"Consistent_3_of_3",1,0.269,0.865,1,FALSE,TRUE,"Other_Candidate","Other_Candidate",TRUE,TRUE,TRUE,FALSE,TRUE,FALSE,FALSE,FALSE,FALSE,NA,"Standard_candidate",TRUE,TRUE,"Other_Research_Candidate","Standard",4,0.490757773280479,0,0,0.490757773280479,0.705626103240838,0.849136659920718,48
312,"IDH1",0.566720259589589,"Tier_3_Exploratory_Robust",0.652815585137174,0.652815585137174,1.33292468109739,1.33292468109739,0.418,0.155,0.263,0.415142209645273,0.370503597122302,0.498607242339833,"Consistent_3_of_3",1,0.263,0.418,1,TRUE,TRUE,"Mitochondrial_Metabolic","Mitochondrial_OXPHOS",TRUE,TRUE,TRUE,FALSE,TRUE,FALSE,FALSE,TRUE,FALSE,NA,"Standard_candidate",TRUE,TRUE,"Mitochondrial_OXPHOS","Standard",4,0.490563117027435,0,0,0.490563117027435,0.614685454798011,0.759444675541152,49
116,"COX7A2L",0.643668867594856,"Tier_3_Exploratory_Robust",0.65100144050133,0.65100144050133,0.710411524010644,0.710411524010644,0.837,0.613,0.224,0.835196285135797,0.784210526315789,0.919220055710306,"Consistent_3_of_3",1,0.224,0.837,1,FALSE,TRUE,"Mitochondrial_Metabolic","Mitochondrial_OXPHOS",TRUE,TRUE,TRUE,FALSE,TRUE,FALSE,FALSE,TRUE,FALSE,NA,"Standard_candidate",TRUE,TRUE,"Mitochondrial_OXPHOS","Standard",4,0.490200288100266,0,0,0.490200288100266,0.690050504175465,0.842700432150399,50
83,"NDUFA6",0.653661511659396,"Tier_2_Strong_Robust_Candidate",0.649629397170681,0.649629397170681,0.609835177365444,0.609835177365444,0.884,0.651,0.233,0.883943752489578,0.847368421052632,0.930362116991644,"Consistent_3_of_3",1,0.233,0.884,1,FALSE,TRUE,"Mitochondrial_Metabolic","Mitochondrial_OXPHOS",TRUE,TRUE,TRUE,FALSE,TRUE,FALSE,FALSE,TRUE,FALSE,NA,"Standard_candidate",TRUE,TRUE,"Mitochondrial_OXPHOS","Standard",4,0.489925879434136,0,0,0.489925879434136,0.700770289009738,0.851688819151204,51
246,"SDHB",0.592033162965059,"Tier_3_Exploratory_Robust",0.649396877741153,0.649396877741153,1.11357502192922,1.11357502192922,0.602,0.403,0.199,0.58967270986026,0.41726618705036,0.841225626740947,"Consistent_3_of_3",1,0.199,0.602,1,FALSE,TRUE,"Mitochondrial_Metabolic","Mitochondrial_OXPHOS",TRUE,TRUE,TRUE,FALSE,TRUE,FALSE,FALSE,TRUE,FALSE,NA,"Standard_candidate",TRUE,TRUE,"Mitochondrial_OXPHOS","Standard",4,0.489879375548231,0,0,0.489879375548231,0.637488907209404,0.795219063322346,52
208,"DUT",0.603261364328547,"Tier_3_Exploratory_Robust",0.647726926253074,0.647726926253074,0.860215410024594,0.860215410024594,0.695,0.439,0.256,0.672758869579311,0.406474820143885,0.880222841225627,"Consistent_3_of_3",1,0.256,0.695,1,FALSE,TRUE,"Other_Candidate","Other_Candidate",TRUE,TRUE,TRUE,FALSE,TRUE,FALSE,FALSE,FALSE,FALSE,NA,"Standard_candidate",TRUE,TRUE,"Other_Research_Candidate","Standard",4,0.489545385250615,0,0,0.489545385250615,0.666904424188576,0.813318077875922,53
128,"TECR",0.638863888018151,"Tier_3_Exploratory_Robust",0.64564813193056,0.64564813193056,0.531585055444476,0.531585055444476,0.845,0.544,0.301,0.840413316612507,0.787769784172662,0.891364902506964,"Consistent_3_of_3",1,0.301,0.845,1,FALSE,TRUE,"Other_Candidate","Other_Candidate",TRUE,TRUE,TRUE,FALSE,TRUE,FALSE,FALSE,FALSE,FALSE,NA,"Standard_candidate",TRUE,TRUE,"Other_Research_Candidate","Standard",4,0.489129626386112,0,0,0.489129626386112,0.705176846175696,0.842694439579168,54
108,"NDUFB1",0.6459141343472,"Tier_3_Exploratory_Robust",0.640485453016786,0.640485453016786,0.53828362413429,0.53828362413429,0.833,0.55,0.283,0.838152418982568,0.747368421052632,0.885793871866295,"Consistent_3_of_3",1,0.283,0.833,1,FALSE,TRUE,"Mitochondrial_Metabolic","Mitochondrial_OXPHOS",TRUE,TRUE,TRUE,FALSE,TRUE,FALSE,FALSE,TRUE,FALSE,NA,"Standard_candidate",TRUE,TRUE,"Mitochondrial_OXPHOS","Standard",4,0.488097090603357,0,0,0.488097090603357,0.697369908555875,0.838745635905036,55
121,"NDUFB8",0.641666147550104,"Tier_3_Exploratory_Robust",0.637047016735127,0.637047016735127,0.539576133881018,0.539576133881018,0.84,0.582,0.258,0.846069920196375,0.757894736842105,0.902877697841727,"Consistent_3_of_3",1,0.258,0.84,1,FALSE,TRUE,"Mitochondrial_Metabolic","Mitochondrial_OXPHOS",TRUE,TRUE,TRUE,FALSE,TRUE,FALSE,FALSE,TRUE,FALSE,NA,"Standard_candidate",TRUE,TRUE,"Mitochondrial_OXPHOS","Standard",4,0.487409403347025,0,0,0.487409403347025,0.692566455857294,0.839114105020538,56
263,"MRPL21",0.5861559890297,"Tier_3_Exploratory_Robust",0.63684745104064,0.63684745104064,0.865979608325122,0.865979608325122,0.647,0.401,0.246,0.617177414790056,0.320143884892086,0.91578947368421,"Consistent_3_of_3",1,0.246,0.647,1,FALSE,TRUE,"Other_Candidate","Other_Candidate",TRUE,TRUE,TRUE,FALSE,TRUE,FALSE,FALSE,FALSE,FALSE,NA,"Standard_candidate",TRUE,TRUE,"Other_Research_Candidate","Standard",4,0.487369490208128,0,0,0.487369490208128,0.651496607864224,0.800454235312192,57
178,"MRPL24",0.617605489745714,"Tier_3_Exploratory_Robust",0.633857368796868,0.633857368796868,0.560458950374947,0.560458950374947,0.781,0.493,0.288,0.768982497626001,0.643884892086331,0.855263157894737,"Consistent_3_of_3",1,0.288,0.781,1,FALSE,TRUE,"Other_Candidate","Other_Candidate",TRUE,TRUE,TRUE,FALSE,TRUE,FALSE,FALSE,FALSE,FALSE,NA,"Standard_candidate",TRUE,TRUE,"Other_Research_Candidate","Standard",4,0.486771473759374,0,0,0.486771473759374,0.685650079078904,0.82635721063906,58
2,"CHCHD10",0.757554960075271,"Tier_2_Strong_Robust_Candidate",0.830779814806566,0.830779814806566,1.98223851845253,1.98223851845253,0.818,0.471,0.347,0.810558098016529,0.705035971223022,0.958217270194986,"Consistent_3_of_3",1,0.347,0.818,1,TRUE,TRUE,"Mitochondrial_Metabolic","Mitochondrial_OXPHOS",TRUE,TRUE,FALSE,FALSE,TRUE,FALSE,FALSE,TRUE,FALSE,NA,"Standard_candidate",TRUE,TRUE,"Mitochondrial_OXPHOS","Standard",3,0.486155962961313,0,0,0.486155962961313,0.773772935182298,0.87283394444197,59
169,"NDUFB6",0.621294182168432,"Tier_3_Exploratory_Robust",0.630757124858498,0.630757124858498,0.612456998867984,0.612456998867984,0.733,0.445,0.288,0.729955452146127,0.697841726618705,0.760445682451253,"Consistent_3_of_3",1,0.288,0.733,1,FALSE,TRUE,"Mitochondrial_Metabolic","Mitochondrial_OXPHOS",TRUE,TRUE,TRUE,FALSE,TRUE,FALSE,FALSE,TRUE,FALSE,NA,"Standard_candidate",TRUE,TRUE,"Mitochondrial_OXPHOS","Standard",4,0.4861514249717,0,0,0.4861514249717,0.674964993700474,0.815827137457549,60
166,"NDUFS7",0.621676176752716,"Tier_3_Exploratory_Robust",0.626104867526463,0.626104867526463,0.556038940211703,0.556038940211703,0.756,0.479,0.277,0.746091717741479,0.647482014388489,0.852631578947368,"Consistent_3_of_3",1,0.277,0.756,1,FALSE,TRUE,"Mitochondrial_Metabolic","Mitochondrial_OXPHOS",TRUE,TRUE,TRUE,FALSE,TRUE,FALSE,FALSE,TRUE,FALSE,NA,"Standard_candidate",TRUE,TRUE,"Mitochondrial_OXPHOS","Standard",4,0.485220973505293,0,0,0.485220973505293,0.675736703634262,0.819031460257939,61
252,"NDUFA10",0.589013592323117,"Tier_3_Exploratory_Robust",0.612766641218333,0.612766641218333,0.67653312974666,0.67653312974666,0.676,0.461,0.215,0.651306112418378,0.377697841726619,0.807799442896936,"Consistent_3_of_3",1,0.215,0.676,1,FALSE,TRUE,"Mitochondrial_Metabolic","Mitochondrial_OXPHOS",TRUE,TRUE,TRUE,FALSE,TRUE,FALSE,FALSE,TRUE,FALSE,NA,"Standard_candidate",TRUE,TRUE,"Mitochondrial_OXPHOS","Standard",4,0.482553328243667,0,0,0.482553328243667,0.642668324426417,0.7990299923655,62
280,"MRPS14",0.578811394781471,"Tier_3_Exploratory_Robust",0.609229995512245,0.609229995512245,0.565039964097961,0.565039964097961,0.655,0.367,0.288,0.647764521120239,0.575539568345324,0.713157894736842,"Consistent_3_of_3",1,0.288,0.655,1,FALSE,TRUE,"Other_Candidate","Other_Candidate",TRUE,TRUE,TRUE,FALSE,TRUE,FALSE,FALSE,FALSE,FALSE,NA,"Standard_candidate",TRUE,TRUE,"Other_Research_Candidate","Standard",4,0.481845999102449,0,0,0.481845999102449,0.651830498429286,0.793768998653674,63
319,"PPP1CC",0.564794158819369,"Tier_3_Exploratory_Robust",0.606209592719691,0.606209592719691,0.652876741757526,0.652876741757526,0.618,0.363,0.255,0.600778506354863,0.428057553956835,0.792105263157895,"Consistent_3_of_3",1,0.255,0.618,1,FALSE,TRUE,"Other_Candidate","Other_Candidate",TRUE,TRUE,TRUE,FALSE,TRUE,FALSE,FALSE,FALSE,FALSE,NA,"Standard_candidate",TRUE,TRUE,"Other_Research_Candidate","Standard",4,0.481241918543938,0,0,0.481241918543938,0.636773357451892,0.785462877815907,64
368,"RPN1",0.548066520529511,"Tier_3_Exploratory_Robust",0.604710224268713,0.604710224268713,0.7688817941497,0.7688817941497,0.54,0.287,0.253,0.53654087725275,0.503597122302158,0.568421052631579,"Consistent_3_of_3",1,0.253,0.54,1,FALSE,TRUE,"Other_Candidate","Other_Candidate",TRUE,TRUE,TRUE,FALSE,TRUE,FALSE,FALSE,FALSE,FALSE,NA,"Standard_candidate",TRUE,TRUE,"Other_Research_Candidate","Standard",4,0.480942044853743,0,0,0.480942044853743,0.62024857849405,0.769413067280614,65
3,"DBI",0.743245335955574,"Tier_2_Strong_Robust_Candidate",0.798515492510135,0.798515492510135,1.60572394008108,1.60572394008108,0.966,0.693,0.273,0.963724209021582,0.938848920863309,0.994428969359331,"Consistent_3_of_3",1,0.273,0.966,1,TRUE,TRUE,"Other_Candidate","Other_Candidate",TRUE,TRUE,FALSE,FALSE,TRUE,FALSE,FALSE,FALSE,FALSE,NA,"Standard_candidate",TRUE,TRUE,"Other_Research_Candidate","Standard",3,0.479703098502027,0,0,0.479703098502027,0.777280422378547,0.892754647753041,66
5,"MPC2",0.734046892959788,"Tier_2_Strong_Robust_Candidate",0.79498564862518,0.79498564862518,1.65428518900144,1.65428518900144,0.965,0.739,0.226,0.968318428382935,0.910526315789474,1,"Consistent_3_of_3",1,0.226,0.965,1,TRUE,TRUE,"Other_Candidate","Other_Candidate",TRUE,TRUE,FALSE,FALSE,TRUE,FALSE,FALSE,FALSE,FALSE,NA,"Standard_candidate",TRUE,TRUE,"Other_Research_Candidate","Standard",3,0.478997129725036,0,0,0.478997129725036,0.766444977018813,0.891495694587554,67
388,"CLTC",0.539719493715203,"Tier_3_Exploratory_Robust",0.590313208772378,0.590313208772378,0.669705670179023,0.669705670179023,0.562,0.341,0.221,0.580080418878502,0.373259052924791,0.798561151079137,"Consistent_3_of_3",1,0.221,0.562,1,FALSE,TRUE,"Other_Candidate","Other_Candidate",TRUE,TRUE,TRUE,FALSE,TRUE,FALSE,FALSE,FALSE,FALSE,NA,"Standard_candidate",TRUE,TRUE,"Other_Research_Candidate","Standard",4,0.478062641754476,0,0,0.478062641754476,0.613209623070332,0.769493962631713,68
43,"CKB",0.677003265448991,"Tier_2_Strong_Robust_Candidate",0.7892,0.7892,2.72474626626942,2.72474626626942,0.623,0.3,0.323,0.619685380562285,0.365789473684211,0.986072423398329,"Consistent_3_of_3",1,0.323,0.623,1,TRUE,TRUE,"Other_Candidate","Other_Candidate",TRUE,TRUE,FALSE,FALSE,TRUE,FALSE,FALSE,FALSE,FALSE,NA,"Standard_candidate",TRUE,TRUE,"Other_Research_Candidate","Standard",3,0.47784,0,0,0.47784,0.71542,0.82136,69
474,"EXOSC5",0.5073792795407,"Tier_3_Exploratory_Robust",0.587885246128035,0.587885246128035,0.896681969024276,0.896681969024276,0.404,0.179,0.225,0.395799419693098,0.309352517985612,0.465789473684211,"Consistent_3_of_3",1,0.225,0.404,1,FALSE,TRUE,"Other_Candidate","Other_Candidate",TRUE,TRUE,TRUE,FALSE,TRUE,FALSE,FALSE,FALSE,FALSE,NA,"Standard_candidate",TRUE,TRUE,"Other_Research_Candidate","Standard",4,0.477577049225607,0,0,0.477577049225607,0.581559836144812,0.737165573838411,70
357,"SURF1",0.549663076696097,"Tier_3_Exploratory_Robust",0.587312405824346,0.587312405824346,0.541699246594768,0.541699246594768,0.599,0.35,0.249,0.592731344905017,0.45125348189415,0.765789473684211,"Consistent_3_of_3",1,0.249,0.599,1,FALSE,TRUE,"Other_Candidate","Other_Candidate",TRUE,TRUE,TRUE,FALSE,TRUE,FALSE,FALSE,FALSE,FALSE,NA,"Standard_candidate",TRUE,TRUE,"Other_Research_Candidate","Standard",4,0.477462481164869,0,0,0.477462481164869,0.625159342038521,0.775993721747304,71
6,"FKBP4",0.732220761440943,"Tier_2_Strong_Robust_Candidate",0.780898230953857,0.780898230953857,1.43758584763086,1.43758584763086,0.889,0.522,0.367,0.887317449954419,0.857938718662953,0.926315789473684,"Consistent_3_of_3",1,0.367,0.889,1,TRUE,TRUE,"Other_Candidate","Other_Candidate",FALSE,TRUE,TRUE,FALSE,TRUE,FALSE,FALSE,FALSE,FALSE,NA,"Standard_candidate",TRUE,TRUE,"Other_Research_Candidate","Standard",3,0.476179646190771,0,0,0.476179646190771,0.77451438083385,0.872069469286157,72
399,"STMN1",0.537300774146,"Tier_3_Exploratory_Robust",0.629863255602616,0.629863255602616,1.14290604482093,1.14290604482093,0.521,0.357,0.164,0.51101683086898,0.278947368421053,0.930362116991644,"Consistent_3_of_3",1,0.164,0.521,1,FALSE,TRUE,"Proliferation_Relevant","Proliferation_CellCycle",FALSE,FALSE,FALSE,FALSE,FALSE,FALSE,TRUE,FALSE,FALSE,NA,"Standard_candidate",TRUE,TRUE,"Proliferation","Standard",0,0.475972651120523,0,0,0.475972651120523,0.607452139460916,0.693158976680785,73
409,"MRPS36",0.534404444268245,"Tier_3_Exploratory_Robust",0.568637051597201,0.568637051597201,0.510953770879042,0.510953770879042,0.605,0.397,0.208,0.587051889056121,0.399280575539568,0.718421052631579,"Consistent_3_of_3",1,0.208,0.605,0.947785534915472,FALSE,TRUE,"Other_Candidate","Other_Candidate",TRUE,TRUE,TRUE,FALSE,TRUE,FALSE,FALSE,FALSE,FALSE,NA,"Standard_candidate",TRUE,TRUE,"Other_Research_Candidate","Standard",4,0.47372741031944,0,0,0.47372741031944,0.61162296805902,0.763758945716481,74
473,"ALG13",0.507611115278339,"Tier_3_Exploratory_Robust",0.568558555808311,0.568558555808311,0.658868446466485,0.658868446466485,0.466,0.251,0.215,0.460326288155812,0.39568345323741,0.495821727019499,"Consistent_3_of_3",1,0.215,0.466,1,FALSE,TRUE,"Other_Candidate","Other_Candidate",TRUE,TRUE,TRUE,FALSE,TRUE,FALSE,FALSE,FALSE,FALSE,NA,"Standard_candidate",TRUE,TRUE,"Other_Research_Candidate","Standard",4,0.473711711161662,0,0,0.473711711161662,0.585195494532909,0.743767566742493,75
109,"TM7SF2",0.645403669903999,"Tier_3_Exploratory_Robust",0.76429091830756,0.76429091830756,1.92552734646048,1.92552734646048,0.5,0.132,0.368,0.49327617806063,0.373259052924791,0.660526315789474,"Consistent_3_of_3",1,0.368,0.5,1,TRUE,TRUE,"Other_Candidate","Other_Candidate",FALSE,TRUE,TRUE,FALSE,TRUE,FALSE,FALSE,FALSE,FALSE,NA,"Standard_candidate",TRUE,TRUE,"Other_Research_Candidate","Standard",3,0.472858183661512,0,0,0.472858183661512,0.691101821407646,0.789287275492268,76
546,"PDHX",0.483562916646686,"Tier_4_Exploratory",0.562945788322698,0.562945788322698,0.783566306581581,0.783566306581581,0.365,0.155,0.21,0.356919402170684,0.284172661870504,0.457894736842105,"Consistent_3_of_3",1,0.21,0.365,1,FALSE,TRUE,"Other_Candidate","Other_Candidate",TRUE,TRUE,TRUE,FALSE,TRUE,FALSE,FALSE,FALSE,FALSE,NA,"Standard_candidate",TRUE,TRUE,"Other_Research_Candidate","Standard",4,0.47258915766454,0,0,0.47258915766454,0.562031025912944,0.721883736496809,77
538,"CPEB4",0.486235699804985,"Tier_4_Exploratory",0.56017904737039,0.56017904737039,0.732632378963121,0.732632378963121,0.395,0.197,0.198,0.385819659768447,0.287769784172662,0.465789473684211,"Consistent_3_of_3",1,0.198,0.395,1,FALSE,TRUE,"Other_Candidate","Other_Candidate",TRUE,TRUE,TRUE,FALSE,TRUE,FALSE,FALSE,FALSE,FALSE,NA,"Standard_candidate",TRUE,TRUE,"Other_Research_Candidate","Standard",4,0.472035809474078,0,0,0.472035809474078,0.564662666579637,0.727053714211117,78
553,"NDUFS1",0.480721832247528,"Tier_4_Exploratory",0.559791600012931,0.559791600012931,0.902332800103452,0.902332800103452,0.313,0.141,0.172,0.311328430291978,0.29136690647482,0.342618384401114,"Consistent_3_of_3",1,0.172,0.313,1,FALSE,TRUE,"Mitochondrial_Metabolic","Mitochondrial_OXPHOS",TRUE,TRUE,TRUE,FALSE,TRUE,FALSE,FALSE,TRUE,FALSE,NA,"Standard_candidate",TRUE,TRUE,"Mitochondrial_OXPHOS","Standard",4,0.471958320002586,0,0,0.471958320002586,0.542927060004526,0.710537480003879,79
562,"TRUB2",0.472179413139186,"Tier_4_Exploratory",0.558627778866475,0.558627778866475,0.832222230931803,0.832222230931803,0.341,0.159,0.182,0.338068392961924,0.309352517985612,0.378947368421053,"Consistent_3_of_3",1,0.182,0.341,1,FALSE,TRUE,"Other_Candidate","Other_Candidate",TRUE,TRUE,TRUE,FALSE,TRUE,FALSE,FALSE,FALSE,FALSE,NA,"Standard_candidate",TRUE,TRUE,"Other_Research_Candidate","Standard",4,0.471725555773295,0,0,0.471725555773295,0.550119722603266,0.715788333659943,80
139,"PLAAT3",0.632808350168642,"Tier_3_Exploratory_Robust",0.7566,0.7566,2.56087183593064,2.56087183593064,0.588,0.393,0.195,0.561588295702684,0.338129496402878,0.978947368421053,"Consistent_3_of_3",1,0.195,0.588,1,FALSE,TRUE,"Other_Candidate","Other_Candidate",TRUE,TRUE,FALSE,FALSE,TRUE,FALSE,FALSE,FALSE,FALSE,NA,"Standard_candidate",TRUE,TRUE,"Other_Research_Candidate","Standard",3,0.47132,0,0,0.47132,0.67141,0.80458,81
508,"SECISBP2",0.495992541590779,"Tier_4_Exploratory",0.553307275213833,0.553307275213833,0.567258201710662,0.567258201710662,0.459,0.256,0.203,0.461177728393447,0.28133704735376,0.58421052631579,"Consistent_3_of_3",1,0.203,0.459,1,FALSE,TRUE,"Other_Candidate","Other_Candidate",TRUE,TRUE,TRUE,FALSE,TRUE,FALSE,FALSE,FALSE,FALSE,NA,"Standard_candidate",TRUE,TRUE,"Other_Research_Candidate","Standard",4,0.470661455042767,0,0,0.470661455042767,0.576057546324842,0.73779218256415,82
477,"IARS2",0.506552852447431,"Tier_3_Exploratory_Robust",0.551786075161114,0.551786075161114,0.504558354291594,0.504558354291594,0.519,0.32,0.199,0.520032137316096,0.431754874651811,0.581578947368421,"Consistent_3_of_3",1,0.199,0.519,0.967441872497763,FALSE,TRUE,"Other_Candidate","Other_Candidate",TRUE,TRUE,TRUE,FALSE,TRUE,FALSE,FALSE,FALSE,FALSE,NA,"Standard_candidate",TRUE,TRUE,"Other_Research_Candidate","Standard",4,0.470357215032223,0,0,0.470357215032223,0.58672512630639,0.744452103422999,83
71,"SCD",0.662744454338693,"Tier_2_Strong_Robust_Candidate",0.747879036238214,0.747879036238214,1.59103228990571,1.59103228990571,0.647,0.299,0.348,0.657431328064656,0.267409470752089,0.863157894736842,"Consistent_3_of_3",1,0.348,0.647,1,TRUE,TRUE,"Other_Candidate","Other_Candidate",FALSE,TRUE,TRUE,FALSE,TRUE,FALSE,FALSE,FALSE,FALSE,NA,"Standard_candidate",TRUE,TRUE,"Other_Research_Candidate","Standard",3,0.469575807247643,0,0,0.469575807247643,0.710757662683375,0.813763710871464,84
70,"RBBP7",0.663626237525903,"Tier_2_Strong_Robust_Candidate",0.734258862745949,0.734258862745949,1.40847090196759,1.40847090196759,0.677,0.313,0.364,0.660966520728586,0.510791366906475,0.881578947368421,"Consistent_3_of_3",1,0.364,0.677,1,TRUE,TRUE,"Other_Candidate","Other_Candidate",FALSE,TRUE,TRUE,FALSE,TRUE,FALSE,FALSE,FALSE,FALSE,NA,"Standard_candidate",TRUE,TRUE,"Other_Research_Candidate","Standard",3,0.46685177254919,0,0,0.46685177254919,0.715190601961082,0.815677658823785,85
14,"ATP5MC3",0.709240312118732,"Tier_2_Strong_Robust_Candidate",0.727128450278051,0.727128450278051,1.13542760222441,1.13542760222441,0.963,0.75,0.213,0.96202083634368,0.953237410071942,0.974930362116992,"Consistent_3_of_3",1,0.213,0.963,1,TRUE,TRUE,"Mitochondrial_Metabolic","Mitochondrial_OXPHOS",TRUE,TRUE,FALSE,FALSE,TRUE,FALSE,FALSE,TRUE,FALSE,NA,"Standard_candidate",TRUE,TRUE,"Mitochondrial_OXPHOS","Standard",3,0.46542569005561,0,0,0.46542569005561,0.739694957597318,0.870738535083415,86
18,"HSPE1",0.702315962936845,"Tier_2_Strong_Robust_Candidate",0.7257256215936,0.7257256215936,1.0298049727488,1.0298049727488,0.963,0.691,0.272,0.960616845916318,0.935251798561151,0.986072423398329,"Consistent_3_of_3",1,0.272,0.963,1,TRUE,TRUE,"Other_Candidate","Other_Candidate",FALSE,TRUE,TRUE,FALSE,TRUE,FALSE,FALSE,FALSE,FALSE,NA,"Standard_candidate",TRUE,TRUE,"Other_Research_Candidate","Standard",3,0.46514512431872,0,0,0.46514512431872,0.75100396755776,0.87031768647808,87
26,"GPX1",0.694264363223507,"Tier_2_Strong_Robust_Candidate",0.7183856509076,0.7183856509076,0.977485207260803,0.977485207260803,0.895,0.559,0.336,0.898490467265537,0.846796657381616,0.946043165467626,"Consistent_3_of_3",1,0.336,0.895,1,FALSE,TRUE,"Other_Candidate","Other_Candidate",FALSE,TRUE,TRUE,FALSE,TRUE,FALSE,FALSE,FALSE,FALSE,NA,"Standard_candidate",TRUE,TRUE,"Other_Research_Candidate","Standard",3,0.46367713018152,0,0,0.46367713018152,0.74763497781766,0.85451569527228,88
82,"ACO2",0.654468968982492,"Tier_2_Strong_Robust_Candidate",0.717035277656129,0.717035277656129,1.39868222124903,1.39868222124903,0.624,0.287,0.337,0.615776570943802,0.503597122302158,0.743732590529248,"Consistent_3_of_3",1,0.337,0.624,1,TRUE,TRUE,"Mitochondrial_Metabolic","Mitochondrial_OXPHOS",TRUE,TRUE,FALSE,FALSE,TRUE,FALSE,FALSE,TRUE,FALSE,NA,"Standard_candidate",TRUE,TRUE,"Mitochondrial_OXPHOS","Standard",3,0.463407055531226,0,0,0.463407055531226,0.693162347179645,0.799910583296839,89
12,"NDUFAB1",0.710650057452456,"Tier_2_Strong_Robust_Candidate",0.716729273665924,0.716729273665924,0.95303418932739,0.95303418932739,0.92,0.602,0.318,0.917649946894852,0.892086330935252,0.95,"Consistent_3_of_3",1,0.318,0.92,1,FALSE,TRUE,"Mitochondrial_Metabolic","Mitochondrial_OXPHOS",TRUE,TRUE,FALSE,FALSE,TRUE,FALSE,FALSE,TRUE,FALSE,NA,"Standard_candidate",TRUE,TRUE,"Mitochondrial_OXPHOS","Standard",3,0.463345854733185,0,0,0.463345854733185,0.748455245783073,0.859018782099777,90
54,"NDUFAF3",0.672185538739713,"Tier_2_Strong_Robust_Candidate",0.705289747175892,0.705289747175892,0.983117977407135,0.983117977407135,0.805,0.448,0.357,0.800110534648077,0.713091922005571,0.921052631578947,"Consistent_3_of_3",1,0.357,0.805,1,FALSE,TRUE,"Other_Candidate","Other_Candidate",TRUE,TRUE,FALSE,FALSE,TRUE,FALSE,FALSE,FALSE,FALSE,NA,"Standard_candidate",TRUE,TRUE,"Other_Research_Candidate","Standard",3,0.461057949435178,0,0,0.461057949435178,0.729251411511562,0.832586924152768,91
162,"AHCYL1",0.622833781783054,"Tier_3_Exploratory_Robust",0.70465249622981,0.70465249622981,1.40521996983848,1.40521996983848,0.626,0.357,0.269,0.617773542491326,0.5,0.774373259052925,"Consistent_3_of_3",1,0.269,0.626,1,TRUE,TRUE,"Other_Candidate","Other_Candidate",FALSE,TRUE,TRUE,FALSE,TRUE,FALSE,FALSE,FALSE,FALSE,NA,"Standard_candidate",TRUE,TRUE,"Other_Research_Candidate","Standard",3,0.460930499245962,0,0,0.460930499245962,0.675628373680433,0.796595748868943,92
56,"COX14",0.670866569666946,"Tier_2_Strong_Robust_Candidate",0.700907487490663,0.700907487490663,0.944859899925304,0.944859899925304,0.821,0.478,0.343,0.822080016678638,0.792105263157895,0.846796657381616,"Consistent_3_of_3",1,0.343,0.821,1,FALSE,TRUE,"Other_Candidate","Other_Candidate",TRUE,TRUE,FALSE,FALSE,TRUE,FALSE,FALSE,FALSE,FALSE,NA,"Standard_candidate",TRUE,TRUE,"Other_Research_Candidate","Standard",3,0.460181497498133,0,0,0.460181497498133,0.728117620621732,0.834472246247199,93
27,"ATP5PD",0.691066363815906,"Tier_2_Strong_Robust_Candidate",0.695019340250557,0.695019340250557,0.865754722004458,0.865754722004458,0.93,0.676,0.254,0.931879314024224,0.918421052631579,0.949640287769784,"Consistent_3_of_3",1,0.254,0.93,1,FALSE,TRUE,"Mitochondrial_Metabolic","Mitochondrial_OXPHOS",TRUE,TRUE,FALSE,FALSE,TRUE,FALSE,FALSE,TRUE,FALSE,NA,"Standard_candidate",TRUE,TRUE,"Mitochondrial_OXPHOS","Standard",3,0.459003868050111,0,0,0.459003868050111,0.730056769087695,0.854505802075167,94
53,"HSPD1",0.6733375045662,"Tier_2_Strong_Robust_Candidate",0.693608341024119,0.693608341024119,0.857666728192954,0.857666728192954,0.897,0.612,0.285,0.891139878011094,0.834532374100719,0.944736842105263,"Consistent_3_of_3",1,0.285,0.897,1,FALSE,TRUE,"Other_Candidate","Other_Candidate",FALSE,TRUE,TRUE,FALSE,TRUE,FALSE,FALSE,FALSE,FALSE,NA,"Standard_candidate",TRUE,TRUE,"Other_Research_Candidate","Standard",3,0.458721668204824,0,0,0.458721668204824,0.729162919358442,0.847482502307236,95
212,"GALNT1",0.602471054710396,"Tier_3_Exploratory_Robust",0.690770524646346,0.690770524646346,1.37416419717077,1.37416419717077,0.522,0.199,0.323,0.517406728480286,0.303621169916435,0.734210526315789,"Consistent_3_of_3",1,0.323,0.522,1,TRUE,TRUE,"Other_Candidate","Other_Candidate",TRUE,TRUE,FALSE,FALSE,TRUE,FALSE,FALSE,FALSE,FALSE,NA,"Standard_candidate",TRUE,TRUE,"Other_Research_Candidate","Standard",3,0.458154104929269,0,0,0.458154104929269,0.660769683626221,0.771631157393904,96
146,"P4HTM",0.629597738344377,"Tier_3_Exploratory_Robust",0.688010849884973,0.688010849884973,1.11848679907978,1.11848679907978,0.657,0.323,0.334,0.65152925599705,0.60431654676259,0.726315789473684,"Consistent_3_of_3",1,0.334,0.657,1,TRUE,TRUE,"Other_Candidate","Other_Candidate",FALSE,TRUE,TRUE,FALSE,TRUE,FALSE,FALSE,FALSE,FALSE,NA,"Standard_candidate",TRUE,TRUE,"Other_Research_Candidate","Standard",3,0.457602169976995,0,0,0.457602169976995,0.68900379745974,0.797803254965492,97
88,"HACD3",0.651722395902081,"Tier_2_Strong_Robust_Candidate",0.685700410354077,0.685700410354077,0.904803282832616,0.904803282832616,0.759,0.405,0.354,0.76696140814954,0.660526315789474,0.838129496402878,"Consistent_3_of_3",1,0.354,0.759,1,FALSE,TRUE,"Other_Candidate","Other_Candidate",TRUE,TRUE,FALSE,FALSE,TRUE,FALSE,FALSE,FALSE,FALSE,NA,"Standard_candidate",TRUE,TRUE,"Other_Research_Candidate","Standard",3,0.457140082070815,0,0,0.457140082070815,0.712595143623927,0.817510123106223,98
215,"RNF139",0.601089176491008,"Tier_3_Exploratory_Robust",0.679571292707081,0.679571292707081,1.24617034165665,1.24617034165665,0.546,0.223,0.323,0.538883832092807,0.309192200557103,0.789473684210526,"Consistent_3_of_3",1,0.323,0.546,1,TRUE,TRUE,"Other_Candidate","Other_Candidate",TRUE,TRUE,FALSE,FALSE,TRUE,FALSE,FALSE,FALSE,FALSE,NA,"Standard_candidate",TRUE,TRUE,"Other_Research_Candidate","Standard",3,0.455914258541416,0,0,0.455914258541416,0.661649952447478,0.773071387812124,99
66,"ATP5MC1",0.666642306339773,"Tier_2_Strong_Robust_Candidate",0.675953717079961,0.675953717079961,0.830029736639687,0.830029736639687,0.871,0.631,0.24,0.879616096010452,0.807799442896936,0.97841726618705,"Consistent_3_of_3",1,0.24,0.871,1,FALSE,TRUE,"Mitochondrial_Metabolic","Mitochondrial_OXPHOS",TRUE,TRUE,FALSE,FALSE,TRUE,FALSE,FALSE,TRUE,FALSE,NA,"Standard_candidate",TRUE,TRUE,"Mitochondrial_OXPHOS","Standard",3,0.455190743415992,0,0,0.455190743415992,0.708783800977986,0.836986115123988,100
172,"UGCG",0.620222139068431,"Tier_3_Exploratory_Robust",0.672928003860561,0.672928003860561,1.02662403088449,1.02662403088449,0.69,0.407,0.283,0.670383253578928,0.435251798561151,0.84958217270195,"Consistent_3_of_3",1,0.283,0.69,1,TRUE,TRUE,"Other_Candidate","Other_Candidate",TRUE,TRUE,FALSE,FALSE,TRUE,FALSE,FALSE,FALSE,FALSE,NA,"Standard_candidate",TRUE,TRUE,"Other_Research_Candidate","Standard",3,0.454585600772112,0,0,0.454585600772112,0.680124801351196,0.799878401158168,101
103,"CERS2",0.647816181216151,"Tier_3_Exploratory_Robust",0.672554885905865,0.672554885905865,0.791639087246923,0.791639087246923,0.811,0.504,0.307,0.813975144470262,0.731578947368421,0.883008356545961,"Consistent_3_of_3",1,0.307,0.811,1,FALSE,TRUE,"Other_Candidate","Other_Candidate",TRUE,TRUE,FALSE,FALSE,TRUE,FALSE,FALSE,FALSE,FALSE,NA,"Standard_candidate",TRUE,TRUE,"Other_Research_Candidate","Standard",3,0.454510977181173,0,0,0.454510977181173,0.708994210067053,0.82396646577176,102
58,"ATP5ME",0.670291597225851,"Tier_2_Strong_Robust_Candidate",0.667347223817779,0.667347223817779,0.713177790542229,0.713177790542229,0.949,0.757,0.192,0.952842013150951,0.886842105263158,0.986072423398329,"Consistent_3_of_3",1,0.192,0.949,1,FALSE,TRUE,"Mitochondrial_Metabolic","Mitochondrial_OXPHOS",TRUE,TRUE,FALSE,FALSE,TRUE,FALSE,FALSE,TRUE,FALSE,NA,"Standard_candidate",TRUE,TRUE,"Mitochondrial_OXPHOS","Standard",3,0.453469444763556,0,0,0.453469444763556,0.711771528336223,0.850004167145334,103
111,"CANX",0.644752112103249,"Tier_3_Exploratory_Robust",0.666098136803663,0.666098136803663,0.743185094429304,0.743185094429304,0.827,0.538,0.289,0.82384477405614,0.796657381615599,0.876315789473684,"Consistent_3_of_3",1,0.289,0.827,1,FALSE,TRUE,"Other_Candidate","Other_Candidate",FALSE,TRUE,TRUE,FALSE,TRUE,FALSE,FALSE,FALSE,FALSE,NA,"Standard_candidate",TRUE,TRUE,"Other_Research_Candidate","Standard",3,0.453219627360733,0,0,0.453219627360733,0.706334347881282,0.825229441041099,104
77,"COX17",0.655397087163073,"Tier_2_Strong_Robust_Candidate",0.665364384360595,0.665364384360595,0.663715074884758,0.663715074884758,0.91,0.658,0.252,0.914195194203822,0.880222841225627,0.967625899280576,"Consistent_3_of_3",1,0.252,0.91,1,FALSE,TRUE,"Other_Candidate","Other_Candidate",TRUE,TRUE,FALSE,FALSE,TRUE,FALSE,FALSE,FALSE,FALSE,NA,"Standard_candidate",TRUE,TRUE,"Other_Research_Candidate","Standard",3,0.453072876872119,0,0,0.453072876872119,0.715277534526208,0.841609315308179,105
113,"TMEM14B",0.644221716711344,"Tier_3_Exploratory_Robust",0.665318422670113,0.665318422670113,0.7385473813609,0.7385473813609,0.828,0.541,0.287,0.830636414486648,0.715877437325905,0.894736842105263,"Consistent_3_of_3",1,0.287,0.828,1,FALSE,TRUE,"Other_Candidate","Other_Candidate",TRUE,TRUE,FALSE,FALSE,TRUE,FALSE,FALSE,FALSE,FALSE,NA,"Standard_candidate",TRUE,TRUE,"Other_Research_Candidate","Standard",3,0.453063684534023,0,0,0.453063684534023,0.70586144793454,0.825195526801034,106
106,"TMED2",0.647169556588713,"Tier_3_Exploratory_Robust",0.66332172418957,0.66332172418957,0.72417379351656,0.72417379351656,0.912,0.71,0.202,0.905249639901039,0.827338129496403,0.955263157894737,"Consistent_3_of_3",1,0.202,0.912,1,FALSE,TRUE,"Other_Candidate","Other_Candidate",TRUE,TRUE,FALSE,FALSE,TRUE,FALSE,FALSE,FALSE,FALSE,NA,"Standard_candidate",TRUE,TRUE,"Other_Research_Candidate","Standard",3,0.452664344837914,0,0,0.452664344837914,0.70496260346635,0.841396517256871,107
80,"PRDX5",0.654677206652904,"Tier_2_Strong_Robust_Candidate",0.660618148921255,0.660618148921255,0.624145191370041,0.624145191370041,0.945,0.727,0.218,0.941753443748446,0.910071942446043,0.973684210526316,"Consistent_3_of_3",1,0.218,0.945,1,FALSE,TRUE,"Other_Candidate","Other_Candidate",FALSE,TRUE,TRUE,FALSE,TRUE,FALSE,FALSE,FALSE,FALSE,NA,"Standard_candidate",TRUE,TRUE,"Other_Research_Candidate","Standard",3,0.452123629784251,0,0,0.452123629784251,0.713816352122439,0.847185444676376,108
175,"TMEM14A",0.619767999561178,"Tier_3_Exploratory_Robust",0.660420306856716,0.660420306856716,0.85136245485373,0.85136245485373,0.678,0.336,0.342,0.667301151015854,0.568345323741007,0.826315789473684,"Consistent_3_of_3",1,0.342,0.678,1,FALSE,TRUE,"Other_Candidate","Other_Candidate",TRUE,TRUE,FALSE,FALSE,TRUE,FALSE,FALSE,FALSE,FALSE,NA,"Standard_candidate",TRUE,TRUE,"Other_Research_Candidate","Standard",3,0.452084061371343,0,0,0.452084061371343,0.685147107399851,0.793726092057015,109
155,"PIGT",0.625868680379939,"Tier_3_Exploratory_Robust",0.657704105944019,0.657704105944019,0.783232847552155,0.783232847552155,0.743,0.437,0.306,0.739417889526526,0.662952646239554,0.839473684210526,"Consistent_3_of_3",1,0.306,0.743,1,FALSE,TRUE,"Other_Candidate","Other_Candidate",TRUE,TRUE,FALSE,FALSE,TRUE,FALSE,FALSE,FALSE,FALSE,NA,"Standard_candidate",TRUE,TRUE,"Other_Research_Candidate","Standard",3,0.451540821188804,0,0,0.451540821188804,0.689996437080407,0.805911231783206,110
153,"ATP5PB",0.626920390305706,"Tier_3_Exploratory_Robust",0.657435460254685,0.657435460254685,0.926683682037479,0.926683682037479,0.74,0.522,0.218,0.714625748455626,0.413669064748201,0.927576601671309,"Consistent_3_of_3",1,0.218,0.74,1,FALSE,TRUE,"Mitochondrial_Metabolic","Mitochondrial_OXPHOS",TRUE,TRUE,FALSE,FALSE,TRUE,FALSE,FALSE,TRUE,FALSE,NA,"Standard_candidate",TRUE,TRUE,"Mitochondrial_OXPHOS","Standard",3,0.451487092050937,0,0,0.451487092050937,0.67170241108914,0.805230638076406,111
350,"NECAB3",0.553376216003929,"Tier_3_Exploratory_Robust",0.657083689649528,0.657083689649528,1.37346951719622,1.37346951719622,0.416,0.155,0.261,0.408765355403699,0.316546762589928,0.50974930362117,"Consistent_3_of_3",1,0.261,0.416,1,TRUE,TRUE,"Other_Candidate","Other_Candidate",TRUE,TRUE,FALSE,FALSE,TRUE,FALSE,FALSE,FALSE,FALSE,NA,"Standard_candidate",TRUE,TRUE,"Other_Research_Candidate","Standard",3,0.451416737929906,0,0,0.451416737929906,0.615379291377335,0.740325106894858,112
171,"COA3",0.620762208836621,"Tier_3_Exploratory_Robust",0.655790177938491,0.655790177938491,0.80472142350793,0.80472142350793,0.731,0.436,0.295,0.713209593591803,0.510791366906475,0.855153203342618,"Consistent_3_of_3",1,0.295,0.731,1,FALSE,TRUE,"Other_Candidate","Other_Candidate",TRUE,TRUE,FALSE,FALSE,TRUE,FALSE,FALSE,FALSE,FALSE,NA,"Standard_candidate",TRUE,TRUE,"Other_Research_Candidate","Standard",3,0.451158035587698,0,0,0.451158035587698,0.684726562278472,0.802937053381547,113
161,"NDUFAF8",0.622955988748066,"Tier_3_Exploratory_Robust",0.654057867760798,0.654057867760798,0.770062942086385,0.770062942086385,0.755,0.471,0.284,0.748036480652745,0.68705035971223,0.857894736842105,"Consistent_3_of_3",1,0.284,0.755,1,FALSE,TRUE,"Other_Candidate","Other_Candidate",TRUE,TRUE,FALSE,FALSE,TRUE,FALSE,FALSE,FALSE,FALSE,NA,"Standard_candidate",TRUE,TRUE,"Other_Research_Candidate","Standard",3,0.45081157355216,0,0,0.45081157355216,0.686720253716279,0.807217360328239,114
200,"DHRS7",0.605174474985611,"Tier_3_Exploratory_Robust",0.653819614421494,0.653819614421494,0.916956915371953,0.916956915371953,0.681,0.416,0.265,0.674368934701235,0.561151079136691,0.883008356545961,"Consistent_3_of_3",1,0.265,0.681,1,FALSE,TRUE,"Other_Candidate","Other_Candidate",FALSE,TRUE,TRUE,FALSE,TRUE,FALSE,FALSE,FALSE,FALSE,NA,"Standard_candidate",TRUE,TRUE,"Other_Research_Candidate","Standard",3,0.450763922884299,0,0,0.450763922884299,0.668036865047523,0.792345884326448,115
142,"MRPS34",0.630548200461746,"Tier_3_Exploratory_Robust",0.649877025730594,0.649877025730594,0.667816205844752,0.667816205844752,0.824,0.566,0.258,0.812868514746918,0.697841726618705,0.907894736842105,"Consistent_3_of_3",1,0.258,0.824,1,FALSE,TRUE,"Other_Candidate","Other_Candidate",TRUE,TRUE,FALSE,FALSE,TRUE,FALSE,FALSE,FALSE,FALSE,NA,"Standard_candidate",TRUE,TRUE,"Other_Research_Candidate","Standard",3,0.449975405146119,0,0,0.449975405146119,0.693856959005708,0.819763107719178,116
290,"COA1",0.573150602685596,"Tier_3_Exploratory_Robust",0.648432079361166,0.648432079361166,1.09305663488933,1.09305663488933,0.511,0.213,0.298,0.496017359986809,0.345323741007194,0.655263157894737,"Consistent_3_of_3",1,0.298,0.511,1,TRUE,TRUE,"Other_Candidate","Other_Candidate",TRUE,TRUE,FALSE,FALSE,TRUE,FALSE,FALSE,FALSE,FALSE,NA,"Standard_candidate",TRUE,TRUE,"Other_Research_Candidate","Standard",3,0.449686415872233,0,0,0.449686415872233,0.638751227776408,0.75672962380835,117
301,"ZDHHC24",0.568773584498387,"Tier_3_Exploratory_Robust",0.648020808022141,0.648020808022141,1.12816646417713,1.12816646417713,0.5,0.215,0.285,0.494736068643985,0.295264623955432,0.710526315789474,"Consistent_3_of_3",1,0.285,0.5,1,TRUE,TRUE,"Other_Candidate","Other_Candidate",TRUE,TRUE,FALSE,FALSE,TRUE,FALSE,FALSE,FALSE,FALSE,NA,"Standard_candidate",TRUE,TRUE,"Other_Research_Candidate","Standard",3,0.449604161604428,0,0,0.449604161604428,0.633807282807749,0.754406242406642,118
176,"PPP1CA",0.619403322120674,"Tier_3_Exploratory_Robust",0.647350032232124,0.647350032232124,0.726000257856995,0.726000257856995,0.776,0.519,0.257,0.766266259826034,0.671309192200557,0.936842105263158,"Consistent_3_of_3",1,0.257,0.776,1,FALSE,TRUE,"Other_Candidate","Other_Candidate",TRUE,TRUE,FALSE,FALSE,TRUE,FALSE,FALSE,FALSE,FALSE,NA,"Standard_candidate",TRUE,TRUE,"Other_Research_Candidate","Standard",3,0.449470006446425,0,0,0.449470006446425,0.683172511281243,0.809405009669637,119
149,"MRPL57",0.628023588318336,"Tier_3_Exploratory_Robust",0.646571516649364,0.646571516649364,0.636572133194911,0.636572133194911,0.801,0.517,0.284,0.802791544802569,0.752089136490251,0.828947368421053,"Consistent_3_of_3",1,0.284,0.801,1,FALSE,TRUE,"Other_Candidate","Other_Candidate",TRUE,TRUE,FALSE,FALSE,TRUE,FALSE,FALSE,FALSE,FALSE,NA,"Standard_candidate",TRUE,TRUE,"Other_Research_Candidate","Standard",3,0.449314303329873,0,0,0.449314303329873,0.693300030827277,0.814171454994809,120
131,"PCBD1",0.636852672573578,"Tier_3_Exploratory_Robust",0.643091541761819,0.643091541761819,0.523932334094548,0.523932334094548,0.857,0.576,0.281,0.854186359166588,0.816546762589928,0.880222841225627,"Consistent_3_of_3",1,0.281,0.857,1,FALSE,TRUE,"Other_Candidate","Other_Candidate",TRUE,FALSE,TRUE,FALSE,TRUE,FALSE,FALSE,FALSE,FALSE,NA,"Standard_candidate",TRUE,TRUE,"Other_Research_Candidate","Standard",3,0.448618308352364,0,0,0.448618308352364,0.702682039616637,0.824327462528546,121
455,"MTARC2",0.513867356984396,"Tier_3_Exploratory_Robust",0.642755819802964,0.642755819802964,1.53564655842371,1.53564655842371,0.303,0.102,0.201,0.303018309586314,0.25,0.367688022284123,"Consistent_3_of_3",1,0.201,0.303,1,FALSE,TRUE,"Other_Candidate","Other_Candidate",FALSE,TRUE,TRUE,FALSE,TRUE,FALSE,FALSE,FALSE,FALSE,NA,"Standard_candidate",TRUE,TRUE,"Other_Research_Candidate","Standard",3,0.448551163960593,0,0,0.448551163960593,0.575764536931037,0.713426745940889,122
141,"GADD45GIP1",0.630563463406908,"Tier_3_Exploratory_Robust",0.63975958837947,0.63975958837947,0.542076707035761,0.542076707035761,0.852,0.594,0.258,0.847215926130229,0.805013927576602,0.923684210526316,"Consistent_3_of_3",1,0.258,0.852,1,FALSE,TRUE,"Other_Candidate","Other_Candidate",TRUE,TRUE,FALSE,FALSE,TRUE,FALSE,FALSE,FALSE,FALSE,NA,"Standard_candidate",TRUE,TRUE,"Other_Research_Candidate","Standard",3,0.447951917675894,0,0,0.447951917675894,0.695915855932814,0.822327876513841,123
1,"H1-2",0.77315,"Tier_2_Strong_Robust_Candidate",0.836386859906486,0.836386859906486,1.81269487925189,1.81269487925189,0.966,0.633,0.333,0.962348168672217,0.928057553956835,0.986842105263158,"Consistent_3_of_3",1,0.333,0.966,1,TRUE,TRUE,"Other_Candidate","Other_Candidate",FALSE,FALSE,TRUE,FALSE,TRUE,FALSE,FALSE,FALSE,FALSE,NA,"Standard_candidate",TRUE,TRUE,"Other_Research_Candidate","Standard",2,0.447277371981297,0,0,0.447277371981297,0.80253540096727,0.884116057971946,124
343,"PTPMT1",0.556908503714767,"Tier_3_Exploratory_Robust",0.636127357555066,0.636127357555066,1.07781886044053,1.07781886044053,0.478,0.199,0.279,0.467974536951585,0.381294964028777,0.613157894736842,"Consistent_3_of_3",1,0.279,0.478,1,TRUE,TRUE,"Other_Candidate","Other_Candidate",TRUE,TRUE,FALSE,FALSE,TRUE,FALSE,FALSE,FALSE,FALSE,NA,"Standard_candidate",TRUE,TRUE,"Other_Research_Candidate","Standard",3,0.447225471511013,0,0,0.447225471511013,0.624044575144273,0.74643820726652,125
365,"CDS2",0.548599400202763,"Tier_3_Exploratory_Robust",0.633302849981706,0.633302849981706,1.11282279985365,1.11282279985365,0.451,0.181,0.27,0.468722808001949,0.315789473684211,0.647482014388489,"Consistent_3_of_3",1,0.27,0.451,1,TRUE,TRUE,"Other_Candidate","Other_Candidate",TRUE,TRUE,FALSE,FALSE,TRUE,FALSE,FALSE,FALSE,FALSE,NA,"Standard_candidate",TRUE,TRUE,"Other_Research_Candidate","Standard",3,0.446660569996341,0,0,0.446660569996341,0.615855997493597,0.740190854994512,126
281,"DMAC1",0.578786865527877,"Tier_3_Exploratory_Robust",0.633189560734742,0.633189560734742,0.867116485877938,0.867116485877938,0.597,0.32,0.277,0.594512907486648,0.523684210526316,0.713091922005571,"Consistent_3_of_3",1,0.277,0.597,1,FALSE,TRUE,"Other_Candidate","Other_Candidate",TRUE,TRUE,FALSE,FALSE,TRUE,FALSE,FALSE,FALSE,FALSE,NA,"Standard_candidate",TRUE,TRUE,"Other_Research_Candidate","Standard",3,0.446637912146948,0,0,0.446637912146948,0.64641634625716,0.769356868220423,127
188,"RPN2",0.613094544074122,"Tier_3_Exploratory_Robust",0.63284114679143,0.63284114679143,0.60032917433144,0.60032917433144,0.792,0.545,0.247,0.791472782776564,0.71866295264624,0.85,"Consistent_3_of_3",1,0.247,0.792,1,FALSE,TRUE,"Other_Candidate","Other_Candidate",TRUE,TRUE,FALSE,FALSE,TRUE,FALSE,FALSE,FALSE,FALSE,NA,"Standard_candidate",TRUE,TRUE,"Other_Research_Candidate","Standard",3,0.446568229358286,0,0,0.446568229358286,0.679294401377,0.808252344037429,128
273,"SERINC3",0.582334243896743,"Tier_3_Exploratory_Robust",0.632278999894655,0.632278999894655,0.832631999157237,0.832631999157237,0.627,0.363,0.264,0.63890816096573,0.476323119777159,0.787769784172662,"Consistent_3_of_3",1,0.264,0.627,1,FALSE,TRUE,"Other_Candidate","Other_Candidate",TRUE,TRUE,FALSE,FALSE,TRUE,FALSE,FALSE,FALSE,FALSE,NA,"Standard_candidate",TRUE,TRUE,"Other_Research_Candidate","Standard",3,0.446455799978931,0,0,0.446455799978931,0.649497649963129,0.775083699968397,129
244,"MDH1",0.592387736436902,"Tier_3_Exploratory_Robust",0.632194745916951,0.632194745916951,0.886357967335605,0.886357967335605,0.631,0.405,0.226,0.61646428349184,0.420863309352518,0.84958217270195,"Consistent_3_of_3",1,0.226,0.631,1,FALSE,TRUE,"Mitochondrial_Metabolic","Mitochondrial_OXPHOS",TRUE,FALSE,TRUE,FALSE,TRUE,FALSE,FALSE,TRUE,FALSE,NA,"Standard_candidate",TRUE,TRUE,"Mitochondrial_OXPHOS","Standard",3,0.44643894918339,0,0,0.44643894918339,0.642668161070933,0.775858423775085,130
156,"PTGES3",0.624845903300533,"Tier_3_Exploratory_Robust",0.63184721662058,0.63184721662058,0.517177732964641,0.517177732964641,0.897,0.708,0.189,0.886051012583863,0.766187050359712,0.949860724233983,"Consistent_3_of_3",1,0.189,0.897,1,FALSE,TRUE,"Other_Candidate","Other_Candidate",TRUE,TRUE,FALSE,FALSE,TRUE,FALSE,FALSE,FALSE,FALSE,NA,"Standard_candidate",TRUE,TRUE,"Other_Research_Candidate","Standard",3,0.446369443324116,0,0,0.446369443324116,0.688346525817203,0.828954164986174,131
197,"FDPS",0.606728484046514,"Tier_3_Exploratory_Robust",0.629369968632106,0.629369968632106,0.615759749056845,0.615759749056845,0.784,0.556,0.228,0.78898446995226,0.754874651810585,0.848920863309353,"Consistent_3_of_3",1,0.228,0.784,1,FALSE,TRUE,"Other_Candidate","Other_Candidate",TRUE,FALSE,TRUE,FALSE,TRUE,FALSE,FALSE,FALSE,FALSE,NA,"Standard_candidate",TRUE,TRUE,"Other_Research_Candidate","Standard",3,0.445873993726421,0,0,0.445873993726421,0.672679489021237,0.805610990589632,132
198,"DCXR",0.606563167705605,"Tier_3_Exploratory_Robust",0.627530598332331,0.627530598332331,0.58504478665865,0.58504478665865,0.771,0.52,0.251,0.774968630871582,0.543175487465181,0.918421052631579,"Consistent_3_of_3",1,0.251,0.771,1,FALSE,TRUE,"Other_Candidate","Other_Candidate",TRUE,FALSE,TRUE,FALSE,TRUE,FALSE,FALSE,FALSE,FALSE,NA,"Standard_candidate",TRUE,TRUE,"Other_Research_Candidate","Standard",3,0.445506119666466,0,0,0.445506119666466,0.674035709416316,0.802459179499699,133
219,"HSD17B10",0.600488434334649,"Tier_3_Exploratory_Robust",0.62730462850531,0.62730462850531,0.62483702804248,0.62483702804248,0.73,0.464,0.266,0.721246102370413,0.62589928057554,0.779944289693593,"Consistent_3_of_3",1,0.266,0.73,1,FALSE,TRUE,"Other_Candidate","Other_Candidate",FALSE,TRUE,TRUE,FALSE,TRUE,FALSE,FALSE,FALSE,FALSE,NA,"Standard_candidate",TRUE,TRUE,"Other_Research_Candidate","Standard",3,0.445460925701062,0,0,0.445460925701062,0.668756619976859,0.794191388551593,134
154,"GHITM",0.626163746616898,"Tier_3_Exploratory_Robust",0.62662583566809,0.62662583566809,0.547406685344724,0.547406685344724,0.816,0.591,0.225,0.817978562465963,0.792105263157895,0.834532374100719,"Consistent_3_of_3",1,0.225,0.816,1,FALSE,TRUE,"Mitochondrial_Metabolic","Mitochondrial_OXPHOS",TRUE,TRUE,FALSE,FALSE,TRUE,FALSE,FALSE,TRUE,FALSE,NA,"Standard_candidate",TRUE,TRUE,"Mitochondrial_OXPHOS","Standard",3,0.445325167133618,0,0,0.445325167133618,0.677519042483832,0.811187750700427,135
329,"SQLE",0.562151282840642,"Tier_3_Exploratory_Robust",0.625788025716163,0.625788025716163,0.921504205729306,0.921504205729306,0.559,0.315,0.244,0.568301851701457,0.413157894736842,0.651079136690647,"Consistent_3_of_3",1,0.244,0.559,1,FALSE,TRUE,"Other_Candidate","Other_Candidate",FALSE,TRUE,TRUE,FALSE,TRUE,FALSE,FALSE,FALSE,FALSE,NA,"Standard_candidate",TRUE,TRUE,"Other_Research_Candidate","Standard",3,0.445157605143233,0,0,0.445157605143233,0.629625809000657,0.759536407714849,136
450,"AKAP1",0.517300489607896,"Tier_3_Exploratory_Robust",0.625333682960993,0.625333682960993,1.27946946368794,1.27946946368794,0.345,0.113,0.232,0.350295005162854,0.292479108635098,0.413669064748201,"Consistent_3_of_3",1,0.232,0.345,1,FALSE,TRUE,"Other_Candidate","Other_Candidate",FALSE,TRUE,TRUE,FALSE,TRUE,FALSE,FALSE,FALSE,FALSE,NA,"Standard_candidate",TRUE,TRUE,"Other_Research_Candidate","Standard",3,0.445066736592199,0,0,0.445066736592199,0.584266789036348,0.716600104888298,137
209,"CHCHD5",0.603205547785903,"Tier_3_Exploratory_Robust",0.62507110304198,0.62507110304198,0.568568824335839,0.568568824335839,0.737,0.454,0.283,0.740032052938502,0.702631578947368,0.762589928057554,"Consistent_3_of_3",1,0.283,0.737,1,FALSE,TRUE,"Other_Candidate","Other_Candidate",TRUE,TRUE,FALSE,FALSE,TRUE,FALSE,FALSE,FALSE,FALSE,NA,"Standard_candidate",TRUE,TRUE,"Other_Research_Candidate","Standard",3,0.445014220608396,0,0,0.445014220608396,0.672774886064693,0.794921330912594,138
8,"GLRX5",0.728054154528145,"Tier_2_Strong_Robust_Candidate",0.8248,0.8248,2.04788098238135,2.04788098238135,0.717,0.31,0.407,0.704492579517972,0.543165467625899,0.891364902506964,"Consistent_3_of_3",1,0.407,0.717,1,TRUE,TRUE,"Other_Candidate","Other_Candidate",FALSE,TRUE,FALSE,FALSE,TRUE,FALSE,FALSE,FALSE,FALSE,NA,"Standard_candidate",TRUE,TRUE,"Other_Research_Candidate","Standard",2,0.44496,0,0,0.44496,0.76348,0.83084,139
258,"BAD",0.587696765714685,"Tier_3_Exploratory_Robust",0.623152989231275,0.623152989231275,0.678023913850196,0.678023913850196,0.682,0.422,0.26,0.672032026922078,0.579136690647482,0.815789473684211,"Consistent_3_of_3",1,0.26,0.682,1,FALSE,TRUE,"Other_Candidate","Other_Candidate",TRUE,TRUE,FALSE,FALSE,TRUE,FALSE,FALSE,FALSE,FALSE,NA,"Standard_candidate",TRUE,TRUE,"Other_Research_Candidate","Standard",3,0.444630597846255,0,0,0.444630597846255,0.656503546230946,0.783345896769382,140
250,"MRPL36",0.590257962029262,"Tier_3_Exploratory_Robust",0.622901529300829,0.622901529300829,0.652012234406633,0.652012234406633,0.691,0.425,0.266,0.684008160719628,0.615598885793872,0.810526315789474,"Consistent_3_of_3",1,0.266,0.691,1,FALSE,TRUE,"Other_Candidate","Other_Candidate",TRUE,TRUE,FALSE,FALSE,TRUE,FALSE,FALSE,FALSE,FALSE,NA,"Standard_candidate",TRUE,TRUE,"Other_Research_Candidate","Standard",3,0.444580305860166,0,0,0.444580305860166,0.65941553525529,0.785070458790249,141
288,"HAGH",0.574919732164662,"Tier_3_Exploratory_Robust",0.622288784344035,0.622288784344035,0.765510274752277,0.765510274752277,0.613,0.343,0.27,0.606994445493305,0.454038997214485,0.784210526315789,"Consistent_3_of_3",1,0.27,0.613,1,FALSE,TRUE,"Other_Candidate","Other_Candidate",TRUE,TRUE,FALSE,FALSE,TRUE,FALSE,FALSE,FALSE,FALSE,NA,"Standard_candidate",TRUE,TRUE,"Other_Research_Candidate","Standard",3,0.444457756868807,0,0,0.444457756868807,0.644401074520412,0.769286635303211,142
185,"UQCC3",0.61445551357706,"Tier_3_Exploratory_Robust",0.621810119909018,0.621810119909018,0.550480959272148,0.550480959272148,0.713,0.411,0.302,0.713530861280774,0.576601671309192,0.815789473684211,"Consistent_3_of_3",1,0.302,0.713,1,FALSE,TRUE,"Mitochondrial_Metabolic","Mitochondrial_OXPHOS",TRUE,TRUE,FALSE,FALSE,TRUE,FALSE,FALSE,TRUE,FALSE,NA,"Standard_candidate",TRUE,TRUE,"Mitochondrial_OXPHOS","Standard",3,0.444362023981804,0,0,0.444362023981804,0.670633541968156,0.789143035972705,143
272,"RBM47",0.58264848769488,"Tier_3_Exploratory_Robust",0.621072742513664,0.621072742513664,0.683781940109307,0.683781940109307,0.646,0.364,0.282,0.652342374744099,0.493036211699164,0.748201438848921,"Consistent_3_of_3",1,0.282,0.646,1,FALSE,TRUE,"Other_Candidate","Other_Candidate",FALSE,TRUE,TRUE,FALSE,TRUE,FALSE,FALSE,FALSE,FALSE,NA,"Standard_candidate",TRUE,TRUE,"Other_Research_Candidate","Standard",3,0.444214548502733,0,0,0.444214548502733,0.652975459879782,0.775521822754099,144
296,"UHMK1",0.571099214124663,"Tier_3_Exploratory_Robust",0.619534179094068,0.619534179094068,0.762673432752545,0.762673432752545,0.603,0.335,0.268,0.597555668996543,0.543165467625899,0.639473684210526,"Consistent_3_of_3",1,0.268,0.603,1,FALSE,TRUE,"Other_Candidate","Other_Candidate",TRUE,FALSE,TRUE,FALSE,TRUE,FALSE,FALSE,FALSE,FALSE,NA,"Standard_candidate",TRUE,TRUE,"Other_Research_Candidate","Standard",3,0.443906835818814,0,0,0.443906835818814,0.641036962682924,0.76646025372822,145
220,"SELENOS",0.599548601292992,"Tier_3_Exploratory_Robust",0.617087378004619,0.617087378004619,0.54149902403695,0.54149902403695,0.821,0.645,0.176,0.832570208310701,0.682451253481894,0.97841726618705,"Consistent_3_of_3",1,0.176,0.821,1,FALSE,TRUE,"Other_Candidate","Other_Candidate",TRUE,TRUE,FALSE,FALSE,TRUE,FALSE,FALSE,FALSE,FALSE,NA,"Standard_candidate",TRUE,TRUE,"Other_Research_Candidate","Standard",3,0.443417475600924,0,0,0.443417475600924,0.665380582301617,0.809326213401386,146
345,"MRPS18B",0.555147528343856,"Tier_3_Exploratory_Robust",0.614820905642487,0.614820905642487,0.836967245139896,0.836967245139896,0.546,0.291,0.255,0.533417429668639,0.392086330935252,0.623955431754875,"Consistent_3_of_3",1,0.255,0.546,1,FALSE,TRUE,"Other_Candidate","Other_Candidate",TRUE,TRUE,FALSE,FALSE,TRUE,FALSE,FALSE,FALSE,FALSE,NA,"Standard_candidate",TRUE,TRUE,"Other_Research_Candidate","Standard",3,0.442964181128497,0,0,0.442964181128497,0.62538731697487,0.753646271692746,147
407,"SPR",0.534506138829318,"Tier_3_Exploratory_Robust",0.610035703998999,0.610035703998999,0.941085631991993,0.941085631991993,0.453,0.194,0.259,0.455042475329222,0.426183844011142,0.47841726618705,"Consistent_3_of_3",1,0.259,0.453,1,FALSE,TRUE,"Other_Candidate","Other_Candidate",TRUE,FALSE,TRUE,FALSE,TRUE,FALSE,FALSE,FALSE,FALSE,NA,"Standard_candidate",TRUE,TRUE,"Other_Research_Candidate","Standard",3,0.4420071407998,0,0,0.4420071407998,0.60591249639965,0.7336107111997,148
335,"GRN",0.560023641836806,"Tier_3_Exploratory_Robust",0.608074627694605,0.608074627694605,0.728597021556837,0.728597021556837,0.616,0.397,0.219,0.598939760374665,0.460431654676259,0.868421052631579,"Consistent_3_of_3",1,0.219,0.616,1,FALSE,TRUE,"Other_Candidate","Other_Candidate",FALSE,TRUE,TRUE,FALSE,TRUE,FALSE,FALSE,FALSE,FALSE,NA,"Standard_candidate",TRUE,TRUE,"Other_Research_Candidate","Standard",3,0.441614925538921,0,0,0.441614925538921,0.629826119693112,0.765622388308381,149
313,"HTATIP2",0.566190020182096,"Tier_3_Exploratory_Robust",0.607741974506174,0.607741974506174,0.645935796049395,0.645935796049395,0.593,0.301,0.292,0.600351485414806,0.504178272980501,0.694244604316547,"Consistent_3_of_3",1,0.292,0.593,1,FALSE,TRUE,"Other_Candidate","Other_Candidate",FALSE,TRUE,TRUE,FALSE,TRUE,FALSE,FALSE,FALSE,FALSE,NA,"Standard_candidate",TRUE,TRUE,"Other_Research_Candidate","Standard",3,0.441548394901235,0,0,0.441548394901235,0.639709691077161,0.760922592351852,150
287,"SRSF1",0.575798422596427,"Tier_3_Exploratory_Robust",0.607666615368791,0.607666615368791,0.581332922950329,0.581332922950329,0.666,0.407,0.259,0.671668183705491,0.607242339832869,0.744604316546763,"Consistent_3_of_3",1,0.259,0.666,1,FALSE,TRUE,"Other_Candidate","Other_Candidate",FALSE,TRUE,TRUE,FALSE,TRUE,FALSE,FALSE,FALSE,FALSE,NA,"Standard_candidate",TRUE,TRUE,"Other_Research_Candidate","Standard",3,0.441533323073758,0,0,0.441533323073758,0.647683315379077,0.775499984610637,151
306,"MCTS1",0.567841919122009,"Tier_3_Exploratory_Robust",0.606839603235964,0.606839603235964,0.643516825887716,0.643516825887716,0.645,0.408,0.237,0.624234317281551,0.39568345323741,0.75,"Consistent_3_of_3",1,0.237,0.645,1,FALSE,TRUE,"Other_Candidate","Other_Candidate",TRUE,FALSE,TRUE,FALSE,TRUE,FALSE,FALSE,FALSE,FALSE,NA,"Standard_candidate",TRUE,TRUE,"Other_Research_Candidate","Standard",3,0.441367920647193,0,0,0.441367920647193,0.638793861132587,0.771051880970789,152
297,"DEK",0.570965293949343,"Tier_3_Exploratory_Robust",0.606700787321025,0.606700787321025,0.615206298568197,0.615206298568197,0.658,0.417,0.241,0.644626201985194,0.503597122302158,0.739473684210526,"Consistent_3_of_3",1,0.241,0.658,1,FALSE,TRUE,"Other_Candidate","Other_Candidate",FALSE,TRUE,TRUE,FALSE,TRUE,FALSE,FALSE,FALSE,FALSE,NA,"Standard_candidate",TRUE,TRUE,"Other_Research_Candidate","Standard",3,0.441340157464205,0,0,0.441340157464205,0.642145275562359,0.773610236196308,153
25,"RETREG1",0.696187116975553,"Tier_2_Strong_Robust_Candidate",0.8062,0.8062,2.67024984721513,2.67024984721513,0.564,0.097,0.467,0.585827974477184,0.257894736842105,0.76978417266187,"Consistent_3_of_3",1,0.467,0.564,1,TRUE,TRUE,"Other_Candidate","Other_Candidate",FALSE,TRUE,FALSE,FALSE,TRUE,FALSE,FALSE,FALSE,FALSE,NA,"Standard_candidate",TRUE,TRUE,"Other_Research_Candidate","Standard",2,0.44124,0,0,0.44124,0.73837,0.79466,154
346,"ADI1",0.554407893258171,"Tier_3_Exploratory_Robust",0.60587214976981,0.60587214976981,0.726977198158476,0.726977198158476,0.558,0.291,0.267,0.576216962216768,0.454038997214485,0.787769784172662,"Consistent_3_of_3",1,0.267,0.558,1,FALSE,TRUE,"Other_Candidate","Other_Candidate",TRUE,FALSE,TRUE,FALSE,TRUE,FALSE,FALSE,FALSE,FALSE,NA,"Standard_candidate",TRUE,TRUE,"Other_Research_Candidate","Standard",3,0.441174429953962,0,0,0.441174429953962,0.627055252419433,0.753361644930943,155
372,"GPAA1",0.545539726768163,"Tier_3_Exploratory_Robust",0.605748657797793,0.605748657797793,0.817189262382344,0.817189262382344,0.553,0.338,0.215,0.525956112400799,0.258992805755396,0.786842105263158,"Consistent_3_of_3",1,0.215,0.553,1,FALSE,TRUE,"Other_Candidate","Other_Candidate",TRUE,TRUE,FALSE,FALSE,TRUE,FALSE,FALSE,FALSE,FALSE,NA,"Standard_candidate",TRUE,TRUE,"Other_Research_Candidate","Standard",3,0.441149731559559,0,0,0.441149731559559,0.615612030229228,0.752324597339338,156
298,"TXN2",0.569633408250252,"Tier_3_Exploratory_Robust",0.604106750446545,0.604106750446545,0.58645400357236,0.58645400357236,0.645,0.386,0.259,0.634202211607052,0.517985611510791,0.710526315789474,"Consistent_3_of_3",1,0.259,0.645,1,FALSE,TRUE,"Other_Candidate","Other_Candidate",FALSE,TRUE,TRUE,FALSE,TRUE,FALSE,FALSE,FALSE,FALSE,NA,"Standard_candidate",TRUE,TRUE,"Other_Research_Candidate","Standard",3,0.440821350089309,0,0,0.440821350089309,0.642237362656291,0.770232025133964,157
333,"MRPL34",0.561066918981271,"Tier_3_Exploratory_Robust",0.603080485533314,0.603080485533314,0.64864388426651,0.64864388426651,0.617,0.374,0.243,0.613330183236492,0.552631578947368,0.729805013927577,"Consistent_3_of_3",1,0.243,0.617,1,FALSE,TRUE,"Other_Candidate","Other_Candidate",TRUE,TRUE,FALSE,FALSE,TRUE,FALSE,FALSE,FALSE,FALSE,NA,"Standard_candidate",TRUE,TRUE,"Other_Research_Candidate","Standard",3,0.440616097106663,0,0,0.440616097106663,0.63307816993666,0.764324145659994,158
436,"NOL3",0.523140624485744,"Tier_3_Exploratory_Robust",0.600949483527649,0.600949483527649,0.929195868221196,0.929195868221196,0.44,0.206,0.234,0.44353124449568,0.275766016713092,0.536842105263158,"Consistent_3_of_3",1,0.234,0.44,1,FALSE,TRUE,"Other_Candidate","Other_Candidate",FALSE,TRUE,TRUE,FALSE,TRUE,FALSE,FALSE,FALSE,FALSE,NA,"Standard_candidate",TRUE,TRUE,"Other_Research_Candidate","Standard",3,0.44018989670553,0,0,0.44018989670553,0.595132319234677,0.728284845058295,159
294,"RPP21",0.571930878810949,"Tier_3_Exploratory_Robust",0.600750665753707,0.600750665753707,0.532405326029655,0.532405326029655,0.677,0.433,0.244,0.674955323821869,0.651079136690647,0.705263157894737,"Consistent_3_of_3",1,0.244,0.677,1,FALSE,TRUE,"Other_Candidate","Other_Candidate",FALSE,TRUE,TRUE,FALSE,TRUE,FALSE,FALSE,FALSE,FALSE,NA,"Standard_candidate",TRUE,TRUE,"Other_Research_Candidate","Standard",3,0.440150133150741,0,0,0.440150133150741,0.644462733013797,0.775625199726112,160
406,"CHPF",0.535240270230615,"Tier_3_Exploratory_Robust",0.599590124601191,0.599590124601191,0.815920996809526,0.815920996809526,0.505,0.272,0.233,0.517182846597667,0.314763231197772,0.676258992805755,"Consistent_3_of_3",1,0.233,0.505,1,FALSE,TRUE,"Other_Candidate","Other_Candidate",TRUE,TRUE,FALSE,FALSE,TRUE,FALSE,FALSE,FALSE,FALSE,NA,"Standard_candidate",TRUE,TRUE,"Other_Research_Candidate","Standard",3,0.439918024920238,0,0,0.439918024920238,0.607456543610417,0.740877037380357,161
367,"SNRPN",0.548159794514098,"Tier_3_Exploratory_Robust",0.597995034659879,0.597995034659879,0.697560277279035,0.697560277279035,0.583,0.362,0.221,0.600297606805334,0.378947368421053,0.758992805755396,"Consistent_3_of_3",1,0.221,0.583,1,FALSE,TRUE,"Other_Candidate","Other_Candidate",FALSE,TRUE,TRUE,FALSE,TRUE,FALSE,FALSE,FALSE,FALSE,NA,"Standard_candidate",TRUE,TRUE,"Other_Research_Candidate","Standard",3,0.439599006931976,0,0,0.439599006931976,0.620098262130958,0.755998510397964,162
423,"CANT1",0.526068883422458,"Tier_3_Exploratory_Robust",0.597920919190776,0.597920919190776,0.869767353526204,0.869767353526204,0.466,0.236,0.23,0.471147714580132,0.384401114206128,0.539568345323741,"Consistent_3_of_3",1,0.23,0.466,1,FALSE,TRUE,"Other_Candidate","Other_Candidate",TRUE,TRUE,FALSE,FALSE,TRUE,FALSE,FALSE,FALSE,FALSE,NA,"Standard_candidate",TRUE,TRUE,"Other_Research_Candidate","Standard",3,0.439584183838155,0,0,0.439584183838155,0.598472321716772,0.732576275757233,163
341,"ATG101",0.558249922615164,"Tier_3_Exploratory_Robust",0.597614825928765,0.597614825928765,0.614518607430124,0.614518607430124,0.639,0.424,0.215,0.618444063104596,0.392086330935252,0.747368421052632,"Consistent_3_of_3",1,0.215,0.639,1,FALSE,TRUE,"Other_Candidate","Other_Candidate",TRUE,TRUE,FALSE,FALSE,TRUE,FALSE,FALSE,FALSE,FALSE,NA,"Standard_candidate",TRUE,TRUE,"Other_Research_Candidate","Standard",3,0.439522965185753,0,0,0.439522965185753,0.629965189075068,0.76708444777863,164
366,"PIGP",0.548460438089036,"Tier_3_Exploratory_Robust",0.596184577708598,0.596184577708598,0.660676621668785,0.660676621668785,0.567,0.316,0.251,0.571797720890873,0.384401114206128,0.676315789473684,"Consistent_3_of_3",1,0.251,0.567,1,FALSE,TRUE,"Other_Candidate","Other_Candidate",TRUE,TRUE,FALSE,FALSE,TRUE,FALSE,FALSE,FALSE,FALSE,NA,"Standard_candidate",TRUE,TRUE,"Other_Research_Candidate","Standard",3,0.43923691554172,0,0,0.43923691554172,0.622264602198009,0.752255373312579,165
462,"ZNF385A",0.510660695264769,"Tier_3_Exploratory_Robust",0.592742960167962,0.592742960167962,0.937143681343693,0.937143681343693,0.419,0.21,0.209,0.405580312176003,0.258992805755396,0.484210526315789,"Consistent_3_of_3",1,0.209,0.419,1,FALSE,TRUE,"Other_Candidate","Other_Candidate",TRUE,FALSE,TRUE,FALSE,TRUE,FALSE,FALSE,FALSE,FALSE,NA,"Standard_candidate",TRUE,TRUE,"Other_Research_Candidate","Standard",3,0.438548592033592,0,0,0.438548592033592,0.583060036058787,0.721622888050389,166
20,"ATP6AP2",0.701841203458518,"Tier_2_Strong_Robust_Candidate",0.789449891652199,0.789449891652199,1.81799913321759,1.81799913321759,0.772,0.483,0.289,0.754123919747064,0.528776978417266,0.988857938718663,"Consistent_3_of_3",1,0.289,0.772,1,TRUE,TRUE,"Other_Candidate","Other_Candidate",FALSE,TRUE,FALSE,FALSE,TRUE,FALSE,FALSE,FALSE,FALSE,NA,"Standard_candidate",TRUE,TRUE,"Other_Research_Candidate","Standard",2,0.43788997833044,0,0,0.43788997833044,0.73850746207827,0.83123496749566,167
456,"NFE2L1",0.513666518778872,"Tier_3_Exploratory_Robust",0.587499803866844,0.587499803866844,0.847198430934755,0.847198430934755,0.447,0.236,0.211,0.4638611468251,0.264623955431755,0.669064748201439,"Consistent_3_of_3",1,0.211,0.447,1,FALSE,TRUE,"Other_Candidate","Other_Candidate",TRUE,TRUE,FALSE,FALSE,TRUE,FALSE,FALSE,FALSE,FALSE,NA,"Standard_candidate",TRUE,TRUE,"Other_Research_Candidate","Standard",3,0.437499960773369,0,0,0.437499960773369,0.587224931353395,0.725649941160053,168
516,"CYB5B",0.493130804098462,"Tier_4_Exploratory",0.584898830322252,0.584898830322252,0.983190642578015,0.983190642578015,0.359,0.158,0.201,0.352799086050028,0.287769784172662,0.397368421052632,"Consistent_3_of_3",1,0.201,0.359,1,FALSE,TRUE,"Other_Candidate","Other_Candidate",FALSE,TRUE,TRUE,FALSE,TRUE,FALSE,FALSE,FALSE,FALSE,NA,"Standard_candidate",TRUE,TRUE,"Other_Research_Candidate","Standard",3,0.43697976606445,0,0,0.43697976606445,0.566714590612788,0.707269649096676,169
417,"ATP6V1H",0.529690744261365,"Tier_3_Exploratory_Robust",0.584011026715484,0.584011026715484,0.676888213723871,0.676888213723871,0.539,0.331,0.208,0.524067987949473,0.345323741007194,0.676880222841226,"Consistent_3_of_3",1,0.208,0.539,1,FALSE,TRUE,"Other_Candidate","Other_Candidate",FALSE,TRUE,TRUE,FALSE,TRUE,FALSE,FALSE,FALSE,FALSE,NA,"Standard_candidate",TRUE,TRUE,"Other_Research_Candidate","Standard",3,0.436802205343097,0,0,0.436802205343097,0.603803859350419,0.743003308014645,170
439,"CDIPT",0.521956030175592,"Tier_3_Exploratory_Robust",0.581593028157652,0.581593028157652,0.702344225261213,0.702344225261213,0.495,0.271,0.224,0.494067428947913,0.317548746518106,0.639473684210526,"Consistent_3_of_3",1,0.224,0.495,1,FALSE,TRUE,"Other_Candidate","Other_Candidate",TRUE,TRUE,FALSE,FALSE,TRUE,FALSE,FALSE,FALSE,FALSE,NA,"Standard_candidate",TRUE,TRUE,"Other_Research_Candidate","Standard",3,0.43631860563153,0,0,0.43631860563153,0.597357559855178,0.733477908447296,171
11,"TMEM160",0.71975825675542,"Tier_2_Strong_Robust_Candidate",0.781056739466263,0.781056739466263,1.5252539157301,1.5252539157301,0.8,0.398,0.402,0.788378181782385,0.658273381294964,0.868421052631579,"Consistent_3_of_3",1,0.402,0.8,1,TRUE,TRUE,"Other_Candidate","Other_Candidate",FALSE,TRUE,FALSE,FALSE,TRUE,FALSE,FALSE,FALSE,FALSE,NA,"Standard_candidate",TRUE,TRUE,"Other_Research_Candidate","Standard",2,0.436211347893253,0,0,0.436211347893253,0.763769858813192,0.834317021839879,172
384,"POP7",0.541891735280165,"Tier_3_Exploratory_Robust",0.580842482051682,0.580842482051682,0.534739856413452,0.534739856413452,0.599,0.378,0.221,0.589013931795481,0.489208633093525,0.678947368421053,"Consistent_3_of_3",1,0.221,0.599,1,FALSE,TRUE,"Other_Candidate","Other_Candidate",FALSE,TRUE,TRUE,FALSE,TRUE,FALSE,FALSE,FALSE,FALSE,NA,"Standard_candidate",TRUE,TRUE,"Other_Research_Candidate","Standard",3,0.436168496410336,0,0,0.436168496410336,0.617294868718089,0.754052744615505,173
408,"ELAPOR1",0.53444900074114,"Tier_3_Exploratory_Robust",0.578591115743976,0.578591115743976,0.558328925951811,0.558328925951811,0.553,0.312,0.241,0.551008716557029,0.337047353760446,0.736842105263158,"Consistent_3_of_3",1,0.241,0.553,1,FALSE,TRUE,"Other_Candidate","Other_Candidate",FALSE,TRUE,TRUE,FALSE,TRUE,FALSE,FALSE,FALSE,FALSE,NA,"Standard_candidate",TRUE,TRUE,"Other_Research_Candidate","Standard",3,0.435718223148795,0,0,0.435718223148795,0.611306890510392,0.744177334723193,174
519,"PRPSAP1",0.492417897322996,"Tier_4_Exploratory",0.578534768080444,0.578534768080444,0.914678144643555,0.914678144643555,0.382,0.193,0.189,0.378516023129305,0.326315789473684,0.481894150417827,"Consistent_3_of_3",1,0.189,0.382,1,FALSE,TRUE,"Other_Candidate","Other_Candidate",TRUE,TRUE,FALSE,FALSE,TRUE,FALSE,FALSE,FALSE,FALSE,NA,"Standard_candidate",TRUE,TRUE,"Other_Research_Candidate","Standard",3,0.435706953616089,0,0,0.435706953616089,0.566687168828155,0.709960430424133,175
502,"UNC50",0.499013824642098,"Tier_4_Exploratory",0.575900536762387,0.575900536762387,0.828004294099095,0.828004294099095,0.42,0.228,0.192,0.408062156051438,0.262589928057554,0.543175487465181,"Consistent_3_of_3",1,0.192,0.42,1,FALSE,TRUE,"Other_Candidate","Other_Candidate",FALSE,TRUE,TRUE,FALSE,TRUE,FALSE,FALSE,FALSE,FALSE,NA,"Standard_candidate",TRUE,TRUE,"Other_Research_Candidate","Standard",3,0.435180107352477,0,0,0.435180107352477,0.573965187866835,0.716770161028716,176
501,"DHX30",0.499219888710308,"Tier_4_Exploratory",0.574733967703889,0.574733967703889,0.801071741631108,0.801071741631108,0.404,0.185,0.219,0.407507127269889,0.331476323119777,0.456834532374101,"Consistent_3_of_3",1,0.219,0.404,1,FALSE,TRUE,"Other_Candidate","Other_Candidate",FALSE,TRUE,TRUE,FALSE,TRUE,FALSE,FALSE,FALSE,FALSE,NA,"Standard_candidate",TRUE,TRUE,"Other_Research_Candidate","Standard",3,0.434946793540778,0,0,0.434946793540778,0.575756888696361,0.713220190311167,177
468,"CRLS1",0.508953889319402,"Tier_3_Exploratory_Robust",0.572983941118439,0.572983941118439,0.70227152894751,0.70227152894751,0.459,0.242,0.217,0.464214319791784,0.306406685236769,0.546762589928058,"Consistent_3_of_3",1,0.217,0.459,1,FALSE,TRUE,"Other_Candidate","Other_Candidate",TRUE,TRUE,FALSE,FALSE,TRUE,FALSE,FALSE,FALSE,FALSE,NA,"Standard_candidate",TRUE,TRUE,"Other_Research_Candidate","Standard",3,0.434596788223688,0,0,0.434596788223688,0.585744379391454,0.723695182335532,178
464,"MTHFS",0.509917238112658,"Tier_3_Exploratory_Robust",0.572011731521044,0.572011731521044,0.684893852168352,0.684893852168352,0.471,0.26,0.211,0.473509355541516,0.431754874651811,0.507194244604317,"Consistent_3_of_3",1,0.211,0.471,1,FALSE,TRUE,"Other_Candidate","Other_Candidate",TRUE,TRUE,FALSE,FALSE,TRUE,FALSE,FALSE,FALSE,FALSE,NA,"Standard_candidate",TRUE,TRUE,"Other_Research_Candidate","Standard",3,0.434402346304209,0,0,0.434402346304209,0.586604106032365,0.725803519456313,179
526,"BCAT2",0.490181745802823,"Tier_4_Exploratory",0.569411160828071,0.569411160828071,0.811289286624569,0.811289286624569,0.381,0.172,0.209,0.386076747750019,0.321052631578947,0.438848920863309,"Consistent_3_of_3",1,0.209,0.381,1,FALSE,TRUE,"Other_Candidate","Other_Candidate",TRUE,TRUE,FALSE,FALSE,TRUE,FALSE,FALSE,FALSE,FALSE,NA,"Standard_candidate",TRUE,TRUE,"Other_Research_Candidate","Standard",3,0.433882232165614,0,0,0.433882232165614,0.567293906289825,0.707023348248421,180
118,"GASK1B",0.643473838376877,"Tier_3_Exploratory_Robust",0.7694,0.7694,2.19875890360774,2.19875890360774,0.468,0.089,0.379,0.463871799496336,0.420863309352518,0.5,"Consistent_3_of_3",1,0.379,0.468,1,TRUE,TRUE,"Other_Candidate","Other_Candidate",FALSE,TRUE,FALSE,FALSE,TRUE,FALSE,FALSE,FALSE,FALSE,NA,"Standard_candidate",TRUE,TRUE,"Other_Research_Candidate","Standard",2,0.43388,0,0,0.43388,0.68869,0.76442,181
540,"COQ7",0.484975385867259,"Tier_4_Exploratory",0.569309057880056,0.569309057880056,0.858472463040446,0.858472463040446,0.368,0.176,0.192,0.35994750307363,0.280575539568345,0.431578947368421,"Consistent_3_of_3",1,0.192,0.368,1,FALSE,TRUE,"Other_Candidate","Other_Candidate",FALSE,TRUE,TRUE,FALSE,TRUE,FALSE,FALSE,FALSE,FALSE,NA,"Standard_candidate",TRUE,TRUE,"Other_Research_Candidate","Standard",3,0.433861811576011,0,0,0.433861811576011,0.56125817025802,0.704392717364017,182
470,"CERS6",0.508464873578403,"Tier_3_Exploratory_Robust",0.566572579277655,0.566572579277655,0.636580634221236,0.636580634221236,0.493,0.301,0.192,0.48498521810026,0.356545961002786,0.663157894736842,"Consistent_3_of_3",1,0.192,0.493,1,FALSE,TRUE,"Other_Candidate","Other_Candidate",TRUE,TRUE,FALSE,FALSE,TRUE,FALSE,FALSE,FALSE,FALSE,NA,"Standard_candidate",TRUE,TRUE,"Other_Research_Candidate","Standard",3,0.433314515855531,0,0,0.433314515855531,0.585300402747179,0.728571773783297,183
38,"DCAF6",0.678928380079811,"Tier_2_Strong_Robust_Candidate",0.758447909511439,0.758447909511439,1.59718327609151,1.59718327609151,0.707,0.37,0.337,0.71914086382265,0.492105263157895,0.852367688022284,"Consistent_3_of_3",1,0.337,0.707,1,TRUE,TRUE,"Other_Candidate","Other_Candidate",FALSE,TRUE,FALSE,FALSE,TRUE,FALSE,FALSE,FALSE,FALSE,NA,"Standard_candidate",TRUE,TRUE,"Other_Research_Candidate","Standard",2,0.431689581902288,0,0,0.431689581902288,0.724256768329004,0.808934372853432,184
545,"HK1",0.483574213095555,"Tier_4_Exploratory",0.557621965772032,0.557621965772032,0.72977572617626,0.72977572617626,0.403,0.224,0.179,0.404507785063549,0.318421052631579,0.495821727019499,"Consistent_3_of_3",1,0.179,0.403,1,FALSE,TRUE,"Other_Candidate","Other_Candidate",TRUE,TRUE,FALSE,FALSE,TRUE,FALSE,FALSE,FALSE,FALSE,NA,"Standard_candidate",TRUE,TRUE,"Other_Research_Candidate","Standard",3,0.431524393154406,0,0,0.431524393154406,0.561567688020211,0.70788658973161,185
448,"MSI2",0.518629552722721,"Tier_3_Exploratory_Robust",0.556906990016161,0.556906990016161,0.563244861326467,0.563244861326467,0.575,0.389,0.186,0.596218407183065,0.420612813370474,0.841726618705036,"Consistent_3_of_3",1,0.186,0.575,0.895342549002348,FALSE,TRUE,"Other_Candidate","Other_Candidate",TRUE,FALSE,TRUE,FALSE,TRUE,FALSE,FALSE,FALSE,FALSE,NA,"Standard_candidate",TRUE,TRUE,"Other_Research_Candidate","Standard",3,0.431381398003232,0,0,0.431381398003232,0.597117446505656,0.7263734793552,186
458,"ETHE1",0.513265663381129,"Tier_3_Exploratory_Robust",0.552171608314811,0.552171608314811,0.581593275009395,0.581593275009395,0.559,0.37,0.189,0.535753089362552,0.316546762589928,0.792105263157895,"Consistent_3_of_3",1,0.189,0.559,0.865816326257575,FALSE,TRUE,"Other_Candidate","Other_Candidate",FALSE,TRUE,TRUE,FALSE,TRUE,FALSE,FALSE,FALSE,FALSE,NA,"Standard_candidate",TRUE,TRUE,"Other_Research_Candidate","Standard",3,0.430434321662962,0,0,0.430434321662962,0.592860062910184,0.717323931433079,187
595,"MRPL35",0.458515619279546,"Tier_4_Exploratory",0.550178743266385,0.550178743266385,0.844629946131082,0.844629946131082,0.311,0.149,0.162,0.311430456865998,0.303621169916435,0.320143884892086,"Consistent_3_of_3",1,0.162,0.311,1,FALSE,TRUE,"Other_Candidate","Other_Candidate",TRUE,TRUE,FALSE,FALSE,TRUE,FALSE,FALSE,FALSE,FALSE,NA,"Standard_candidate",TRUE,TRUE,"Other_Research_Candidate","Standard",3,0.430035748653277,0,0,0.430035748653277,0.537162560143235,0.687253622979916,188
504,"ETFRF1",0.497400572000327,"Tier_4_Exploratory",0.548158698118285,0.548158698118285,0.615669584946277,0.615669584946277,0.412,0.218,0.194,0.398954790133587,0.266187050359712,0.518421052631579,"Consistent_3_of_3",1,0.194,0.412,1,FALSE,TRUE,"Mitochondrial_Metabolic","Mitochondrial_OXPHOS",TRUE,TRUE,FALSE,FALSE,TRUE,FALSE,FALSE,TRUE,FALSE,NA,"Standard_candidate",TRUE,TRUE,"Mitochondrial_OXPHOS","Standard",3,0.429631739623657,0,0,0.429631739623657,0.5630555443414,0.706847609435486,189
170,"GGA2",0.620995233064668,"Tier_3_Exploratory_Robust",0.744528944693239,0.744528944693239,1.89863155754591,1.89863155754591,0.476,0.166,0.31,0.477452496293538,0.281578947368421,0.704735376044568,"Consistent_3_of_3",1,0.31,0.476,1,TRUE,TRUE,"Other_Candidate","Other_Candidate",FALSE,TRUE,FALSE,FALSE,TRUE,FALSE,FALSE,FALSE,FALSE,NA,"Standard_candidate",TRUE,TRUE,"Other_Research_Candidate","Standard",2,0.428905788938648,0,0,0.428905788938648,0.667785130642634,0.758558683407972,190
16,"NUCB2",0.705137011028754,"Tier_2_Strong_Robust_Candidate",0.740437898015671,0.740437898015671,1.16990318412537,1.16990318412537,0.899,0.577,0.322,0.907568687756143,0.807894736842105,0.992805755395683,"Consistent_3_of_3",1,0.322,0.899,1,TRUE,TRUE,"Other_Candidate","Other_Candidate",FALSE,TRUE,FALSE,FALSE,TRUE,FALSE,FALSE,FALSE,FALSE,NA,"Standard_candidate",TRUE,TRUE,"Other_Research_Candidate","Standard",2,0.428087579603134,0,0,0.428087579603134,0.753353264305485,0.841931369404701,191
556,"B3GAT3",0.478325689238666,"Tier_4_Exploratory",0.539236667893142,0.539236667893142,0.602139863679465,0.602139863679465,0.423,0.238,0.185,0.414397173069344,0.330935251798561,0.5,"Consistent_3_of_3",1,0.185,0.423,0.949127899554729,FALSE,TRUE,"Other_Candidate","Other_Candidate",TRUE,TRUE,FALSE,FALSE,TRUE,FALSE,FALSE,FALSE,FALSE,NA,"Standard_candidate",TRUE,TRUE,"Other_Research_Candidate","Standard",3,0.427847333578628,0,0,0.427847333578628,0.5603328337626,0.698740185301152,192
19,"HERPUD1",0.701973568631143,"Tier_2_Strong_Robust_Candidate",0.736065650581529,0.736065650581529,1.11092520465223,1.11092520465223,0.839,0.442,0.397,0.840924644831855,0.785515320334262,0.87410071942446,"Consistent_3_of_3",1,0.397,0.839,1,TRUE,TRUE,"Other_Candidate","Other_Candidate",FALSE,TRUE,FALSE,FALSE,TRUE,FALSE,FALSE,FALSE,FALSE,NA,"Standard_candidate",TRUE,TRUE,"Other_Research_Candidate","Standard",2,0.427213130116306,0,0,0.427213130116306,0.754822977703535,0.828619695174459,193
561,"PTGES2",0.472297664251001,"Tier_4_Exploratory",0.534113353158865,0.534113353158865,0.615614658636414,0.615614658636414,0.41,0.229,0.181,0.400502943195949,0.284172661870504,0.504178272980501,"Consistent_3_of_3",1,0.181,0.41,0.926410138862089,FALSE,TRUE,"Other_Candidate","Other_Candidate",FALSE,TRUE,TRUE,FALSE,TRUE,FALSE,FALSE,FALSE,FALSE,NA,"Standard_candidate",TRUE,TRUE,"Other_Research_Candidate","Standard",3,0.426822670631773,0,0,0.426822670631773,0.555139673605603,0.691195526776973,194
493,"HADHB",0.502726709049197,"Tier_3_Exploratory_Robust",0.532354348513071,0.532354348513071,0.670063636324208,0.670063636324208,0.576,0.407,0.169,0.564449434441598,0.402877697841727,0.779944289693593,"Consistent_3_of_3",1,0.169,0.576,0.663975959816964,FALSE,TRUE,"Other_Candidate","Other_Candidate",FALSE,TRUE,TRUE,FALSE,TRUE,FALSE,FALSE,FALSE,FALSE,NA,"Standard_candidate",TRUE,TRUE,"Other_Research_Candidate","Standard",3,0.426470869702614,0,0,0.426470869702614,0.585324021979575,0.684502698526466,195
13,"GATA3",0.709856373078879,"Tier_2_Strong_Robust_Candidate",0.729965562123559,0.729965562123559,0.996524496988474,0.996524496988474,0.941,0.605,0.336,0.942055533113459,0.934210526315789,0.953237410071942,"Consistent_3_of_3",1,0.336,0.941,1,FALSE,TRUE,"Other_Candidate","Other_Candidate",TRUE,FALSE,FALSE,FALSE,TRUE,FALSE,FALSE,FALSE,FALSE,NA,"Standard_candidate",TRUE,TRUE,"Other_Research_Candidate","Standard",2,0.425993112424712,0,0,0.425993112424712,0.760887946743246,0.847189668637068,196
60,"CKS2",0.669085860190442,"Tier_2_Strong_Robust_Candidate",0.728569683356045,0.728569683356045,1.28295746684836,1.28295746684836,0.699,0.307,0.392,0.712025072802043,0.584958217270195,0.866906474820144,"Consistent_3_of_3",1,0.392,0.699,1,TRUE,TRUE,"Other_Candidate","Other_Candidate",FALSE,TRUE,FALSE,FALSE,TRUE,FALSE,FALSE,FALSE,FALSE,NA,"Standard_candidate",TRUE,TRUE,"Other_Research_Candidate","Standard",2,0.425713936671209,0,0,0.425713936671209,0.723199389174616,0.798370905006814,197
145,"HPN",0.62968655610746,"Tier_3_Exploratory_Robust",0.724675954932564,0.724675954932564,1.56380763946051,1.56380763946051,0.539,0.182,0.357,0.527356340993764,0.399280575539568,0.593314763231198,"Consistent_3_of_3",1,0.357,0.539,1,TRUE,TRUE,"Other_Candidate","Other_Candidate",FALSE,TRUE,FALSE,FALSE,TRUE,FALSE,FALSE,FALSE,FALSE,NA,"Standard_candidate",TRUE,TRUE,"Other_Research_Candidate","Standard",2,0.424935190986513,0,0,0.424935190986513,0.682836584226397,0.765202786479769,198
624,"RMND1",0.442145911792159,"Tier_4_Exploratory",0.524599158315991,0.524599158315991,0.78463702612084,0.78463702612084,0.308,0.157,0.151,0.31015155622167,0.289693593314763,0.338129496402878,"Consistent_3_of_3",1,0.151,0.308,0.898130200339238,FALSE,TRUE,"Other_Candidate","Other_Candidate",TRUE,TRUE,FALSE,FALSE,TRUE,FALSE,FALSE,FALSE,FALSE,NA,"Standard_candidate",TRUE,TRUE,"Other_Research_Candidate","Standard",3,0.424919831663198,0,0,0.424919831663198,0.525409705410597,0.663699277545683,199
582,"ZDHHC4",0.465672982824271,"Tier_4_Exploratory",0.522111928803885,0.522111928803885,0.606850841386523,0.606850841386523,0.416,0.243,0.173,0.408168172982505,0.334532374100719,0.5,"Consistent_3_of_3",1,0.173,0.416,0.856370490870465,FALSE,TRUE,"Other_Candidate","Other_Candidate",TRUE,TRUE,FALSE,FALSE,TRUE,FALSE,FALSE,FALSE,FALSE,NA,"Standard_candidate",TRUE,TRUE,"Other_Research_Candidate","Standard",3,0.424422385760777,0,0,0.424422385760777,0.55053917508136,0.678289152271735,200
107,"RSBN1L",0.646223260497278,"Tier_3_Exploratory_Robust",0.721209784855062,0.721209784855062,1.4064782788405,1.4064782788405,0.665,0.353,0.312,0.647469023754754,0.420863309352518,0.913649025069638,"Consistent_3_of_3",1,0.312,0.665,1,TRUE,TRUE,"Other_Candidate","Other_Candidate",FALSE,FALSE,TRUE,FALSE,TRUE,FALSE,FALSE,FALSE,FALSE,NA,"Standard_candidate",TRUE,TRUE,"Other_Research_Candidate","Standard",2,0.424241956971012,0,0,0.424241956971012,0.697823424699272,0.789362935456519,201
24,"TMEM230",0.696602381695325,"Tier_2_Strong_Robust_Candidate",0.720900216910069,0.720900216910069,0.983201735280551,0.983201735280551,0.887,0.534,0.353,0.888664942551164,0.86908077994429,0.910071942446043,"Consistent_3_of_3",1,0.353,0.887,1,FALSE,TRUE,"Other_Candidate","Other_Candidate",FALSE,TRUE,FALSE,FALSE,TRUE,FALSE,FALSE,FALSE,FALSE,NA,"Standard_candidate",TRUE,TRUE,"Other_Research_Candidate","Standard",2,0.424180043382014,0,0,0.424180043382014,0.750315075918524,0.833670065073021,202
33,"CST3",0.683884296908137,"Tier_2_Strong_Robust_Candidate",0.719055831229711,0.719055831229711,1.13804664983769,1.13804664983769,0.971,0.808,0.163,0.972914528661487,0.958217270194986,1,"Consistent_3_of_3",1,0.163,0.971,1,FALSE,TRUE,"Other_Candidate","Other_Candidate",FALSE,TRUE,FALSE,FALSE,TRUE,FALSE,FALSE,FALSE,FALSE,NA,"Standard_candidate",TRUE,TRUE,"Other_Research_Candidate","Standard",2,0.423811166245942,0,0,0.423811166245942,0.728469540930399,0.849916749368913,203
147,"CTSF",0.628839874402642,"Tier_3_Exploratory_Robust",0.717978961826481,0.717978961826481,1.49743169461185,1.49743169461185,0.572,0.24,0.332,0.547581369005367,0.305755395683453,0.810526315789474,"Consistent_3_of_3",1,0.332,0.572,1,TRUE,TRUE,"Other_Candidate","Other_Candidate",FALSE,TRUE,FALSE,FALSE,TRUE,FALSE,FALSE,FALSE,FALSE,NA,"Standard_candidate",TRUE,TRUE,"Other_Research_Candidate","Standard",2,0.423595792365296,0,0,0.423595792365296,0.682092636639268,0.769793688547944,204
84,"IGFBP4",0.653504471863885,"Tier_2_Strong_Robust_Candidate",0.716012621768069,0.716012621768069,1.26410097414455,1.26410097414455,0.679,0.318,0.361,0.681663201911715,0.518105849582173,0.789473684210526,"Consistent_3_of_3",1,0.361,0.679,1,TRUE,TRUE,"Other_Candidate","Other_Candidate",FALSE,TRUE,FALSE,FALSE,TRUE,FALSE,FALSE,FALSE,FALSE,NA,"Standard_candidate",TRUE,TRUE,"Other_Research_Candidate","Standard",2,0.423202524353614,0,0,0.423202524353614,0.708604417618824,0.790603786530421,205
140,"PCMTD1",0.630928634009562,"Tier_3_Exploratory_Robust",0.714878839600547,0.714878839600547,1.46143071680438,1.46143071680438,0.627,0.343,0.284,0.608897476652896,0.366906474820144,0.891364902506964,"Consistent_3_of_3",1,0.284,0.627,1,TRUE,TRUE,"Other_Candidate","Other_Candidate",FALSE,TRUE,FALSE,FALSE,TRUE,FALSE,FALSE,FALSE,FALSE,NA,"Standard_candidate",TRUE,TRUE,"Other_Research_Candidate","Standard",2,0.422975767920109,0,0,0.422975767920109,0.682407593860191,0.779863651880164,206
605,"PIGF",0.452539364375389,"Tier_4_Exploratory",0.514442208814467,0.514442208814467,0.623989008334552,0.623989008334552,0.379,0.216,0.163,0.369167565815402,0.262589928057554,0.431754874651811,"Consistent_3_of_3",1,0.163,0.379,0.853623885150988,FALSE,TRUE,"Other_Candidate","Other_Candidate",TRUE,TRUE,FALSE,FALSE,TRUE,FALSE,FALSE,FALSE,FALSE,NA,"Standard_candidate",TRUE,TRUE,"Other_Research_Candidate","Standard",3,0.422888441762893,0,0,0.422888441762893,0.538454773085064,0.668176245416988,207
173,"PXMP2",0.619916807631012,"Tier_3_Exploratory_Robust",0.71277404836643,0.71277404836643,1.49739238693144,1.49739238693144,0.529,0.18,0.349,0.523883113125392,0.479108635097493,0.610526315789474,"Consistent_3_of_3",1,0.349,0.529,1,TRUE,TRUE,"Other_Candidate","Other_Candidate",FALSE,TRUE,FALSE,FALSE,TRUE,FALSE,FALSE,FALSE,FALSE,NA,"Standard_candidate",TRUE,TRUE,"Other_Research_Candidate","Standard",2,0.422554809673286,0,0,0.422554809673286,0.67507091692825,0.759632214509929,208
622,"TMEM223",0.442229088221597,"Tier_4_Exploratory",0.510256859706664,0.510256859706664,0.517749465481703,0.517749465481703,0.336,0.169,0.167,0.330813748063271,0.284172661870504,0.415789473684211,"Consistent_3_of_3",1,0.167,0.336,0.966254510143007,FALSE,TRUE,"Other_Candidate","Other_Candidate",TRUE,TRUE,FALSE,FALSE,TRUE,FALSE,FALSE,FALSE,FALSE,NA,"Standard_candidate",TRUE,TRUE,"Other_Research_Candidate","Standard",3,0.422051371941333,0,0,0.422051371941333,0.529189900897332,0.67521523443345,209
69,"PRKAR1A",0.664919814987304,"Tier_2_Strong_Robust_Candidate",0.710152643405642,0.710152643405642,1.11322114724514,1.11322114724514,0.777,0.449,0.328,0.793413783853433,0.660526315789474,0.967625899280576,"Consistent_3_of_3",1,0.328,0.777,1,TRUE,TRUE,"Other_Candidate","Other_Candidate",FALSE,TRUE,FALSE,FALSE,TRUE,FALSE,FALSE,FALSE,FALSE,NA,"Standard_candidate",TRUE,TRUE,"Other_Research_Candidate","Standard",2,0.422030528681128,0,0,0.422030528681128,0.719553425191975,0.808445793021693,210
594,"CYP51A1",0.458741483831129,"Tier_4_Exploratory",0.508648855296614,0.508648855296614,0.637007927963047,0.637007927963047,0.423,0.256,0.167,0.426366240243401,0.357894736842105,0.467966573816156,"Consistent_3_of_3",1,0.167,0.423,0.740152428674885,FALSE,TRUE,"Other_Candidate","Other_Candidate",FALSE,TRUE,TRUE,FALSE,TRUE,FALSE,FALSE,FALSE,FALSE,NA,"Standard_candidate",TRUE,TRUE,"Other_Research_Candidate","Standard",3,0.421729771059323,0,0,0.421729771059323,0.546027099353815,0.658217520890217,211
48,"C18orf32",0.675492607160691,"Tier_2_Strong_Robust_Candidate",0.708201149075133,0.708201149075133,1.03680919260106,1.03680919260106,0.896,0.649,0.247,0.886447235702129,0.776978417266187,0.966573816155989,"Consistent_3_of_3",1,0.247,0.896,1,TRUE,TRUE,"Other_Candidate","Other_Candidate",FALSE,TRUE,FALSE,FALSE,TRUE,FALSE,FALSE,FALSE,FALSE,NA,"Standard_candidate",TRUE,TRUE,"Other_Research_Candidate","Standard",2,0.421640229815027,0,0,0.421640229815027,0.726470402176297,0.83166034472254,212
73,"ATP6AP1",0.662220983587066,"Tier_2_Strong_Robust_Candidate",0.704448148438674,0.704448148438674,1.05798518750939,1.05798518750939,0.768,0.425,0.343,0.768400415278392,0.696378830083565,0.821052631578947,"Consistent_3_of_3",1,0.343,0.768,1,TRUE,TRUE,"Other_Candidate","Other_Candidate",FALSE,TRUE,FALSE,FALSE,TRUE,FALSE,FALSE,FALSE,FALSE,NA,"Standard_candidate",TRUE,TRUE,"Other_Research_Candidate","Standard",2,0.420889629687735,0,0,0.420889629687735,0.718756851953536,0.804934444531602,213
44,"GABARAPL2",0.676049846341689,"Tier_2_Strong_Robust_Candidate",0.701964164852038,0.701964164852038,0.921313318816309,0.921313318816309,0.853,0.522,0.331,0.854753886379241,0.729805013927577,0.931578947368421,"Consistent_3_of_3",1,0.331,0.853,1,FALSE,TRUE,"Other_Candidate","Other_Candidate",FALSE,TRUE,FALSE,FALSE,TRUE,FALSE,FALSE,FALSE,FALSE,NA,"Standard_candidate",TRUE,TRUE,"Other_Research_Candidate","Standard",2,0.420392832970408,0,0,0.420392832970408,0.732487457698213,0.821189249455611,214
96,"TEX264",0.649618701646311,"Tier_3_Exploratory_Robust",0.701364255549819,0.701364255549819,1.11491404439855,1.11491404439855,0.703,0.346,0.357,0.688787940473014,0.546762589928058,0.831578947368421,"Consistent_3_of_3",1,0.357,0.703,1,TRUE,TRUE,"Other_Candidate","Other_Candidate",FALSE,TRUE,FALSE,FALSE,TRUE,FALSE,FALSE,FALSE,FALSE,NA,"Standard_candidate",TRUE,TRUE,"Other_Research_Candidate","Standard",2,0.420272851109964,0,0,0.420272851109964,0.707477489442437,0.791009276664946,215
46,"CLU",0.675777182974774,"Tier_2_Strong_Robust_Candidate",0.695854170776018,0.695854170776018,0.854833366208147,0.854833366208147,0.882,0.569,0.313,0.893360801755898,0.713157894736842,0.989208633093525,"Consistent_3_of_3",1,0.313,0.882,1,FALSE,TRUE,"Other_Candidate","Other_Candidate",FALSE,TRUE,FALSE,FALSE,TRUE,FALSE,FALSE,FALSE,FALSE,NA,"Standard_candidate",TRUE,TRUE,"Other_Research_Candidate","Standard",2,0.419170834155204,0,0,0.419170834155204,0.732548959771606,0.825156251232805,216
59,"SLC39A6",0.670196058625176,"Tier_2_Strong_Robust_Candidate",0.695435460619314,0.695435460619314,0.939483684954513,0.939483684954513,0.94,0.74,0.2,0.93934049066274,0.891364902506964,0.984210526315789,"Consistent_3_of_3",1,0.2,0.94,1,FALSE,TRUE,"Other_Candidate","Other_Candidate",FALSE,TRUE,FALSE,FALSE,TRUE,FALSE,FALSE,FALSE,FALSE,NA,"Standard_candidate",TRUE,TRUE,"Other_Research_Candidate","Standard",2,0.419087092123863,0,0,0.419087092123863,0.72140241121676,0.836630638185794,217
92,"HINT2",0.6510612376596,"Tier_2_Strong_Robust_Candidate",0.694919472445259,0.694919472445259,1.02175577956207,1.02175577956207,0.725,0.364,0.361,0.715493484116094,0.60431654676259,0.81058495821727,"Consistent_3_of_3",1,0.361,0.725,1,TRUE,TRUE,"Other_Candidate","Other_Candidate",FALSE,TRUE,FALSE,FALSE,TRUE,FALSE,FALSE,FALSE,FALSE,NA,"Standard_candidate",TRUE,TRUE,"Other_Research_Candidate","Standard",2,0.418983894489052,0,0,0.418983894489052,0.710421815355841,0.793475841733578,218
133,"CSAD",0.634053557904685,"Tier_3_Exploratory_Robust",0.694452653909059,0.694452653909059,1.15402123127247,1.15402123127247,0.645,0.289,0.356,0.63719666694441,0.557103064066852,0.778947368421053,"Consistent_3_of_3",1,0.356,0.645,1,TRUE,TRUE,"Other_Candidate","Other_Candidate",TRUE,FALSE,FALSE,FALSE,TRUE,FALSE,FALSE,FALSE,FALSE,NA,"Standard_candidate",TRUE,TRUE,"Other_Research_Candidate","Standard",2,0.418890530781812,0,0,0.418890530781812,0.693258428868171,0.777335796172718,219
112,"SRI",0.644393262272129,"Tier_3_Exploratory_Robust",0.692350635809389,0.692350635809389,1.10200508647511,1.10200508647511,0.809,0.595,0.214,0.793740272406031,0.600719424460432,0.98050139275766,"Consistent_3_of_3",1,0.214,0.809,1,TRUE,TRUE,"Other_Candidate","Other_Candidate",FALSE,TRUE,FALSE,FALSE,TRUE,FALSE,FALSE,FALSE,FALSE,NA,"Standard_candidate",TRUE,TRUE,"Other_Research_Candidate","Standard",2,0.418470127161878,0,0,0.418470127161878,0.696922722533286,0.809505190742817,220
50,"FXYD3",0.674868680922156,"Tier_2_Strong_Robust_Candidate",0.689226344800889,0.689226344800889,0.825810758407108,0.825810758407108,0.982,0.784,0.198,0.984005277818502,0.963157894736842,1,"Consistent_3_of_3",1,0.198,0.982,1,FALSE,TRUE,"Other_Candidate","Other_Candidate",FALSE,TRUE,FALSE,FALSE,TRUE,FALSE,FALSE,FALSE,FALSE,NA,"Standard_candidate",TRUE,TRUE,"Other_Research_Candidate","Standard",2,0.417845268960178,0,0,0.417845268960178,0.727229220680311,0.843167903440267,221
110,"SNF8",0.645013043216873,"Tier_3_Exploratory_Robust",0.689034969118448,0.689034969118448,1.00667975294758,1.00667975294758,0.729,0.392,0.337,0.733788269194057,0.512534818941504,0.857894736842105,"Consistent_3_of_3",1,0.337,0.729,1,TRUE,TRUE,"Other_Candidate","Other_Candidate",FALSE,TRUE,FALSE,FALSE,TRUE,FALSE,FALSE,FALSE,FALSE,NA,"Standard_candidate",TRUE,TRUE,"Other_Research_Candidate","Standard",2,0.41780699382369,0,0,0.41780699382369,0.704362239191457,0.792510490735534,222
42,"PRDX2",0.677291645042586,"Tier_2_Strong_Robust_Candidate",0.688452716836706,0.688452716836706,0.778021734693648,0.778021734693648,0.961,0.716,0.245,0.962622009121921,0.928947368421053,0.98050139275766,"Consistent_3_of_3",1,0.245,0.961,1,FALSE,TRUE,"Other_Candidate","Other_Candidate",FALSE,FALSE,TRUE,FALSE,TRUE,FALSE,FALSE,FALSE,FALSE,NA,"Standard_candidate",TRUE,TRUE,"Other_Research_Candidate","Standard",2,0.417690543367341,0,0,0.417690543367341,0.732158450892847,0.838735815051012,223
137,"CMTM6",0.633509269375665,"Tier_3_Exploratory_Robust",0.687307090618384,0.687307090618384,1.08085672494707,1.08085672494707,0.683,0.355,0.328,0.680936851457113,0.651079136690647,0.707520891364902,"Consistent_3_of_3",1,0.328,0.683,1,TRUE,TRUE,"Other_Candidate","Other_Candidate",FALSE,TRUE,FALSE,FALSE,TRUE,FALSE,FALSE,FALSE,FALSE,NA,"Standard_candidate",TRUE,TRUE,"Other_Research_Candidate","Standard",2,0.417461418123677,0,0,0.417461418123677,0.692757481716434,0.782792127185515,224
61,"DYNLRB1",0.668644075921236,"Tier_2_Strong_Robust_Candidate",0.686917241235651,0.686917241235651,0.821737929885207,0.821737929885207,0.91,0.649,0.261,0.907343153478976,0.881294964028777,0.927576601671309,"Consistent_3_of_3",1,0.261,0.91,1,FALSE,TRUE,"Other_Candidate","Other_Candidate",FALSE,TRUE,FALSE,FALSE,TRUE,FALSE,FALSE,FALSE,FALSE,NA,"Standard_candidate",TRUE,TRUE,"Other_Research_Candidate","Standard",2,0.41738344824713,0,0,0.41738344824713,0.724621034432478,0.828075172370695,225
51,"PEBP1",0.673806779130097,"Tier_2_Strong_Robust_Candidate",0.683588752356543,0.683588752356543,0.755110018852341,0.755110018852341,0.975,0.754,0.221,0.976745447213553,0.960526315789474,0.989208633093525,"Consistent_3_of_3",1,0.221,0.975,1,FALSE,TRUE,"Other_Candidate","Other_Candidate",FALSE,FALSE,TRUE,FALSE,TRUE,FALSE,FALSE,FALSE,FALSE,NA,"Standard_candidate",TRUE,TRUE,"Other_Research_Candidate","Standard",2,0.416717750471309,0,0,0.416717750471309,0.72845606332479,0.840076625706963,226
87,"NQO1",0.652237491151435,"Tier_2_Strong_Robust_Candidate",0.682466836093541,0.682466836093541,0.837334688748328,0.837334688748328,0.727,0.315,0.412,0.735448222568405,0.47075208913649,0.877697841726619,"Consistent_3_of_3",1,0.412,0.727,1,FALSE,TRUE,"Other_Candidate","Other_Candidate",FALSE,FALSE,TRUE,FALSE,TRUE,FALSE,FALSE,FALSE,FALSE,NA,"Standard_candidate",TRUE,TRUE,"Other_Research_Candidate","Standard",2,0.416493367218708,0,0,0.416493367218708,0.716663392632739,0.790140050828062,227
277,"DYNLL2",0.581042943541288,"Tier_3_Exploratory_Robust",0.681661483477815,0.681661483477815,1.44369186782252,1.44369186782252,0.461,0.166,0.295,0.472536235781936,0.278551532033426,0.62589928057554,"Consistent_3_of_3",1,0.295,0.461,1,TRUE,TRUE,"Other_Candidate","Other_Candidate",FALSE,TRUE,FALSE,FALSE,TRUE,FALSE,FALSE,FALSE,FALSE,NA,"Standard_candidate",TRUE,TRUE,"Other_Research_Candidate","Standard",2,0.416332296695563,0,0,0.416332296695563,0.639781519217235,0.736698445043345,228
72,"MORF4L2",0.662431337991068,"Tier_2_Strong_Robust_Candidate",0.681278134024389,0.681278134024389,0.827825072195108,0.827825072195108,0.944,0.749,0.195,0.941300722799564,0.913669064748201,0.963157894736842,"Consistent_3_of_3",1,0.195,0.944,1,FALSE,TRUE,"Other_Candidate","Other_Candidate",FALSE,TRUE,FALSE,FALSE,TRUE,FALSE,FALSE,FALSE,FALSE,NA,"Standard_candidate",TRUE,TRUE,"Other_Research_Candidate","Standard",2,0.416255626804878,0,0,0.416255626804878,0.716247346908536,0.833183440207317,229
267,"ACSF2",0.584623432391576,"Tier_3_Exploratory_Robust",0.67990509490981,0.67990509490981,1.39444075927848,1.39444075927848,0.486,0.194,0.292,0.516897580015448,0.302631578947368,0.852517985611511,"Consistent_3_of_3",1,0.292,0.486,1,TRUE,TRUE,"Other_Candidate","Other_Candidate",FALSE,TRUE,FALSE,FALSE,TRUE,FALSE,FALSE,FALSE,FALSE,NA,"Standard_candidate",TRUE,TRUE,"Other_Research_Candidate","Standard",2,0.415981018981962,0,0,0.415981018981962,0.643566783218434,0.741171528472943,230
65,"PAFAH1B3",0.666647890556655,"Tier_2_Strong_Robust_Candidate",0.679224754734395,0.679224754734395,0.707398037875157,0.707398037875157,0.856,0.508,0.348,0.848663335861145,0.76978417266187,0.921052631578947,"Consistent_3_of_3",1,0.348,0.856,1,FALSE,TRUE,"Other_Candidate","Other_Candidate",FALSE,TRUE,FALSE,FALSE,TRUE,FALSE,FALSE,FALSE,FALSE,NA,"Standard_candidate",TRUE,TRUE,"Other_Research_Candidate","Standard",2,0.415844950946879,0,0,0.415844950946879,0.728528664157038,0.814967426420319,231
148,"GCSH",0.628306798378633,"Tier_3_Exploratory_Robust",0.677701012911977,0.677701012911977,0.986408103295816,0.986408103295816,0.652,0.282,0.37,0.646079711513006,0.54874651810585,0.781578947368421,"Consistent_3_of_3",1,0.37,0.652,1,FALSE,TRUE,"Other_Candidate","Other_Candidate",FALSE,TRUE,FALSE,FALSE,TRUE,FALSE,FALSE,FALSE,FALSE,NA,"Standard_candidate",TRUE,TRUE,"Other_Research_Candidate","Standard",2,0.415540202582395,0,0,0.415540202582395,0.691595354519192,0.773710303873593,232
311,"STRBP",0.566936306732949,"Tier_3_Exploratory_Robust",0.67476529319192,0.67476529319192,1.47972234553536,1.47972234553536,0.426,0.153,0.273,0.416711703207438,0.302158273381295,0.534818941504178,"Consistent_3_of_3",1,0.273,0.426,1,TRUE,TRUE,"Other_Candidate","Other_Candidate",FALSE,FALSE,TRUE,FALSE,TRUE,FALSE,FALSE,FALSE,FALSE,NA,"Standard_candidate",TRUE,TRUE,"Other_Research_Candidate","Standard",2,0.414953058638384,0,0,0.414953058638384,0.625967852617172,0.727629587957576,233
242,"PNPLA4",0.59341857509185,"Tier_3_Exploratory_Robust",0.674008520998905,0.674008520998905,1.24646816799124,1.24646816799124,0.538,0.235,0.303,0.517075476109363,0.316546762589928,0.75,"Consistent_3_of_3",1,0.303,0.538,1,TRUE,TRUE,"Other_Candidate","Other_Candidate",FALSE,TRUE,FALSE,FALSE,TRUE,FALSE,FALSE,FALSE,FALSE,NA,"Standard_candidate",TRUE,TRUE,"Other_Research_Candidate","Standard",2,0.414801704199781,0,0,0.414801704199781,0.654102982349617,0.749802556299672,234
99,"BANF1",0.648913319516892,"Tier_3_Exploratory_Robust",0.672459120442732,0.672459120442732,0.794072963541858,0.794072963541858,0.84,0.564,0.276,0.832146404266412,0.766187050359712,0.944736842105263,"Consistent_3_of_3",1,0.276,0.84,1,FALSE,TRUE,"Other_Candidate","Other_Candidate",FALSE,TRUE,FALSE,FALSE,TRUE,FALSE,FALSE,FALSE,FALSE,NA,"Standard_candidate",TRUE,TRUE,"Other_Research_Candidate","Standard",2,0.414491824088546,0,0,0.414491824088546,0.708560692154956,0.80973773613282,235
226,"BPTF",0.597619718411254,"Tier_3_Exploratory_Robust",0.668847467093368,0.668847467093368,1.15717973674694,1.15717973674694,0.589,0.307,0.282,0.609637151735876,0.342618384401114,0.870503597122302,"Consistent_3_of_3",1,0.282,0.589,1,TRUE,TRUE,"Other_Candidate","Other_Candidate",FALSE,TRUE,FALSE,FALSE,TRUE,FALSE,FALSE,FALSE,FALSE,NA,"Standard_candidate",TRUE,TRUE,"Other_Research_Candidate","Standard",2,0.413769493418674,0,0,0.413769493418674,0.658296613482679,0.75845424012801,236
76,"C1orf43",0.65720591484678,"Tier_2_Strong_Robust_Candidate",0.668460135667059,0.668460135667059,0.70448108533647,0.70448108533647,0.942,0.732,0.21,0.93820763357061,0.899280575539568,0.971052631578947,"Consistent_3_of_3",1,0.21,0.942,1,FALSE,TRUE,"Other_Candidate","Other_Candidate",FALSE,TRUE,FALSE,FALSE,TRUE,FALSE,FALSE,FALSE,FALSE,NA,"Standard_candidate",TRUE,TRUE,"Other_Research_Candidate","Standard",2,0.413692027133412,0,0,0.413692027133412,0.714361047483471,0.828938040700118,237
75,"TOMM6",0.657303490694014,"Tier_2_Strong_Robust_Candidate",0.668093419443206,0.668093419443206,0.682347355545644,0.682347355545644,0.912,0.66,0.252,0.911019239146141,0.874651810584958,0.944736842105263,"Consistent_3_of_3",1,0.252,0.912,1,FALSE,TRUE,"Other_Candidate","Other_Candidate",FALSE,TRUE,FALSE,FALSE,TRUE,FALSE,FALSE,FALSE,FALSE,NA,"Standard_candidate",TRUE,TRUE,"Other_Research_Candidate","Standard",2,0.413618683888641,0,0,0.413618683888641,0.716632696805122,0.822828025832962,238
135,"RTN3",0.633597982150403,"Tier_3_Exploratory_Robust",0.66808344003964,0.66808344003964,0.855067520317116,0.855067520317116,0.762,0.468,0.294,0.759536232617776,0.64066852367688,0.878947368421053,"Consistent_3_of_3",1,0.294,0.762,1,FALSE,TRUE,"Other_Candidate","Other_Candidate",FALSE,TRUE,FALSE,FALSE,TRUE,FALSE,FALSE,FALSE,FALSE,NA,"Standard_candidate",TRUE,TRUE,"Other_Research_Candidate","Standard",2,0.413616688007928,0,0,0.413616688007928,0.695029204013874,0.792825032011892,239
91,"DYNLL1",0.651073561127038,"Tier_2_Strong_Robust_Candidate",0.666952224635479,0.666952224635479,0.751617797083834,0.751617797083834,0.947,0.779,0.168,0.942220438573639,0.89568345323741,0.989473684210526,"Consistent_3_of_3",1,0.168,0.947,1,FALSE,TRUE,"Other_Candidate","Other_Candidate",FALSE,TRUE,FALSE,FALSE,TRUE,FALSE,FALSE,FALSE,FALSE,NA,"Standard_candidate",TRUE,TRUE,"Other_Research_Candidate","Standard",2,0.413390444927096,0,0,0.413390444927096,0.706433278622418,0.829485667390644,240
168,"SEC11C",0.621381686135872,"Tier_3_Exploratory_Robust",0.665698808080823,0.665698808080823,0.925590464646581,0.925590464646581,0.712,0.424,0.288,0.705960362922095,0.636690647482014,0.754874651810585,"Consistent_3_of_3",1,0.288,0.712,1,FALSE,TRUE,"Other_Candidate","Other_Candidate",FALSE,TRUE,FALSE,FALSE,TRUE,FALSE,FALSE,FALSE,FALSE,NA,"Standard_candidate",TRUE,TRUE,"Other_Research_Candidate","Standard",2,0.413139761616165,0,0,0.413139761616165,0.682994582828288,0.782109642424247,241
81,"VAMP8",0.654639024883184,"Tier_2_Strong_Robust_Candidate",0.665168616263358,0.665168616263358,0.692548930106864,0.692548930106864,0.954,0.765,0.189,0.955684026301902,0.923684210526316,0.972144846796657,"Consistent_3_of_3",1,0.189,0.954,1,FALSE,TRUE,"Other_Candidate","Other_Candidate",FALSE,TRUE,FALSE,FALSE,TRUE,FALSE,FALSE,FALSE,FALSE,NA,"Standard_candidate",TRUE,TRUE,"Other_Research_Candidate","Standard",2,0.413033723252672,0,0,0.413033723252672,0.711409015692175,0.830350584879007,242
100,"SSR3",0.648556633736971,"Tier_3_Exploratory_Robust",0.663298312855857,0.663298312855857,0.690386502846857,0.690386502846857,0.877,0.619,0.258,0.877122368957202,0.85,0.910863509749304,"Consistent_3_of_3",1,0.258,0.877,1,FALSE,TRUE,"Other_Candidate","Other_Candidate",FALSE,TRUE,FALSE,FALSE,TRUE,FALSE,FALSE,FALSE,FALSE,NA,"Standard_candidate",TRUE,TRUE,"Other_Research_Candidate","Standard",2,0.412659662571171,0,0,0.412659662571171,0.70915440949955,0.814389493856757,243
269,"RHBDD2",0.584591808099174,"Tier_3_Exploratory_Robust",0.662999710961462,0.662999710961462,1.2047976876917,1.2047976876917,0.57,0.328,0.242,0.559713372829079,0.406474820143885,0.79108635097493,"Consistent_3_of_3",1,0.242,0.57,1,TRUE,TRUE,"Other_Candidate","Other_Candidate",FALSE,TRUE,FALSE,FALSE,TRUE,FALSE,FALSE,FALSE,FALSE,NA,"Standard_candidate",TRUE,TRUE,"Other_Research_Candidate","Standard",2,0.412599942192292,0,0,0.412599942192292,0.644449898836512,0.752899913288439,244
115,"ARL6IP4",0.643712941360903,"Tier_3_Exploratory_Robust",0.660864049022024,0.660864049022024,0.710912392176193,0.710912392176193,0.882,0.654,0.228,0.874199072057411,0.798561151079137,0.960526315789474,"Consistent_3_of_3",1,0.228,0.882,1,FALSE,TRUE,"Other_Candidate","Other_Candidate",FALSE,FALSE,TRUE,FALSE,TRUE,FALSE,FALSE,FALSE,FALSE,NA,"Standard_candidate",TRUE,TRUE,"Other_Research_Candidate","Standard",2,0.412172809804405,0,0,0.412172809804405,0.703302417157708,0.814659214706607,245
104,"NAXE",0.647726645629012,"Tier_3_Exploratory_Robust",0.660345389127592,0.660345389127592,0.660363113020736,0.660363113020736,0.881,0.623,0.258,0.875392927118502,0.816546762589928,0.921052631578947,"Consistent_3_of_3",1,0.258,0.881,1,FALSE,TRUE,"Other_Candidate","Other_Candidate",FALSE,TRUE,FALSE,FALSE,TRUE,FALSE,FALSE,FALSE,FALSE,NA,"Standard_candidate",TRUE,TRUE,"Other_Research_Candidate","Standard",2,0.412069077825518,0,0,0.412069077825518,0.708920886194657,0.814303616738278,246
101,"ANAPC11",0.648290612114681,"Tier_3_Exploratory_Robust",0.659736623129168,0.659736623129168,0.671492985033344,0.671492985033344,0.929,0.729,0.2,0.930605599086191,0.88857938718663,0.953237410071942,"Consistent_3_of_3",1,0.2,0.929,1,FALSE,TRUE,"Other_Candidate","Other_Candidate",FALSE,TRUE,FALSE,FALSE,TRUE,FALSE,FALSE,FALSE,FALSE,NA,"Standard_candidate",TRUE,TRUE,"Other_Research_Candidate","Standard",2,0.411947324625834,0,0,0.411947324625834,0.706707818095209,0.82372098693875,247
122,"SMDT1",0.641405390321332,"Tier_3_Exploratory_Robust",0.65940107109299,0.65940107109299,0.70240856874392,0.70240856874392,0.858,0.608,0.25,0.861519070918313,0.793871866295265,0.906474820143885,"Consistent_3_of_3",1,0.25,0.858,1,FALSE,TRUE,"Other_Candidate","Other_Candidate",FALSE,TRUE,FALSE,FALSE,TRUE,FALSE,FALSE,FALSE,FALSE,NA,"Standard_candidate",TRUE,TRUE,"Other_Research_Candidate","Standard",2,0.411880214218598,0,0,0.411880214218598,0.702390374882547,0.809420321327897,248
85,"ERP29",0.652723828240141,"Tier_2_Strong_Robust_Candidate",0.658619243358451,0.658619243358451,0.580953946867604,0.580953946867604,0.877,0.574,0.303,0.873698642610615,0.834532374100719,0.899721448467967,"Consistent_3_of_3",1,0.303,0.877,1,FALSE,TRUE,"Other_Candidate","Other_Candidate",FALSE,TRUE,FALSE,FALSE,TRUE,FALSE,FALSE,FALSE,FALSE,NA,"Standard_candidate",TRUE,TRUE,"Other_Research_Candidate","Standard",2,0.41172384867169,0,0,0.41172384867169,0.716516735175458,0.812985773007535,249
307,"NUDT4",0.56779699734703,"Tier_3_Exploratory_Robust",0.658298892469014,0.658298892469014,1.26639113975211,1.26639113975211,0.472,0.194,0.278,0.462105020572312,0.370503597122302,0.586842105263158,"Consistent_3_of_3",1,0.278,0.472,1,TRUE,TRUE,"Other_Candidate","Other_Candidate",FALSE,FALSE,TRUE,FALSE,TRUE,FALSE,FALSE,FALSE,FALSE,NA,"Standard_candidate",TRUE,TRUE,"Other_Research_Candidate","Standard",2,0.411659778493803,0,0,0.411659778493803,0.630404612364155,0.731889667740704,250
236,"MARCHF6",0.594802209666423,"Tier_3_Exploratory_Robust",0.657311942649518,0.657311942649518,1.03289554119614,1.03289554119614,0.6,0.309,0.291,0.589242841176406,0.467625899280576,0.668523676880223,"Consistent_3_of_3",1,0.291,0.6,1,TRUE,TRUE,"Other_Candidate","Other_Candidate",FALSE,TRUE,FALSE,FALSE,TRUE,FALSE,FALSE,FALSE,FALSE,NA,"Standard_candidate",TRUE,TRUE,"Other_Research_Candidate","Standard",2,0.411462388529904,0,0,0.411462388529904,0.658259179927331,0.757193582794855,251
371,"ZBTB20",0.545841244068971,"Tier_3_Exploratory_Robust",0.65729207712243,0.65729207712243,1.44553661697944,1.44553661697944,0.395,0.157,0.238,0.424026097989809,0.259052924791086,0.744604316546763,"Consistent_3_of_3",1,0.238,0.395,1,FALSE,TRUE,"Other_Candidate","Other_Candidate",TRUE,FALSE,FALSE,FALSE,TRUE,FALSE,FALSE,FALSE,FALSE,NA,"Standard_candidate",TRUE,TRUE,"Other_Research_Candidate","Standard",2,0.411458415424486,0,0,0.411458415424486,0.60665222699285,0.716187623136729,252
127,"SARAF",0.63890928147023,"Tier_3_Exploratory_Robust",0.657053010661047,0.657053010661047,0.707624085288372,0.707624085288372,0.879,0.665,0.214,0.879156466646065,0.768802228412256,0.965789473684211,"Consistent_3_of_3",1,0.214,0.879,1,FALSE,TRUE,"Other_Candidate","Other_Candidate",FALSE,TRUE,FALSE,FALSE,TRUE,FALSE,FALSE,FALSE,FALSE,NA,"Standard_candidate",TRUE,TRUE,"Other_Research_Candidate","Standard",2,0.411410602132209,0,0,0.411410602132209,0.698568553731366,0.812915903198314,253
292,"ECI1",0.572616032764278,"Tier_3_Exploratory_Robust",0.655887686596591,0.655887686596591,1.20550149277273,1.20550149277273,0.517,0.258,0.259,0.509354873526776,0.402877697841727,0.646239554317549,"Consistent_3_of_3",1,0.259,0.517,1,TRUE,TRUE,"Other_Candidate","Other_Candidate",FALSE,TRUE,FALSE,FALSE,TRUE,FALSE,FALSE,FALSE,FALSE,NA,"Standard_candidate",TRUE,TRUE,"Other_Research_Candidate","Standard",2,0.411177537319318,0,0,0.411177537319318,0.634760690308807,0.740166305978977,254
134,"APRT",0.633890525217003,"Tier_3_Exploratory_Robust",0.655569733110731,0.655569733110731,0.727757864885848,0.727757864885848,0.855,0.637,0.218,0.861135627489798,0.671309192200557,0.956834532374101,"Consistent_3_of_3",1,0.218,0.855,1,FALSE,TRUE,"Other_Candidate","Other_Candidate",TRUE,FALSE,FALSE,FALSE,TRUE,FALSE,FALSE,FALSE,FALSE,NA,"Standard_candidate",TRUE,TRUE,"Other_Research_Candidate","Standard",2,0.411113946622146,0,0,0.411113946622146,0.694049406588756,0.807670919933219,255
125,"NENF",0.640122681461793,"Tier_3_Exploratory_Robust",0.655537406955771,0.655537406955771,0.695499255646167,0.695499255646167,0.92,0.747,0.173,0.92397489133748,0.852367688022284,0.974820143884892,"Consistent_3_of_3",1,0.173,0.92,1,FALSE,TRUE,"Other_Candidate","Other_Candidate",FALSE,TRUE,FALSE,FALSE,TRUE,FALSE,FALSE,FALSE,FALSE,NA,"Standard_candidate",TRUE,TRUE,"Other_Research_Candidate","Standard",2,0.411107481391154,0,0,0.411107481391154,0.69803809243452,0.820661222086731,256
283,"ING2",0.57854792082199,"Tier_3_Exploratory_Robust",0.654858482011294,0.654858482011294,1.14286785609035,1.14286785609035,0.545,0.28,0.265,0.535553466038194,0.428057553956835,0.612813370473538,"Consistent_3_of_3",1,0.265,0.545,1,TRUE,TRUE,"Other_Candidate","Other_Candidate",FALSE,TRUE,FALSE,FALSE,TRUE,FALSE,FALSE,FALSE,FALSE,NA,"Standard_candidate",TRUE,TRUE,"Other_Research_Candidate","Standard",2,0.410971696402259,0,0,0.410971696402259,0.641200468703953,0.745457544603388,257
164,"ZCRB1",0.622270098548032,"Tier_3_Exploratory_Robust",0.654808078543597,0.654808078543597,0.779264628348774,0.779264628348774,0.739,0.441,0.298,0.732466828179444,0.661870503597122,0.797368421052632,"Consistent_3_of_3",1,0.298,0.739,1,FALSE,TRUE,"Other_Candidate","Other_Candidate",FALSE,FALSE,TRUE,FALSE,TRUE,FALSE,FALSE,FALSE,FALSE,NA,"Standard_candidate",TRUE,TRUE,"Other_Research_Candidate","Standard",2,0.410961615708719,0,0,0.410961615708719,0.686582827490259,0.784242423563079,258
213,"TMEM9B",0.602037587782441,"Tier_3_Exploratory_Robust",0.65393395100739,0.65393395100739,0.93707160805912,0.93707160805912,0.653,0.372,0.281,0.628364618084158,0.352517985611511,0.779944289693593,"Consistent_3_of_3",1,0.281,0.653,1,FALSE,TRUE,"Other_Candidate","Other_Candidate",FALSE,TRUE,FALSE,FALSE,TRUE,FALSE,FALSE,FALSE,FALSE,NA,"Standard_candidate",TRUE,TRUE,"Other_Research_Candidate","Standard",2,0.410786790201478,0,0,0.410786790201478,0.665676882852587,0.766780185302217,259
245,"SHARPIN",0.592362940490684,"Tier_3_Exploratory_Robust",0.653255231406825,0.653255231406825,1.0020418512546,1.0020418512546,0.599,0.308,0.291,0.581560120617771,0.406474820143885,0.742105263157895,"Consistent_3_of_3",1,0.291,0.599,1,TRUE,TRUE,"Other_Candidate","Other_Candidate",FALSE,TRUE,FALSE,FALSE,TRUE,FALSE,FALSE,FALSE,FALSE,NA,"Standard_candidate",TRUE,TRUE,"Other_Research_Candidate","Standard",2,0.410651046281365,0,0,0.410651046281365,0.656639330992389,0.755776569422048,260
163,"CALM3",0.622435097128975,"Tier_3_Exploratory_Robust",0.651936653729629,0.651936653729629,0.740293229837035,0.740293229837035,0.744,0.441,0.303,0.750211664710161,0.607242339832869,0.838129496402878,"Consistent_3_of_3",1,0.303,0.744,1,FALSE,TRUE,"Other_Candidate","Other_Candidate",FALSE,TRUE,FALSE,FALSE,TRUE,FALSE,FALSE,FALSE,FALSE,NA,"Standard_candidate",TRUE,TRUE,"Other_Research_Candidate","Standard",2,0.410387330745926,0,0,0.410387330745926,0.68757782880537,0.784380996118889,261
227,"CISD3",0.597606374128985,"Tier_3_Exploratory_Robust",0.648442535039981,0.648442535039981,0.907540280319843,0.907540280319843,0.652,0.379,0.273,0.636512927174753,0.496402877697842,0.842105263157895,"Consistent_3_of_3",1,0.273,0.652,1,FALSE,TRUE,"Other_Candidate","Other_Candidate",FALSE,TRUE,FALSE,FALSE,TRUE,FALSE,FALSE,FALSE,FALSE,NA,"Standard_candidate",TRUE,TRUE,"Other_Research_Candidate","Standard",2,0.409688507007996,0,0,0.409688507007996,0.661954887263993,0.764932760511994,262
332,"SPOP",0.561596863457806,"Tier_3_Exploratory_Robust",0.6484253052906,0.6484253052906,1.1922024423248,1.1922024423248,0.466,0.185,0.281,0.470508817985928,0.397368421052632,0.507194244604317,"Consistent_3_of_3",1,0.281,0.466,1,TRUE,TRUE,"Other_Candidate","Other_Candidate",FALSE,TRUE,FALSE,FALSE,TRUE,FALSE,FALSE,FALSE,FALSE,NA,"Standard_candidate",TRUE,TRUE,"Other_Research_Candidate","Standard",2,0.40968506105812,0,0,0.40968506105812,0.62634885685171,0.72772759158718,263
158,"TOB1",0.623635909907035,"Tier_3_Exploratory_Robust",0.648405461587555,0.648405461587555,0.696043692700439,0.696043692700439,0.777,0.497,0.28,0.787195840747135,0.554317548746518,0.938848920863309,"Consistent_3_of_3",1,0.28,0.777,1,FALSE,TRUE,"Other_Candidate","Other_Candidate",TRUE,FALSE,FALSE,FALSE,TRUE,FALSE,FALSE,FALSE,FALSE,NA,"Standard_candidate",TRUE,TRUE,"Other_Research_Candidate","Standard",2,0.409681092317511,0,0,0.409681092317511,0.688341911555644,0.789921638476267,264
132,"PMVK",0.636300032952547,"Tier_3_Exploratory_Robust",0.647434654643252,0.647434654643252,0.576277237146016,0.576277237146016,0.831,0.535,0.296,0.826709850416105,0.79136690647482,0.892105263157895,"Consistent_3_of_3",1,0.296,0.831,1,FALSE,TRUE,"Other_Candidate","Other_Candidate",TRUE,FALSE,FALSE,FALSE,TRUE,FALSE,FALSE,FALSE,FALSE,NA,"Standard_candidate",TRUE,TRUE,"Other_Research_Candidate","Standard",2,0.40948693092865,0,0,0.40948693092865,0.702002129125138,0.800430396392976,265
196,"TRAPPC6A",0.607370887999608,"Tier_3_Exploratory_Robust",0.646838368120163,0.646838368120163,0.785906944961308,0.785906944961308,0.661,0.329,0.332,0.654767492266266,0.600719424460432,0.736842105263158,"Consistent_3_of_3",1,0.332,0.661,1,FALSE,TRUE,"Other_Candidate","Other_Candidate",FALSE,TRUE,FALSE,FALSE,TRUE,FALSE,FALSE,FALSE,FALSE,NA,"Standard_candidate",TRUE,TRUE,"Other_Research_Candidate","Standard",2,0.409367673624033,0,0,0.409367673624033,0.674993428842057,0.766251510436049,266
177,"DDRGK1",0.619094923866197,"Tier_3_Exploratory_Robust",0.645523194895922,0.645523194895922,0.698585559167374,0.698585559167374,0.766,0.491,0.275,0.767406324170981,0.685236768802228,0.818421052631579,"Consistent_3_of_3",1,0.275,0.766,1,FALSE,TRUE,"Other_Candidate","Other_Candidate",FALSE,TRUE,FALSE,FALSE,TRUE,FALSE,FALSE,FALSE,FALSE,NA,"Standard_candidate",TRUE,TRUE,"Other_Research_Candidate","Standard",2,0.409104638979184,0,0,0.409104638979184,0.684133118213573,0.786856958468777,267
268,"EIF2AK1",0.584599085283192,"Tier_3_Exploratory_Robust",0.644715503524246,0.644715503524246,0.956124028193965,0.956124028193965,0.58,0.284,0.296,0.579446479467943,0.512534818941504,0.639473684210526,"Consistent_3_of_3",1,0.296,0.58,1,FALSE,TRUE,"Other_Candidate","Other_Candidate",TRUE,FALSE,FALSE,FALSE,TRUE,FALSE,FALSE,FALSE,FALSE,NA,"Standard_candidate",TRUE,TRUE,"Other_Research_Candidate","Standard",2,0.408943100704849,0,0,0.408943100704849,0.650850426233486,0.749414651057274,268
327,"SEZ6L2",0.562658583550284,"Tier_3_Exploratory_Robust",0.644642129658784,0.644642129658784,1.12033703727027,1.12033703727027,0.451,0.129,0.322,0.453297476371637,0.413157894736842,0.479108635097493,"Consistent_3_of_3",1,0.322,0.451,1,TRUE,TRUE,"Other_Candidate","Other_Candidate",FALSE,TRUE,FALSE,FALSE,TRUE,FALSE,FALSE,FALSE,FALSE,NA,"Standard_candidate",TRUE,TRUE,"Other_Research_Candidate","Standard",2,0.408928425931757,0,0,0.408928425931757,0.630224745380574,0.723592638897635,269
193,"YIF1A",0.611829577263345,"Tier_3_Exploratory_Robust",0.644317837776142,0.644317837776142,0.749742702209136,0.749742702209136,0.748,0.493,0.255,0.734353669388196,0.607913669064748,0.921052631578947,"Consistent_3_of_3",1,0.255,0.748,1,FALSE,TRUE,"Other_Candidate","Other_Candidate",FALSE,TRUE,FALSE,FALSE,TRUE,FALSE,FALSE,FALSE,FALSE,NA,"Standard_candidate",TRUE,TRUE,"Other_Research_Candidate","Standard",2,0.408863567555228,0,0,0.408863567555228,0.67611124322165,0.782895351332843,270
204,"ARF3",0.60384779669266,"Tier_3_Exploratory_Robust",0.642720383931182,0.642720383931182,0.778563071449458,0.778563071449458,0.684,0.391,0.293,0.677354688599216,0.587743732590529,0.818421052631579,"Consistent_3_of_3",1,0.293,0.684,1,FALSE,TRUE,"Other_Candidate","Other_Candidate",FALSE,TRUE,FALSE,FALSE,TRUE,FALSE,FALSE,FALSE,FALSE,NA,"Standard_candidate",TRUE,TRUE,"Other_Research_Candidate","Standard",2,0.408544076786236,0,0,0.408544076786236,0.670352134375914,0.769616115179355,271
278,"YIPF6",0.579786616589484,"Tier_3_Exploratory_Robust",0.642247224084033,0.642247224084033,0.973177792672262,0.973177792672262,0.58,0.307,0.273,0.574898685361929,0.525179856115108,0.636842105263158,"Consistent_3_of_3",1,0.273,0.58,1,FALSE,TRUE,"Other_Candidate","Other_Candidate",FALSE,TRUE,FALSE,FALSE,TRUE,FALSE,FALSE,FALSE,FALSE,NA,"Standard_candidate",TRUE,TRUE,"Other_Research_Candidate","Standard",2,0.408449444816807,0,0,0.408449444816807,0.645386528429412,0.74867416722521,272
337,"ABHD12",0.559352323504463,"Tier_3_Exploratory_Robust",0.641641611087143,0.641641611087143,1.12833288869714,1.12833288869714,0.478,0.203,0.275,0.461607667391962,0.287769784172662,0.578947368421053,"Consistent_3_of_3",1,0.275,0.478,1,TRUE,TRUE,"Other_Candidate","Other_Candidate",FALSE,TRUE,FALSE,FALSE,TRUE,FALSE,FALSE,FALSE,FALSE,NA,"Standard_candidate",TRUE,TRUE,"Other_Research_Candidate","Standard",2,0.408328322217429,0,0,0.408328322217429,0.6251745638805,0.728092483326143,273
201,"SDF2L1",0.604775596303466,"Tier_3_Exploratory_Robust",0.641502610335347,0.641502610335347,0.754420882682773,0.754420882682773,0.689,0.392,0.297,0.69040718165828,0.551532033426184,0.789473684210526,"Consistent_3_of_3",1,0.297,0.689,1,FALSE,TRUE,"Other_Candidate","Other_Candidate",FALSE,TRUE,FALSE,FALSE,TRUE,FALSE,FALSE,FALSE,FALSE,NA,"Standard_candidate",TRUE,TRUE,"Other_Research_Candidate","Standard",2,0.408300522067069,0,0,0.408300522067069,0.671725913617371,0.770250783100604,274
238,"BLVRA",0.594334426755152,"Tier_3_Exploratory_Robust",0.641065702066952,0.641065702066952,0.835725616535616,0.835725616535616,0.644,0.355,0.289,0.622130432291024,0.370503597122302,0.782729805013928,"Consistent_3_of_3",1,0.289,0.644,1,FALSE,TRUE,"Other_Candidate","Other_Candidate",FALSE,FALSE,TRUE,FALSE,TRUE,FALSE,FALSE,FALSE,FALSE,NA,"Standard_candidate",TRUE,TRUE,"Other_Research_Candidate","Standard",2,0.40821314041339,0,0,0.40821314041339,0.660972995723433,0.761119710620086,275
232,"GAMT",0.595879908102804,"Tier_3_Exploratory_Robust",0.64078577254308,0.64078577254308,0.806286180344643,0.806286180344643,0.627,0.304,0.323,0.612791977237738,0.471223021582734,0.771052631578947,"Consistent_3_of_3",1,0.323,0.627,1,FALSE,TRUE,"Other_Candidate","Other_Candidate",TRUE,FALSE,FALSE,FALSE,TRUE,FALSE,FALSE,FALSE,FALSE,NA,"Standard_candidate",TRUE,TRUE,"Other_Research_Candidate","Standard",2,0.408157154508616,0,0,0.408157154508616,0.664275020390078,0.757635731762924,276
240,"LAMP2",0.593491273599261,"Tier_3_Exploratory_Robust",0.635643237367238,0.635643237367238,0.776345898937901,0.776345898937901,0.657,0.371,0.286,0.651361344585086,0.600719424460432,0.721052631578947,"Consistent_3_of_3",1,0.286,0.657,1,FALSE,TRUE,"Other_Candidate","Other_Candidate",FALSE,TRUE,FALSE,FALSE,TRUE,FALSE,FALSE,FALSE,FALSE,NA,"Standard_candidate",TRUE,TRUE,"Other_Research_Candidate","Standard",2,0.407128647473448,0,0,0.407128647473448,0.661075133078533,0.762092971210171,277
339,"TAF15",0.558846168591446,"Tier_3_Exploratory_Robust",0.635561524103692,0.635561524103692,1.05889219282954,1.05889219282954,0.496,0.226,0.27,0.494371012499486,0.426183844011142,0.560526315789474,"Consistent_3_of_3",1,0.27,0.496,1,TRUE,TRUE,"Other_Candidate","Other_Candidate",FALSE,FALSE,TRUE,FALSE,TRUE,FALSE,FALSE,FALSE,FALSE,NA,"Standard_candidate",TRUE,TRUE,"Other_Research_Candidate","Standard",2,0.407112304820738,0,0,0.407112304820738,0.625646533436292,0.729868457231108,278
217,"TOMM22",0.600744617792374,"Tier_3_Exploratory_Robust",0.634743484350772,0.634743484350772,0.719547874806178,0.719547874806178,0.719,0.464,0.255,0.696353534384045,0.453237410071942,0.844736842105263,"Consistent_3_of_3",1,0.255,0.719,1,FALSE,TRUE,"Other_Candidate","Other_Candidate",FALSE,TRUE,FALSE,FALSE,TRUE,FALSE,FALSE,FALSE,FALSE,NA,"Standard_candidate",TRUE,TRUE,"Other_Research_Candidate","Standard",2,0.406948696870154,0,0,0.406948696870154,0.66696021952277,0.774223045305232,279
180,"BTG2",0.617175793121836,"Tier_3_Exploratory_Robust",0.634256475430585,0.634256475430585,0.600451803444679,0.600451803444679,0.837,0.628,0.209,0.849362175704386,0.723684210526316,0.974820143884892,"Consistent_3_of_3",1,0.209,0.837,1,FALSE,TRUE,"Other_Candidate","Other_Candidate",TRUE,FALSE,FALSE,FALSE,TRUE,FALSE,FALSE,FALSE,FALSE,NA,"Standard_candidate",TRUE,TRUE,"Other_Research_Candidate","Standard",2,0.406851295086117,0,0,0.406851295086117,0.681189766400705,0.797676942629176,280
362,"CNPY3",0.549025133916561,"Tier_3_Exploratory_Robust",0.633892956625966,0.633892956625966,1.12234365300773,1.12234365300773,0.462,0.206,0.256,0.46258282627673,0.405263157894737,0.52924791086351,"Consistent_3_of_3",1,0.256,0.462,1,TRUE,TRUE,"Other_Candidate","Other_Candidate",FALSE,TRUE,FALSE,FALSE,TRUE,FALSE,FALSE,FALSE,FALSE,NA,"Standard_candidate",TRUE,TRUE,"Other_Research_Candidate","Standard",2,0.406778591325193,0,0,0.406778591325193,0.615462534819088,0.72256788698779,281
266,"ERLEC1",0.584653182798327,"Tier_3_Exploratory_Robust",0.633219121475006,0.633219121475006,0.820952971800046,0.820952971800046,0.627,0.351,0.276,0.637326872119076,0.442896935933148,0.776978417266187,"Consistent_3_of_3",1,0.276,0.627,1,FALSE,TRUE,"Other_Candidate","Other_Candidate",FALSE,TRUE,FALSE,FALSE,TRUE,FALSE,FALSE,FALSE,FALSE,NA,"Standard_candidate",TRUE,TRUE,"Other_Research_Candidate","Standard",2,0.406643824295001,0,0,0.406643824295001,0.652226692516252,0.755365736442502,282
182,"MICOS13",0.61674272285772,"Tier_3_Exploratory_Robust",0.632294360574244,0.632294360574244,0.567154884593953,0.567154884593953,0.817,0.577,0.24,0.810137915177314,0.73021582733813,0.860724233983287,"Consistent_3_of_3",1,0.24,0.817,1,FALSE,TRUE,"Other_Candidate","Other_Candidate",FALSE,TRUE,FALSE,FALSE,TRUE,FALSE,FALSE,FALSE,FALSE,NA,"Standard_candidate",TRUE,TRUE,"Other_Research_Candidate","Standard",2,0.406458872114849,0,0,0.406458872114849,0.682703026200985,0.793088308172273,283
243,"PNKD",0.593008329227046,"Tier_3_Exploratory_Robust",0.630420429420103,0.630420429420103,0.708963435360822,0.708963435360822,0.657,0.355,0.302,0.651734504494337,0.60431654676259,0.715789473684211,"Consistent_3_of_3",1,0.302,0.657,1,FALSE,TRUE,"Other_Candidate","Other_Candidate",FALSE,TRUE,FALSE,FALSE,TRUE,FALSE,FALSE,FALSE,FALSE,NA,"Standard_candidate",TRUE,TRUE,"Other_Research_Candidate","Standard",2,0.406084085884021,0,0,0.406084085884021,0.662447150297036,0.760526128826031,284
224,"POLD4",0.597986982804213,"Tier_3_Exploratory_Robust",0.630291176609067,0.630291176609067,0.715929412872533,0.715929412872533,0.773,0.592,0.181,0.769241255580787,0.573816155988858,0.960526315789474,"Consistent_3_of_3",1,0.181,0.773,1,FALSE,TRUE,"Other_Candidate","Other_Candidate",FALSE,TRUE,FALSE,FALSE,TRUE,FALSE,FALSE,FALSE,FALSE,NA,"Standard_candidate",TRUE,TRUE,"Other_Research_Candidate","Standard",2,0.406058235321813,0,0,0.406058235321813,0.661401911813174,0.78368735298272,285
202,"GTF3A",0.604275033392597,"Tier_3_Exploratory_Robust",0.629001392775295,0.629001392775295,0.620811142202362,0.620811142202362,0.754,0.501,0.253,0.762822405907557,0.571030640668524,0.888489208633094,"Consistent_3_of_3",1,0.253,0.754,1,FALSE,TRUE,"Other_Candidate","Other_Candidate",FALSE,FALSE,TRUE,FALSE,TRUE,FALSE,FALSE,FALSE,FALSE,NA,"Standard_candidate",TRUE,TRUE,"Other_Research_Candidate","Standard",2,0.405800278555059,0,0,0.405800278555059,0.671550487471353,0.779500417832589,286
186,"LSM4",0.61417212109635,"Tier_3_Exploratory_Robust",0.62899611679282,0.62899611679282,0.545568934342559,0.545568934342559,0.811,0.568,0.243,0.807640813020307,0.755395683453237,0.88857938718663,"Consistent_3_of_3",1,0.243,0.811,1,FALSE,TRUE,"Other_Candidate","Other_Candidate",FALSE,FALSE,TRUE,FALSE,TRUE,FALSE,FALSE,FALSE,FALSE,NA,"Standard_candidate",TRUE,TRUE,"Other_Research_Candidate","Standard",2,0.405799223358564,0,0,0.405799223358564,0.680948640877487,0.790898835037846,287
322,"SLC35B1",0.56409668282374,"Tier_3_Exploratory_Robust",0.628678288806527,0.628678288806527,0.938226310452213,0.938226310452213,0.554,0.301,0.253,0.573263236647158,0.431754874651811,0.798561151079137,"Consistent_3_of_3",1,0.253,0.554,1,FALSE,TRUE,"Other_Candidate","Other_Candidate",FALSE,TRUE,FALSE,FALSE,TRUE,FALSE,FALSE,FALSE,FALSE,NA,"Standard_candidate",TRUE,TRUE,"Other_Research_Candidate","Standard",2,0.405735657761305,0,0,0.405735657761305,0.631437401082284,0.739403486641958,288
221,"PPCS",0.599489516905213,"Tier_3_Exploratory_Robust",0.628665306864665,0.628665306864665,0.640522454917316,0.640522454917316,0.704,0.415,0.289,0.688284505074433,0.52158273381295,0.807894736842105,"Consistent_3_of_3",1,0.289,0.704,1,FALSE,TRUE,"Other_Candidate","Other_Candidate",TRUE,FALSE,FALSE,FALSE,TRUE,FALSE,FALSE,FALSE,FALSE,NA,"Standard_candidate",TRUE,TRUE,"Other_Research_Candidate","Standard",2,0.405733061372933,0,0,0.405733061372933,0.668632857402633,0.7693995920594,289
316,"EPHX1",0.565931826492529,"Tier_3_Exploratory_Robust",0.627745563304016,0.627745563304016,0.898764506432124,0.898764506432124,0.541,0.255,0.286,0.530015571181817,0.420863309352518,0.631578947368421,"Consistent_3_of_3",1,0.286,0.541,1,FALSE,TRUE,"Other_Candidate","Other_Candidate",FALSE,TRUE,FALSE,FALSE,TRUE,FALSE,FALSE,FALSE,FALSE,NA,"Standard_candidate",TRUE,TRUE,"Other_Research_Candidate","Standard",2,0.405549112660803,0,0,0.405549112660803,0.635110947156406,0.736523668991205,290
276,"CDH1",0.581053128549911,"Tier_3_Exploratory_Robust",0.627331248881681,0.627331248881681,0.78184999105345,0.78184999105345,0.635,0.372,0.263,0.648061829088261,0.295264623955432,0.848920863309353,"Consistent_3_of_3",1,0.263,0.635,1,FALSE,TRUE,"Other_Candidate","Other_Candidate",FALSE,TRUE,FALSE,FALSE,TRUE,FALSE,FALSE,FALSE,FALSE,NA,"Standard_candidate",TRUE,TRUE,"Other_Research_Candidate","Standard",2,0.405466249776336,0,0,0.405466249776336,0.649165937108588,0.755199374664504,291
289,"POLDIP2",0.574744802383776,"Tier_3_Exploratory_Robust",0.626229191288909,0.626229191288909,0.817833530311269,0.817833530311269,0.605,0.34,0.265,0.586244870105968,0.402877697841727,0.773684210526316,"Consistent_3_of_3",1,0.265,0.605,1,FALSE,TRUE,"Other_Candidate","Other_Candidate",FALSE,TRUE,FALSE,FALSE,TRUE,FALSE,FALSE,FALSE,FALSE,NA,"Standard_candidate",TRUE,TRUE,"Other_Research_Candidate","Standard",2,0.405245838257782,0,0,0.405245838257782,0.643180216951118,0.748868757386673,292
191,"ANAPC16",0.612055772739052,"Tier_3_Exploratory_Robust",0.625614997432156,0.625614997432156,0.526519979457244,0.526519979457244,0.821,0.593,0.228,0.810876043337739,0.690647482014389,0.902506963788301,"Consistent_3_of_3",1,0.228,0.821,1,FALSE,TRUE,"Other_Candidate","Other_Candidate",FALSE,TRUE,FALSE,FALSE,TRUE,FALSE,FALSE,FALSE,FALSE,NA,"Standard_candidate",TRUE,TRUE,"Other_Research_Candidate","Standard",2,0.405122999486431,0,0,0.405122999486431,0.678765249101255,0.791884499229647,293
223,"GNG10",0.598381133403589,"Tier_3_Exploratory_Robust",0.625479779105301,0.625479779105301,0.62463823284241,0.62463823284241,0.735,0.483,0.252,0.732740756522476,0.576601671309192,0.884210526315789,"Consistent_3_of_3",1,0.252,0.735,1,FALSE,TRUE,"Other_Candidate","Other_Candidate",FALSE,TRUE,FALSE,FALSE,TRUE,FALSE,FALSE,FALSE,FALSE,NA,"Standard_candidate",TRUE,TRUE,"Other_Research_Candidate","Standard",2,0.40509595582106,0,0,0.40509595582106,0.666317922686855,0.77464393373159,294
285,"OS9",0.577492941479854,"Tier_3_Exploratory_Robust",0.625048265169682,0.625048265169682,0.777986121357455,0.777986121357455,0.616,0.343,0.273,0.611137438092335,0.571030640668524,0.686842105263158,"Consistent_3_of_3",1,0.273,0.616,1,FALSE,TRUE,"Other_Candidate","Other_Candidate",FALSE,TRUE,FALSE,FALSE,TRUE,FALSE,FALSE,FALSE,FALSE,NA,"Standard_candidate",TRUE,TRUE,"Other_Research_Candidate","Standard",2,0.405009653033936,0,0,0.405009653033936,0.646566892809389,0.750714479550905,295
354,"SRPRB",0.550603312950179,"Tier_3_Exploratory_Robust",0.624432986359256,0.624432986359256,0.990663890874045,0.990663890874045,0.493,0.233,0.26,0.486869791661173,0.431654676258993,0.552631578947368,"Consistent_3_of_3",1,0.26,0.493,1,FALSE,TRUE,"Other_Candidate","Other_Candidate",FALSE,TRUE,FALSE,FALSE,TRUE,FALSE,FALSE,FALSE,FALSE,NA,"Standard_candidate",TRUE,TRUE,"Other_Research_Candidate","Standard",2,0.404886597271851,0,0,0.404886597271851,0.61915154522574,0.725929895907777,296
387,"HMGCS1",0.540680869114965,"Tier_3_Exploratory_Robust",0.624392326594174,0.624392326594174,1.07993861275339,1.07993861275339,0.463,0.229,0.234,0.474589318429438,0.392105263157895,0.597122302158273,"Consistent_3_of_3",1,0.234,0.463,1,TRUE,TRUE,"Other_Candidate","Other_Candidate",TRUE,FALSE,FALSE,FALSE,TRUE,FALSE,FALSE,FALSE,FALSE,NA,"Standard_candidate",TRUE,TRUE,"Other_Research_Candidate","Standard",2,0.404878465318835,0,0,0.404878465318835,0.607937314307961,0.719917697978252,297
308,"RNASEH2C",0.567498250299662,"Tier_3_Exploratory_Robust",0.6217969615896,0.6217969615896,0.815975692716803,0.815975692716803,0.572,0.295,0.277,0.559354363745479,0.431754874651811,0.789473684210526,"Consistent_3_of_3",1,0.277,0.572,1,FALSE,TRUE,"Other_Candidate","Other_Candidate",FALSE,TRUE,FALSE,FALSE,TRUE,FALSE,FALSE,FALSE,FALSE,NA,"Standard_candidate",TRUE,TRUE,"Other_Research_Candidate","Standard",2,0.40435939231792,0,0,0.40435939231792,0.63742893655636,0.74093908847688,298
225,"POLR2F",0.597866687493472,"Tier_3_Exploratory_Robust",0.620562226825049,0.620562226825049,0.559697814600396,0.559697814600396,0.731,0.459,0.272,0.732632260999586,0.721052631578947,0.755395683453237,"Consistent_3_of_3",1,0.272,0.731,1,FALSE,TRUE,"Other_Candidate","Other_Candidate",FALSE,TRUE,FALSE,FALSE,TRUE,FALSE,FALSE,FALSE,FALSE,NA,"Standard_candidate",TRUE,TRUE,"Other_Research_Candidate","Standard",2,0.40411244536501,0,0,0.40411244536501,0.667796779388767,0.772368668047515,299
229,"ECH1",0.597440283217714,"Tier_3_Exploratory_Robust",0.618702769368961,0.618702769368961,0.543222154951691,0.543222154951691,0.74,0.476,0.264,0.72992968182264,0.615107913669065,0.794736842105263,"Consistent_3_of_3",1,0.264,0.74,1,FALSE,TRUE,"Other_Candidate","Other_Candidate",FALSE,TRUE,FALSE,FALSE,TRUE,FALSE,FALSE,FALSE,FALSE,NA,"Standard_candidate",TRUE,TRUE,"Other_Research_Candidate","Standard",2,0.403740553873792,0,0,0.403740553873792,0.667345969279136,0.773610830810688,300
205,"BLVRB",0.603648789385594,"Tier_3_Exploratory_Robust",0.618537017050563,0.618537017050563,0.524296136404504,0.524296136404504,0.833,0.651,0.182,0.839831322158224,0.610027855153203,0.956834532374101,"Consistent_3_of_3",1,0.182,0.833,1,FALSE,TRUE,"Other_Candidate","Other_Candidate",FALSE,FALSE,TRUE,FALSE,TRUE,FALSE,FALSE,FALSE,FALSE,NA,"Standard_candidate",TRUE,TRUE,"Other_Research_Candidate","Standard",2,0.403707403410113,0,0,0.403707403410113,0.669487955967697,0.792161105115169,301
222,"CACYBP",0.59919938142497,"Tier_3_Exploratory_Robust",0.617813440456092,0.617813440456092,0.51850752364874,0.51850752364874,0.752,0.489,0.263,0.742774219269944,0.643884892086331,0.818421052631579,"Consistent_3_of_3",1,0.263,0.752,1,FALSE,TRUE,"Other_Candidate","Other_Candidate",FALSE,TRUE,FALSE,FALSE,TRUE,FALSE,FALSE,FALSE,FALSE,NA,"Standard_candidate",TRUE,TRUE,"Other_Research_Candidate","Standard",2,0.403562688091218,0,0,0.403562688091218,0.669234704159632,0.775744032136828,302
412,"SAYSD1",0.532779966439549,"Tier_3_Exploratory_Robust",0.6175065243946,0.6175065243946,1.0520521951568,1.0520521951568,0.432,0.184,0.248,0.416008890585816,0.258992805755396,0.568421052631579,"Consistent_3_of_3",1,0.248,0.432,1,TRUE,TRUE,"Other_Candidate","Other_Candidate",FALSE,TRUE,FALSE,FALSE,TRUE,FALSE,FALSE,FALSE,FALSE,NA,"Standard_candidate",TRUE,TRUE,"Other_Research_Candidate","Standard",2,0.40350130487892,0,0,0.40350130487892,0.60212728353811,0.71165195731838,303
317,"PLD3",0.565722535695446,"Tier_3_Exploratory_Robust",0.615862602108949,0.615862602108949,0.76050081687159,0.76050081687159,0.587,0.32,0.267,0.573739161434377,0.442446043165468,0.710526315789474,"Consistent_3_of_3",1,0.267,0.587,1,FALSE,TRUE,"Other_Candidate","Other_Candidate",FALSE,TRUE,FALSE,FALSE,TRUE,FALSE,FALSE,FALSE,FALSE,NA,"Standard_candidate",TRUE,TRUE,"Other_Research_Candidate","Standard",2,0.40317252042179,0,0,0.40317252042179,0.636351910738132,0.742158780632685,304
325,"GRAMD1A",0.562934231817501,"Tier_3_Exploratory_Robust",0.615793209927794,0.615793209927794,0.785545679422354,0.785545679422354,0.58,0.322,0.258,0.565826248252241,0.435251798561151,0.755263157894737,"Consistent_3_of_3",1,0.258,0.58,1,FALSE,TRUE,"Other_Candidate","Other_Candidate",FALSE,TRUE,FALSE,FALSE,TRUE,FALSE,FALSE,FALSE,FALSE,NA,"Standard_candidate",TRUE,TRUE,"Other_Research_Candidate","Standard",2,0.403158641985559,0,0,0.403158641985559,0.633127623474728,0.740737962978338,305
309,"POLE4",0.567169726927218,"Tier_3_Exploratory_Robust",0.615766932536884,0.615766932536884,0.770935460295075,0.770935460295075,0.638,0.429,0.209,0.630725292218944,0.543165467625899,0.696378830083565,"Consistent_3_of_3",1,0.209,0.638,1,FALSE,TRUE,"Other_Candidate","Other_Candidate",FALSE,TRUE,FALSE,FALSE,TRUE,FALSE,FALSE,FALSE,FALSE,NA,"Standard_candidate",TRUE,TRUE,"Other_Research_Candidate","Standard",2,0.403153386507377,0,0,0.403153386507377,0.634918426387909,0.752330079761065,306
270,"EMC10",0.584024212559118,"Tier_3_Exploratory_Robust",0.61468808509039,0.61468808509039,0.599104680723122,0.599104680723122,0.681,0.413,0.268,0.681463139120722,0.481894150417827,0.839473684210526,"Consistent_3_of_3",1,0.268,0.681,1,FALSE,TRUE,"Other_Candidate","Other_Candidate",FALSE,TRUE,FALSE,FALSE,TRUE,FALSE,FALSE,FALSE,FALSE,NA,"Standard_candidate",TRUE,TRUE,"Other_Research_Candidate","Standard",2,0.402937617018078,0,0,0.402937617018078,0.654940829781636,0.760606425527117,307
389,"NFU1",0.539627294373041,"Tier_3_Exploratory_Robust",0.614331343601693,0.614331343601693,0.953050748813541,0.953050748813541,0.466,0.206,0.26,0.46650209520113,0.394736842105263,0.551532033426184,"Consistent_3_of_3",1,0.26,0.466,1,FALSE,TRUE,"Other_Candidate","Other_Candidate",FALSE,TRUE,FALSE,FALSE,TRUE,FALSE,FALSE,FALSE,FALSE,NA,"Standard_candidate",TRUE,TRUE,"Other_Research_Candidate","Standard",2,0.402866268720339,0,0,0.402866268720339,0.610215970260592,0.717499403080508,308
291,"CMC1",0.572710346206014,"Tier_3_Exploratory_Robust",0.614300639914763,0.614300639914763,0.674405119318101,0.674405119318101,0.606,0.312,0.294,0.603051128954628,0.520891364902507,0.694736842105263,"Consistent_3_of_3",1,0.294,0.606,1,FALSE,TRUE,"Other_Candidate","Other_Candidate",FALSE,TRUE,FALSE,FALSE,TRUE,FALSE,FALSE,FALSE,FALSE,NA,"Standard_candidate",TRUE,TRUE,"Other_Research_Candidate","Standard",2,0.402860127982953,0,0,0.402860127982953,0.645005223970167,0.745490191974429,309
303,"ARL3",0.568622152016171,"Tier_3_Exploratory_Robust",0.613235053870586,0.613235053870586,0.707480430964689,0.707480430964689,0.614,0.354,0.26,0.601285756323837,0.446043165467626,0.760445682451253,"Consistent_3_of_3",1,0.26,0.614,1,FALSE,TRUE,"Other_Candidate","Other_Candidate",FALSE,TRUE,FALSE,FALSE,TRUE,FALSE,FALSE,FALSE,FALSE,NA,"Standard_candidate",TRUE,TRUE,"Other_Research_Candidate","Standard",2,0.402647010774117,0,0,0.402647010774117,0.639432268854705,0.746770516161176,310
239,"MTCH1",0.593894423017035,"Tier_3_Exploratory_Robust",0.613003657095056,0.613003657095056,0.512029256760451,0.512029256760451,0.759,0.523,0.236,0.749315680134385,0.654676258992806,0.857894736842105,"Consistent_3_of_3",1,0.236,0.759,1,FALSE,TRUE,"Other_Candidate","Other_Candidate",FALSE,TRUE,FALSE,FALSE,TRUE,FALSE,FALSE,FALSE,FALSE,NA,"Standard_candidate",TRUE,TRUE,"Other_Research_Candidate","Standard",2,0.402600731419011,0,0,0.402600731419011,0.66355127998327,0.775701097128517,311
331,"SRSF6",0.561701574535019,"Tier_3_Exploratory_Robust",0.61238254494534,0.61238254494534,0.743860359562716,0.743860359562716,0.566,0.285,0.281,0.569316087959423,0.506963788300836,0.611510791366906,"Consistent_3_of_3",1,0.281,0.566,1,FALSE,TRUE,"Other_Candidate","Other_Candidate",FALSE,FALSE,TRUE,FALSE,TRUE,FALSE,FALSE,FALSE,FALSE,NA,"Standard_candidate",TRUE,TRUE,"Other_Research_Candidate","Standard",2,0.402476508989068,0,0,0.402476508989068,0.633733890730869,0.736914763483602,312
452,"RAB17",0.5167092179091,"Tier_3_Exploratory_Robust",0.612124648426648,0.612124648426648,1.12579718741318,1.12579718741318,0.389,0.171,0.218,0.383723667598687,0.323741007194245,0.426315789473684,"Consistent_3_of_3",1,0.218,0.389,1,FALSE,TRUE,"Other_Candidate","Other_Candidate",FALSE,TRUE,FALSE,FALSE,TRUE,FALSE,FALSE,FALSE,FALSE,NA,"Standard_candidate",TRUE,TRUE,"Other_Research_Candidate","Standard",2,0.40242492968533,0,0,0.40242492968533,0.585643626949327,0.701437394527994,313
305,"TMEM208",0.568176872258061,"Tier_3_Exploratory_Robust",0.611522563445692,0.611522563445692,0.692180507565537,0.692180507565537,0.621,0.367,0.254,0.627165911311414,0.334261838440111,0.802631578947368,"Consistent_3_of_3",1,0.254,0.621,1,FALSE,TRUE,"Other_Candidate","Other_Candidate",FALSE,TRUE,FALSE,FALSE,TRUE,FALSE,FALSE,FALSE,FALSE,NA,"Standard_candidate",TRUE,TRUE,"Other_Research_Candidate","Standard",2,0.402304512689138,0,0,0.402304512689138,0.639032897205992,0.747656769033708,314
261,"BSCL2",0.586773716273766,"Tier_3_Exploratory_Robust",0.610882777989153,0.610882777989153,0.517462223913225,0.517462223913225,0.682,0.383,0.299,0.679434525975466,0.62116991643454,0.755263157894737,"Consistent_3_of_3",1,0.299,0.682,1,FALSE,TRUE,"Other_Candidate","Other_Candidate",FALSE,TRUE,FALSE,FALSE,TRUE,FALSE,FALSE,FALSE,FALSE,NA,"Standard_candidate",TRUE,TRUE,"Other_Research_Candidate","Standard",2,0.402176555597831,0,0,0.402176555597831,0.660008972296203,0.759664833396746,315
395,"FLYWCH2",0.538283179948673,"Tier_3_Exploratory_Robust",0.61026585459579,0.61026585459579,0.909326836766321,0.909326836766321,0.463,0.193,0.27,0.444671449469951,0.266187050359712,0.65,"Consistent_3_of_3",1,0.27,0.463,1,FALSE,TRUE,"Other_Candidate","Other_Candidate",FALSE,FALSE,TRUE,FALSE,TRUE,FALSE,FALSE,FALSE,FALSE,NA,"Standard_candidate",TRUE,TRUE,"Other_Research_Candidate","Standard",2,0.402053170919158,0,0,0.402053170919158,0.610193049108527,0.715679756378737,316
282,"FLOT1",0.578767866055567,"Tier_3_Exploratory_Robust",0.609966368166913,0.609966368166913,0.585330945335301,0.585330945335301,0.673,0.412,0.261,0.662065943199113,0.573816155988858,0.836842105263158,"Consistent_3_of_3",1,0.261,0.673,1,FALSE,TRUE,"Other_Candidate","Other_Candidate",FALSE,TRUE,FALSE,FALSE,TRUE,FALSE,FALSE,FALSE,FALSE,NA,"Standard_candidate",TRUE,TRUE,"Other_Research_Candidate","Standard",2,0.401993273633383,0,0,0.401993273633383,0.65028822885842,0.757589910450074,317
394,"RNF13",0.538430479461962,"Tier_3_Exploratory_Robust",0.608902245182548,0.608902245182548,0.895217961460383,0.895217961460383,0.475,0.215,0.26,0.463103998548705,0.359712230215827,0.636842105263158,"Consistent_3_of_3",1,0.26,0.475,1,FALSE,TRUE,"Other_Candidate","Other_Candidate",FALSE,TRUE,FALSE,FALSE,TRUE,FALSE,FALSE,FALSE,FALSE,NA,"Standard_candidate",TRUE,TRUE,"Other_Research_Candidate","Standard",2,0.40178044903651,0,0,0.40178044903651,0.610115785813892,0.717670673554764,318
483,"SKAP1",0.505099942834195,"Tier_3_Exploratory_Robust",0.608846924329424,0.608846924329424,1.17797539463539,1.17797539463539,0.34,0.122,0.218,0.351329140470061,0.289473684210526,0.474820143884892,"Consistent_3_of_3",1,0.218,0.34,1,FALSE,TRUE,"Other_Candidate","Other_Candidate",FALSE,TRUE,FALSE,FALSE,TRUE,FALSE,FALSE,FALSE,FALSE,NA,"Standard_candidate",TRUE,TRUE,"Other_Research_Candidate","Standard",2,0.401769384865885,0,0,0.401769384865885,0.574696423515298,0.690654077298827,319
445,"ACOT13",0.519702239999943,"Tier_3_Exploratory_Robust",0.608669923640786,0.608669923640786,1.04695938912629,1.04695938912629,0.391,0.143,0.248,0.385575878836588,0.284122562674095,0.523684210526316,"Consistent_3_of_3",1,0.248,0.391,1,FALSE,TRUE,"Other_Candidate","Other_Candidate",FALSE,TRUE,FALSE,FALSE,TRUE,FALSE,FALSE,FALSE,FALSE,NA,"Standard_candidate",TRUE,TRUE,"Other_Research_Candidate","Standard",2,0.401733984728157,0,0,0.401733984728157,0.590834473274275,0.700800977092236,320
274,"LRPAP1",0.582086491633824,"Tier_3_Exploratory_Robust",0.608369650110664,0.608369650110664,0.535757200885312,0.535757200885312,0.688,0.419,0.269,0.690122372121362,0.54874651810585,0.784210526315789,"Consistent_3_of_3",1,0.269,0.688,1,FALSE,TRUE,"Other_Candidate","Other_Candidate",FALSE,TRUE,FALSE,FALSE,TRUE,FALSE,FALSE,FALSE,FALSE,NA,"Standard_candidate",TRUE,TRUE,"Other_Research_Candidate","Standard",2,0.401673930022133,0,0,0.401673930022133,0.654329377538732,0.760110895033199,321
393,"EBP",0.538949184922537,"Tier_3_Exploratory_Robust",0.605041143259988,0.605041143259988,0.845129146079902,0.845129146079902,0.492,0.237,0.255,0.483091380582676,0.384892086330935,0.545961002785515,"Consistent_3_of_3",1,0.255,0.492,1,FALSE,TRUE,"Other_Candidate","Other_Candidate",FALSE,TRUE,FALSE,FALSE,TRUE,FALSE,FALSE,FALSE,FALSE,NA,"Standard_candidate",TRUE,TRUE,"Other_Research_Candidate","Standard",2,0.401008228651998,0,0,0.401008228651998,0.611164400140996,0.719912342977996,322
400,"PIGX",0.537164853952633,"Tier_3_Exploratory_Robust",0.60479778620325,0.60479778620325,0.852782289625999,0.852782289625999,0.477,0.213,0.264,0.472652606546928,0.309192200557103,0.644736842105263,"Consistent_3_of_3",1,0.264,0.477,1,FALSE,TRUE,"Other_Candidate","Other_Candidate",FALSE,TRUE,FALSE,FALSE,TRUE,FALSE,FALSE,FALSE,FALSE,NA,"Standard_candidate",TRUE,TRUE,"Other_Research_Candidate","Standard",2,0.40095955724065,0,0,0.40095955724065,0.609879225171137,0.716839335860975,323
380,"CTSA",0.542692958920957,"Tier_3_Exploratory_Robust",0.6042146338033,0.6042146338033,0.798517070426401,0.798517070426401,0.501,0.23,0.271,0.49489969086159,0.37883008356546,0.652631578947368,"Consistent_3_of_3",1,0.271,0.501,1,FALSE,TRUE,"Other_Candidate","Other_Candidate",FALSE,TRUE,FALSE,FALSE,TRUE,FALSE,FALSE,FALSE,FALSE,NA,"Standard_candidate",TRUE,TRUE,"Other_Research_Candidate","Standard",2,0.40084292676066,0,0,0.40084292676066,0.615875121831155,0.72146439014099,324
323,"ANAPC13",0.563713799059839,"Tier_3_Exploratory_Robust",0.603890063702166,0.603890063702166,0.624720509617326,0.624720509617326,0.604,0.329,0.275,0.602878031836369,0.554317548746518,0.65,"Consistent_3_of_3",1,0.275,0.604,1,FALSE,TRUE,"Other_Candidate","Other_Candidate",FALSE,TRUE,FALSE,FALSE,TRUE,FALSE,FALSE,FALSE,FALSE,NA,"Standard_candidate",TRUE,TRUE,"Other_Research_Candidate","Standard",2,0.400778012740433,0,0,0.400778012740433,0.637161522295758,0.74196701911065,325
324,"ERBB3",0.563551175421086,"Tier_3_Exploratory_Robust",0.603776613286227,0.603776613286227,0.639812906289814,0.639812906289814,0.632,0.395,0.237,0.62208012215063,0.442896935933148,0.865789473684211,"Consistent_3_of_3",1,0.237,0.632,1,FALSE,TRUE,"Other_Candidate","Other_Candidate",FALSE,TRUE,FALSE,FALSE,TRUE,FALSE,FALSE,FALSE,FALSE,NA,"Standard_candidate",TRUE,TRUE,"Other_Research_Candidate","Standard",2,0.400755322657245,0,0,0.400755322657245,0.635121814650179,0.747532983985868,326
385,"CTSZ",0.541652365964198,"Tier_3_Exploratory_Robust",0.602872958668175,0.602872958668175,0.803783669345402,0.803783669345402,0.525,0.288,0.237,0.535412326933644,0.264623955431755,0.694244604316547,"Consistent_3_of_3",1,0.237,0.525,1,FALSE,TRUE,"Other_Candidate","Other_Candidate",FALSE,TRUE,FALSE,FALSE,TRUE,FALSE,FALSE,FALSE,FALSE,NA,"Standard_candidate",TRUE,TRUE,"Other_Research_Candidate","Standard",2,0.400574591733635,0,0,0.400574591733635,0.613405535533861,0.725861887600453,327
370,"TIMMDC1",0.545900769553325,"Tier_3_Exploratory_Robust",0.602779485430415,0.602779485430415,0.76303588344332,0.76303588344332,0.536,0.285,0.251,0.519579785519188,0.356115107913669,0.678947368421053,"Consistent_3_of_3",1,0.251,0.536,1,FALSE,TRUE,"Other_Candidate","Other_Candidate",FALSE,TRUE,FALSE,FALSE,TRUE,FALSE,FALSE,FALSE,FALSE,NA,"Standard_candidate",TRUE,TRUE,"Other_Research_Candidate","Standard",2,0.400555897086083,0,0,0.400555897086083,0.618372819900645,0.728033845629125,328
360,"COQ4",0.549289438967515,"Tier_3_Exploratory_Robust",0.602396634108801,0.602396634108801,0.726373072870408,0.726373072870408,0.545,0.282,0.263,0.549570008265488,0.465181058495822,0.615107913669065,"Consistent_3_of_3",1,0.263,0.545,1,FALSE,TRUE,"Other_Candidate","Other_Candidate",FALSE,TRUE,FALSE,FALSE,TRUE,FALSE,FALSE,FALSE,FALSE,NA,"Standard_candidate",TRUE,TRUE,"Other_Research_Candidate","Standard",2,0.40047932682176,0,0,0.40047932682176,0.62243882193808,0.72971899023264,329
299,"ARMCX3",0.569628751520714,"Tier_3_Exploratory_Robust",0.602014947912523,0.602014947912523,0.560119583300181,0.560119583300181,0.65,0.39,0.26,0.646811458617888,0.526462395543176,0.773684210526316,"Consistent_3_of_3",1,0.26,0.65,1,FALSE,TRUE,"Other_Candidate","Other_Candidate",FALSE,TRUE,FALSE,FALSE,TRUE,FALSE,FALSE,FALSE,FALSE,NA,"Standard_candidate",TRUE,TRUE,"Other_Research_Candidate","Standard",2,0.400402989582505,0,0,0.400402989582505,0.642705231769383,0.750604484373757,330
378,"CAND1",0.544100510902339,"Tier_3_Exploratory_Robust",0.600967393986019,0.600967393986019,0.750139151888154,0.750139151888154,0.523,0.26,0.263,0.521824458040956,0.495821727019499,0.555263157894737,"Consistent_3_of_3",1,0.263,0.523,1,FALSE,TRUE,"Other_Candidate","Other_Candidate",FALSE,TRUE,FALSE,FALSE,TRUE,FALSE,FALSE,FALSE,FALSE,NA,"Standard_candidate",TRUE,TRUE,"Other_Research_Candidate","Standard",2,0.400193478797204,0,0,0.400193478797204,0.617538587895107,0.724890218195806,331
336,"C7orf50",0.55952923464396,"Tier_3_Exploratory_Robust",0.600657105999876,0.600657105999876,0.622856847999012,0.622856847999012,0.601,0.338,0.263,0.600437515403306,0.389972144846797,0.771052631578947,"Consistent_3_of_3",1,0.263,0.601,1,FALSE,TRUE,"Other_Candidate","Other_Candidate",FALSE,FALSE,TRUE,FALSE,TRUE,FALSE,FALSE,FALSE,FALSE,NA,"Standard_candidate",TRUE,TRUE,"Other_Research_Candidate","Standard",2,0.400131421199975,0,0,0.400131421199975,0.633029987099957,0.740397131799963,332
304,"RCN2",0.568306845456895,"Tier_3_Exploratory_Robust",0.599891896090088,0.599891896090088,0.547935168720707,0.547935168720707,0.656,0.405,0.251,0.651836829905669,0.618384401114206,0.718421052631579,"Consistent_3_of_3",1,0.251,0.656,1,FALSE,TRUE,"Other_Candidate","Other_Candidate",FALSE,TRUE,FALSE,FALSE,TRUE,FALSE,FALSE,FALSE,FALSE,NA,"Standard_candidate",TRUE,TRUE,"Other_Research_Candidate","Standard",2,0.399978379218018,0,0,0.399978379218018,0.641362163631531,0.751167568827026,333
373,"RAP1A",0.545239180439564,"Tier_3_Exploratory_Robust",0.599588150310803,0.599588150310803,0.743905202486425,0.743905202486425,0.57,0.357,0.213,0.555561889734657,0.381294964028777,0.688022284122563,"Consistent_3_of_3",1,0.213,0.57,1,FALSE,TRUE,"Other_Candidate","Other_Candidate",FALSE,TRUE,FALSE,FALSE,TRUE,FALSE,FALSE,FALSE,FALSE,NA,"Standard_candidate",TRUE,TRUE,"Other_Research_Candidate","Standard",2,0.399917630062161,0,0,0.399917630062161,0.616455852608781,0.733876445093241,334
359,"SEC61A1",0.54936149838363,"Tier_3_Exploratory_Robust",0.598632189432108,0.598632189432108,0.683457515456863,0.683457515456863,0.564,0.312,0.252,0.568587733536965,0.370473537604457,0.684210526315789,"Consistent_3_of_3",1,0.252,0.564,1,FALSE,TRUE,"Other_Candidate","Other_Candidate",FALSE,TRUE,FALSE,FALSE,TRUE,FALSE,FALSE,FALSE,FALSE,NA,"Standard_candidate",TRUE,TRUE,"Other_Research_Candidate","Standard",2,0.399726437886422,0,0,0.399726437886422,0.622721266301238,0.732389656829632,335
340,"SH3YL1",0.558742991361399,"Tier_3_Exploratory_Robust",0.598598661687446,0.598598661687446,0.609589293499569,0.609589293499569,0.614,0.366,0.248,0.593617309641511,0.37410071942446,0.713157894736842,"Consistent_3_of_3",1,0.248,0.614,1,FALSE,TRUE,"Other_Candidate","Other_Candidate",TRUE,FALSE,FALSE,FALSE,TRUE,FALSE,FALSE,FALSE,FALSE,NA,"Standard_candidate",TRUE,TRUE,"Other_Research_Candidate","Standard",2,0.399719732337489,0,0,0.399719732337489,0.631909531590606,0.742379598506234,336
402,"BRMS1",0.535872496499812,"Tier_3_Exploratory_Robust",0.597655721294375,0.597655721294375,0.790845770354998,0.790845770354998,0.521,0.298,0.223,0.503324600252359,0.338129496402878,0.728947368421053,"Consistent_3_of_3",1,0.223,0.521,1,FALSE,TRUE,"Other_Candidate","Other_Candidate",FALSE,TRUE,FALSE,FALSE,TRUE,FALSE,FALSE,FALSE,FALSE,NA,"Standard_candidate",TRUE,TRUE,"Other_Research_Candidate","Standard",2,0.399531144258875,0,0,0.399531144258875,0.607979502453031,0.723496716388313,337
422,"IFT27",0.526113549599941,"Tier_3_Exploratory_Robust",0.597548931742669,0.597548931742669,0.85399145394135,0.85399145394135,0.447,0.19,0.257,0.444942213653209,0.373259052924791,0.526315789473684,"Consistent_3_of_3",1,0.257,0.447,1,FALSE,TRUE,"Other_Candidate","Other_Candidate",FALSE,TRUE,FALSE,FALSE,TRUE,FALSE,FALSE,FALSE,FALSE,NA,"Standard_candidate",TRUE,TRUE,"Other_Research_Candidate","Standard",2,0.399509786348534,0,0,0.399509786348534,0.599942126109934,0.708664679522801,338
411,"MTX2",0.53384807361141,"Tier_3_Exploratory_Robust",0.596071596794882,0.596071596794882,0.784572774359052,0.784572774359052,0.51,0.28,0.23,0.497826960539763,0.363309352517986,0.58421052631579,"Consistent_3_of_3",1,0.23,0.51,1,FALSE,TRUE,"Other_Candidate","Other_Candidate",FALSE,TRUE,FALSE,FALSE,TRUE,FALSE,FALSE,FALSE,FALSE,NA,"Standard_candidate",TRUE,TRUE,"Other_Research_Candidate","Standard",2,0.399214319358976,0,0,0.399214319358976,0.606625058878209,0.720821479038465,339
320,"TMEM9",0.564658267431536,"Tier_3_Exploratory_Robust",0.595546577292612,0.595546577292612,0.524372618340899,0.524372618340899,0.652,0.404,0.248,0.649746023442205,0.590529247910863,0.718421052631579,"Consistent_3_of_3",1,0.248,0.652,1,FALSE,TRUE,"Other_Candidate","Other_Candidate",FALSE,TRUE,FALSE,FALSE,TRUE,FALSE,FALSE,FALSE,FALSE,NA,"Standard_candidate",TRUE,TRUE,"Other_Research_Candidate","Standard",2,0.399109315458522,0,0,0.399109315458522,0.638441302052414,0.749063973187784,340
338,"EGLN2",0.558924579812667,"Tier_3_Exploratory_Robust",0.594760898885414,0.594760898885414,0.56928719108331,0.56928719108331,0.642,0.416,0.226,0.627032014617012,0.485611510791367,0.810526315789474,"Consistent_3_of_3",1,0.226,0.642,1,FALSE,TRUE,"Other_Candidate","Other_Candidate",FALSE,FALSE,TRUE,FALSE,TRUE,FALSE,FALSE,FALSE,FALSE,NA,"Standard_candidate",TRUE,TRUE,"Other_Research_Candidate","Standard",2,0.398952179777083,0,0,0.398952179777083,0.631766314609895,0.746828269665624,341
383,"FBP1",0.542110982237213,"Tier_3_Exploratory_Robust",0.594464521776841,0.594464521776841,0.680516174214728,0.680516174214728,0.522,0.247,0.275,0.535374515224355,0.381578947368421,0.661870503597122,"Consistent_3_of_3",1,0.275,0.522,1,FALSE,TRUE,"Other_Candidate","Other_Candidate",TRUE,FALSE,FALSE,FALSE,TRUE,FALSE,FALSE,FALSE,FALSE,NA,"Standard_candidate",TRUE,TRUE,"Other_Research_Candidate","Standard",2,0.398892904355368,0,0,0.398892904355368,0.617462582621894,0.722739356533052,342
467,"DCAF7",0.509125774543357,"Tier_3_Exploratory_Robust",0.593947832996991,0.593947832996991,0.970782663975928,0.970782663975928,0.42,0.227,0.193,0.446445681748107,0.250696378830084,0.751798561151079,"Consistent_3_of_3",1,0.193,0.42,1,FALSE,TRUE,"Other_Candidate","Other_Candidate",FALSE,TRUE,FALSE,FALSE,TRUE,FALSE,FALSE,FALSE,FALSE,NA,"Standard_candidate",TRUE,TRUE,"Other_Research_Candidate","Standard",2,0.398789566599398,0,0,0.398789566599398,0.580481741548947,0.702184349899097,343
374,"TIMM17B",0.545165364361092,"Tier_3_Exploratory_Robust",0.593747811386121,0.593747811386121,0.661982491088967,0.661982491088967,0.567,0.329,0.238,0.572156905761126,0.403899721448468,0.657894736842105,"Consistent_3_of_3",1,0.238,0.567,1,FALSE,TRUE,"Other_Candidate","Other_Candidate",FALSE,TRUE,FALSE,FALSE,TRUE,FALSE,FALSE,FALSE,FALSE,NA,"Standard_candidate",TRUE,TRUE,"Other_Research_Candidate","Standard",2,0.398749562277224,0,0,0.398749562277224,0.618811733985142,0.731524343415836,344
356,"VDAC3",0.550097637697697,"Tier_3_Exploratory_Robust",0.592719304780876,0.592719304780876,0.61215443824701,0.61215443824701,0.599,0.367,0.232,0.585515742222232,0.420863309352518,0.740947075208914,"Consistent_3_of_3",1,0.232,0.599,1,FALSE,TRUE,"Other_Candidate","Other_Candidate",FALSE,TRUE,FALSE,FALSE,TRUE,FALSE,FALSE,FALSE,FALSE,NA,"Standard_candidate",TRUE,TRUE,"Other_Research_Candidate","Standard",2,0.398543860956175,0,0,0.398543860956175,0.623651756673307,0.737615791434263,345
463,"ARL2BP",0.510220695141613,"Tier_3_Exploratory_Robust",0.592579913886877,0.592579913886877,0.934239311095012,0.934239311095012,0.409,0.189,0.22,0.403543823788645,0.341726618705036,0.437325905292479,"Consistent_3_of_3",1,0.22,0.409,1,FALSE,TRUE,"Other_Candidate","Other_Candidate",FALSE,TRUE,FALSE,FALSE,TRUE,FALSE,FALSE,FALSE,FALSE,NA,"Standard_candidate",TRUE,TRUE,"Other_Research_Candidate","Standard",2,0.398515982777375,0,0,0.398515982777375,0.583202969860407,0.699573974166063,346
328,"GRINA",0.562317944159593,"Tier_3_Exploratory_Robust",0.592031443285039,0.592031443285039,0.510651546280311,0.510651546280311,0.671,0.451,0.22,0.661626898451917,0.540389972144847,0.847368421052632,"Consistent_3_of_3",1,0.22,0.671,1,FALSE,TRUE,"Other_Candidate","Other_Candidate",FALSE,TRUE,FALSE,FALSE,TRUE,FALSE,FALSE,FALSE,FALSE,NA,"Standard_candidate",TRUE,TRUE,"Other_Research_Candidate","Standard",2,0.398406288657008,0,0,0.398406288657008,0.635411005149764,0.751809432985512,347
427,"RBBP4",0.525011588841574,"Tier_3_Exploratory_Robust",0.591657605272321,0.591657605272321,0.811660842178567,0.811660842178567,0.499,0.297,0.202,0.482076616964748,0.273381294964029,0.6991643454039,"Consistent_3_of_3",1,0.202,0.499,1,FALSE,TRUE,"Other_Candidate","Other_Candidate",FALSE,TRUE,FALSE,FALSE,TRUE,FALSE,FALSE,FALSE,FALSE,NA,"Standard_candidate",TRUE,TRUE,"Other_Research_Candidate","Standard",2,0.398331521054464,0,0,0.398331521054464,0.597280161845312,0.717297281581696,348
435,"KRR1",0.523229492012604,"Tier_3_Exploratory_Robust",0.591418295636386,0.591418295636386,0.822546365091087,0.822546365091087,0.49,0.287,0.203,0.471355125253265,0.258992805755396,0.615598885793872,"Consistent_3_of_3",1,0.203,0.49,1,FALSE,TRUE,"Other_Candidate","Other_Candidate",FALSE,FALSE,TRUE,FALSE,TRUE,FALSE,FALSE,FALSE,FALSE,NA,"Standard_candidate",TRUE,TRUE,"Other_Research_Candidate","Standard",2,0.398283659127277,0,0,0.398283659127277,0.595596403472735,0.715425488690916,349
560,"RXRA",0.472594871612122,"Tier_4_Exploratory",0.5901780216641,0.5901780216641,1.2270241733128,1.2270241733128,0.268,0.102,0.166,0.271061702170297,0.25,0.298561151079137,"Consistent_3_of_3",1,0.166,0.268,1,FALSE,TRUE,"Other_Candidate","Other_Candidate",FALSE,TRUE,FALSE,FALSE,TRUE,FALSE,FALSE,FALSE,FALSE,NA,"Standard_candidate",TRUE,TRUE,"Other_Research_Candidate","Standard",2,0.39803560433282,0,0,0.39803560433282,0.543362307582435,0.67065340649923,350
437,"RETREG2",0.522705821544129,"Tier_3_Exploratory_Robust",0.589835534238039,0.589835534238039,0.798684273904314,0.798684273904314,0.476,0.252,0.224,0.478692952396623,0.440111420612813,0.514388489208633,"Consistent_3_of_3",1,0.224,0.476,1,FALSE,TRUE,"Other_Candidate","Other_Candidate",FALSE,TRUE,FALSE,FALSE,TRUE,FALSE,FALSE,FALSE,FALSE,NA,"Standard_candidate",TRUE,TRUE,"Other_Research_Candidate","Standard",2,0.397967106847608,0,0,0.397967106847608,0.596442436983314,0.712150660271412,351
352,"METTL5",0.551388531815924,"Tier_3_Exploratory_Robust",0.588807819194574,0.588807819194574,0.548862553556596,0.548862553556596,0.608,0.365,0.243,0.600150508533212,0.517985611510791,0.647368421052632,"Consistent_3_of_3",1,0.243,0.608,1,FALSE,TRUE,"Other_Candidate","Other_Candidate",TRUE,FALSE,FALSE,FALSE,TRUE,FALSE,FALSE,FALSE,FALSE,NA,"Standard_candidate",TRUE,TRUE,"Other_Research_Candidate","Standard",2,0.397761563838915,0,0,0.397761563838915,0.626282736718101,0.738242345758372,352
430,"PAGR1",0.524091765720574,"Tier_3_Exploratory_Robust",0.585552756650747,0.585552756650747,0.732422053205977,0.732422053205977,0.491,0.262,0.229,0.473305073870826,0.284172661870504,0.58421052631579,"Consistent_3_of_3",1,0.229,0.491,1,FALSE,TRUE,"Other_Candidate","Other_Candidate",FALSE,TRUE,FALSE,FALSE,TRUE,FALSE,FALSE,FALSE,FALSE,NA,"Standard_candidate",TRUE,TRUE,"Other_Research_Candidate","Standard",2,0.397110551330149,0,0,0.397110551330149,0.598943464827761,0.713865826995224,353
364,"RNF5",0.548849166476688,"Tier_3_Exploratory_Robust",0.584750933739891,0.584750933739891,0.519607469919131,0.519607469919131,0.608,0.367,0.241,0.603555460865145,0.540389972144847,0.694736842105263,"Consistent_3_of_3",1,0.241,0.608,1,FALSE,TRUE,"Other_Candidate","Other_Candidate",FALSE,TRUE,FALSE,FALSE,TRUE,FALSE,FALSE,FALSE,FALSE,NA,"Standard_candidate",TRUE,TRUE,"Other_Research_Candidate","Standard",2,0.396950186747978,0,0,0.396950186747978,0.624462826808962,0.737025280121967,354
465,"MPC1",0.509519257490005,"Tier_3_Exploratory_Robust",0.584062681932483,0.584062681932483,0.850101455459866,0.850101455459866,0.459,0.279,0.18,0.451727965230806,0.330935251798561,0.676880222841226,"Consistent_3_of_3",1,0.18,0.459,1,FALSE,TRUE,"Other_Candidate","Other_Candidate",FALSE,TRUE,FALSE,FALSE,TRUE,FALSE,FALSE,FALSE,FALSE,NA,"Standard_candidate",TRUE,TRUE,"Other_Research_Candidate","Standard",2,0.396812536386497,0,0,0.396812536386497,0.582221938676369,0.707018804579745,355
416,"HEXIM1",0.529950668261732,"Tier_3_Exploratory_Robust",0.582398544681756,0.582398544681756,0.638388357454048,0.638388357454048,0.514,0.265,0.249,0.501354506484242,0.341726618705036,0.651810584958217,"Consistent_3_of_3",1,0.249,0.514,1,FALSE,TRUE,"Other_Candidate","Other_Candidate",FALSE,FALSE,TRUE,FALSE,TRUE,FALSE,FALSE,FALSE,FALSE,NA,"Standard_candidate",TRUE,TRUE,"Other_Research_Candidate","Standard",2,0.396479708936351,0,0,0.396479708936351,0.606439490638615,0.717519563404527,356
475,"GOSR2",0.506988816378854,"Tier_3_Exploratory_Robust",0.579931382670146,0.579931382670146,0.801051061361165,0.801051061361165,0.424,0.199,0.225,0.425232873369974,0.306406685236769,0.505263157894737,"Consistent_3_of_3",1,0.225,0.424,1,FALSE,TRUE,"Other_Candidate","Other_Candidate",FALSE,TRUE,FALSE,FALSE,TRUE,FALSE,FALSE,FALSE,FALSE,NA,"Standard_candidate",TRUE,TRUE,"Other_Research_Candidate","Standard",2,0.395986276534029,0,0,0.395986276534029,0.582775983934551,0.698779414801044,357
466,"STARD7",0.509488912869113,"Tier_3_Exploratory_Robust",0.579750395187469,0.579750395187469,0.780403161499755,0.780403161499755,0.44,0.219,0.221,0.43384807181377,0.363309352517986,0.501392757660167,"Consistent_3_of_3",1,0.221,0.44,1,FALSE,TRUE,"Other_Candidate","Other_Candidate",FALSE,TRUE,FALSE,FALSE,TRUE,FALSE,FALSE,FALSE,FALSE,NA,"Standard_candidate",TRUE,TRUE,"Other_Research_Candidate","Standard",2,0.395950079037494,0,0,0.395950079037494,0.585112638315614,0.701925118556241,358
497,"AKT2",0.500741685058086,"Tier_3_Exploratory_Robust",0.578759024771908,0.578759024771908,0.842872198175263,0.842872198175263,0.408,0.199,0.209,0.404732879874081,0.33983286908078,0.489473684210526,"Consistent_3_of_3",1,0.209,0.408,1,FALSE,TRUE,"Other_Candidate","Other_Candidate",TRUE,FALSE,FALSE,FALSE,TRUE,FALSE,FALSE,FALSE,FALSE,NA,"Standard_candidate",TRUE,TRUE,"Other_Research_Candidate","Standard",2,0.395751804954382,0,0,0.395751804954382,0.575965658670168,0.695227707431572,359
459,"SYS1",0.512505178971556,"Tier_3_Exploratory_Robust",0.577787078077611,0.577787078077611,0.732696624620891,0.732696624620891,0.462,0.243,0.219,0.45122470561888,0.356115107913669,0.613157894736842,"Consistent_3_of_3",1,0.219,0.462,1,FALSE,TRUE,"Other_Candidate","Other_Candidate",FALSE,TRUE,FALSE,FALSE,TRUE,FALSE,FALSE,FALSE,FALSE,NA,"Standard_candidate",TRUE,TRUE,"Other_Research_Candidate","Standard",2,0.395557415615522,0,0,0.395557415615522,0.588425477327164,0.705736123423283,360
484,"POLR2C",0.504963778364483,"Tier_3_Exploratory_Robust",0.577530913504522,0.577530913504522,0.786647308036177,0.786647308036177,0.419,0.192,0.227,0.416098453886063,0.275766016713092,0.555263157894737,"Consistent_3_of_3",1,0.227,0.419,1,FALSE,TRUE,"Other_Candidate","Other_Candidate",FALSE,TRUE,FALSE,FALSE,TRUE,FALSE,FALSE,FALSE,FALSE,NA,"Standard_candidate",TRUE,TRUE,"Other_Research_Candidate","Standard",2,0.395506182700904,0,0,0.395506182700904,0.581335819726583,0.697059274051357,361
419,"FAM120A",0.52743881477228,"Tier_3_Exploratory_Robust",0.577304526603425,0.577304526603425,0.6040362128274,0.6040362128274,0.532,0.305,0.227,0.529905669365695,0.401114206128134,0.652631578947368,"Consistent_3_of_3",1,0.227,0.532,1,FALSE,TRUE,"Other_Candidate","Other_Candidate",FALSE,FALSE,TRUE,FALSE,TRUE,FALSE,FALSE,FALSE,FALSE,NA,"Standard_candidate",TRUE,TRUE,"Other_Research_Candidate","Standard",2,0.395460905320685,0,0,0.395460905320685,0.603856584311199,0.719591357981028,362
481,"M6PR",0.505137190629093,"Tier_3_Exploratory_Robust",0.577120421981854,0.577120421981854,0.788163375854833,0.788163375854833,0.436,0.229,0.207,0.423053400118199,0.284172661870504,0.494736842105263,"Consistent_3_of_3",1,0.207,0.436,1,FALSE,TRUE,"Other_Candidate","Other_Candidate",FALSE,TRUE,FALSE,FALSE,TRUE,FALSE,FALSE,FALSE,FALSE,NA,"Standard_candidate",TRUE,TRUE,"Other_Research_Candidate","Standard",2,0.395424084396371,0,0,0.395424084396371,0.580592147693649,0.700336126594556,363
405,"TSG101",0.535765617205766,"Tier_3_Exploratory_Robust",0.577081339074848,0.577081339074848,0.538250712598783,0.538250712598783,0.581,0.363,0.218,0.572156290507837,0.47841726618705,0.644736842105263,"Consistent_3_of_3",1,0.218,0.581,1,FALSE,TRUE,"Other_Candidate","Other_Candidate",FALSE,TRUE,FALSE,FALSE,TRUE,FALSE,FALSE,FALSE,FALSE,NA,"Standard_candidate",TRUE,TRUE,"Other_Research_Candidate","Standard",2,0.39541626781497,0,0,0.39541626781497,0.611778468676197,0.729324401722454,364
426,"ERGIC1",0.52506055401323,"Tier_3_Exploratory_Robust",0.576891004192838,0.576891004192838,0.626328033542703,0.626328033542703,0.537,0.331,0.206,0.538536143669729,0.264623955431755,0.739473684210526,"Consistent_3_of_3",1,0.206,0.537,1,FALSE,TRUE,"Other_Candidate","Other_Candidate",FALSE,TRUE,FALSE,FALSE,TRUE,FALSE,FALSE,FALSE,FALSE,NA,"Standard_candidate",TRUE,TRUE,"Other_Research_Candidate","Standard",2,0.395378200838568,0,0,0.395378200838568,0.600511851467493,0.720467301257852,365
418,"KCNK6",0.528127836314377,"Tier_3_Exploratory_Robust",0.575020109195106,0.575020109195106,0.576160873560849,0.576160873560849,0.553,0.341,0.212,0.561699568654708,0.253481894150418,0.715827338129496,"Consistent_3_of_3",1,0.212,0.553,1,FALSE,TRUE,"Other_Candidate","Other_Candidate",FALSE,TRUE,FALSE,FALSE,TRUE,FALSE,FALSE,FALSE,FALSE,NA,"Standard_candidate",TRUE,TRUE,"Other_Research_Candidate","Standard",2,0.395004021839021,0,0,0.395004021839021,0.604257038218287,0.723106032758532,366
505,"CCDC91",0.496803929324728,"Tier_4_Exploratory",0.574433311886086,0.574433311886086,0.825866495088685,0.825866495088685,0.41,0.214,0.196,0.402308043610559,0.31294964028777,0.462395543175487,"Consistent_3_of_3",1,0.196,0.41,1,FALSE,TRUE,"Other_Candidate","Other_Candidate",FALSE,TRUE,FALSE,FALSE,TRUE,FALSE,FALSE,FALSE,FALSE,NA,"Standard_candidate",TRUE,TRUE,"Other_Research_Candidate","Standard",2,0.394886662377217,0,0,0.394886662377217,0.57225165916013,0.694329993565826,367
432,"ANAPC5",0.523827258263158,"Tier_3_Exploratory_Robust",0.574384993981076,0.574384993981076,0.598279951848608,0.598279951848608,0.525,0.302,0.223,0.512985817181177,0.402877697841727,0.673684210526316,"Consistent_3_of_3",1,0.223,0.525,1,FALSE,TRUE,"Other_Candidate","Other_Candidate",FALSE,TRUE,FALSE,FALSE,TRUE,FALSE,FALSE,FALSE,FALSE,NA,"Standard_candidate",TRUE,TRUE,"Other_Research_Candidate","Standard",2,0.394876998796215,0,0,0.394876998796215,0.600634747893377,0.717315498194323,368
415,"FIBP",0.531319571354295,"Tier_3_Exploratory_Robust",0.574099324771254,0.574099324771254,0.541594598170034,0.541594598170034,0.576,0.37,0.206,0.557699596077426,0.39568345323741,0.828947368421053,"Consistent_3_of_3",1,0.206,0.576,1,FALSE,TRUE,"Other_Candidate","Other_Candidate",FALSE,TRUE,FALSE,FALSE,TRUE,FALSE,FALSE,FALSE,FALSE,NA,"Standard_candidate",TRUE,TRUE,"Other_Research_Candidate","Standard",2,0.394819864954251,0,0,0.394819864954251,0.607334763669939,0.727429797431376,369
524,"FBXL15",0.490305959209229,"Tier_4_Exploratory",0.571628973828415,0.571628973828415,0.848231790627319,0.848231790627319,0.395,0.212,0.183,0.393795979196704,0.334210526315789,0.487465181058496,"Consistent_3_of_3",1,0.183,0.395,1,FALSE,TRUE,"Other_Candidate","Other_Candidate",FALSE,TRUE,FALSE,FALSE,TRUE,FALSE,FALSE,FALSE,FALSE,NA,"Standard_candidate",TRUE,TRUE,"Other_Research_Candidate","Standard",2,0.394325794765683,0,0,0.394325794765683,0.565670140839945,0.690488692148525,370
551,"SMARCA2",0.481000561419574,"Tier_4_Exploratory",0.571619195069247,0.571619195069247,0.920153560553976,0.920153560553976,0.344,0.155,0.189,0.347043690366575,0.297368421052632,0.373259052924791,"Consistent_3_of_3",1,0.189,0.344,1,FALSE,TRUE,"Other_Candidate","Other_Candidate",FALSE,TRUE,FALSE,FALSE,TRUE,FALSE,FALSE,FALSE,FALSE,NA,"Standard_candidate",TRUE,TRUE,"Other_Research_Candidate","Standard",2,0.394323839013849,0,0,0.394323839013849,0.556666718274236,0.680285758520774,371
451,"PDZD11",0.516865105313518,"Tier_3_Exploratory_Robust",0.571554961976765,0.571554961976765,0.618839695814119,0.618839695814119,0.498,0.275,0.223,0.486945749074395,0.392086330935252,0.634210526315789,"Consistent_3_of_3",1,0.223,0.498,1,FALSE,TRUE,"Other_Candidate","Other_Candidate",FALSE,TRUE,FALSE,FALSE,TRUE,FALSE,FALSE,FALSE,FALSE,NA,"Standard_candidate",TRUE,TRUE,"Other_Research_Candidate","Standard",2,0.394310992395353,0,0,0.394310992395353,0.594244236691868,0.71106648859303,372
515,"SLC22A18",0.494150242761475,"Tier_4_Exploratory",0.570893968634407,0.570893968634407,0.800751749075252,0.800751749075252,0.402,0.2,0.202,0.402119178429431,0.37883008356546,0.421052631578947,"Consistent_3_of_3",1,0.202,0.402,1,FALSE,TRUE,"Other_Candidate","Other_Candidate",FALSE,TRUE,FALSE,FALSE,TRUE,FALSE,FALSE,FALSE,FALSE,NA,"Standard_candidate",TRUE,TRUE,"Other_Research_Candidate","Standard",2,0.394178793726881,0,0,0.394178793726881,0.570612889022042,0.691668190590322,373
431,"NUCB1",0.524062664951677,"Tier_3_Exploratory_Robust",0.57082589181491,0.57082589181491,0.557007134519277,0.557007134519277,0.545,0.334,0.211,0.523369763359522,0.316546762589928,0.760526315789474,"Consistent_3_of_3",1,0.211,0.545,1,FALSE,TRUE,"Other_Candidate","Other_Candidate",FALSE,TRUE,FALSE,FALSE,TRUE,FALSE,FALSE,FALSE,FALSE,NA,"Standard_candidate",TRUE,TRUE,"Other_Research_Candidate","Standard",2,0.394165178362982,0,0,0.394165178362982,0.600989062135219,0.720247767544473,374
544,"OIP5-AS1",0.484063854176326,"Tier_4_Exploratory",0.568201193085262,0.568201193085262,0.856009544682094,0.856009544682094,0.374,0.192,0.182,0.366568138247063,0.273381294964029,0.476323119777159,"Consistent_3_of_3",1,0.182,0.374,1,FALSE,TRUE,"Other_Candidate","Other_Candidate",FALSE,FALSE,TRUE,FALSE,TRUE,FALSE,FALSE,FALSE,FALSE,NA,"Standard_candidate",TRUE,TRUE,"Other_Research_Candidate","Standard",2,0.393640238617052,0,0,0.393640238617052,0.560070417579842,0.685260357925579,375
471,"POLR3K",0.50803982240223,"Tier_3_Exploratory_Robust",0.565349641130941,0.565349641130941,0.61079712904753,0.61079712904753,0.468,0.241,0.227,0.460224050637807,0.342618384401114,0.631578947368421,"Consistent_3_of_3",1,0.227,0.468,1,FALSE,TRUE,"Other_Candidate","Other_Candidate",FALSE,TRUE,FALSE,FALSE,TRUE,FALSE,FALSE,FALSE,FALSE,NA,"Standard_candidate",TRUE,TRUE,"Other_Research_Candidate","Standard",2,0.393069928226188,0,0,0.393069928226188,0.586872374395829,0.703204892339282,376
457,"AK1",0.513616413728206,"Tier_3_Exploratory_Robust",0.563948516292041,0.563948516292041,0.553188130336329,0.553188130336329,0.508,0.292,0.216,0.516269511879135,0.384401114206128,0.622302158273381,"Consistent_3_of_3",1,0.216,0.508,1,FALSE,TRUE,"Other_Candidate","Other_Candidate",TRUE,FALSE,FALSE,FALSE,TRUE,FALSE,FALSE,FALSE,FALSE,NA,"Standard_candidate",TRUE,TRUE,"Other_Research_Candidate","Standard",2,0.392789703258408,0,0,0.392789703258408,0.592181980702214,0.710784554887612,377
492,"CCS",0.502866201419928,"Tier_3_Exploratory_Robust",0.562317671089791,0.562317671089791,0.615341368718326,0.615341368718326,0.452,0.227,0.225,0.442354739577346,0.309192200557103,0.647368421052632,"Consistent_3_of_3",1,0.225,0.452,1,FALSE,TRUE,"Other_Candidate","Other_Candidate",FALSE,FALSE,TRUE,FALSE,TRUE,FALSE,FALSE,FALSE,FALSE,NA,"Standard_candidate",TRUE,TRUE,"Other_Research_Candidate","Standard",2,0.392463534217958,0,0,0.392463534217958,0.582211184881427,0.699095301326937,378
533,"THAP7",0.48758748409147,"Tier_4_Exploratory",0.562175064977577,0.562175064977577,0.748600519820618,0.748600519820618,0.4,0.207,0.193,0.392729094835845,0.316546762589928,0.460526315789474,"Consistent_3_of_3",1,0.193,0.4,1,FALSE,TRUE,"Other_Candidate","Other_Candidate",FALSE,TRUE,FALSE,FALSE,TRUE,FALSE,FALSE,FALSE,FALSE,NA,"Standard_candidate",TRUE,TRUE,"Other_Research_Candidate","Standard",2,0.392435012995515,0,0,0.392435012995515,0.565361272742152,0.688652519493273,379
529,"ARFGAP2",0.489336505792531,"Tier_4_Exploratory",0.560633413232447,0.560633413232447,0.712267305859576,0.712267305859576,0.407,0.206,0.201,0.402927480622158,0.35933147632312,0.478947368421053,"Consistent_3_of_3",1,0.201,0.407,1,FALSE,TRUE,"Other_Candidate","Other_Candidate",FALSE,TRUE,FALSE,FALSE,TRUE,FALSE,FALSE,FALSE,FALSE,NA,"Standard_candidate",TRUE,TRUE,"Other_Research_Candidate","Standard",2,0.392126682646489,0,0,0.392126682646489,0.567821694631356,0.689590023969734,380
549,"GET1",0.482200997693903,"Tier_4_Exploratory",0.560116180232443,0.560116180232443,0.770529441859541,0.770529441859541,0.387,0.205,0.182,0.377449437605758,0.26978417266187,0.444736842105263,"Consistent_3_of_3",1,0.182,0.387,1,FALSE,TRUE,"Other_Candidate","Other_Candidate",FALSE,TRUE,FALSE,FALSE,TRUE,FALSE,FALSE,FALSE,FALSE,NA,"Standard_candidate",TRUE,TRUE,"Other_Research_Candidate","Standard",2,0.392023236046489,0,0,0.392023236046489,0.559840663081355,0.685434854069733,381
532,"MMAB",0.487671775378155,"Tier_4_Exploratory",0.559429172413802,0.559429172413802,0.705833379310415,0.705833379310415,0.393,0.18,0.213,0.384634295202747,0.302158273381295,0.486842105263158,"Consistent_3_of_3",1,0.213,0.393,1,FALSE,TRUE,"Other_Candidate","Other_Candidate",FALSE,TRUE,FALSE,FALSE,TRUE,FALSE,FALSE,FALSE,FALSE,NA,"Standard_candidate",TRUE,TRUE,"Other_Research_Candidate","Standard",2,0.39188583448276,0,0,0.39188583448276,0.567000210344831,0.686428751724141,382
494,"CRELD2",0.501805401119143,"Tier_3_Exploratory_Robust",0.559308927288439,0.559308927288439,0.591271418307511,0.591271418307511,0.464,0.251,0.213,0.463142847399254,0.289693593314763,0.610526315789474,"Consistent_3_of_3",1,0.213,0.464,1,FALSE,TRUE,"Other_Candidate","Other_Candidate",FALSE,TRUE,FALSE,FALSE,TRUE,FALSE,FALSE,FALSE,FALSE,NA,"Standard_candidate",TRUE,TRUE,"Other_Research_Candidate","Standard",2,0.391861785457688,0,0,0.391861785457688,0.581158124550954,0.700592678186532,383
509,"DST",0.49587764858354,"Tier_4_Exploratory",0.558624582157118,0.558624582157118,0.625796657256942,0.625796657256942,0.428,0.204,0.224,0.427561677384379,0.423684210526316,0.434540389972145,"Consistent_3_of_3",1,0.224,0.428,1,FALSE,TRUE,"Other_Candidate","Other_Candidate",FALSE,TRUE,FALSE,FALSE,TRUE,FALSE,FALSE,FALSE,FALSE,NA,"Standard_candidate",TRUE,TRUE,"Other_Research_Candidate","Standard",2,0.391724916431424,0,0,0.391724916431424,0.575918603754991,0.693187374647135,384
480,"STIP1",0.505403619467264,"Tier_3_Exploratory_Robust",0.557856401314072,0.557856401314072,0.546051210512574,0.546051210512574,0.489,0.28,0.209,0.478593791145064,0.33983286908078,0.689473684210526,"Consistent_3_of_3",1,0.209,0.489,1,FALSE,TRUE,"Other_Candidate","Other_Candidate",FALSE,FALSE,TRUE,FALSE,TRUE,FALSE,FALSE,FALSE,FALSE,NA,"Standard_candidate",TRUE,TRUE,"Other_Research_Candidate","Standard",2,0.391571280262814,0,0,0.391571280262814,0.584849740459925,0.705156920394222,385
518,"KCNQ1OT1",0.492677189470927,"Tier_4_Exploratory",0.557536776698397,0.557536776698397,0.750658737848571,0.750658737848571,0.454,0.282,0.172,0.477133461095074,0.267409470752089,0.748201438848921,"Consistent_3_of_3",1,0.172,0.454,0.923362896448837,FALSE,TRUE,"Other_Candidate","Other_Candidate",FALSE,FALSE,TRUE,FALSE,TRUE,FALSE,FALSE,FALSE,FALSE,NA,"Standard_candidate",TRUE,TRUE,"Other_Research_Candidate","Standard",2,0.391507355339679,0,0,0.391507355339679,0.570337871844439,0.686565467476845,386
488,"ERG28",0.504174122628249,"Tier_3_Exploratory_Robust",0.55689715273285,0.55689715273285,0.543177221862797,0.543177221862797,0.484,0.273,0.211,0.473629628770228,0.363309352517986,0.539473684210526,"Consistent_3_of_3",1,0.211,0.484,1,FALSE,TRUE,"Other_Candidate","Other_Candidate",FALSE,TRUE,FALSE,FALSE,TRUE,FALSE,FALSE,FALSE,FALSE,NA,"Standard_candidate",TRUE,TRUE,"Other_Research_Candidate","Standard",2,0.39137943054657,0,0,0.39137943054657,0.583914003456497,0.703869145819855,387
603,"DCTN1",0.454893418575377,"Tier_4_Exploratory",0.555754554848763,0.555754554848763,0.943636438790102,0.943636438790102,0.279,0.119,0.16,0.279600732256886,0.252631578947368,0.309192200557103,"Consistent_3_of_3",1,0.16,0.279,1,FALSE,TRUE,"Other_Candidate","Other_Candidate",FALSE,TRUE,FALSE,FALSE,TRUE,FALSE,FALSE,FALSE,FALSE,NA,"Standard_candidate",TRUE,TRUE,"Other_Research_Candidate","Standard",2,0.391150910969753,0,0,0.391150910969753,0.532314094197067,0.662526366454629,388
523,"PARL",0.490618555431512,"Tier_4_Exploratory",0.553897889342454,0.553897889342454,0.618383114739628,0.618383114739628,0.432,0.231,0.201,0.418989370884175,0.31294964028777,0.623684210526316,"Consistent_3_of_3",1,0.201,0.432,1,FALSE,TRUE,"Other_Candidate","Other_Candidate",FALSE,TRUE,FALSE,FALSE,TRUE,FALSE,FALSE,FALSE,FALSE,NA,"Standard_candidate",TRUE,TRUE,"Other_Research_Candidate","Standard",2,0.390779577868491,0,0,0.390779577868491,0.570464261269859,0.692569366802736,389
565,"COPG1",0.470511339709207,"Tier_4_Exploratory",0.553341330315021,0.553341330315021,0.781930642520165,0.781930642520165,0.351,0.174,0.177,0.354466633407832,0.250696378830084,0.410071942446043,"Consistent_3_of_3",1,0.177,0.351,1,FALSE,TRUE,"Other_Candidate","Other_Candidate",FALSE,TRUE,FALSE,FALSE,TRUE,FALSE,FALSE,FALSE,FALSE,NA,"Standard_candidate",TRUE,TRUE,"Other_Research_Candidate","Standard",2,0.390668266063004,0,0,0.390668266063004,0.549269465610257,0.676202399094506,390
527,"GSTO2",0.489539304929824,"Tier_4_Exploratory",0.553210830461519,0.553210830461519,0.620886643692154,0.620886643692154,0.433,0.238,0.195,0.434863046375684,0.328947368421053,0.540389972144847,"Consistent_3_of_3",1,0.195,0.433,1,FALSE,TRUE,"Other_Candidate","Other_Candidate",FALSE,FALSE,TRUE,FALSE,TRUE,FALSE,FALSE,FALSE,FALSE,NA,"Standard_candidate",TRUE,TRUE,"Other_Research_Candidate","Standard",2,0.390642166092304,0,0,0.390642166092304,0.569223790661532,0.692563249138456,391
543,"ENDOV",0.484508012727385,"Tier_4_Exploratory",0.551614261355639,0.551614261355639,0.643314090845108,0.643314090845108,0.416,0.226,0.19,0.410421107477015,0.359712230215827,0.481578947368421,"Consistent_3_of_3",1,0.19,0.416,1,FALSE,TRUE,"Other_Candidate","Other_Candidate",FALSE,FALSE,TRUE,FALSE,TRUE,FALSE,FALSE,FALSE,FALSE,NA,"Standard_candidate",TRUE,TRUE,"Other_Research_Candidate","Standard",2,0.390322852271128,0,0,0.390322852271128,0.564264991474474,0.688684278406692,392
547,"EBAG9",0.483561810967527,"Tier_4_Exploratory",0.551349398904379,0.551349398904379,0.649195191235029,0.649195191235029,0.415,0.229,0.186,0.399543271115405,0.255395683453237,0.589473684210526,"Consistent_3_of_3",1,0.186,0.415,1,FALSE,TRUE,"Other_Candidate","Other_Candidate",FALSE,TRUE,FALSE,FALSE,TRUE,FALSE,FALSE,FALSE,FALSE,NA,"Standard_candidate",TRUE,TRUE,"Other_Research_Candidate","Standard",2,0.390269879780876,0,0,0.390269879780876,0.563172289616533,0.688404819671314,393
585,"MTUS1",0.463979876936461,"Tier_4_Exploratory",0.55074805962358,0.55074805962358,0.801184476988638,0.801184476988638,0.324,0.145,0.179,0.316373647893004,0.255395683453237,0.426315789473684,"Consistent_3_of_3",1,0.179,0.324,1,FALSE,TRUE,"Other_Candidate","Other_Candidate",FALSE,TRUE,FALSE,FALSE,TRUE,FALSE,FALSE,FALSE,FALSE,NA,"Standard_candidate",TRUE,TRUE,"Other_Research_Candidate","Standard",2,0.390149611924716,0,0,0.390149611924716,0.543361820868253,0.670024417887074,394
559,"GFPT1",0.476500161595256,"Tier_4_Exploratory",0.549063766052251,0.549063766052251,0.680510128418004,0.680510128418004,0.392,0.214,0.178,0.402941983021119,0.323119777158774,0.525179856115108,"Consistent_3_of_3",1,0.178,0.392,1,FALSE,TRUE,"Other_Candidate","Other_Candidate",TRUE,FALSE,FALSE,FALSE,TRUE,FALSE,FALSE,FALSE,FALSE,NA,"Standard_candidate",TRUE,TRUE,"Other_Research_Candidate","Standard",2,0.38981275321045,0,0,0.38981275321045,0.556172318118288,0.683119129815675,395
548,"CCZ1",0.482865245920586,"Tier_4_Exploratory",0.547913538297811,0.547913538297811,0.604108306382486,0.604108306382486,0.406,0.2,0.206,0.408683104828262,0.317548746518106,0.455263157894737,"Consistent_3_of_3",1,0.206,0.406,1,FALSE,TRUE,"Other_Candidate","Other_Candidate",FALSE,TRUE,FALSE,FALSE,TRUE,FALSE,FALSE,FALSE,FALSE,NA,"Standard_candidate",TRUE,TRUE,"Other_Research_Candidate","Standard",2,0.389582707659562,0,0,0.389582707659562,0.564169738404234,0.685574061489343,396
511,"TMED7",0.495519343594494,"Tier_4_Exploratory",0.547558637164292,0.547558637164292,0.500469097314336,0.500469097314336,0.474,0.273,0.201,0.459572761084491,0.323741007194245,0.631578947368421,"Consistent_3_of_3",1,0.201,0.474,1,FALSE,TRUE,"Other_Candidate","Other_Candidate",FALSE,TRUE,FALSE,FALSE,TRUE,FALSE,FALSE,FALSE,FALSE,NA,"Standard_candidate",TRUE,TRUE,"Other_Research_Candidate","Standard",2,0.389511727432858,0,0,0.389511727432858,0.576645523007502,0.699067591149288,397
589,"FBXL5",0.461541654077874,"Tier_4_Exploratory",0.546783825056283,0.546783825056283,0.777470600450265,0.777470600450265,0.334,0.17,0.164,0.33314555802946,0.284210526315789,0.409470752089136,"Consistent_3_of_3",1,0.164,0.334,1,FALSE,TRUE,"Other_Candidate","Other_Candidate",FALSE,TRUE,FALSE,FALSE,TRUE,FALSE,FALSE,FALSE,FALSE,NA,"Standard_candidate",TRUE,TRUE,"Other_Research_Candidate","Standard",2,0.389356765011257,0,0,0.389356765011257,0.540974338769699,0.670835147516885,398
568,"DHRS4L2",0.469715985891893,"Tier_4_Exploratory",0.545650350263809,0.545650350263809,0.688402802110471,0.688402802110471,0.36,0.172,0.188,0.363667535404311,0.331578947368421,0.402877697841727,"Consistent_3_of_3",1,0.188,0.36,1,FALSE,TRUE,"Other_Candidate","Other_Candidate",FALSE,FALSE,TRUE,FALSE,TRUE,FALSE,FALSE,FALSE,FALSE,NA,"Standard_candidate",TRUE,TRUE,"Other_Research_Candidate","Standard",2,0.389130070052762,0,0,0.389130070052762,0.550577622592333,0.675695105079143,399
454,"BRI3",0.515282830915029,"Tier_3_Exploratory_Robust",0.541151809927018,0.541151809927018,0.516569987646358,0.516569987646358,0.595,0.4,0.195,0.604979139397762,0.467966573816156,0.733812949640288,"Consistent_3_of_3",1,0.195,0.595,0.790537076474824,FALSE,TRUE,"Other_Candidate","Other_Candidate",FALSE,TRUE,FALSE,FALSE,TRUE,FALSE,FALSE,FALSE,FALSE,NA,"Standard_candidate",TRUE,TRUE,"Other_Research_Candidate","Standard",2,0.388230361985404,0,0,0.388230361985404,0.597403133474456,0.689926104449329,400
555,"HNRNPL",0.480137294727684,"Tier_4_Exploratory",0.540888153242142,0.540888153242142,0.543105225937137,0.543105225937137,0.42,0.225,0.195,0.416224739018344,0.33983286908078,0.513157894736842,"Consistent_3_of_3",1,0.195,0.42,1,FALSE,TRUE,"Other_Candidate","Other_Candidate",FALSE,FALSE,TRUE,FALSE,TRUE,FALSE,FALSE,FALSE,FALSE,NA,"Standard_candidate",TRUE,TRUE,"Other_Research_Candidate","Standard",2,0.388177630648428,0,0,0.388177630648428,0.56231085363475,0.686266445972643,401
599,"NIPSNAP1",0.455602401870907,"Tier_4_Exploratory",0.537020532525587,0.537020532525587,0.699364260204696,0.699364260204696,0.323,0.148,0.175,0.319792487370608,0.29136690647482,0.342105263157895,"Consistent_3_of_3",1,0.175,0.323,1,FALSE,TRUE,"Other_Candidate","Other_Candidate",FALSE,TRUE,FALSE,FALSE,TRUE,FALSE,FALSE,FALSE,FALSE,NA,"Standard_candidate",TRUE,TRUE,"Other_Research_Candidate","Standard",2,0.387404106505117,0,0,0.387404106505117,0.537557186383955,0.665706159757676,402
531,"KAT6B",0.487791063091606,"Tier_4_Exploratory",0.536275341787187,0.536275341787187,0.549863075702978,0.549863075702978,0.48,0.297,0.183,0.489613399443178,0.3008356545961,0.62589928057554,"Consistent_3_of_3",1,0.183,0.48,0.8996163821621,FALSE,TRUE,"Other_Candidate","Other_Candidate",FALSE,TRUE,FALSE,FALSE,TRUE,FALSE,FALSE,FALSE,FALSE,NA,"Standard_candidate",TRUE,TRUE,"Other_Research_Candidate","Standard",2,0.387255068357437,0,0,0.387255068357437,0.570296369625515,0.681825059860471,403
535,"SYNE4",0.486870361736579,"Tier_4_Exploratory",0.535875514165784,0.535875514165784,0.523180463886104,0.523180463886104,0.469,0.276,0.193,0.458946345342726,0.366906474820144,0.592105263157895,"Consistent_3_of_3",1,0.193,0.469,0.920519707866809,FALSE,TRUE,"Other_Candidate","Other_Candidate",FALSE,TRUE,FALSE,FALSE,TRUE,FALSE,FALSE,FALSE,FALSE,NA,"Standard_candidate",TRUE,TRUE,"Other_Research_Candidate","Standard",2,0.387175102833157,0,0,0.387175102833157,0.569956429958024,0.682640610429757,404
593,"NKAP",0.458984246772302,"Tier_4_Exploratory",0.524034538839376,0.524034538839376,0.576770452250274,0.576770452250274,0.378,0.206,0.172,0.370836994090404,0.272980501392758,0.515789473684211,"Consistent_3_of_3",1,0.172,0.378,0.946254882053946,FALSE,TRUE,"Other_Candidate","Other_Candidate",FALSE,FALSE,TRUE,FALSE,TRUE,FALSE,FALSE,FALSE,FALSE,NA,"Standard_candidate",TRUE,TRUE,"Other_Research_Candidate","Standard",2,0.384806907767875,0,0,0.384806907767875,0.543412088593782,0.664748593959905,405
602,"HTATSF1",0.455424282871499,"Tier_4_Exploratory",0.522386027429123,0.522386027429123,0.549540663255054,0.549540663255054,0.364,0.191,0.173,0.359839095444067,0.323741007194245,0.413157894736842,"Consistent_3_of_3",1,0.173,0.364,0.975289630148273,FALSE,TRUE,"Other_Candidate","Other_Candidate",FALSE,FALSE,TRUE,FALSE,TRUE,FALSE,FALSE,FALSE,FALSE,NA,"Standard_candidate",TRUE,TRUE,"Other_Research_Candidate","Standard",2,0.384477205485825,0,0,0.384477205485825,0.540235109600193,0.665809252750978,406
564,"HRAS",0.470565800069465,"Tier_4_Exploratory",0.521555429501128,0.521555429501128,0.501863323714513,0.501863323714513,0.433,0.248,0.185,0.436901134421593,0.284122562674095,0.515789473684211,"Consistent_3_of_3",1,0.185,0.433,0.90148342691209,FALSE,TRUE,"Other_Candidate","Other_Candidate",FALSE,TRUE,FALSE,FALSE,TRUE,FALSE,FALSE,FALSE,FALSE,NA,"Standard_candidate",TRUE,TRUE,"Other_Research_Candidate","Standard",2,0.384311085900226,0,0,0.384311085900226,0.556144400325395,0.668289142887152,407
550,"AHCY",0.481936502037814,"Tier_4_Exploratory",0.515523997058079,0.515523997058079,0.513783308540888,0.513783308540888,0.511,0.332,0.179,0.513023980463774,0.484679665738162,0.535971223021583,"Consistent_3_of_3",1,0.179,0.511,0.755340556603123,FALSE,TRUE,"Other_Candidate","Other_Candidate",FALSE,TRUE,FALSE,FALSE,TRUE,FALSE,FALSE,FALSE,FALSE,NA,"Standard_candidate",TRUE,TRUE,"Other_Research_Candidate","Standard",2,0.383104799411616,0,0,0.383104799411616,0.568433398970328,0.660158282607892,408
623,"FUNDC1",0.442185267976994,"Tier_4_Exploratory",0.507460039649999,0.507460039649999,0.573865410447036,0.573865410447036,0.348,0.187,0.161,0.342543604758474,0.276978417266187,0.392757660167131,"Consistent_3_of_3",1,0.161,0.348,0.89284575562746,FALSE,TRUE,"Other_Candidate","Other_Candidate",FALSE,TRUE,FALSE,FALSE,TRUE,FALSE,FALSE,FALSE,FALSE,NA,"Standard_candidate",TRUE,TRUE,"Other_Research_Candidate","Standard",2,0.38149200793,0,0,0.38149200793,0.5294110138775,0.645764875239119,409
631,"KEAP1",0.436890134627238,"Tier_4_Exploratory",0.505928976748461,0.505928976748461,0.724257234807845,0.724257234807845,0.331,0.177,0.154,0.326656393694603,0.276978417266187,0.363157894736842,"Consistent_3_of_3",1,0.154,0.331,0.789312149316533,FALSE,TRUE,"Other_Candidate","Other_Candidate",FALSE,TRUE,FALSE,FALSE,TRUE,FALSE,FALSE,FALSE,FALSE,NA,"Standard_candidate",TRUE,TRUE,"Other_Research_Candidate","Standard",2,0.381185795349692,0,0,0.381185795349692,0.524075141861961,0.626375515422018,410
615,"FAM210B",0.446467417178383,"Tier_4_Exploratory",0.503804455002343,0.503804455002343,0.523231075339697,0.523231075339697,0.372,0.201,0.171,0.361287190742934,0.267409470752089,0.539473684210526,"Consistent_3_of_3",1,0.171,0.372,0.865337137232541,FALSE,TRUE,"Other_Candidate","Other_Candidate",FALSE,TRUE,FALSE,FALSE,TRUE,FALSE,FALSE,FALSE,FALSE,NA,"Standard_candidate",TRUE,TRUE,"Other_Research_Candidate","Standard",2,0.380760891000469,0,0,0.380760891000469,0.53493155925082,0.645341907085584,411
610,"XAB2",0.450520348548422,"Tier_4_Exploratory",0.502541629532887,0.502541629532887,0.569551284723998,0.569551284723998,0.401,0.237,0.164,0.411438490316089,0.339473684210526,0.52158273381295,"Consistent_3_of_3",1,0.164,0.401,0.788984792949246,FALSE,TRUE,"Other_Candidate","Other_Candidate",FALSE,TRUE,FALSE,FALSE,TRUE,FALSE,FALSE,FALSE,FALSE,NA,"Standard_candidate",TRUE,TRUE,"Other_Research_Candidate","Standard",2,0.380508325906577,0,0,0.380508325906577,0.53888957033651,0.639310207802253,412
645,"FBXO21",0.429116141951261,"Tier_4_Exploratory",0.500360061325654,0.500360061325654,0.646015072596583,0.646015072596583,0.309,0.157,0.152,0.304307282805921,0.258992805755396,0.344736842105263,"Consistent_3_of_3",1,0.152,0.309,0.849387848340539,FALSE,TRUE,"Other_Candidate","Other_Candidate",FALSE,TRUE,FALSE,FALSE,TRUE,FALSE,FALSE,FALSE,FALSE,NA,"Standard_candidate",TRUE,TRUE,"Other_Research_Candidate","Standard",2,0.380072012265131,0,0,0.380072012265131,0.517326021463979,0.629316195648777,413
4,"SLC9A3R1",0.741963260707186,"Tier_2_Strong_Robust_Candidate",0.825541146108718,0.825541146108718,1.64592916886974,1.64592916886974,0.912,0.475,0.437,0.918039490120263,0.841225626740947,0.989208633093525,"Consistent_3_of_3",1,0.437,0.912,1,TRUE,TRUE,"Other_Candidate","Other_Candidate",FALSE,FALSE,FALSE,FALSE,FALSE,FALSE,FALSE,FALSE,FALSE,NA,"Standard_candidate",TRUE,TRUE,"Other_Research_Candidate","Standard",0,0.365108229221744,0,0,0.365108229221744,0.808739401138051,0.830062343832615,414
23,"H2AJ",0.698130948329827,"Tier_2_Strong_Robust_Candidate",0.786170392067126,0.786170392067126,1.60456313653701,1.60456313653701,0.983,0.788,0.195,0.9837769661122,0.963788300835655,0.994736842105263,"Consistent_3_of_3",1,0.195,0.983,1,FALSE,TRUE,"Other_Candidate","Other_Candidate",FALSE,FALSE,FALSE,FALSE,FALSE,FALSE,FALSE,FALSE,FALSE,NA,"Standard_candidate",TRUE,TRUE,"Other_Research_Candidate","Standard",0,0.357234078413425,0,0,0.357234078413425,0.760759637223494,0.832451117620138,415
17,"HSBP1",0.702634808458785,"Tier_2_Strong_Robust_Candidate",0.781467165712491,0.781467165712491,1.47413732569993,1.47413732569993,0.951,0.666,0.285,0.94837866695355,0.91726618705036,0.98050139275766,"Consistent_3_of_3",1,0.285,0.951,1,TRUE,TRUE,"Other_Candidate","Other_Candidate",FALSE,FALSE,FALSE,FALSE,FALSE,FALSE,FALSE,FALSE,FALSE,NA,"Standard_candidate",TRUE,TRUE,"Other_Research_Candidate","Standard",0,0.356293433142498,0,0,0.356293433142498,0.770713507999372,0.824640149713747,416
117,"SNHG25",0.643538825025498,"Tier_3_Exploratory_Robust",0.7570175335208,0.7570175335208,1.6129402681664,1.6129402681664,0.666,0.305,0.361,0.685031643355599,0.406685236768802,0.935251798561151,"Consistent_3_of_3",1,0.361,0.666,1,TRUE,TRUE,"Other_Candidate","Other_Candidate",FALSE,FALSE,FALSE,FALSE,FALSE,FALSE,FALSE,FALSE,FALSE,NA,"Standard_candidate",TRUE,TRUE,"Other_Research_Candidate","Standard",0,0.35140350670416,0,0,0.35140350670416,0.72035613673228,0.76030526005624,417
233,"GADD45G",0.595816757155627,"Tier_3_Exploratory_Robust",0.7558,0.7558,2.12597677533072,2.12597677533072,0.469,0.159,0.31,0.458993280379362,0.31294964028777,0.682451253481894,"Consistent_3_of_3",1,0.31,0.469,1,TRUE,TRUE,"Other_Candidate","Other_Candidate",FALSE,FALSE,FALSE,FALSE,FALSE,FALSE,FALSE,FALSE,FALSE,NA,"Standard_candidate",TRUE,TRUE,"Other_Research_Candidate","Standard",0,0.35116,0,0,0.35116,0.67033,0.72054,418
129,"TSPAN13",0.638536136730483,"Tier_3_Exploratory_Robust",0.753570579898006,0.753570579898006,1.67816463918405,1.67816463918405,0.778,0.587,0.191,0.787928273419968,0.406685236768802,0.989473684210526,"Consistent_3_of_3",1,0.191,0.778,1,FALSE,TRUE,"Other_Candidate","Other_Candidate",FALSE,FALSE,FALSE,FALSE,FALSE,FALSE,FALSE,FALSE,FALSE,NA,"Standard_candidate",TRUE,TRUE,"Other_Research_Candidate","Standard",0,0.350714115979601,0,0,0.350714115979601,0.707549702964302,0.781671173969402,419
57,"PBX1",0.670675991826099,"Tier_2_Strong_Robust_Candidate",0.75137825371762,0.75137825371762,1.31662602974096,1.31662602974096,0.8,0.416,0.384,0.814265754966764,0.671309192200557,0.982014388489209,"Consistent_3_of_3",1,0.384,0.8,1,TRUE,TRUE,"Other_Candidate","Other_Candidate",FALSE,FALSE,FALSE,FALSE,FALSE,FALSE,FALSE,FALSE,FALSE,NA,"Standard_candidate",TRUE,TRUE,"Other_Research_Candidate","Standard",0,0.350275650743524,0,0,0.350275650743524,0.749782388801167,0.785413476115286,420
67,"SELENOP",0.666280589836808,"Tier_2_Strong_Robust_Candidate",0.750933677862371,0.750933677862371,1.35146942289897,1.35146942289897,0.789,0.418,0.371,0.770743264646456,0.571942446043165,0.871866295264624,"Consistent_3_of_3",1,0.371,0.789,1,TRUE,TRUE,"Other_Candidate","Other_Candidate",FALSE,FALSE,FALSE,FALSE,FALSE,FALSE,FALSE,FALSE,FALSE,NA,"Standard_candidate",TRUE,TRUE,"Other_Research_Candidate","Standard",0,0.350186735572474,0,0,0.350186735572474,0.74482678725183,0.783080103358711,421
183,"RWDD4",0.616163292302609,"Tier_3_Exploratory_Robust",0.750902341253885,0.750902341253885,1.77521873003108,1.77521873003108,0.582,0.269,0.313,0.573238942931566,0.438848920863309,0.796657381615599,"Consistent_3_of_3",1,0.313,0.582,1,TRUE,TRUE,"Other_Candidate","Other_Candidate",FALSE,FALSE,FALSE,FALSE,FALSE,FALSE,FALSE,FALSE,FALSE,NA,"Standard_candidate",TRUE,TRUE,"Other_Research_Candidate","Standard",0,0.350180468250777,0,0,0.350180468250777,0.69181581943886,0.741670702376166,422
181,"MAST4",0.616902535120456,"Tier_3_Exploratory_Robust",0.748980649287046,0.748980649287046,1.73424519429637,1.73424519429637,0.57,0.229,0.341,0.550188513607821,0.305755395683453,0.763231197771588,"Consistent_3_of_3",1,0.341,0.57,1,TRUE,TRUE,"Other_Candidate","Other_Candidate",FALSE,FALSE,FALSE,FALSE,FALSE,FALSE,FALSE,FALSE,FALSE,NA,"Standard_candidate",TRUE,TRUE,"Other_Research_Candidate","Standard",0,0.349796129857409,0,0,0.349796129857409,0.694343227250466,0.738694194786114,423
64,"TBC1D9",0.666814329834952,"Tier_2_Strong_Robust_Candidate",0.748367948858305,0.748367948858305,1.29734359086644,1.29734359086644,0.765,0.349,0.416,0.769635597781854,0.626740947075209,0.845323741007194,"Consistent_3_of_3",1,0.416,0.765,1,TRUE,TRUE,"Other_Candidate","Other_Candidate",FALSE,FALSE,FALSE,FALSE,FALSE,FALSE,FALSE,FALSE,FALSE,NA,"Standard_candidate",TRUE,TRUE,"Other_Research_Candidate","Standard",0,0.349673589771661,0,0,0.349673589771661,0.748128782100407,0.777510384657492,424
165,"RERG",0.622260084163204,"Tier_3_Exploratory_Robust",0.74446526813962,0.74446526813962,1.62932214511696,1.62932214511696,0.598,0.242,0.356,0.60808212541534,0.402631578947368,0.738161559888579,"Consistent_3_of_3",1,0.356,0.598,1,TRUE,TRUE,"Other_Candidate","Other_Candidate",FALSE,FALSE,FALSE,FALSE,FALSE,FALSE,FALSE,FALSE,FALSE,NA,"Standard_candidate",TRUE,TRUE,"Other_Research_Candidate","Standard",0,0.348893053627924,0,0,0.348893053627924,0.701362843848867,0.742939580441886,425
63,"STARD10",0.667244062115248,"Tier_2_Strong_Robust_Candidate",0.737461494195711,0.737461494195711,1.18129195356569,1.18129195356569,0.84,0.481,0.359,0.851545920571855,0.768421052631579,0.97841726618705,"Consistent_3_of_3",1,0.359,0.84,1,TRUE,TRUE,"Other_Candidate","Other_Candidate",FALSE,FALSE,FALSE,FALSE,FALSE,FALSE,FALSE,FALSE,FALSE,NA,"Standard_candidate",TRUE,TRUE,"Other_Research_Candidate","Standard",0,0.347492298839142,0,0,0.347492298839142,0.747911522968499,0.789238448258713,426
119,"YWHAQ",0.6428721968899,"Tier_3_Exploratory_Robust",0.734523286067324,0.734523286067324,1.41058628853859,1.41058628853859,0.859,0.677,0.182,0.862601723342042,0.723684210526316,0.997214484679666,"Consistent_3_of_3",1,0.182,0.859,1,FALSE,TRUE,"Other_Candidate","Other_Candidate",FALSE,FALSE,FALSE,FALSE,FALSE,FALSE,FALSE,FALSE,FALSE,NA,"Standard_candidate",TRUE,TRUE,"Other_Research_Candidate","Standard",0,0.346904657213465,0,0,0.346904657213465,0.715283150123563,0.792156985820197,427
79,"GTF2I",0.65483279974601,"Tier_2_Strong_Robust_Candidate",0.729651112704744,0.729651112704744,1.19080890163795,1.19080890163795,0.813,0.472,0.341,0.817441393608468,0.718421052631579,0.88857938718663,"Consistent_3_of_3",1,0.341,0.813,1,TRUE,TRUE,"Other_Candidate","Other_Candidate",FALSE,FALSE,FALSE,FALSE,FALSE,FALSE,FALSE,FALSE,FALSE,NA,"Standard_candidate",TRUE,TRUE,"Other_Research_Candidate","Standard",0,0.345930222540949,0,0,0.345930222540949,0.73617788944666,0.781495333811423,428
52,"CLDN3",0.673804538138461,"Tier_2_Strong_Robust_Candidate",0.725704924167605,0.725704924167605,1.00083939334084,1.00083939334084,0.939,0.625,0.314,0.932702786605198,0.859712230215827,0.98050139275766,"Consistent_3_of_3",1,0.314,0.939,1,TRUE,TRUE,"Other_Candidate","Other_Candidate",FALSE,FALSE,FALSE,FALSE,FALSE,FALSE,FALSE,FALSE,FALSE,NA,"Standard_candidate",TRUE,TRUE,"Other_Research_Candidate","Standard",0,0.345140984833521,0,0,0.345140984833521,0.754596723458662,0.805511477250281,429
190,"AMZ2",0.612243433762867,"Tier_3_Exploratory_Robust",0.721789818064199,0.721789818064199,1.42231854451359,1.42231854451359,0.6,0.23,0.37,0.608963994322794,0.498607242339833,0.723021582733813,"Consistent_3_of_3",1,0.37,0.6,1,TRUE,TRUE,"Other_Candidate","Other_Candidate",FALSE,FALSE,FALSE,FALSE,FALSE,FALSE,FALSE,FALSE,FALSE,NA,"Standard_candidate",TRUE,TRUE,"Other_Research_Candidate","Standard",0,0.34435796361284,0,0,0.34435796361284,0.69662643632247,0.73653694541926,430
199,"CMBL",0.605616653999467,"Tier_3_Exploratory_Robust",0.720654329512656,0.720654329512656,1.46283463610125,1.46283463610125,0.573,0.207,0.366,0.572839942384166,0.436842105263158,0.749303621169916,"Consistent_3_of_3",1,0.366,0.573,1,TRUE,TRUE,"Other_Candidate","Other_Candidate",FALSE,FALSE,FALSE,FALSE,FALSE,FALSE,FALSE,FALSE,FALSE,NA,"Standard_candidate",TRUE,TRUE,"Other_Research_Candidate","Standard",0,0.344130865902531,0,0,0.344130865902531,0.69002901532943,0.730796298853797,431
123,"DNPH1",0.640963095004295,"Tier_3_Exploratory_Robust",0.71983265166576,0.71983265166576,1.16186121332608,1.16186121332608,0.737,0.351,0.386,0.743637454792067,0.54874651810585,0.845323741007194,"Consistent_3_of_3",1,0.386,0.737,1,TRUE,TRUE,"Other_Candidate","Other_Candidate",FALSE,FALSE,FALSE,FALSE,FALSE,FALSE,FALSE,FALSE,FALSE,NA,"Standard_candidate",TRUE,TRUE,"Other_Research_Candidate","Standard",0,0.343966530333152,0,0,0.343966530333152,0.726541428083016,0.763349795499728,432
98,"CAPG",0.649171404272342,"Tier_3_Exploratory_Robust",0.714322255183375,0.714322255183375,1.055378041467,1.055378041467,0.845,0.528,0.317,0.843370645808525,0.773684210526316,0.947075208913649,"Consistent_3_of_3",1,0.317,0.845,1,TRUE,TRUE,"Other_Candidate","Other_Candidate",FALSE,FALSE,FALSE,FALSE,FALSE,FALSE,FALSE,FALSE,FALSE,NA,"Standard_candidate",TRUE,TRUE,"Other_Research_Candidate","Standard",0,0.342864451036675,0,0,0.342864451036675,0.732412789314181,0.783296676555013,433
90,"MAGED2",0.651269949767156,"Tier_2_Strong_Robust_Candidate",0.710786955579129,0.710786955579129,1.00949564463303,1.00949564463303,0.893,0.613,0.28,0.899782059706289,0.810526315789474,0.964028776978417,"Consistent_3_of_3",1,0.28,0.893,1,TRUE,TRUE,"Other_Candidate","Other_Candidate",FALSE,FALSE,FALSE,FALSE,FALSE,FALSE,FALSE,FALSE,FALSE,NA,"Standard_candidate",TRUE,TRUE,"Other_Research_Candidate","Standard",0,0.342157391115826,0,0,0.342157391115826,0.733375434452695,0.791836086673739,434
143,"TNNT1",0.630317337899257,"Tier_3_Exploratory_Robust",0.7106916427162,0.7106916427162,1.1335331417296,1.1335331417296,0.709,0.323,0.386,0.706127166878138,0.487465181058496,0.907894736842105,"Consistent_3_of_3",1,0.386,0.709,1,TRUE,TRUE,"Other_Candidate","Other_Candidate",FALSE,FALSE,FALSE,FALSE,FALSE,FALSE,FALSE,FALSE,FALSE,NA,"Standard_candidate",TRUE,TRUE,"Other_Research_Candidate","Standard",0,0.34213832854324,0,0,0.34213832854324,0.71774207495067,0.75500749281486,435
126,"H2BC5",0.639155881576965,"Tier_3_Exploratory_Robust",0.707772291594604,0.707772291594604,1.03817833275683,1.03817833275683,0.783,0.426,0.357,0.781460273798261,0.62116991643454,0.921052631578947,"Consistent_3_of_3",1,0.357,0.783,1,TRUE,TRUE,"Other_Candidate","Other_Candidate",FALSE,FALSE,FALSE,FALSE,FALSE,FALSE,FALSE,FALSE,FALSE,NA,"Standard_candidate",TRUE,TRUE,"Other_Research_Candidate","Standard",0,0.341554458318921,0,0,0.341554458318921,0.725720302058111,0.768931687478381,436
78,"BEX3",0.655043723010928,"Tier_2_Strong_Robust_Candidate",0.707569102571714,0.707569102571714,0.900552820573711,0.900552820573711,0.848,0.471,0.377,0.853404512865298,0.754874651810585,0.931654676258993,"Consistent_3_of_3",1,0.377,0.848,1,FALSE,TRUE,"Other_Candidate","Other_Candidate",FALSE,FALSE,FALSE,FALSE,FALSE,FALSE,FALSE,FALSE,FALSE,NA,"Standard_candidate",TRUE,TRUE,"Other_Research_Candidate","Standard",0,0.341513820514343,0,0,0.341513820514343,0.7426491859001,0.781870730771514,437
247,"TPD52L1",0.591575542207817,"Tier_3_Exploratory_Robust",0.704094082366995,0.704094082366995,1.37515265893596,1.37515265893596,0.559,0.207,0.352,0.583759721441437,0.397368421052632,0.852517985611511,"Consistent_3_of_3",1,0.352,0.559,1,TRUE,TRUE,"Other_Candidate","Other_Candidate",FALSE,FALSE,FALSE,FALSE,FALSE,FALSE,FALSE,FALSE,FALSE,NA,"Standard_candidate",TRUE,TRUE,"Other_Research_Candidate","Standard",0,0.340818816473399,0,0,0.340818816473399,0.678632928828448,0.723028224710099,438
86,"MZT2B",0.65224880756176,"Tier_2_Strong_Robust_Candidate",0.702052864117883,0.702052864117883,0.926822912943061,0.926822912943061,0.985,0.789,0.196,0.985941849071688,0.978947368421053,0.992805755395683,"Consistent_3_of_3",1,0.196,0.985,1,FALSE,TRUE,"Other_Candidate","Other_Candidate",FALSE,FALSE,FALSE,FALSE,FALSE,FALSE,FALSE,FALSE,FALSE,NA,"Standard_candidate",TRUE,TRUE,"Other_Research_Candidate","Standard",0,0.340410572823577,0,0,0.340410572823577,0.731918502441259,0.807615859235365,439
160,"EGR1",0.623042085248035,"Tier_3_Exploratory_Robust",0.697692790941373,0.697692790941373,1.05674232753098,1.05674232753098,0.758,0.438,0.32,0.764978499534341,0.584958217270195,0.870503597122302,"Consistent_3_of_3",1,0.32,0.758,1,TRUE,TRUE,"Other_Candidate","Other_Candidate",FALSE,FALSE,FALSE,FALSE,FALSE,FALSE,FALSE,FALSE,FALSE,NA,"Standard_candidate",TRUE,TRUE,"Other_Research_Candidate","Standard",0,0.339538558188275,0,0,0.339538558188275,0.709792476829481,0.760907837282412,440
230,"SYAP1",0.597191826734276,"Tier_3_Exploratory_Robust",0.694974888312403,0.694974888312403,1.27819910649922,1.27819910649922,0.727,0.528,0.199,0.725293642816285,0.426183844011142,0.976315789473684,"Consistent_3_of_3",1,0.199,0.727,1,FALSE,TRUE,"Other_Candidate","Other_Candidate",FALSE,FALSE,FALSE,FALSE,FALSE,FALSE,FALSE,FALSE,FALSE,NA,"Standard_candidate",TRUE,TRUE,"Other_Research_Candidate","Standard",0,0.338994977662481,0,0,0.338994977662481,0.678441210909341,0.753892466493721,441
152,"PTMS",0.627047171616785,"Tier_3_Exploratory_Robust",0.692810623784149,0.692810623784149,1.01608499027319,1.01608499027319,0.889,0.699,0.19,0.897131618850939,0.742105263157895,0.988857938718663,"Consistent_3_of_3",1,0.19,0.889,1,FALSE,TRUE,"Other_Candidate","Other_Candidate",FALSE,FALSE,FALSE,FALSE,FALSE,FALSE,FALSE,FALSE,FALSE,NA,"Standard_candidate",TRUE,TRUE,"Other_Research_Candidate","Standard",0,0.33856212475683,0,0,0.33856212475683,0.708283718324452,0.785643187135245,442
237,"HEBP1",0.594722720711446,"Tier_3_Exploratory_Robust",0.691679354245121,0.691679354245121,1.23423483396097,1.23423483396097,0.681,0.425,0.256,0.67305818151519,0.553956834532374,0.846796657381616,"Consistent_3_of_3",1,0.256,0.681,1,TRUE,TRUE,"Other_Candidate","Other_Candidate",FALSE,FALSE,FALSE,FALSE,FALSE,FALSE,FALSE,FALSE,FALSE,NA,"Standard_candidate",TRUE,TRUE,"Other_Research_Candidate","Standard",0,0.338335870849024,0,0,0.338335870849024,0.679487773985792,0.743703806273536,443
234,"DGCR6L",0.595622259514704,"Tier_3_Exploratory_Robust",0.691316194157287,0.691316194157287,1.1865295532583,1.1865295532583,0.619,0.273,0.346,0.61301840802684,0.539568345323741,0.657381615598886,"Consistent_3_of_3",1,0.346,0.619,1,TRUE,TRUE,"Other_Candidate","Other_Candidate",FALSE,FALSE,FALSE,FALSE,FALSE,FALSE,FALSE,FALSE,FALSE,NA,"Standard_candidate",TRUE,TRUE,"Other_Research_Candidate","Standard",0,0.338263238831457,0,0,0.338263238831457,0.684960667955051,0.731194858247186,444
264,"NR2F6",0.5860554667465,"Tier_3_Exploratory_Robust",0.690832866277829,0.690832866277829,1.25946293022263,1.25946293022263,0.577,0.237,0.34,0.581512042967883,0.540389972144847,0.633093525179856,"Consistent_3_of_3",1,0.34,0.577,1,TRUE,TRUE,"Other_Candidate","Other_Candidate",FALSE,FALSE,FALSE,FALSE,FALSE,FALSE,FALSE,FALSE,FALSE,NA,"Standard_candidate",TRUE,TRUE,"Other_Research_Candidate","Standard",0,0.338166573255566,0,0,0.338166573255566,0.67519150319724,0.722649859883349,445
211,"TMEM134",0.602478783621782,"Tier_3_Exploratory_Robust",0.68933522822586,0.68933522822586,1.14028182580688,1.14028182580688,0.721,0.458,0.263,0.706256528276865,0.58273381294964,0.931578947368421,"Consistent_3_of_3",1,0.263,0.721,1,TRUE,TRUE,"Other_Candidate","Other_Candidate",FALSE,FALSE,FALSE,FALSE,FALSE,FALSE,FALSE,FALSE,FALSE,NA,"Standard_candidate",TRUE,TRUE,"Other_Research_Candidate","Standard",0,0.337867045645172,0,0,0.337867045645172,0.688067329879051,0.751000568467758,446
330,"C20orf27",0.562111416619735,"Tier_3_Exploratory_Robust",0.68776388633143,0.68776388633143,1.42051109065144,1.42051109065144,0.48,0.159,0.321,0.485079580376162,0.334261838440111,0.568345323741007,"Consistent_3_of_3",1,0.321,0.48,1,TRUE,TRUE,"Other_Candidate","Other_Candidate",FALSE,FALSE,FALSE,FALSE,FALSE,FALSE,FALSE,FALSE,FALSE,NA,"Standard_candidate",TRUE,TRUE,"Other_Research_Candidate","Standard",0,0.337552777266286,0,0,0.337552777266286,0.650917360216,0.702329165899429,447
214,"FOXA1",0.601162835619438,"Tier_3_Exploratory_Robust",0.685592509584113,0.685592509584113,1.0783400766729,1.0783400766729,0.676,0.348,0.328,0.687437002457849,0.537604456824513,0.827338129496403,"Consistent_3_of_3",1,0.328,0.676,1,TRUE,TRUE,"Other_Candidate","Other_Candidate",FALSE,FALSE,FALSE,FALSE,FALSE,FALSE,FALSE,FALSE,FALSE,NA,"Standard_candidate",TRUE,TRUE,"Other_Research_Candidate","Standard",0,0.337118501916823,0,0,0.337118501916823,0.69075737835444,0.740877752875234,448
130,"COPS9",0.638211307965508,"Tier_3_Exploratory_Robust",0.684502768331509,0.684502768331509,0.808822146652075,0.808822146652075,0.94,0.713,0.227,0.940893829431397,0.918421052631579,0.958217270194986,"Consistent_3_of_3",1,0.227,0.94,1,FALSE,TRUE,"Other_Candidate","Other_Candidate",FALSE,FALSE,FALSE,FALSE,FALSE,FALSE,FALSE,FALSE,FALSE,NA,"Standard_candidate",TRUE,TRUE,"Other_Research_Candidate","Standard",0,0.336900553666302,0,0,0.336900553666302,0.722975968916028,0.793350830499453,449
257,"CCDC167",0.587786134169081,"Tier_3_Exploratory_Robust",0.683370189186457,0.683370189186457,1.15176151349166,1.15176151349166,0.604,0.261,0.343,0.595680781280268,0.52158273381295,0.7,"Consistent_3_of_3",1,0.343,0.604,1,TRUE,TRUE,"Other_Candidate","Other_Candidate",FALSE,FALSE,FALSE,FALSE,FALSE,FALSE,FALSE,FALSE,FALSE,NA,"Standard_candidate",TRUE,TRUE,"Other_Research_Candidate","Standard",0,0.336674037837291,0,0,0.336674037837291,0.67857956621526,0.725811056755937,450
358,"OCEL1",0.549523493505855,"Tier_3_Exploratory_Robust",0.677912420472846,0.677912420472846,1.40729936378277,1.40729936378277,0.46,0.16,0.3,0.45495591798076,0.381294964028777,0.559888579387187,"Consistent_3_of_3",1,0.3,0.46,1,TRUE,TRUE,"Other_Candidate","Other_Candidate",FALSE,FALSE,FALSE,FALSE,FALSE,FALSE,FALSE,FALSE,FALSE,NA,"Standard_candidate",TRUE,TRUE,"Other_Research_Candidate","Standard",0,0.335582484094569,0,0,0.335582484094569,0.639269347165496,0.695373726141854,451
381,"C8orf82",0.542507367829021,"Tier_3_Exploratory_Robust",0.677883206827957,0.677883206827957,1.47906565462366,1.47906565462366,0.455,0.195,0.26,0.442999542603126,0.294964028776978,0.568245125348189,"Consistent_3_of_3",1,0.26,0.455,1,TRUE,TRUE,"Other_Candidate","Other_Candidate",FALSE,FALSE,FALSE,FALSE,FALSE,FALSE,FALSE,FALSE,FALSE,NA,"Standard_candidate",TRUE,TRUE,"Other_Research_Candidate","Standard",0,0.335576641365591,0,0,0.335576641365591,0.630259122389785,0.694364962048387,452
401,"AL035661.1",0.535915748976171,"Tier_3_Exploratory_Robust",0.677626646875828,0.677626646875828,1.52021317500662,1.52021317500662,0.407,0.126,0.281,0.40797921990805,0.344736842105263,0.476323119777159,"Consistent_3_of_3",1,0.281,0.407,1,TRUE,TRUE,"Other_Candidate","Other_Candidate",FALSE,FALSE,FALSE,FALSE,FALSE,FALSE,FALSE,FALSE,FALSE,NA,"Standard_candidate",TRUE,TRUE,"Other_Research_Candidate","Standard",0,0.335525329375166,0,0,0.335525329375166,0.62476932640654,0.684687994062748,453
253,"PRLR",0.588857310824521,"Tier_3_Exploratory_Robust",0.676977292124124,0.676977292124124,1.05901833699299,1.05901833699299,0.618,0.263,0.355,0.622108810532574,0.582172701949861,0.676258992805755,"Consistent_3_of_3",1,0.355,0.618,1,TRUE,TRUE,"Other_Candidate","Other_Candidate",FALSE,FALSE,FALSE,FALSE,FALSE,FALSE,FALSE,FALSE,FALSE,NA,"Standard_candidate",TRUE,TRUE,"Other_Research_Candidate","Standard",0,0.335395458424825,0,0,0.335395458424825,0.681542052243443,0.726693187637237,454
396,"IRF2BPL",0.538029051389461,"Tier_3_Exploratory_Robust",0.676563772112108,0.676563772112108,1.48451017689686,1.48451017689686,0.41,0.115,0.295,0.400904053183197,0.294964028776978,0.473537604456825,"Consistent_3_of_3",1,0.295,0.41,1,TRUE,TRUE,"Other_Candidate","Other_Candidate",FALSE,FALSE,FALSE,FALSE,FALSE,FALSE,FALSE,FALSE,FALSE,NA,"Standard_candidate",TRUE,TRUE,"Other_Research_Candidate","Standard",0,0.335312754422422,0,0,0.335312754422422,0.627797320239238,0.684969131633632,455
254,"PHF14",0.588731675009239,"Tier_3_Exploratory_Robust",0.67620620054842,0.67620620054842,1.07204960438736,1.07204960438736,0.66,0.359,0.301,0.657645260422654,0.629496402877698,0.690807799442897,"Consistent_3_of_3",1,0.301,0.66,1,TRUE,TRUE,"Other_Candidate","Other_Candidate",FALSE,FALSE,FALSE,FALSE,FALSE,FALSE,FALSE,FALSE,FALSE,NA,"Standard_candidate",TRUE,TRUE,"Other_Research_Candidate","Standard",0,0.335241240109684,0,0,0.335241240109684,0.678872170191947,0.734861860164526,456
433,"TCTA",0.523636939082161,"Tier_3_Exploratory_Robust",0.675672250203389,0.675672250203389,1.60217800162711,1.60217800162711,0.366,0.105,0.261,0.360515926798218,0.284122562674095,0.473684210526316,"Consistent_3_of_3",1,0.261,0.366,1,FALSE,TRUE,"Other_Candidate","Other_Candidate",FALSE,FALSE,FALSE,FALSE,FALSE,FALSE,FALSE,FALSE,FALSE,NA,"Standard_candidate",TRUE,TRUE,"Other_Research_Candidate","Standard",0,0.335134450040678,0,0,0.335134450040678,0.611885287571186,0.675901675061017,457
262,"LASP1",0.586482393546361,"Tier_3_Exploratory_Robust",0.675573434263476,0.675573434263476,1.07498747410781,1.07498747410781,0.637,0.318,0.319,0.632488168679248,0.575539568345324,0.682451253481894,"Consistent_3_of_3",1,0.319,0.637,1,TRUE,TRUE,"Other_Candidate","Other_Candidate",FALSE,FALSE,FALSE,FALSE,FALSE,FALSE,FALSE,FALSE,FALSE,NA,"Standard_candidate",TRUE,TRUE,"Other_Research_Candidate","Standard",0,0.335114686852695,0,0,0.335114686852695,0.677650701992217,0.730072030279043,458
189,"MIEN1",0.612408051393774,"Tier_3_Exploratory_Robust",0.675257592033279,0.675257592033279,0.894860736266229,0.894860736266229,0.826,0.585,0.241,0.809701946696564,0.633093525179856,0.91578947368421,"Consistent_3_of_3",1,0.241,0.826,1,FALSE,TRUE,"Other_Candidate","Other_Candidate",FALSE,FALSE,FALSE,FALSE,FALSE,FALSE,FALSE,FALSE,FALSE,NA,"Standard_candidate",TRUE,TRUE,"Other_Research_Candidate","Standard",0,0.335051518406656,0,0,0.335051518406656,0.699740157211648,0.767777277609984,459
334,"TXNIP",0.560186869338007,"Tier_3_Exploratory_Robust",0.675219218136696,0.675219218136696,1.30575374509357,1.30575374509357,0.553,0.296,0.257,0.565604300022817,0.265789473684211,0.779944289693593,"Consistent_3_of_3",1,0.257,0.553,1,TRUE,TRUE,"Other_Candidate","Other_Candidate",FALSE,FALSE,FALSE,FALSE,FALSE,FALSE,FALSE,FALSE,FALSE,NA,"Standard_candidate",TRUE,TRUE,"Other_Research_Candidate","Standard",0,0.335043843627339,0,0,0.335043843627339,0.648326726347844,0.713165765441009,460
251,"TCEAL1",0.590075970322216,"Tier_3_Exploratory_Robust",0.67393133722402,0.67393133722402,1.02345069779216,1.02345069779216,0.655,0.33,0.325,0.652942035757115,0.62116991643454,0.697368421052632,"Consistent_3_of_3",1,0.325,0.655,1,TRUE,TRUE,"Other_Candidate","Other_Candidate",FALSE,FALSE,FALSE,FALSE,FALSE,FALSE,FALSE,FALSE,FALSE,NA,"Standard_candidate",TRUE,TRUE,"Other_Research_Candidate","Standard",0,0.334786267444804,0,0,0.334786267444804,0.681875968028407,0.733179401167206,461
379,"SPATA20",0.543587026609481,"Tier_3_Exploratory_Robust",0.673589042473575,0.673589042473575,1.4015123397886,1.4015123397886,0.443,0.144,0.299,0.462530846163122,0.307894736842105,0.661870503597122,"Consistent_3_of_3",1,0.299,0.443,1,TRUE,TRUE,"Other_Candidate","Other_Candidate",FALSE,FALSE,FALSE,FALSE,FALSE,FALSE,FALSE,FALSE,FALSE,NA,"Standard_candidate",TRUE,TRUE,"Other_Research_Candidate","Standard",0,0.334717808494715,0,0,0.334717808494715,0.634156164865751,0.690676712742073,462
398,"EML2",0.537731863646495,"Tier_3_Exploratory_Robust",0.671405741692145,0.671405741692145,1.43204593353716,1.43204593353716,0.44,0.168,0.272,0.430611030893801,0.309352517985612,0.587743732590529,"Consistent_3_of_3",1,0.272,0.44,1,TRUE,TRUE,"Other_Candidate","Other_Candidate",FALSE,FALSE,FALSE,FALSE,FALSE,FALSE,FALSE,FALSE,FALSE,NA,"Standard_candidate",TRUE,TRUE,"Other_Research_Candidate","Standard",0,0.334281148338429,0,0,0.334281148338429,0.627392009592251,0.689421722507643,463
218,"COMT",0.600510238958821,"Tier_3_Exploratory_Robust",0.670823079053571,0.670823079053571,0.907384632428568,0.907384632428568,0.727,0.417,0.31,0.738876958834633,0.571052631578947,0.848920863309353,"Consistent_3_of_3",1,0.31,0.727,1,FALSE,TRUE,"Other_Candidate","Other_Candidate",FALSE,FALSE,FALSE,FALSE,FALSE,FALSE,FALSE,FALSE,FALSE,NA,"Standard_candidate",TRUE,TRUE,"Other_Research_Candidate","Standard",0,0.334164615810714,0,0,0.334164615810714,0.69218807766875,0.746646923716071,464
159,"PHPT1",0.623520048713327,"Tier_3_Exploratory_Robust",0.670116201482606,0.670116201482606,0.740129611860846,0.740129611860846,0.892,0.646,0.246,0.889170170973616,0.848920863309353,0.955431754874652,"Consistent_3_of_3",1,0.246,0.892,1,FALSE,TRUE,"Other_Candidate","Other_Candidate",FALSE,FALSE,FALSE,FALSE,FALSE,FALSE,FALSE,FALSE,FALSE,NA,"Standard_candidate",TRUE,TRUE,"Other_Research_Candidate","Standard",0,0.334023240296521,0,0,0.334023240296521,0.712140670518912,0.779434860444782,465
187,"H2BC21",0.613147680166396,"Tier_3_Exploratory_Robust",0.667267662668648,0.667267662668648,0.72534130134918,0.72534130134918,0.731,0.329,0.402,0.716050112556195,0.568345323741007,0.85,"Consistent_3_of_3",1,0.402,0.731,1,FALSE,TRUE,"Other_Candidate","Other_Candidate",FALSE,FALSE,FALSE,FALSE,FALSE,FALSE,FALSE,FALSE,FALSE,NA,"Standard_candidate",TRUE,TRUE,"Other_Research_Candidate","Standard",0,0.33345353253373,0,0,0.33345353253373,0.710143681934027,0.746380298800594,466
295,"VAV3",0.571445810977901,"Tier_3_Exploratory_Robust",0.667083114117394,0.667083114117394,1.08706491293915,1.08706491293915,0.58,0.254,0.326,0.57127450949371,0.464028776978417,0.662952646239554,"Consistent_3_of_3",1,0.326,0.58,1,TRUE,TRUE,"Other_Candidate","Other_Candidate",FALSE,FALSE,FALSE,FALSE,FALSE,FALSE,FALSE,FALSE,FALSE,NA,"Standard_candidate",TRUE,TRUE,"Other_Research_Candidate","Standard",0,0.333416622823479,0,0,0.333416622823479,0.664679089941088,0.716124934235218,467
235,"MCRIP2",0.594834467065591,"Tier_3_Exploratory_Robust",0.66497919693015,0.66497919693015,0.881433575441203,0.881433575441203,0.717,0.41,0.307,0.703177027356271,0.561151079136691,0.815789473684211,"Consistent_3_of_3",1,0.307,0.717,1,FALSE,TRUE,"Other_Candidate","Other_Candidate",FALSE,FALSE,FALSE,FALSE,FALSE,FALSE,FALSE,FALSE,FALSE,NA,"Standard_candidate",TRUE,TRUE,"Other_Research_Candidate","Standard",0,0.33299583938603,0,0,0.33299583938603,0.687542718925552,0.742893759079045,468
256,"PRXL2A",0.587855184445637,"Tier_3_Exploratory_Robust",0.663295687286536,0.663295687286536,0.91756549829229,0.91756549829229,0.689,0.385,0.304,0.695403020788178,0.602631578947368,0.748201438848921,"Consistent_3_of_3",1,0.304,0.689,1,FALSE,TRUE,"Other_Candidate","Other_Candidate",FALSE,FALSE,FALSE,FALSE,FALSE,FALSE,FALSE,FALSE,FALSE,NA,"Standard_candidate",TRUE,TRUE,"Other_Research_Candidate","Standard",0,0.332659137457307,0,0,0.332659137457307,0.680753490550288,0.736788706185961,469
151,"MRFAP1",0.627514290288182,"Tier_3_Exploratory_Robust",0.662949859065837,0.662949859065837,0.623598872526695,0.623598872526695,0.94,0.705,0.235,0.939065366970461,0.924460431654676,0.963788300835655,"Consistent_3_of_3",1,0.235,0.94,1,FALSE,TRUE,"Other_Candidate","Other_Candidate",FALSE,FALSE,FALSE,FALSE,FALSE,FALSE,FALSE,FALSE,FALSE,NA,"Standard_candidate",TRUE,TRUE,"Other_Research_Candidate","Standard",0,0.332589971813167,0,0,0.332589971813167,0.717032450673043,0.786884957719751,470
167,"SCAND1",0.621668299455514,"Tier_3_Exploratory_Robust",0.661054918155377,0.661054918155377,0.632439345243016,0.632439345243016,0.889,0.618,0.271,0.888670128257459,0.844011142061281,0.926315789473684,"Consistent_3_of_3",1,0.271,0.889,1,FALSE,TRUE,"Other_Candidate","Other_Candidate",FALSE,FALSE,FALSE,FALSE,FALSE,FALSE,FALSE,FALSE,FALSE,NA,"Standard_candidate",TRUE,TRUE,"Other_Research_Candidate","Standard",0,0.332210983631075,0,0,0.332210983631075,0.713369221354382,0.776116475446613,471
375,"USF2",0.54511069006202,"Tier_3_Exploratory_Robust",0.660225902514264,0.660225902514264,1.22580722011411,1.22580722011411,0.492,0.199,0.293,0.484229423381102,0.413669064748201,0.571052631578947,"Consistent_3_of_3",1,0.293,0.492,1,TRUE,TRUE,"Other_Candidate","Other_Candidate",FALSE,FALSE,FALSE,FALSE,FALSE,FALSE,FALSE,FALSE,FALSE,NA,"Standard_candidate",TRUE,TRUE,"Other_Research_Candidate","Standard",0,0.332045180502853,0,0,0.332045180502853,0.638079065879992,0.696467770754279,472
449,"CAMK2N1",0.518334787103582,"Tier_3_Exploratory_Robust",0.659001421259322,0.659001421259322,1.45921137007458,1.45921137007458,0.426,0.219,0.207,0.420872573309187,0.255263157894737,0.690807799442897,"Consistent_3_of_3",1,0.207,0.426,1,TRUE,TRUE,"Other_Candidate","Other_Candidate",FALSE,FALSE,FALSE,FALSE,FALSE,FALSE,FALSE,FALSE,FALSE,NA,"Standard_candidate",TRUE,TRUE,"Other_Research_Candidate","Standard",0,0.331800284251864,0,0,0.331800284251864,0.607250497440763,0.682900426377797,473
361,"THSD4",0.549114611222959,"Tier_3_Exploratory_Robust",0.658330802169411,0.658330802169411,1.18344641735529,1.18344641735529,0.542,0.282,0.26,0.568138247062517,0.323119777158774,0.881294964028777,"Consistent_3_of_3",1,0.26,0.542,1,TRUE,TRUE,"Other_Candidate","Other_Candidate",FALSE,FALSE,FALSE,FALSE,FALSE,FALSE,FALSE,FALSE,FALSE,NA,"Standard_candidate",TRUE,TRUE,"Other_Research_Candidate","Standard",0,0.331666160433882,0,0,0.331666160433882,0.640815780759294,0.705899240650823,474
174,"SELENOW",0.619824419548346,"Tier_3_Exploratory_Robust",0.657533340866104,0.657533340866104,0.63146672692883,0.63146672692883,0.942,0.741,0.201,0.944042818816344,0.894150417827298,0.974820143884892,"Consistent_3_of_3",1,0.201,0.942,1,FALSE,TRUE,"Other_Candidate","Other_Candidate",FALSE,FALSE,FALSE,FALSE,FALSE,FALSE,FALSE,FALSE,FALSE,NA,"Standard_candidate",TRUE,TRUE,"Other_Research_Candidate","Standard",0,0.331506668173221,0,0,0.331506668173221,0.708736669303136,0.785660002259831,475
265,"NORAD",0.585485014854293,"Tier_3_Exploratory_Robust",0.657461954421316,0.657461954421316,0.859695635370527,0.859695635370527,0.685,0.37,0.315,0.694030373121236,0.554317548746518,0.809352517985611,"Consistent_3_of_3",1,0.315,0.685,1,FALSE,TRUE,"Other_Candidate","Other_Candidate",FALSE,FALSE,FALSE,FALSE,FALSE,FALSE,FALSE,FALSE,FALSE,NA,"Standard_candidate",TRUE,TRUE,"Other_Research_Candidate","Standard",0,0.331492390884263,0,0,0.331492390884263,0.680111684047461,0.734238586326395,476
157,"TRMT112",0.623875236713492,"Tier_3_Exploratory_Robust",0.656266685254719,0.656266685254719,0.579733482037749,0.579733482037749,0.959,0.749,0.21,0.957471846888418,0.935933147632312,0.986842105263158,"Consistent_3_of_3",1,0.21,0.959,1,FALSE,TRUE,"Other_Candidate","Other_Candidate",FALSE,FALSE,FALSE,FALSE,FALSE,FALSE,FALSE,FALSE,FALSE,NA,"Standard_candidate",TRUE,TRUE,"Other_Research_Candidate","Standard",0,0.331253337050944,0,0,0.331253337050944,0.713493339839152,0.788680005576416,477
293,"TP53TG1",0.57233231576728,"Tier_3_Exploratory_Robust",0.655736022970528,0.655736022970528,0.949888183764226,0.949888183764226,0.636,0.337,0.299,0.62374687846849,0.453237410071942,0.84958217270195,"Consistent_3_of_3",1,0.299,0.636,1,FALSE,TRUE,"Other_Candidate","Other_Candidate",FALSE,FALSE,FALSE,FALSE,FALSE,FALSE,FALSE,FALSE,FALSE,NA,"Standard_candidate",TRUE,TRUE,"Other_Research_Candidate","Standard",0,0.331147204594106,0,0,0.331147204594106,0.666507608039685,0.723920806891158,478
314,"MED13L",0.566125019257953,"Tier_3_Exploratory_Robust",0.654182925010985,0.654182925010985,0.972663400087876,0.972663400087876,0.595,0.277,0.318,0.596760234386893,0.353760445682451,0.771052631578947,"Consistent_3_of_3",1,0.318,0.595,1,FALSE,TRUE,"Other_Candidate","Other_Candidate",FALSE,FALSE,FALSE,FALSE,FALSE,FALSE,FALSE,FALSE,FALSE,NA,"Standard_candidate",TRUE,TRUE,"Other_Research_Candidate","Standard",0,0.330836585002197,0,0,0.330836585002197,0.661564023753845,0.715254877503296,479
203,"H2AC6",0.604243224698222,"Tier_3_Exploratory_Robust",0.653219513826373,0.653219513826373,0.664156110610981,0.664156110610981,0.804,0.507,0.297,0.790305664865557,0.647482014388489,0.918421052631579,"Consistent_3_of_3",1,0.297,0.804,1,FALSE,TRUE,"Other_Candidate","Other_Candidate",FALSE,FALSE,FALSE,FALSE,FALSE,FALSE,FALSE,FALSE,FALSE,NA,"Standard_candidate",TRUE,TRUE,"Other_Research_Candidate","Standard",0,0.330643902765275,0,0,0.330643902765275,0.698826829839231,0.756765854147912,480
284,"ISOC2",0.578209502888358,"Tier_3_Exploratory_Robust",0.652614935764622,0.652614935764622,0.852919486116977,0.852919486116977,0.653,0.326,0.327,0.646868255285817,0.526462395543176,0.802631578947368,"Consistent_3_of_3",1,0.327,0.653,1,FALSE,TRUE,"Other_Candidate","Other_Candidate",FALSE,FALSE,FALSE,FALSE,FALSE,FALSE,FALSE,FALSE,FALSE,NA,"Standard_candidate",TRUE,TRUE,"Other_Research_Candidate","Standard",0,0.330522987152924,0,0,0.330522987152924,0.674415227517618,0.726384480729387,481
318,"SIAH2",0.565564750986041,"Tier_3_Exploratory_Robust",0.652080956478483,0.652080956478483,0.981447651827864,0.981447651827864,0.655,0.413,0.242,0.628976162274989,0.348920863309353,0.802631578947368,"Consistent_3_of_3",1,0.242,0.655,1,FALSE,TRUE,"Other_Candidate","Other_Candidate",FALSE,FALSE,FALSE,FALSE,FALSE,FALSE,FALSE,FALSE,FALSE,NA,"Standard_candidate",TRUE,TRUE,"Other_Research_Candidate","Standard",0,0.330416191295697,0,0,0.330416191295697,0.657628334767469,0.726624286943545,482
489,"SAC3D1",0.503610393225153,"Tier_3_Exploratory_Robust",0.651801318429259,0.651801318429259,1.47681054743407,1.47681054743407,0.352,0.118,0.234,0.341336460226336,0.251798561151079,0.513157894736842,"Consistent_3_of_3",1,0.234,0.352,1,FALSE,TRUE,"Other_Candidate","Other_Candidate",FALSE,FALSE,FALSE,FALSE,FALSE,FALSE,FALSE,FALSE,FALSE,NA,"Standard_candidate",TRUE,TRUE,"Other_Research_Candidate","Standard",0,0.330360263685852,0,0,0.330360263685852,0.595330461450241,0.665940395528778,483
216,"DDT",0.600830898626044,"Tier_3_Exploratory_Robust",0.651476141909126,0.651476141909126,0.703009135273006,0.703009135273006,0.854,0.64,0.214,0.853663165348091,0.805263157894737,0.924791086350975,"Consistent_3_of_3",1,0.214,0.854,1,FALSE,TRUE,"Other_Candidate","Other_Candidate",FALSE,FALSE,FALSE,FALSE,FALSE,FALSE,FALSE,FALSE,FALSE,NA,"Standard_candidate",TRUE,TRUE,"Other_Research_Candidate","Standard",0,0.330295228381825,0,0,0.330295228381825,0.691616649668194,0.766242842572738,484
192,"MZT2A",0.611844947731065,"Tier_3_Exploratory_Robust",0.650505201012539,0.650505201012539,0.608841608100312,0.608841608100312,0.923,0.724,0.199,0.928640181243072,0.857938718662953,0.996402877697842,"Consistent_3_of_3",1,0.199,0.923,1,FALSE,TRUE,"Other_Candidate","Other_Candidate",FALSE,FALSE,FALSE,FALSE,FALSE,FALSE,FALSE,FALSE,FALSE,NA,"Standard_candidate",TRUE,TRUE,"Other_Research_Candidate","Standard",0,0.330101040202508,0,0,0.330101040202508,0.702076820354389,0.779751560303762,485
506,"MTSS1",0.496800788522235,"Tier_4_Exploratory",0.64970055203352,0.64970055203352,1.50800441626816,1.50800441626816,0.329,0.102,0.227,0.327751913701409,0.267409470752089,0.392105263157895,"Consistent_3_of_3",1,0.227,0.329,1,FALSE,TRUE,"Other_Candidate","Other_Candidate",FALSE,FALSE,FALSE,FALSE,FALSE,FALSE,FALSE,FALSE,FALSE,NA,"Standard_candidate",TRUE,TRUE,"Other_Research_Candidate","Standard",0,0.329940110406704,0,0,0.329940110406704,0.588595193211732,0.660710165610056,486
440,"TESMIN",0.521906817228124,"Tier_3_Exploratory_Robust",0.64943973034501,0.64943973034501,1.28831784276008,1.28831784276008,0.426,0.16,0.266,0.416776779426774,0.328690807799443,0.576315789473684,"Consistent_3_of_3",1,0.266,0.426,1,TRUE,TRUE,"Other_Candidate","Other_Candidate",FALSE,FALSE,FALSE,FALSE,FALSE,FALSE,FALSE,FALSE,FALSE,NA,"Standard_candidate",TRUE,TRUE,"Other_Research_Candidate","Standard",0,0.329887946069002,0,0,0.329887946069002,0.615703905620753,0.680031919103503,487
248,"YIPF3",0.591138979165295,"Tier_3_Exploratory_Robust",0.648773346499272,0.648773346499272,0.713386771994173,0.713386771994173,0.75,0.452,0.298,0.744336136427319,0.649025069637883,0.878947368421053,"Consistent_3_of_3",1,0.298,0.75,1,FALSE,TRUE,"Other_Candidate","Other_Candidate",FALSE,FALSE,FALSE,FALSE,FALSE,FALSE,FALSE,FALSE,FALSE,NA,"Standard_candidate",TRUE,TRUE,"Other_Research_Candidate","Standard",0,0.329754669299854,0,0,0.329754669299854,0.686670671274745,0.744632003949782,488
326,"CORO1B",0.562824438758951,"Tier_3_Exploratory_Robust",0.647660031046841,0.647660031046841,0.941280248374726,0.941280248374726,0.64,0.38,0.26,0.627217891425021,0.445682451253482,0.9,"Consistent_3_of_3",1,0.26,0.64,1,FALSE,TRUE,"Other_Candidate","Other_Candidate",FALSE,FALSE,FALSE,FALSE,FALSE,FALSE,FALSE,FALSE,FALSE,NA,"Standard_candidate",TRUE,TRUE,"Other_Research_Candidate","Standard",0,0.329532006209368,0,0,0.329532006209368,0.656681010866394,0.722298009314052,489
391,"COMTD1",0.539437262903155,"Tier_3_Exploratory_Robust",0.647139776699815,0.647139776699815,1.11631821359852,1.11631821359852,0.514,0.24,0.274,0.512227245032884,0.485611510791367,0.543175487465181,"Consistent_3_of_3",1,0.274,0.514,1,TRUE,TRUE,"Other_Candidate","Other_Candidate",FALSE,FALSE,FALSE,FALSE,FALSE,FALSE,FALSE,FALSE,FALSE,NA,"Standard_candidate",TRUE,TRUE,"Other_Research_Candidate","Standard",0,0.329427955339963,0,0,0.329427955339963,0.634098921844935,0.696941933009945,490
194,"C11orf58",0.610321238638534,"Tier_3_Exploratory_Robust",0.646567259915705,0.646567259915705,0.569338079325638,0.569338079325638,0.921,0.715,0.206,0.917687582817487,0.87410071942446,0.952646239554318,"Consistent_3_of_3",1,0.206,0.921,1,FALSE,TRUE,"Other_Candidate","Other_Candidate",FALSE,FALSE,FALSE,FALSE,FALSE,FALSE,FALSE,FALSE,FALSE,NA,"Standard_candidate",TRUE,TRUE,"Other_Research_Candidate","Standard",0,0.329313451983141,0,0,0.329313451983141,0.701698540970497,0.778170177974712,491
286,"PTOV1",0.577332041391645,"Tier_3_Exploratory_Robust",0.646496249286943,0.646496249286943,0.800769994295541,0.800769994295541,0.697,0.412,0.285,0.691109168082628,0.636690647482014,0.773684210526316,"Consistent_3_of_3",1,0.285,0.697,1,FALSE,TRUE,"Other_Candidate","Other_Candidate",FALSE,FALSE,FALSE,FALSE,FALSE,FALSE,FALSE,FALSE,FALSE,NA,"Standard_candidate",TRUE,TRUE,"Other_Research_Candidate","Standard",0,0.329299249857389,0,0,0.329299249857389,0.67267368725043,0.733348874786083,492
355,"CTSH",0.550330715627816,"Tier_3_Exploratory_Robust",0.646131522929604,0.646131522929604,0.997852183436832,0.997852183436832,0.536,0.215,0.321,0.541997119208313,0.465181058495822,0.618705035971223,"Consistent_3_of_3",1,0.321,0.536,1,FALSE,TRUE,"Other_Candidate","Other_Candidate",FALSE,FALSE,FALSE,FALSE,FALSE,FALSE,FALSE,FALSE,FALSE,NA,"Standard_candidate",TRUE,TRUE,"Other_Research_Candidate","Standard",0,0.329226304585921,0,0,0.329226304585921,0.647546033025362,0.701039456878881,493
259,"SPDEF",0.587664760362336,"Tier_3_Exploratory_Robust",0.646102618005821,0.646102618005821,0.70002094404657,0.70002094404657,0.725,0.407,0.318,0.720773412057628,0.590529247910863,0.863157894736842,"Consistent_3_of_3",1,0.318,0.725,1,FALSE,TRUE,"Other_Candidate","Other_Candidate",FALSE,FALSE,FALSE,FALSE,FALSE,FALSE,FALSE,FALSE,FALSE,NA,"Standard_candidate",TRUE,TRUE,"Other_Research_Candidate","Standard",0,0.329220523601164,0,0,0.329220523601164,0.684735916302037,0.738830785401746,494
228,"TMEM141",0.597590314725289,"Tier_3_Exploratory_Robust",0.644880776867634,0.644880776867634,0.605446214941069,0.605446214941069,0.778,0.46,0.318,0.773011685945189,0.732590529247911,0.852631578947368,"Consistent_3_of_3",1,0.318,0.778,1,FALSE,TRUE,"Other_Candidate","Other_Candidate",FALSE,FALSE,FALSE,FALSE,FALSE,FALSE,FALSE,FALSE,FALSE,NA,"Standard_candidate",TRUE,TRUE,"Other_Research_Candidate","Standard",0,0.328976155373527,0,0,0.328976155373527,0.694908271903672,0.74906423306029,495
206,"CRNDE",0.603479526547142,"Tier_3_Exploratory_Robust",0.644046002467556,0.644046002467556,0.56036801974045,0.56036801974045,0.833,0.546,0.287,0.830721758907198,0.727019498607242,0.934210526315789,"Consistent_3_of_3",1,0.287,0.833,1,FALSE,TRUE,"Other_Candidate","Other_Candidate",FALSE,FALSE,FALSE,FALSE,FALSE,FALSE,FALSE,FALSE,FALSE,NA,"Standard_candidate",TRUE,TRUE,"Other_Research_Candidate","Standard",0,0.328809200493511,0,0,0.328809200493511,0.699416100863644,0.759813800740267,496
241,"FOSB",0.59343779510019,"Tier_3_Exploratory_Robust",0.64369865739406,0.64369865739406,0.666389259152479,0.666389259152479,0.84,0.628,0.212,0.841335229719757,0.637883008356546,0.986842105263158,"Consistent_3_of_3",1,0.212,0.84,1,FALSE,TRUE,"Other_Candidate","Other_Candidate",FALSE,FALSE,FALSE,FALSE,FALSE,FALSE,FALSE,FALSE,FALSE,NA,"Standard_candidate",TRUE,TRUE,"Other_Research_Candidate","Standard",0,0.328739731478812,0,0,0.328739731478812,0.685694530087921,0.761109597218218,497
351,"TERF2IP",0.55291702607412,"Tier_3_Exploratory_Robust",0.642392895745071,0.642392895745071,0.935943165960568,0.935943165960568,0.569,0.261,0.308,0.57818876111543,0.513157894736842,0.672661870503597,"Consistent_3_of_3",1,0.308,0.569,1,FALSE,TRUE,"Other_Candidate","Other_Candidate",FALSE,FALSE,FALSE,FALSE,FALSE,FALSE,FALSE,FALSE,FALSE,NA,"Standard_candidate",TRUE,TRUE,"Other_Research_Candidate","Standard",0,0.328478579149014,0,0,0.328478579149014,0.650237513510775,0.706517868723521,498
255,"SUPT4H1",0.588105384676525,"Tier_3_Exploratory_Robust",0.64200948134972,0.64200948134972,0.65927585079776,0.65927585079776,0.764,0.48,0.284,0.773124312454449,0.601671309192201,0.899280575539568,"Consistent_3_of_3",1,0.284,0.764,1,FALSE,TRUE,"Other_Candidate","Other_Candidate",FALSE,FALSE,FALSE,FALSE,FALSE,FALSE,FALSE,FALSE,FALSE,NA,"Standard_candidate",TRUE,TRUE,"Other_Research_Candidate","Standard",0,0.328401896269944,0,0,0.328401896269944,0.684303318472402,0.745402844404916,499
386,"COPRS",0.540758513558941,"Tier_3_Exploratory_Robust",0.637486092538763,0.637486092538763,0.984688740310106,0.984688740310106,0.545,0.268,0.277,0.532526050703199,0.428057553956835,0.721052631578947,"Consistent_3_of_3",1,0.277,0.545,1,FALSE,TRUE,"Other_Candidate","Other_Candidate",FALSE,FALSE,FALSE,FALSE,FALSE,FALSE,FALSE,FALSE,FALSE,NA,"Standard_candidate",TRUE,TRUE,"Other_Research_Candidate","Standard",0,0.327497218507753,0,0,0.327497218507753,0.637520132388567,0.700245827761629,500
210,"ST13",0.602901275269033,"Tier_3_Exploratory_Robust",0.637382398343936,0.637382398343936,0.505459186751491,0.505459186751491,0.892,0.663,0.229,0.887887367865567,0.848920863309353,0.928947368421053,"Consistent_3_of_3",1,0.229,0.892,1,FALSE,TRUE,"Other_Candidate","Other_Candidate",FALSE,FALSE,FALSE,FALSE,FALSE,FALSE,FALSE,FALSE,FALSE,NA,"Standard_candidate",TRUE,TRUE,"Other_Research_Candidate","Standard",0,0.327476479668787,0,0,0.327476479668787,0.697283839420378,0.769614719503181,501
369,"FAM120AOS",0.547269284820206,"Tier_3_Exploratory_Robust",0.636690375712111,0.636690375712111,0.919123005696885,0.919123005696885,0.573,0.287,0.286,0.56250785326877,0.467966573816156,0.744736842105263,"Consistent_3_of_3",1,0.286,0.573,1,FALSE,TRUE,"Other_Candidate","Other_Candidate",FALSE,FALSE,FALSE,FALSE,FALSE,FALSE,FALSE,FALSE,FALSE,NA,"Standard_candidate",TRUE,TRUE,"Other_Research_Candidate","Standard",0,0.327338075142422,0,0,0.327338075142422,0.644641631499239,0.705607112713633,502
392,"CLPTM1",0.539137522225125,"Tier_3_Exploratory_Robust",0.635998765865343,0.635998765865343,0.979190126922748,0.979190126922748,0.541,0.264,0.277,0.521106457452422,0.320143884892086,0.7,"Consistent_3_of_3",1,0.277,0.541,1,FALSE,TRUE,"Other_Candidate","Other_Candidate",FALSE,FALSE,FALSE,FALSE,FALSE,FALSE,FALSE,FALSE,FALSE,NA,"Standard_candidate",TRUE,TRUE,"Other_Research_Candidate","Standard",0,0.327199753173069,0,0,0.327199753173069,0.63619956805287,0.698999629759603,503
315,"BCAM",0.566075779545357,"Tier_3_Exploratory_Robust",0.635705749128211,0.635705749128211,0.791245993025689,0.791245993025689,0.735,0.536,0.199,0.748202915456815,0.345403899721448,0.967625899280576,"Consistent_3_of_3",1,0.199,0.735,1,FALSE,TRUE,"Other_Candidate","Other_Candidate",FALSE,FALSE,FALSE,FALSE,FALSE,FALSE,FALSE,FALSE,FALSE,NA,"Standard_candidate",TRUE,TRUE,"Other_Research_Candidate","Standard",0,0.327141149825642,0,0,0.327141149825642,0.659297012194874,0.737711724738463,504
490,"TJP3",0.503426044688193,"Tier_3_Exploratory_Robust",0.635253323750446,0.635253323750446,1.27722659000357,1.27722659000357,0.405,0.182,0.223,0.393891993867155,0.266187050359712,0.47075208913649,"Consistent_3_of_3",1,0.223,0.405,1,TRUE,TRUE,"Other_Candidate","Other_Candidate",FALSE,FALSE,FALSE,FALSE,FALSE,FALSE,FALSE,FALSE,FALSE,NA,"Standard_candidate",TRUE,TRUE,"Other_Research_Candidate","Standard",0,0.327050664750089,0,0,0.327050664750089,0.597938663312656,0.671575997125134,505
342,"TLE5",0.557975126501546,"Tier_3_Exploratory_Robust",0.63488933576925,0.63488933576925,0.824714686154001,0.824714686154001,0.657,0.405,0.252,0.66308323814486,0.55,0.727019498607242,"Consistent_3_of_3",1,0.252,0.657,1,FALSE,TRUE,"Other_Candidate","Other_Candidate",FALSE,FALSE,FALSE,FALSE,FALSE,FALSE,FALSE,FALSE,FALSE,NA,"Standard_candidate",TRUE,TRUE,"Other_Research_Candidate","Standard",0,0.32697786715385,0,0,0.32697786715385,0.654011267519238,0.721866800730775,506
377,"BAG3",0.544917170223626,"Tier_3_Exploratory_Robust",0.633606785987791,0.633606785987791,0.905654287902327,0.905654287902327,0.581,0.31,0.271,0.601383528860829,0.345403899721448,0.856115107913669,"Consistent_3_of_3",1,0.271,0.581,1,FALSE,TRUE,"Other_Candidate","Other_Candidate",FALSE,FALSE,FALSE,FALSE,FALSE,FALSE,FALSE,FALSE,FALSE,NA,"Standard_candidate",TRUE,TRUE,"Other_Research_Candidate","Standard",0,0.326721357197558,0,0,0.326721357197558,0.642162375095727,0.706282035796337,507
279,"MLF2",0.579262666086442,"Tier_3_Exploratory_Robust",0.631968165610154,0.631968165610154,0.630145324881234,0.630145324881234,0.794,0.572,0.222,0.788040565934586,0.721448467966574,0.905263157894737,"Consistent_3_of_3",1,0.222,0.794,1,FALSE,TRUE,"Other_Candidate","Other_Candidate",FALSE,FALSE,FALSE,FALSE,FALSE,FALSE,FALSE,FALSE,FALSE,NA,"Standard_candidate",TRUE,TRUE,"Other_Research_Candidate","Standard",0,0.326393633122031,0,0,0.326393633122031,0.674388857963554,0.748390449683046,508
271,"TSC22D3",0.583877538944962,"Tier_3_Exploratory_Robust",0.631632785047467,0.631632785047467,0.56026228037974,0.56026228037974,0.764,0.47,0.294,0.765894523788681,0.715877437325905,0.794964028776978,"Consistent_3_of_3",1,0.294,0.764,1,FALSE,TRUE,"Other_Candidate","Other_Candidate",FALSE,FALSE,FALSE,FALSE,FALSE,FALSE,FALSE,FALSE,FALSE,NA,"Standard_candidate",TRUE,TRUE,"Other_Research_Candidate","Standard",0,0.326326557009493,0,0,0.326326557009493,0.682671474766613,0.74228983551424,509
348,"ZMAT2",0.554070173923018,"Tier_3_Exploratory_Robust",0.631619442405302,0.631619442405302,0.806555539242413,0.806555539242413,0.63,0.356,0.274,0.605017214787033,0.341726618705036,0.813157894736842,"Consistent_3_of_3",1,0.274,0.63,1,FALSE,TRUE,"Other_Candidate","Other_Candidate",FALSE,FALSE,FALSE,FALSE,FALSE,FALSE,FALSE,FALSE,FALSE,NA,"Standard_candidate",TRUE,TRUE,"Other_Research_Candidate","Standard",0,0.32632388848106,0,0,0.32632388848106,0.651866804841856,0.715485832721591,510
453,"C15orf61",0.516660329733473,"Tier_3_Exploratory_Robust",0.631511027303103,0.631511027303103,1.11768821842482,1.11768821842482,0.468,0.227,0.241,0.485043878106721,0.260526315789474,0.640287769784173,"Consistent_3_of_3",1,0.241,0.468,1,TRUE,TRUE,"Other_Candidate","Other_Candidate",FALSE,FALSE,FALSE,FALSE,FALSE,FALSE,FALSE,FALSE,FALSE,NA,"Standard_candidate",TRUE,TRUE,"Other_Research_Candidate","Standard",0,0.326302205460621,0,0,0.326302205460621,0.612828859556086,0.683053308190931,511
249,"RABAC1",0.5906311458015,"Tier_3_Exploratory_Robust",0.631095832451341,0.631095832451341,0.536766659610725,0.536766659610725,0.869,0.668,0.201,0.869960064787929,0.763231197771588,0.947368421052632,"Consistent_3_of_3",1,0.201,0.869,1,FALSE,TRUE,"Other_Candidate","Other_Candidate",FALSE,FALSE,FALSE,FALSE,FALSE,FALSE,FALSE,FALSE,FALSE,NA,"Standard_candidate",TRUE,TRUE,"Other_Research_Candidate","Standard",0,0.326219166490268,0,0,0.326219166490268,0.684883541357969,0.763128749735402,512
302,"TCEAL3",0.568627726052608,"Tier_3_Exploratory_Robust",0.630093244579556,0.630093244579556,0.669545956636448,0.669545956636448,0.704,0.426,0.278,0.710631752624583,0.568245125348189,0.805755395683453,"Consistent_3_of_3",1,0.278,0.704,1,FALSE,TRUE,"Other_Candidate","Other_Candidate",FALSE,FALSE,FALSE,FALSE,FALSE,FALSE,FALSE,FALSE,FALSE,NA,"Standard_candidate",TRUE,TRUE,"Other_Research_Candidate","Standard",0,0.326018648915911,0,0,0.326018648915911,0.666932635602845,0.729827973373867,513
499,"PRR15L",0.499972473057538,"Tier_4_Exploratory",0.629811984703616,0.629811984703616,1.23529587762893,1.23529587762893,0.399,0.171,0.228,0.392812857176508,0.31294964028777,0.47075208913649,"Consistent_3_of_3",1,0.228,0.399,1,FALSE,TRUE,"Other_Candidate","Other_Candidate",FALSE,FALSE,FALSE,FALSE,FALSE,FALSE,FALSE,FALSE,FALSE,NA,"Standard_candidate",TRUE,TRUE,"Other_Research_Candidate","Standard",0,0.325962396940723,0,0,0.325962396940723,0.595834194646266,0.668743595411085,514
425,"FSIP1",0.525372092834399,"Tier_3_Exploratory_Robust",0.6283619975896,0.6283619975896,0.9980959807168,0.9980959807168,0.5,0.232,0.268,0.482189014951358,0.273381294964029,0.610027855153203,"Consistent_3_of_3",1,0.268,0.5,1,FALSE,TRUE,"Other_Candidate","Other_Candidate",FALSE,FALSE,FALSE,FALSE,FALSE,FALSE,FALSE,FALSE,FALSE,NA,"Standard_candidate",TRUE,TRUE,"Other_Research_Candidate","Standard",0,0.32567239951792,0,0,0.32567239951792,0.62352669915636,0.68850859927688,515
349,"METRN",0.553698036838366,"Tier_3_Exploratory_Robust",0.627412605763935,0.627412605763935,0.772900846111479,0.772900846111479,0.669,0.434,0.235,0.647535084379352,0.446043165467626,0.892105263157895,"Consistent_3_of_3",1,0.235,0.669,1,FALSE,TRUE,"Other_Candidate","Other_Candidate",FALSE,FALSE,FALSE,FALSE,FALSE,FALSE,FALSE,FALSE,FALSE,NA,"Standard_candidate",TRUE,TRUE,"Other_Research_Candidate","Standard",0,0.325482521152787,0,0,0.325482521152787,0.650394412017377,0.722023781729181,516
510,"ABHD2",0.495547784665289,"Tier_4_Exploratory",0.626596918631564,0.626596918631564,1.23517534905251,1.23517534905251,0.394,0.177,0.217,0.393609205876759,0.268421052631579,0.559888579387187,"Consistent_3_of_3",1,0.217,0.394,1,FALSE,TRUE,"Other_Candidate","Other_Candidate",FALSE,FALSE,FALSE,FALSE,FALSE,FALSE,FALSE,FALSE,FALSE,NA,"Standard_candidate",TRUE,TRUE,"Other_Research_Candidate","Standard",0,0.325319383726313,0,0,0.325319383726313,0.591508921521047,0.666779075589469,517
410,"ATXN10",0.534022420364164,"Tier_3_Exploratory_Robust",0.626188643510386,0.626188643510386,0.921509148083091,0.921509148083091,0.586,0.367,0.219,0.575203763100061,0.424460431654676,0.782729805013928,"Consistent_3_of_3",1,0.219,0.586,1,FALSE,TRUE,"Other_Candidate","Other_Candidate",FALSE,FALSE,FALSE,FALSE,FALSE,FALSE,FALSE,FALSE,FALSE,NA,"Standard_candidate",TRUE,TRUE,"Other_Research_Candidate","Standard",0,0.325237728702077,0,0,0.325237728702077,0.630166025228635,0.705056593053116,518
461,"MAP4K3-DT",0.511083835510584,"Tier_3_Exploratory_Robust",0.624488281727626,0.624488281727626,1.06790625382101,1.06790625382101,0.446,0.187,0.259,0.469463045602222,0.289473684210526,0.712230215827338,"Consistent_3_of_3",1,0.259,0.446,1,TRUE,TRUE,"Other_Candidate","Other_Candidate",FALSE,FALSE,FALSE,FALSE,FALSE,FALSE,FALSE,FALSE,FALSE,NA,"Standard_candidate",TRUE,TRUE,"Other_Research_Candidate","Standard",0,0.324897656345525,0,0,0.324897656345525,0.609570898604669,0.676546484518288,519
275,"RNF187",0.581397300265175,"Tier_3_Exploratory_Robust",0.623969187925026,0.623969187925026,0.500553503400204,0.500553503400204,0.802,0.547,0.255,0.798953032267047,0.762589928057554,0.823684210526316,"Consistent_3_of_3",1,0.255,0.802,1,FALSE,TRUE,"Other_Candidate","Other_Candidate",FALSE,FALSE,FALSE,FALSE,FALSE,FALSE,FALSE,FALSE,FALSE,NA,"Standard_candidate",TRUE,TRUE,"Other_Research_Candidate","Standard",0,0.324793837585005,0,0,0.324793837585005,0.679789215773759,0.747590756377508,520
310,"IRX3",0.566947253318796,"Tier_3_Exploratory_Robust",0.623335034872667,0.623335034872667,0.581880278981335,0.581880278981335,0.682,0.361,0.321,0.668836911119103,0.535971223021583,0.813157894736842,"Consistent_3_of_3",1,0.321,0.682,1,FALSE,TRUE,"Other_Candidate","Other_Candidate",FALSE,FALSE,FALSE,FALSE,FALSE,FALSE,FALSE,FALSE,FALSE,NA,"Standard_candidate",TRUE,TRUE,"Other_Research_Candidate","Standard",0,0.324667006974533,0,0,0.324667006974533,0.668767262205433,0.7234005104618,521
344,"NINJ1",0.556648320825533,"Tier_3_Exploratory_Robust",0.623155806505647,0.623155806505647,0.679646452045178,0.679646452045178,0.664,0.387,0.277,0.636329827795878,0.341726618705036,0.826315789473684,"Consistent_3_of_3",1,0.277,0.664,1,FALSE,TRUE,"Other_Candidate","Other_Candidate",FALSE,FALSE,FALSE,FALSE,FALSE,FALSE,FALSE,FALSE,FALSE,NA,"Standard_candidate",TRUE,TRUE,"Other_Research_Candidate","Standard",0,0.324631161301129,0,0,0.324631161301129,0.656304532276976,0.719746741951694,522
321,"PIN1",0.564309030175143,"Tier_3_Exploratory_Robust",0.622722302091695,0.622722302091695,0.602578416733561,0.602578416733561,0.684,0.381,0.303,0.681394160437667,0.632311977715877,0.75,"Consistent_3_of_3",1,0.303,0.684,1,FALSE,TRUE,"Other_Candidate","Other_Candidate",FALSE,FALSE,FALSE,FALSE,FALSE,FALSE,FALSE,FALSE,FALSE,NA,"Standard_candidate",TRUE,TRUE,"Other_Research_Candidate","Standard",0,0.324544460418339,0,0,0.324544460418339,0.665352805732093,0.723616690627509,523
424,"SERTAD3",0.525691636799069,"Tier_3_Exploratory_Robust",0.621966142707335,0.621966142707335,0.92132914165868,0.92132914165868,0.529,0.274,0.255,0.505318565848099,0.273381294964029,0.757894736842105,"Consistent_3_of_3",1,0.255,0.529,1,FALSE,TRUE,"Other_Candidate","Other_Candidate",FALSE,FALSE,FALSE,FALSE,FALSE,FALSE,FALSE,FALSE,FALSE,NA,"Standard_candidate",TRUE,TRUE,"Other_Research_Candidate","Standard",0,0.324393228541467,0,0,0.324393228541467,0.624488149947567,0.692389842812201,524
404,"SIGIRR",0.535804399010235,"Tier_3_Exploratory_Robust",0.621536357304319,0.621536357304319,0.83309085843455,0.83309085843455,0.577,0.317,0.26,0.562359911220708,0.392086330935252,0.671309192200557,"Consistent_3_of_3",1,0.26,0.577,1,FALSE,TRUE,"Other_Candidate","Other_Candidate",FALSE,FALSE,FALSE,FALSE,FALSE,FALSE,FALSE,FALSE,FALSE,NA,"Standard_candidate",TRUE,TRUE,"Other_Research_Candidate","Standard",0,0.324307271460864,0,0,0.324307271460864,0.634937725056512,0.701860907191296,525
413,"JOSD2",0.531392924903639,"Tier_3_Exploratory_Robust",0.618526392820953,0.618526392820953,0.836211142567623,0.836211142567623,0.573,0.326,0.247,0.564186967388412,0.384401114206128,0.797368421052632,"Consistent_3_of_3",1,0.247,0.573,1,FALSE,TRUE,"Other_Candidate","Other_Candidate",FALSE,FALSE,FALSE,FALSE,FALSE,FALSE,FALSE,FALSE,FALSE,NA,"Standard_candidate",TRUE,TRUE,"Other_Research_Candidate","Standard",0,0.323705278564191,0,0,0.323705278564191,0.630484237487334,0.700157917846286,526
421,"CXXC5",0.526764810944731,"Tier_3_Exploratory_Robust",0.61530512091401,0.61530512091401,0.829640967312082,0.829640967312082,0.552,0.296,0.256,0.539571245803533,0.392757660167131,0.776315789473684,"Consistent_3_of_3",1,0.256,0.552,1,FALSE,TRUE,"Other_Candidate","Other_Candidate",FALSE,FALSE,FALSE,FALSE,FALSE,FALSE,FALSE,FALSE,FALSE,NA,"Standard_candidate",TRUE,TRUE,"Other_Research_Candidate","Standard",0,0.323061024182802,0,0,0.323061024182802,0.626956792319904,0.694991536274203,527
347,"TRPS1",0.554240926833806,"Tier_3_Exploratory_Robust",0.614808946195928,0.614808946195928,0.598471569567423,0.598471569567423,0.681,0.412,0.269,0.674573761310553,0.50974930362117,0.873684210526316,"Consistent_3_of_3",1,0.269,0.681,1,FALSE,TRUE,"Other_Candidate","Other_Candidate",FALSE,FALSE,FALSE,FALSE,FALSE,FALSE,FALSE,FALSE,FALSE,NA,"Standard_candidate",TRUE,TRUE,"Other_Research_Candidate","Standard",0,0.322961789239186,0,0,0.322961789239186,0.655183131168575,0.720642683858778,528
443,"FAM174A",0.520549148711798,"Tier_3_Exploratory_Robust",0.613555705131654,0.613555705131654,0.854045641053235,0.854045641053235,0.519,0.254,0.265,0.504401557188496,0.366906474820144,0.689473684210526,"Consistent_3_of_3",1,0.265,0.519,1,FALSE,TRUE,"Other_Candidate","Other_Candidate",FALSE,FALSE,FALSE,FALSE,FALSE,FALSE,FALSE,FALSE,FALSE,NA,"Standard_candidate",TRUE,TRUE,"Other_Research_Candidate","Standard",0,0.322711141026331,0,0,0.322711141026331,0.621544496796079,0.687866711539496,529
444,"PGP",0.520485961924447,"Tier_3_Exploratory_Robust",0.613441234502837,0.613441234502837,0.8531298760227,0.8531298760227,0.519,0.254,0.265,0.515936765321653,0.454038997214485,0.597368421052632,"Consistent_3_of_3",1,0.265,0.519,1,FALSE,TRUE,"Other_Candidate","Other_Candidate",FALSE,FALSE,FALSE,FALSE,FALSE,FALSE,FALSE,FALSE,FALSE,NA,"Standard_candidate",TRUE,TRUE,"Other_Research_Candidate","Standard",0,0.322688246900567,0,0,0.322688246900567,0.621504432075993,0.687832370350851,530
495,"MACROD1",0.501282622463544,"Tier_3_Exploratory_Robust",0.612982278942515,0.612982278942515,1.00785823154012,1.00785823154012,0.437,0.189,0.248,0.420152269915485,0.262589928057554,0.607894736842105,"Consistent_3_of_3",1,0.248,0.437,1,TRUE,TRUE,"Other_Candidate","Other_Candidate",FALSE,FALSE,FALSE,FALSE,FALSE,FALSE,FALSE,FALSE,FALSE,NA,"Standard_candidate",TRUE,TRUE,"Other_Research_Candidate","Standard",0,0.322596455788503,0,0,0.322596455788503,0.60154379762988,0.671294683682755,531
390,"MEA1",0.539529394160152,"Tier_3_Exploratory_Robust",0.610983645321281,0.610983645321281,0.683069162570246,0.683069162570246,0.645,0.412,0.233,0.630013391427307,0.496402877697842,0.842105263157895,"Consistent_3_of_3",1,0.233,0.645,1,FALSE,TRUE,"Other_Candidate","Other_Candidate",FALSE,FALSE,FALSE,FALSE,FALSE,FALSE,FALSE,FALSE,FALSE,NA,"Standard_candidate",TRUE,TRUE,"Other_Research_Candidate","Standard",0,0.322196729064256,0,0,0.322196729064256,0.639444275862448,0.712295093596384,532
570,"ZBED5-AS1",0.469432939104729,"Tier_4_Exploratory",0.610808905137301,0.610808905137301,1.25287124109841,1.25287124109841,0.316,0.111,0.205,0.310009186610541,0.251798561151079,0.357894736842105,"Consistent_3_of_3",1,0.205,0.316,1,FALSE,TRUE,"Other_Candidate","Other_Candidate",FALSE,FALSE,FALSE,FALSE,FALSE,FALSE,FALSE,FALSE,FALSE,NA,"Standard_candidate",TRUE,TRUE,"Other_Research_Candidate","Standard",0,0.32216178102746,0,0,0.32216178102746,0.567983116798055,0.64644267154119,533
420,"HDDC2",0.527318030522283,"Tier_3_Exploratory_Robust",0.610238409548531,0.610238409548531,0.755507276388245,0.755507276388245,0.556,0.283,0.273,0.564690543416315,0.465181058495822,0.676258992805755,"Consistent_3_of_3",1,0.273,0.556,1,FALSE,TRUE,"Other_Candidate","Other_Candidate",FALSE,FALSE,FALSE,FALSE,FALSE,FALSE,FALSE,FALSE,FALSE,NA,"Standard_candidate",TRUE,TRUE,"Other_Research_Candidate","Standard",0,0.322047681909706,0,0,0.322047681909706,0.629383443341986,0.694271522864559,534
514,"LLGL2",0.494520076204373,"Tier_4_Exploratory",0.60951746640644,0.60951746640644,1.03133973125152,1.03133973125152,0.436,0.219,0.217,0.453334831035626,0.264623955431755,0.669064748201439,"Consistent_3_of_3",1,0.217,0.436,1,TRUE,TRUE,"Other_Candidate","Other_Candidate",FALSE,FALSE,FALSE,FALSE,FALSE,FALSE,FALSE,FALSE,FALSE,NA,"Standard_candidate",TRUE,TRUE,"Other_Research_Candidate","Standard",0,0.321903493281288,0,0,0.321903493281288,0.593931113242254,0.670055239921932,535
414,"FAM102A",0.531330834187853,"Tier_3_Exploratory_Robust",0.60908405009872,0.60908405009872,0.717472400789756,0.717472400789756,0.595,0.343,0.252,0.608351553620027,0.476323119777159,0.76978417266187,"Consistent_3_of_3",1,0.252,0.595,1,FALSE,TRUE,"Other_Candidate","Other_Candidate",FALSE,FALSE,FALSE,FALSE,FALSE,FALSE,FALSE,FALSE,FALSE,NA,"Standard_candidate",TRUE,TRUE,"Other_Research_Candidate","Standard",0,0.321816810019744,0,0,0.321816810019744,0.632579417534552,0.701725215029616,536
469,"BEX4",0.508631091554893,"Tier_3_Exploratory_Robust",0.607816380344286,0.607816380344286,0.878531042754286,0.878531042754286,0.476,0.212,0.264,0.469331205611673,0.28133704735376,0.684210526315789,"Consistent_3_of_3",1,0.264,0.476,1,FALSE,TRUE,"Other_Candidate","Other_Candidate",FALSE,FALSE,FALSE,FALSE,FALSE,FALSE,FALSE,FALSE,FALSE,NA,"Standard_candidate",TRUE,TRUE,"Other_Research_Candidate","Standard",0,0.321563276068857,0,0,0.321563276068857,0.6107357331205,0.677544914103286,537
513,"FAM110A",0.494808377415715,"Tier_4_Exploratory",0.607141162887137,0.607141162887137,0.997929303097096,0.997929303097096,0.441,0.22,0.221,0.44077487460259,0.323119777158774,0.531578947368421,"Consistent_3_of_3",1,0.221,0.441,1,FALSE,TRUE,"Other_Candidate","Other_Candidate",FALSE,FALSE,FALSE,FALSE,FALSE,FALSE,FALSE,FALSE,FALSE,NA,"Standard_candidate",TRUE,TRUE,"Other_Research_Candidate","Standard",0,0.321428232577427,0,0,0.321428232577427,0.594899407010498,0.670342348866141,538
363,"DCTN3",0.548932710709874,"Tier_3_Exploratory_Robust",0.6059171096328,0.6059171096328,0.527336877062397,0.527336877062397,0.673,0.396,0.277,0.670951694882183,0.532033426183844,0.797368421052632,"Consistent_3_of_3",1,0.277,0.673,1,FALSE,TRUE,"Other_Candidate","Other_Candidate",FALSE,FALSE,FALSE,FALSE,FALSE,FALSE,FALSE,FALSE,FALSE,NA,"Standard_candidate",TRUE,TRUE,"Other_Research_Candidate","Standard",0,0.32118342192656,0,0,0.32118342192656,0.65207098837148,0.71637513288984,539
376,"WBP1",0.545025867025299,"Tier_3_Exploratory_Robust",0.604545994307568,0.604545994307568,0.540367954460541,0.540367954460541,0.655,0.375,0.28,0.659033781624459,0.584958217270195,0.715827338129496,"Consistent_3_of_3",1,0.28,0.655,1,FALSE,TRUE,"Other_Candidate","Other_Candidate",FALSE,FALSE,FALSE,FALSE,FALSE,FALSE,FALSE,FALSE,FALSE,NA,"Standard_candidate",TRUE,TRUE,"Other_Research_Candidate","Standard",0,0.320909198861514,0,0,0.320909198861514,0.648591098007649,0.71236379829227,540
567,"NPTN",0.469820750167499,"Tier_4_Exploratory",0.602906263911254,0.602906263911254,1.15125011129003,1.15125011129003,0.339,0.133,0.206,0.346720348395085,0.261838440111421,0.438848920863309,"Consistent_3_of_3",1,0.206,0.339,1,FALSE,TRUE,"Other_Candidate","Other_Candidate",FALSE,FALSE,FALSE,FALSE,FALSE,FALSE,FALSE,FALSE,FALSE,NA,"Standard_candidate",TRUE,TRUE,"Other_Research_Candidate","Standard",0,0.320581252782251,0,0,0.320581252782251,0.570017192368939,0.648671879173376,541
446,"NT5C",0.519626388958601,"Tier_3_Exploratory_Robust",0.602554154700883,0.602554154700883,0.735633237607061,0.735633237607061,0.565,0.327,0.238,0.57311267537795,0.498607242339833,0.665467625899281,"Consistent_3_of_3",1,0.238,0.565,1,FALSE,TRUE,"Other_Candidate","Other_Candidate",FALSE,FALSE,FALSE,FALSE,FALSE,FALSE,FALSE,FALSE,FALSE,NA,"Standard_candidate",TRUE,TRUE,"Other_Research_Candidate","Standard",0,0.320510830940177,0,0,0.320510830940177,0.621493954145309,0.693766246410265,542
558,"CH17-340M24.3",0.477685857310911,"Tier_4_Exploratory",0.601846658637891,0.601846658637891,1.06597326910313,1.06597326910313,0.364,0.135,0.229,0.358407154938708,0.298561151079137,0.389473684210526,"Consistent_3_of_3",1,0.229,0.364,1,FALSE,TRUE,"Other_Candidate","Other_Candidate",FALSE,FALSE,FALSE,FALSE,FALSE,FALSE,FALSE,FALSE,FALSE,NA,"Standard_candidate",TRUE,TRUE,"Other_Research_Candidate","Standard",0,0.320369331727578,0,0,0.320369331727578,0.579246330523262,0.653353997591367,543
429,"WDR61",0.524191535882775,"Tier_3_Exploratory_Robust",0.601041715778669,0.601041715778669,0.669133726229352,0.669133726229352,0.571,0.305,0.266,0.57364615271571,0.55,0.597122302158273,"Consistent_3_of_3",1,0.266,0.571,1,FALSE,TRUE,"Other_Candidate","Other_Candidate",FALSE,FALSE,FALSE,FALSE,FALSE,FALSE,FALSE,FALSE,FALSE,NA,"Standard_candidate",TRUE,TRUE,"Other_Research_Candidate","Standard",0,0.320208343155734,0,0,0.320208343155734,0.627764600522534,0.694512514733601,544
397,"MGMT",0.537846946259544,"Tier_3_Exploratory_Robust",0.600598611624351,0.600598611624351,0.542388892994809,0.542388892994809,0.618,0.322,0.296,0.62305129067835,0.568245125348189,0.679856115107914,"Consistent_3_of_3",1,0.296,0.618,1,FALSE,TRUE,"Other_Candidate","Other_Candidate",FALSE,FALSE,FALSE,FALSE,FALSE,FALSE,FALSE,FALSE,FALSE,NA,"Standard_candidate",TRUE,TRUE,"Other_Research_Candidate","Standard",0,0.32011972232487,0,0,0.32011972232487,0.643009514068523,0.703779583487305,545
537,"ITFG1",0.486385684233356,"Tier_4_Exploratory",0.600125303363599,0.600125303363599,0.972202426908789,0.972202426908789,0.407,0.171,0.236,0.403020717863475,0.311977715877437,0.515789473684211,"Consistent_3_of_3",1,0.236,0.407,1,FALSE,TRUE,"Other_Candidate","Other_Candidate",FALSE,FALSE,FALSE,FALSE,FALSE,FALSE,FALSE,FALSE,FALSE,NA,"Standard_candidate",TRUE,TRUE,"Other_Research_Candidate","Standard",0,0.32002506067272,0,0,0.32002506067272,0.58864385617726,0.66143759100908,546
491,"HMGN4",0.503377459389359,"Tier_3_Exploratory_Robust",0.598298780181786,0.598298780181786,0.815190241454291,0.815190241454291,0.5,0.268,0.232,0.483928529365336,0.31294964028777,0.578947368421053,"Consistent_3_of_3",1,0.232,0.5,1,FALSE,TRUE,"Other_Candidate","Other_Candidate",FALSE,FALSE,FALSE,FALSE,FALSE,FALSE,FALSE,FALSE,FALSE,NA,"Standard_candidate",TRUE,TRUE,"Other_Research_Candidate","Standard",0,0.319659756036357,0,0,0.319659756036357,0.605804573063625,0.679489634054536,547
479,"SWI5",0.50586646797087,"Tier_3_Exploratory_Robust",0.598097705590083,0.598097705590083,0.784781644720663,0.784781644720663,0.498,0.246,0.252,0.500099583139529,0.484679665738162,0.528776978417266,"Consistent_3_of_3",1,0.252,0.498,1,FALSE,TRUE,"Other_Candidate","Other_Candidate",FALSE,FALSE,FALSE,FALSE,FALSE,FALSE,FALSE,FALSE,FALSE,NA,"Standard_candidate",TRUE,TRUE,"Other_Research_Candidate","Standard",0,0.319619541118017,0,0,0.319619541118017,0.609334196956529,0.679029311677025,548
428,"CCDC85B",0.524977791039018,"Tier_3_Exploratory_Robust",0.597937056432621,0.597937056432621,0.634696451460964,0.634696451460964,0.603,0.363,0.24,0.596142080617869,0.376044568245125,0.836842105263158,"Consistent_3_of_3",1,0.24,0.603,1,FALSE,TRUE,"Other_Candidate","Other_Candidate",FALSE,FALSE,FALSE,FALSE,FALSE,FALSE,FALSE,FALSE,FALSE,NA,"Standard_candidate",TRUE,TRUE,"Other_Research_Candidate","Standard",0,0.319587411286524,0,0,0.319587411286524,0.627877969751417,0.699981116929786,549
500,"MAGEF1",0.49966290925382,"Tier_4_Exploratory",0.597457190533676,0.597457190533676,0.832457524269406,0.832457524269406,0.48,0.243,0.237,0.478451562163259,0.460431654676259,0.498607242339833,"Consistent_3_of_3",1,0.237,0.48,1,FALSE,TRUE,"Other_Candidate","Other_Candidate",FALSE,FALSE,FALSE,FALSE,FALSE,FALSE,FALSE,FALSE,FALSE,NA,"Standard_candidate",TRUE,TRUE,"Other_Research_Candidate","Standard",0,0.319491438106735,0,0,0.319491438106735,0.602510016686787,0.675237157160103,550
520,"H2BC4",0.491922648118136,"Tier_4_Exploratory",0.595482048529972,0.595482048529972,0.858256388239774,0.858256388239774,0.425,0.159,0.266,0.410017677105933,0.284172661870504,0.639473684210526,"Consistent_3_of_3",1,0.266,0.425,1,FALSE,TRUE,"Other_Candidate","Other_Candidate",FALSE,FALSE,FALSE,FALSE,FALSE,FALSE,FALSE,FALSE,FALSE,NA,"Standard_candidate",TRUE,TRUE,"Other_Research_Candidate","Standard",0,0.319096409705994,0,0,0.319096409705994,0.59661871698549,0.663644614558992,551
557,"ABHD14A",0.47783936964991,"Tier_4_Exploratory",0.5945159490628,0.5945159490628,0.973727592502403,0.973727592502403,0.385,0.156,0.229,0.386409265784851,0.370473537604457,0.399280575539568,"Consistent_3_of_3",1,0.229,0.385,1,FALSE,TRUE,"Other_Candidate","Other_Candidate",FALSE,FALSE,FALSE,FALSE,FALSE,FALSE,FALSE,FALSE,FALSE,NA,"Standard_candidate",TRUE,TRUE,"Other_Research_Candidate","Standard",0,0.31890318981256,0,0,0.31890318981256,0.58088058217198,0.65535478471884,552
536,"CCDC34",0.486704260953573,"Tier_4_Exploratory",0.593455952769213,0.593455952769213,0.885247622153707,0.885247622153707,0.424,0.184,0.24,0.437052592202737,0.284122562674095,0.600719424460432,"Consistent_3_of_3",1,0.24,0.424,1,FALSE,TRUE,"Other_Candidate","Other_Candidate",FALSE,FALSE,FALSE,FALSE,FALSE,FALSE,FALSE,FALSE,FALSE,NA,"Standard_candidate",TRUE,TRUE,"Other_Research_Candidate","Standard",0,0.318691190553843,0,0,0.318691190553843,0.590509583469225,0.662836785830764,553
487,"GPR160",0.504277655039101,"Tier_3_Exploratory_Robust",0.591505548876502,0.591505548876502,0.720844391012015,0.720844391012015,0.518,0.279,0.239,0.512396351794096,0.431654676258993,0.623955431754875,"Consistent_3_of_3",1,0.239,0.518,1,FALSE,TRUE,"Other_Candidate","Other_Candidate",FALSE,FALSE,FALSE,FALSE,FALSE,FALSE,FALSE,FALSE,FALSE,NA,"Standard_candidate",TRUE,TRUE,"Other_Research_Candidate","Standard",0,0.3183011097753,0,0,0.3183011097753,0.608426942106776,0.681051664662951,554
447,"SPINT1-AS1",0.519560578960404,"Tier_3_Exploratory_Robust",0.590568802028689,0.590568802028689,0.58695041622951,0.58695041622951,0.597,0.358,0.239,0.580440254159376,0.384892086330935,0.735376044568245,"Consistent_3_of_3",1,0.239,0.597,1,FALSE,TRUE,"Other_Candidate","Other_Candidate",FALSE,FALSE,FALSE,FALSE,FALSE,FALSE,FALSE,FALSE,FALSE,NA,"Standard_candidate",TRUE,TRUE,"Other_Research_Candidate","Standard",0,0.318113760405738,0,0,0.318113760405738,0.623899080710041,0.696570640608607,555
442,"MYADM",0.520588689258747,"Tier_3_Exploratory_Robust",0.589351591281498,0.589351591281498,0.566012730251981,0.566012730251981,0.61,0.377,0.233,0.611490030963061,0.334261838440111,0.813157894736842,"Consistent_3_of_3",1,0.233,0.61,1,FALSE,TRUE,"Other_Candidate","Other_Candidate",FALSE,FALSE,FALSE,FALSE,FALSE,FALSE,FALSE,FALSE,FALSE,NA,"Standard_candidate",TRUE,TRUE,"Other_Research_Candidate","Standard",0,0.3178703182563,0,0,0.3178703182563,0.624873056948524,0.698805477384449,556
498,"OTUD6B-AS1",0.500734209897926,"Tier_3_Exploratory_Robust",0.589343476369009,0.589343476369009,0.730747810952069,0.730747810952069,0.522,0.304,0.218,0.512285535887373,0.384892086330935,0.654596100278552,"Consistent_3_of_3",1,0.218,0.522,1,FALSE,TRUE,"Other_Candidate","Other_Candidate",FALSE,FALSE,FALSE,FALSE,FALSE,FALSE,FALSE,FALSE,FALSE,NA,"Standard_candidate",TRUE,TRUE,"Other_Research_Candidate","Standard",0,0.317868695273802,0,0,0.317868695273802,0.604270216729153,0.681203042910703,557
434,"CREG1",0.523525471720321,"Tier_3_Exploratory_Robust",0.588965321513379,0.588965321513379,0.527722572107036,0.527722572107036,0.607,0.349,0.258,0.611676030821729,0.557103064066852,0.672661870503597,"Consistent_3_of_3",1,0.258,0.607,1,FALSE,TRUE,"Other_Candidate","Other_Candidate",FALSE,FALSE,FALSE,FALSE,FALSE,FALSE,FALSE,FALSE,FALSE,NA,"Standard_candidate",TRUE,TRUE,"Other_Research_Candidate","Standard",0,0.317793064302676,0,0,0.317793064302676,0.629137862529683,0.698089596454014,558
587,"THNSL2",0.462609017288011,"Tier_4_Exploratory",0.588663768857599,0.588663768857599,1.02931015086079,1.02931015086079,0.337,0.124,0.213,0.330893309102901,0.276978417266187,0.431578947368421,"Consistent_3_of_3",1,0.213,0.337,1,FALSE,TRUE,"Other_Candidate","Other_Candidate",FALSE,FALSE,FALSE,FALSE,FALSE,FALSE,FALSE,FALSE,FALSE,NA,"Standard_candidate",TRUE,TRUE,"Other_Research_Candidate","Standard",0,0.31773275377152,0,0,0.31773275377152,0.56603231910016,0.64399913065728,559
552,"ZNF830",0.480829302243956,"Tier_4_Exploratory",0.58761354382782,0.58761354382782,0.865708350622564,0.865708350622564,0.422,0.197,0.225,0.439533539566236,0.286908077994429,0.647482014388489,"Consistent_3_of_3",1,0.225,0.422,1,FALSE,TRUE,"Other_Candidate","Other_Candidate",FALSE,FALSE,FALSE,FALSE,FALSE,FALSE,FALSE,FALSE,FALSE,NA,"Standard_candidate",TRUE,TRUE,"Other_Research_Candidate","Standard",0,0.317522708765564,0,0,0.317522708765564,0.585064740339737,0.660684063148346,560
541,"RPRD1A",0.484581164790971,"Tier_4_Exploratory",0.585714714050908,0.585714714050908,0.812117712407266,0.812117712407266,0.446,0.221,0.225,0.429054774066687,0.26978417266187,0.655263157894737,"Consistent_3_of_3",1,0.225,0.446,1,FALSE,TRUE,"Other_Candidate","Other_Candidate",FALSE,FALSE,FALSE,FALSE,FALSE,FALSE,FALSE,FALSE,FALSE,NA,"Standard_candidate",TRUE,TRUE,"Other_Research_Candidate","Standard",0,0.317142942810182,0,0,0.317142942810182,0.589200149917818,0.664914414215272,561
441,"C1orf122",0.521456583615181,"Tier_3_Exploratory_Robust",0.585307857657494,0.585307857657494,0.517662861259953,0.517662861259953,0.642,0.431,0.211,0.632335515548857,0.543165467625899,0.760526315789474,"Consistent_3_of_3",1,0.211,0.642,1,FALSE,TRUE,"Other_Candidate","Other_Candidate",FALSE,FALSE,FALSE,FALSE,FALSE,FALSE,FALSE,FALSE,FALSE,NA,"Standard_candidate",TRUE,TRUE,"Other_Research_Candidate","Standard",0,0.317061571531499,0,0,0.317061571531499,0.625457750180123,0.703992357297248,562
478,"SS18L2",0.506153860788257,"Tier_3_Exploratory_Robust",0.583853626628894,0.583853626628894,0.616429013031154,0.616429013031154,0.559,0.334,0.225,0.549713731433853,0.417827298050139,0.742105263157895,"Consistent_3_of_3",1,0.225,0.559,1,FALSE,TRUE,"Other_Candidate","Other_Candidate",FALSE,FALSE,FALSE,FALSE,FALSE,FALSE,FALSE,FALSE,FALSE,NA,"Standard_candidate",TRUE,TRUE,"Other_Research_Candidate","Standard",0,0.316770725325779,0,0,0.316770725325779,0.611148769320113,0.686956087988668,563
566,"TMEM251",0.469920616493862,"Tier_4_Exploratory",0.582797007928497,0.582797007928497,0.899176063427978,0.899176063427978,0.392,0.182,0.21,0.38813239688267,0.345323741007194,0.426315789473684,"Consistent_3_of_3",1,0.21,0.392,1,FALSE,TRUE,"Other_Candidate","Other_Candidate",FALSE,FALSE,FALSE,FALSE,FALSE,FALSE,FALSE,FALSE,FALSE,NA,"Standard_candidate",TRUE,TRUE,"Other_Research_Candidate","Standard",0,0.316559401585699,0,0,0.316559401585699,0.574378952774974,0.653239102378549,564
476,"A1BG",0.506630549927515,"Tier_3_Exploratory_Robust",0.582724422420726,0.582724422420726,0.589795379365804,0.589795379365804,0.548,0.301,0.247,0.536832155738538,0.434540389972145,0.726315789473684,"Consistent_3_of_3",1,0.247,0.548,1,FALSE,TRUE,"Other_Candidate","Other_Candidate",FALSE,FALSE,FALSE,FALSE,FALSE,FALSE,FALSE,FALSE,FALSE,NA,"Standard_candidate",TRUE,TRUE,"Other_Research_Candidate","Standard",0,0.316544884484145,0,0,0.316544884484145,0.612953547847254,0.684417326726218,565
460,"ZNF24",0.511977295830167,"Tier_3_Exploratory_Robust",0.582265621506972,0.582265621506972,0.546124972055779,0.546124972055779,0.585,0.35,0.235,0.586313989418347,0.559888579387187,0.60431654676259,"Consistent_3_of_3",1,0.235,0.585,1,FALSE,TRUE,"Other_Candidate","Other_Candidate",FALSE,FALSE,FALSE,FALSE,FALSE,FALSE,FALSE,FALSE,FALSE,NA,"Standard_candidate",TRUE,TRUE,"Other_Research_Candidate","Standard",0,0.316453124301394,0,0,0.316453124301394,0.61779296752744,0.691679686452092,566
496,"RPA3",0.500767805546353,"Tier_3_Exploratory_Robust",0.579802737822227,0.579802737822227,0.604821902577814,0.604821902577814,0.535,0.299,0.236,0.515535426811754,0.320143884892086,0.7,"Consistent_3_of_3",1,0.236,0.535,1,FALSE,TRUE,"Other_Candidate","Other_Candidate",FALSE,FALSE,FALSE,FALSE,FALSE,FALSE,FALSE,FALSE,FALSE,NA,"Standard_candidate",TRUE,TRUE,"Other_Research_Candidate","Standard",0,0.315960547564445,0,0,0.315960547564445,0.607130958237779,0.680940821346668,567
578,"CD27-AS1",0.466098334811867,"Tier_4_Exploratory",0.576868867608241,0.576868867608241,0.85175094086593,0.85175094086593,0.381,0.16,0.221,0.380712547686525,0.334261838440111,0.415789473684211,"Consistent_3_of_3",1,0.221,0.381,1,FALSE,TRUE,"Other_Candidate","Other_Candidate",FALSE,FALSE,FALSE,FALSE,FALSE,FALSE,FALSE,FALSE,FALSE,NA,"Standard_candidate",TRUE,TRUE,"Other_Research_Candidate","Standard",0,0.315373773521648,0,0,0.315373773521648,0.572304103662884,0.649260660282472,568
485,"LYPD3",0.504794707670188,"Tier_3_Exploratory_Robust",0.576862296595435,0.576862296595435,0.533298372763483,0.533298372763483,0.558,0.315,0.243,0.56031584642856,0.481894150417827,0.60431654676259,"Consistent_3_of_3",1,0.243,0.558,1,FALSE,TRUE,"Other_Candidate","Other_Candidate",FALSE,FALSE,FALSE,FALSE,FALSE,FALSE,FALSE,FALSE,FALSE,NA,"Standard_candidate",TRUE,TRUE,"Other_Research_Candidate","Standard",0,0.315372459319087,0,0,0.315372459319087,0.612101803808402,0.684658688978631,569
482,"OTUB1",0.50510446798422,"Tier_3_Exploratory_Robust",0.576336491743612,0.576336491743612,0.535491933948898,0.535491933948898,0.582,0.367,0.215,0.570878374268772,0.476323119777159,0.757894736842105,"Consistent_3_of_3",1,0.215,0.582,1,FALSE,TRUE,"Other_Candidate","Other_Candidate",FALSE,FALSE,FALSE,FALSE,FALSE,FALSE,FALSE,FALSE,FALSE,NA,"Standard_candidate",TRUE,TRUE,"Other_Research_Candidate","Standard",0,0.315267298348722,0,0,0.315267298348722,0.611117772110264,0.689300947523084,570
507,"CYHR1",0.495995750158437,"Tier_4_Exploratory",0.575233724611266,0.575233724611266,0.587469796890129,0.587469796890129,0.526,0.293,0.233,0.513625223556677,0.381294964028777,0.605263157894737,"Consistent_3_of_3",1,0.233,0.526,1,FALSE,TRUE,"Other_Candidate","Other_Candidate",FALSE,FALSE,FALSE,FALSE,FALSE,FALSE,FALSE,FALSE,FALSE,NA,"Standard_candidate",TRUE,TRUE,"Other_Research_Candidate","Standard",0,0.315046744922253,0,0,0.315046744922253,0.603131803613943,0.67777011738338,571
606,"TP53I11",0.452220720870555,"Tier_4_Exploratory",0.573286176971338,0.573286176971338,0.930289415770702,0.930289415770702,0.344,0.153,0.191,0.348988752115153,0.294736842105263,0.39568345323741,"Consistent_3_of_3",1,0.191,0.344,1,FALSE,TRUE,"Other_Candidate","Other_Candidate",FALSE,FALSE,FALSE,FALSE,FALSE,FALSE,FALSE,FALSE,FALSE,NA,"Standard_candidate",TRUE,TRUE,"Other_Research_Candidate","Standard",0,0.314657235394268,0,0,0.314657235394268,0.557650161939968,0.640785853091401,572
525,"ZNRD2",0.490203881064616,"Tier_4_Exploratory",0.573255669593833,0.573255669593833,0.618045356750663,0.618045356750663,0.519,0.308,0.211,0.49956445340722,0.323741007194245,0.771052631578947,"Consistent_3_of_3",1,0.211,0.519,1,FALSE,TRUE,"Other_Candidate","Other_Candidate",FALSE,FALSE,FALSE,FALSE,FALSE,FALSE,FALSE,FALSE,FALSE,NA,"Standard_candidate",TRUE,TRUE,"Other_Research_Candidate","Standard",0,0.314651133918767,0,0,0.314651133918767,0.596639484357842,0.67577670087815,573
607,"PTPN18",0.451601103988446,"Tier_4_Exploratory",0.572797732862554,0.572797732862554,0.932781862900431,0.932781862900431,0.349,0.167,0.182,0.343835882767177,0.29136690647482,0.394736842105263,"Consistent_3_of_3",1,0.182,0.349,1,FALSE,TRUE,"Other_Candidate","Other_Candidate",FALSE,FALSE,FALSE,FALSE,FALSE,FALSE,FALSE,FALSE,FALSE,NA,"Standard_candidate",TRUE,TRUE,"Other_Research_Candidate","Standard",0,0.314559546572511,0,0,0.314559546572511,0.556679206501894,0.641639319858766,574
528,"EBLN3P",0.489474787224072,"Tier_4_Exploratory",0.57175366423395,0.57175366423395,0.601229313871602,0.601229313871602,0.512,0.291,0.221,0.517254813653842,0.387186629526462,0.593525179856115,"Consistent_3_of_3",1,0.221,0.512,1,FALSE,TRUE,"Other_Candidate","Other_Candidate",FALSE,FALSE,FALSE,FALSE,FALSE,FALSE,FALSE,FALSE,FALSE,NA,"Standard_candidate",TRUE,TRUE,"Other_Research_Candidate","Standard",0,0.31435073284679,0,0,0.31435073284679,0.596713782481883,0.673926099270185,575
517,"MPLKIP",0.492871694685663,"Tier_4_Exploratory",0.571748061720652,0.571748061720652,0.573984493765218,0.573984493765218,0.529,0.308,0.221,0.516676475561963,0.410071942446043,0.702631578947368,"Consistent_3_of_3",1,0.221,0.529,1,FALSE,TRUE,"Other_Candidate","Other_Candidate",FALSE,FALSE,FALSE,FALSE,FALSE,FALSE,FALSE,FALSE,FALSE,NA,"Standard_candidate",TRUE,TRUE,"Other_Research_Candidate","Standard",0,0.31434961234413,0,0,0.31434961234413,0.600111821602228,0.677324418516196,576
530,"KRCC1",0.489066967421878,"Tier_4_Exploratory",0.57155833541485,0.57155833541485,0.599666683318803,0.599666683318803,0.506,0.279,0.227,0.492825548972931,0.348920863309353,0.594736842105263,"Consistent_3_of_3",1,0.227,0.506,1,FALSE,TRUE,"Other_Candidate","Other_Candidate",FALSE,FALSE,FALSE,FALSE,FALSE,FALSE,FALSE,FALSE,FALSE,NA,"Standard_candidate",TRUE,TRUE,"Other_Research_Candidate","Standard",0,0.31431166708297,0,0,0.31431166708297,0.596645417395197,0.672667500624455,577
586,"ZNF664",0.463622576004413,"Tier_4_Exploratory",0.569847454328181,0.569847454328181,0.792379634625445,0.792379634625445,0.403,0.202,0.201,0.410790593445197,0.295264623955432,0.510791366906475,"Consistent_3_of_3",1,0.201,0.403,1,FALSE,TRUE,"Other_Candidate","Other_Candidate",FALSE,FALSE,FALSE,FALSE,FALSE,FALSE,FALSE,FALSE,FALSE,NA,"Standard_candidate",TRUE,TRUE,"Other_Research_Candidate","Standard",0,0.313969490865636,0,0,0.313969490865636,0.570246609014863,0.651554236298454,578
563,"SMUG1",0.471764918826137,"Tier_4_Exploratory",0.568021959542568,0.568021959542568,0.697775676340546,0.697775676340546,0.436,0.218,0.218,0.424312630235937,0.330935251798561,0.610526315789474,"Consistent_3_of_3",1,0.218,0.436,1,FALSE,TRUE,"Other_Candidate","Other_Candidate",FALSE,FALSE,FALSE,FALSE,FALSE,FALSE,FALSE,FALSE,FALSE,NA,"Standard_candidate",TRUE,TRUE,"Other_Research_Candidate","Standard",0,0.313604391908514,0,0,0.313604391908514,0.579607685839899,0.65760658786277,579
534,"DNASE2",0.487002489811675,"Tier_4_Exploratory",0.567818280569127,0.567818280569127,0.563346244553013,0.563346244553013,0.494,0.251,0.243,0.485176790395861,0.406685236768802,0.631578947368421,"Consistent_3_of_3",1,0.243,0.494,1,FALSE,TRUE,"Other_Candidate","Other_Candidate",FALSE,FALSE,FALSE,FALSE,FALSE,FALSE,FALSE,FALSE,FALSE,NA,"Standard_candidate",TRUE,TRUE,"Other_Research_Candidate","Standard",0,0.313563656113825,0,0,0.313563656113825,0.596136398199194,0.669145484170738,580
521,"NUBP2",0.490865996945407,"Tier_4_Exploratory",0.566484033251689,0.566484033251689,0.527072266013513,0.527072266013513,0.538,0.323,0.215,0.523171810008378,0.37883008356546,0.784210526315789,"Consistent_3_of_3",1,0.215,0.538,1,FALSE,TRUE,"Other_Candidate","Other_Candidate",FALSE,FALSE,FALSE,FALSE,FALSE,FALSE,FALSE,FALSE,FALSE,NA,"Standard_candidate",TRUE,TRUE,"Other_Research_Candidate","Standard",0,0.313296806650338,0,0,0.313296806650338,0.598869411638091,0.677545209975507,581
618,"HDDC3",0.445090985259814,"Tier_4_Exploratory",0.563902449497245,0.563902449497245,0.872819595977959,0.872819595977959,0.338,0.152,0.186,0.335665424558169,0.302158273381295,0.373259052924791,"Consistent_3_of_3",1,0.186,0.338,1,FALSE,TRUE,"Other_Candidate","Other_Candidate",FALSE,FALSE,FALSE,FALSE,FALSE,FALSE,FALSE,FALSE,FALSE,NA,"Standard_candidate",TRUE,TRUE,"Other_Research_Candidate","Standard",0,0.312780489899449,0,0,0.312780489899449,0.552165857324036,0.636770734849173,582
542,"TPGS2",0.484578291418111,"Tier_4_Exploratory",0.563607709613401,0.563607709613401,0.537661676907208,0.537661676907208,0.507,0.282,0.225,0.495232507733734,0.373259052924791,0.713157894736842,"Consistent_3_of_3",1,0.225,0.507,1,FALSE,TRUE,"Other_Candidate","Other_Candidate",FALSE,FALSE,FALSE,FALSE,FALSE,FALSE,FALSE,FALSE,FALSE,NA,"Standard_candidate",TRUE,TRUE,"Other_Research_Candidate","Standard",0,0.31272154192268,0,0,0.31272154192268,0.59366269836469,0.67048231288402,583
572,"VEZF1",0.4685951089387,"Tier_4_Exploratory",0.563457014331621,0.563457014331621,0.67405611465297,0.67405611465297,0.447,0.248,0.199,0.453123570634769,0.275766016713092,0.546762589928058,"Consistent_3_of_3",1,0.199,0.447,1,FALSE,TRUE,"Other_Candidate","Other_Candidate",FALSE,FALSE,FALSE,FALSE,FALSE,FALSE,FALSE,FALSE,FALSE,NA,"Standard_candidate",TRUE,TRUE,"Other_Research_Candidate","Standard",0,0.312691402866324,0,0,0.312691402866324,0.576409955016067,0.658437104299486,584
554,"ARMT1",0.48027638935648,"Tier_4_Exploratory",0.562517290075245,0.562517290075245,0.549738320601957,0.549738320601957,0.472,0.225,0.247,0.486514140102666,0.389473684210526,0.643884892086331,"Consistent_3_of_3",1,0.247,0.472,1,FALSE,TRUE,"Other_Candidate","Other_Candidate",FALSE,FALSE,FALSE,FALSE,FALSE,FALSE,FALSE,FALSE,FALSE,NA,"Standard_candidate",TRUE,TRUE,"Other_Research_Candidate","Standard",0,0.312503458015049,0,0,0.312503458015049,0.590681051526336,0.663155187022574,585
639,"KIF21A",0.433901601194024,"Tier_4_Exploratory",0.562200639843371,0.562200639843371,0.950405118746964,0.950405118746964,0.304,0.141,0.163,0.307710951895279,0.278947368421053,0.348920863309353,"Consistent_3_of_3",1,0.163,0.304,1,FALSE,TRUE,"Other_Candidate","Other_Candidate",FALSE,FALSE,FALSE,FALSE,FALSE,FALSE,FALSE,FALSE,FALSE,NA,"Standard_candidate",TRUE,TRUE,"Other_Research_Candidate","Standard",0,0.312440127968674,0,0,0.312440127968674,0.54017022394518,0.629460191953011,586
579,"SMIM10L1",0.465779602506218,"Tier_4_Exploratory",0.561798461944241,0.561798461944241,0.668787695553926,0.668787695553926,0.424,0.207,0.217,0.420596430054315,0.334261838440111,0.521052631578947,"Consistent_3_of_3",1,0.217,0.424,1,FALSE,TRUE,"Other_Candidate","Other_Candidate",FALSE,FALSE,FALSE,FALSE,FALSE,FALSE,FALSE,FALSE,FALSE,NA,"Standard_candidate",TRUE,TRUE,"Other_Research_Candidate","Standard",0,0.312359692388848,0,0,0.312359692388848,0.574829461680484,0.653339538583272,587
596,"ZNF32",0.457091937698211,"Tier_4_Exploratory",0.561549065230164,0.561549065230164,0.767426128740677,0.767426128740677,0.412,0.236,0.176,0.405769704717094,0.316546762589928,0.537604456824513,"Consistent_3_of_3",1,0.176,0.412,0.986805327583863,FALSE,TRUE,"Other_Candidate","Other_Candidate",FALSE,FALSE,FALSE,FALSE,FALSE,FALSE,FALSE,FALSE,FALSE,NA,"Standard_candidate",TRUE,TRUE,"Other_Research_Candidate","Standard",0,0.312309813046033,0,0,0.312309813046033,0.564142172830557,0.648885518706629,588
580,"CCDC57",0.46577784617485,"Tier_4_Exploratory",0.561523536704221,0.561523536704221,0.669788293633769,0.669788293633769,0.433,0.227,0.206,0.446915752839746,0.303621169916435,0.618705035971223,"Consistent_3_of_3",1,0.206,0.433,1,FALSE,TRUE,"Other_Candidate","Other_Candidate",FALSE,FALSE,FALSE,FALSE,FALSE,FALSE,FALSE,FALSE,FALSE,NA,"Standard_candidate",TRUE,TRUE,"Other_Research_Candidate","Standard",0,0.312304707340844,0,0,0.312304707340844,0.574333237846477,0.655057061011266,589
573,"SLC39A3",0.468584972910586,"Tier_4_Exploratory",0.559000175648745,0.559000175648745,0.617601405189962,0.617601405189962,0.457,0.255,0.202,0.442178935344614,0.305755395683453,0.644736842105263,"Consistent_3_of_3",1,0.202,0.457,1,FALSE,TRUE,"Other_Candidate","Other_Candidate",FALSE,FALSE,FALSE,FALSE,FALSE,FALSE,FALSE,FALSE,FALSE,NA,"Standard_candidate",TRUE,TRUE,"Other_Research_Candidate","Standard",0,0.311800035129749,0,0,0.311800035129749,0.577450061477061,0.659100052694624,590
591,"TSR3",0.46104623664876,"Tier_4_Exploratory",0.552498738975505,0.552498738975505,0.600789911804038,0.600789911804038,0.444,0.251,0.193,0.428592367273166,0.292479108635098,0.694736842105263,"Consistent_3_of_3",1,0.193,0.444,1,FALSE,TRUE,"Other_Candidate","Other_Candidate",FALSE,FALSE,FALSE,FALSE,FALSE,FALSE,FALSE,FALSE,FALSE,NA,"Standard_candidate",TRUE,TRUE,"Other_Research_Candidate","Standard",0,0.310499747795101,0,0,0.310499747795101,0.570774558641427,0.654549621692652,591
617,"ACY1",0.445815013336872,"Tier_4_Exploratory",0.551536362676547,0.551536362676547,0.711490901412376,0.711490901412376,0.372,0.181,0.191,0.364976864718458,0.302158273381295,0.447368421052632,"Consistent_3_of_3",1,0.191,0.372,1,FALSE,TRUE,"Other_Candidate","Other_Candidate",FALSE,FALSE,FALSE,FALSE,FALSE,FALSE,FALSE,FALSE,FALSE,NA,"Standard_candidate",TRUE,TRUE,"Other_Research_Candidate","Standard",0,0.310307272535309,0,0,0.310307272535309,0.555637726936791,0.639860908802964,592
609,"OGFR",0.450927937567334,"Tier_4_Exploratory",0.550744546218122,0.550744546218122,0.665156369744972,0.665156369744972,0.408,0.228,0.18,0.420661945740285,0.278551532033426,0.575539568345324,"Consistent_3_of_3",1,0.18,0.408,1,FALSE,TRUE,"Other_Candidate","Other_Candidate",FALSE,FALSE,FALSE,FALSE,FALSE,FALSE,FALSE,FALSE,FALSE,NA,"Standard_candidate",TRUE,TRUE,"Other_Research_Candidate","Standard",0,0.310148909243624,0,0,0.310148909243624,0.560360591176343,0.646823363865437,593
658,"LINC00472",0.421262945627897,"Tier_4_Exploratory",0.550626805334509,0.550626805334509,0.910614442676069,0.910614442676069,0.278,0.122,0.156,0.276666466269881,0.262589928057554,0.3,"Consistent_3_of_3",1,0.156,0.278,1,FALSE,TRUE,"Other_Candidate","Other_Candidate",FALSE,FALSE,FALSE,FALSE,FALSE,FALSE,FALSE,FALSE,FALSE,NA,"Standard_candidate",TRUE,TRUE,"Other_Research_Candidate","Standard",0,0.310125361066902,0,0,0.310125361066902,0.529519381867078,0.620788041600353,594
604,"C15orf40",0.453966000366718,"Tier_4_Exploratory",0.54936420336276,0.54936420336276,0.618913626902082,0.618913626902082,0.418,0.226,0.192,0.414456378014433,0.356545961002786,0.494736842105263,"Consistent_3_of_3",1,0.192,0.418,1,FALSE,TRUE,"Other_Candidate","Other_Candidate",FALSE,FALSE,FALSE,FALSE,FALSE,FALSE,FALSE,FALSE,FALSE,NA,"Standard_candidate",TRUE,TRUE,"Other_Research_Candidate","Standard",0,0.309872840672552,0,0,0.309872840672552,0.564277471176966,0.648409261008828,595
630,"PSME3IP1",0.43775029733633,"Tier_4_Exploratory",0.548701687390613,0.548701687390613,0.741613499124905,0.741613499124905,0.341,0.152,0.189,0.338380853739527,0.272980501392758,0.418421052631579,"Consistent_3_of_3",1,0.189,0.341,1,FALSE,TRUE,"Other_Candidate","Other_Candidate",FALSE,FALSE,FALSE,FALSE,FALSE,FALSE,FALSE,FALSE,FALSE,NA,"Standard_candidate",TRUE,TRUE,"Other_Research_Candidate","Standard",0,0.309740337478123,0,0,0.309740337478123,0.548045590586715,0.632810506217184,596
611,"TLE3",0.450168235694417,"Tier_4_Exploratory",0.548643603786991,0.548643603786991,0.641948830295929,0.641948830295929,0.404,0.216,0.188,0.409372926816149,0.345403899721448,0.474820143884892,"Consistent_3_of_3",1,0.188,0.404,1,FALSE,TRUE,"Other_Candidate","Other_Candidate",FALSE,FALSE,FALSE,FALSE,FALSE,FALSE,FALSE,FALSE,FALSE,NA,"Standard_candidate",TRUE,TRUE,"Other_Research_Candidate","Standard",0,0.309728720757398,0,0,0.309728720757398,0.560425261325447,0.645393081136097,597
620,"GPS1",0.443279940122307,"Tier_4_Exploratory",0.545494467780074,0.545494467780074,0.656755742240595,0.656755742240595,0.376,0.185,0.191,0.366675737258016,0.264623955431755,0.536842105263158,"Consistent_3_of_3",1,0.191,0.376,1,FALSE,TRUE,"Other_Candidate","Other_Candidate",FALSE,FALSE,FALSE,FALSE,FALSE,FALSE,FALSE,FALSE,FALSE,NA,"Standard_candidate",TRUE,TRUE,"Other_Research_Candidate","Standard",0,0.309098893556015,0,0,0.309098893556015,0.554323063723026,0.638848340334022,598
640,"ZFX",0.433070863906436,"Tier_4_Exploratory",0.545387443956543,0.545387443956543,0.739099551652346,0.739099551652346,0.329,0.143,0.186,0.33353119879115,0.284122562674095,0.384892086330935,"Consistent_3_of_3",1,0.186,0.329,1,FALSE,TRUE,"Other_Candidate","Other_Candidate",FALSE,FALSE,FALSE,FALSE,FALSE,FALSE,FALSE,FALSE,FALSE,NA,"Standard_candidate",TRUE,TRUE,"Other_Research_Candidate","Standard",0,0.309077488791309,0,0,0.309077488791309,0.54388560538479,0.629416233186963,599
588,"OXLD1",0.462553233113479,"Tier_4_Exploratory",0.544268529889057,0.544268529889057,0.502163835828922,0.502163835828922,0.469,0.269,0.2,0.452896524592377,0.302158273381295,0.652631578947368,"Consistent_3_of_3",1,0.2,0.469,0.984653669402942,FALSE,TRUE,"Other_Candidate","Other_Candidate",FALSE,FALSE,FALSE,FALSE,FALSE,FALSE,FALSE,FALSE,FALSE,NA,"Standard_candidate",TRUE,TRUE,"Other_Research_Candidate","Standard",0,0.308853705977811,0,0,0.308853705977811,0.57429398546117,0.654778609377158,600
598,"BAIAP2",0.455854789268503,"Tier_4_Exploratory",0.544090186768447,0.544090186768447,0.538321494147573,0.538321494147573,0.442,0.25,0.192,0.445533102912187,0.259052924791086,0.563157894736842,"Consistent_3_of_3",1,0.192,0.442,1,FALSE,TRUE,"Other_Candidate","Other_Candidate",FALSE,FALSE,FALSE,FALSE,FALSE,FALSE,FALSE,FALSE,FALSE,NA,"Standard_candidate",TRUE,TRUE,"Other_Research_Candidate","Standard",0,0.308818037353689,0,0,0.308818037353689,0.567231565368956,0.651627056030534,601
642,"ZNF467",0.432731317789358,"Tier_4_Exploratory",0.541511393287224,0.541511393287224,0.700091146297791,0.700091146297791,0.35,0.18,0.17,0.351859014181413,0.331476323119777,0.37410071942446,"Consistent_3_of_3",1,0.17,0.35,1,FALSE,TRUE,"Other_Candidate","Other_Candidate",FALSE,FALSE,FALSE,FALSE,FALSE,FALSE,FALSE,FALSE,FALSE,NA,"Standard_candidate",TRUE,TRUE,"Other_Research_Candidate","Standard",0,0.308302278657445,0,0,0.308302278657445,0.543528987650528,0.632453417986167,602
600,"AKT1S1",0.455582833434118,"Tier_4_Exploratory",0.540608327630752,0.540608327630752,0.509375680514805,0.509375680514805,0.451,0.26,0.191,0.442774324741936,0.362116991643454,0.592105263157895,"Consistent_3_of_3",1,0.191,0.451,0.990242450442674,FALSE,TRUE,"Other_Candidate","Other_Candidate",FALSE,FALSE,FALSE,FALSE,FALSE,FALSE,FALSE,FALSE,FALSE,NA,"Standard_candidate",TRUE,TRUE,"Other_Research_Candidate","Standard",0,0.30812166552615,0,0,0.30812166552615,0.567612914670763,0.650918865855627,603
664,"CRELD1",0.416490979527917,"Tier_4_Exploratory",0.533014269241858,0.533014269241858,0.728114153934864,0.728114153934864,0.299,0.138,0.161,0.296850694199076,0.275766016713092,0.334210526315789,"Consistent_3_of_3",1,0.161,0.299,1,FALSE,TRUE,"Other_Candidate","Other_Candidate",FALSE,FALSE,FALSE,FALSE,FALSE,FALSE,FALSE,FALSE,FALSE,NA,"Standard_candidate",TRUE,TRUE,"Other_Research_Candidate","Standard",0,0.306602853848372,0,0,0.306602853848372,0.52855499423465,0.619704280772557,604
592,"GPATCH2",0.460884590162743,"Tier_4_Exploratory",0.53209688268863,0.53209688268863,0.764186801755397,0.764186801755397,0.522,0.359,0.163,0.516735504720399,0.407894736842105,0.721448467966574,"Consistent_3_of_3",1,0.163,0.522,0.663823549794703,FALSE,TRUE,"Other_Candidate","Other_Candidate",FALSE,FALSE,FALSE,FALSE,FALSE,FALSE,FALSE,FALSE,FALSE,NA,"Standard_candidate",TRUE,TRUE,"Other_Research_Candidate","Standard",0,0.306419376537726,0,0,0.306419376537726,0.573233908941021,0.613602597275794,605
625,"TM2D3",0.441145911923688,"Tier_4_Exploratory",0.530939838586515,0.530939838586515,0.540531549697488,0.540531549697488,0.413,0.232,0.181,0.418177306857051,0.371052631578947,0.471223021582734,"Consistent_3_of_3",1,0.181,0.413,0.963822632495525,FALSE,TRUE,"Other_Candidate","Other_Candidate",FALSE,FALSE,FALSE,FALSE,FALSE,FALSE,FALSE,FALSE,FALSE,NA,"Standard_candidate",TRUE,TRUE,"Other_Research_Candidate","Standard",0,0.306187967717303,0,0,0.306187967717303,0.55462894350528,0.636455346450283,606
634,"COPS7A",0.436553652266284,"Tier_4_Exploratory",0.52633422285895,0.52633422285895,0.589223013198706,0.589223013198706,0.408,0.234,0.174,0.402167484601968,0.345323741007194,0.468421052631579,"Consistent_3_of_3",1,0.174,0.408,0.908542308060742,FALSE,TRUE,"Other_Candidate","Other_Candidate",FALSE,FALSE,FALSE,FALSE,FALSE,FALSE,FALSE,FALSE,FALSE,NA,"Standard_candidate",TRUE,TRUE,"Other_Research_Candidate","Standard",0,0.30526684457179,0,0,0.30526684457179,0.550616978000632,0.625781613066796,607
597,"TPGS1",0.456400948305652,"Tier_4_Exploratory",0.52189084827947,0.52189084827947,0.506296882382972,0.506296882382972,0.512,0.328,0.184,0.510995367318519,0.434210526315789,0.623955431754875,"Consistent_3_of_3",1,0.184,0.512,0.796024919877322,FALSE,TRUE,"Other_Candidate","Other_Candidate",FALSE,FALSE,FALSE,FALSE,FALSE,FALSE,FALSE,FALSE,FALSE,NA,"Standard_candidate",TRUE,TRUE,"Other_Research_Candidate","Standard",0,0.304378169655894,0,0,0.304378169655894,0.571861796897814,0.628370992465439,608
601,"HSBP1L1",0.455518941968776,"Tier_4_Exploratory",0.520564728861268,0.520564728861268,0.519787252370131,0.519787252370131,0.518,0.343,0.175,0.518198998930162,0.392105263157895,0.676880222841226,"Consistent_3_of_3",1,0.175,0.518,0.779942148766677,FALSE,TRUE,"Other_Candidate","Other_Candidate",FALSE,FALSE,FALSE,FALSE,FALSE,FALSE,FALSE,FALSE,FALSE,NA,"Standard_candidate",TRUE,TRUE,"Other_Research_Candidate","Standard",0,0.304112945772254,0,0,0.304112945772254,0.570797655101444,0.626760740973382,609
657,"H2BC15",0.421364799791585,"Tier_4_Exploratory",0.519107926505269,0.519107926505269,0.508063412042156,0.508063412042156,0.346,0.164,0.182,0.345906034298789,0.303621169916435,0.381578947368421,"Consistent_3_of_3",1,0.182,0.346,1,FALSE,TRUE,"Other_Candidate","Other_Candidate",FALSE,FALSE,FALSE,FALSE,FALSE,FALSE,FALSE,FALSE,FALSE,NA,"Standard_candidate",TRUE,TRUE,"Other_Research_Candidate","Standard",0,0.303821585301054,0,0,0.303821585301054,0.537287774276844,0.624932377951581,610
646,"HAGHL",0.428283231487581,"Tier_4_Exploratory",0.51316296232823,0.51316296232823,0.584373589883711,0.584373589883711,0.409,0.243,0.166,0.397629376340593,0.258992805755396,0.518105849582173,"Consistent_3_of_3",1,0.166,0.409,0.834108423951775,FALSE,TRUE,"Other_Candidate","Other_Candidate",FALSE,FALSE,FALSE,FALSE,FALSE,FALSE,FALSE,FALSE,FALSE,NA,"Standard_candidate",TRUE,TRUE,"Other_Research_Candidate","Standard",0,0.302632592465646,0,0,0.302632592465646,0.544607036814881,0.610865152291235,611
628,"FAM200B",0.438490044734591,"Tier_4_Exploratory",0.510186127632821,0.510186127632821,0.553707603460351,0.553707603460351,0.46,0.283,0.177,0.457390738926232,0.413669064748201,0.534818941504178,"Consistent_3_of_3",1,0.177,0.46,0.757151181335184,FALSE,TRUE,"Other_Candidate","Other_Candidate",FALSE,FALSE,FALSE,FALSE,FALSE,FALSE,FALSE,FALSE,FALSE,NA,"Standard_candidate",TRUE,TRUE,"Other_Research_Candidate","Standard",0,0.302037225526564,0,0,0.302037225526564,0.555965144671487,0.608628515490124,612
662,"TTC14",0.418626019269104,"Tier_4_Exploratory",0.505722242756264,0.505722242756264,0.532107397692503,0.532107397692503,0.379,0.21,0.169,0.377652207511223,0.352631578947368,0.420612813370474,"Consistent_3_of_3",1,0.169,0.379,0.864058786964671,FALSE,TRUE,"Other_Candidate","Other_Candidate",FALSE,FALSE,FALSE,FALSE,FALSE,FALSE,FALSE,FALSE,FALSE,NA,"Standard_candidate",TRUE,TRUE,"Other_Research_Candidate","Standard",0,0.301144448551253,0,0,0.301144448551253,0.536602784964692,0.60712549087158,613
655,"OARD1",0.423719585670075,"Tier_4_Exploratory",0.505438844071197,0.505438844071197,0.552231302362523,0.552231302362523,0.403,0.231,0.172,0.390532957009264,0.262589928057554,0.507894736842105,"Consistent_3_of_3",1,0.172,0.403,0.809399541839211,FALSE,TRUE,"Other_Candidate","Other_Candidate",FALSE,FALSE,FALSE,FALSE,FALSE,FALSE,FALSE,FALSE,FALSE,NA,"Standard_candidate",TRUE,TRUE,"Other_Research_Candidate","Standard",0,0.301087768814239,0,0,0.301087768814239,0.541903595424919,0.603641584497241,614
629,"MT-ND6",0.438231707354945,"Tier_4_Exploratory",0.500841165683481,0.500841165683481,0.533366937032447,0.533366937032447,0.477,0.29,0.187,0.467260667349422,0.370503597122302,0.560526315789474,"Consistent_3_of_3",1,0.187,0.477,0.675801990362833,FALSE,TRUE,"Other_Candidate","Other_Candidate",FALSE,FALSE,FALSE,FALSE,FALSE,FALSE,FALSE,FALSE,FALSE,NA,"Standard_candidate",TRUE,TRUE,"Other_Research_Candidate","Standard",0,0.300168233136696,0,0,0.300168233136696,0.558094407989218,0.597022648259469,615
353,"SUSD3",0.550611001700113,"Tier_3_Moderate_Consistency",0.7278,0.7278,2.05207205532322,2.05207205532322,0.624,0.279,0.345,0.574207105507501,0,0.933147632311978,"Consistent_2_of_3",0.67,0.345,0.624,1,TRUE,FALSE,"Other_Candidate","Other_Candidate",FALSE,FALSE,FALSE,FALSE,FALSE,FALSE,FALSE,FALSE,FALSE,NA,"Standard_candidate",TRUE,FALSE,"Other_Research_Candidate","Standard",0,0.27956,0,0,0.27956,0.61603,0.66064,616
382,"TIMP3",0.542421215115951,"Tier_3_Moderate_Consistency",0.725010487414825,0.725010487414825,1.9968838993186,1.9968838993186,0.527,0.097,0.43,0.566226672671539,0.147368421052632,0.949640287769784,"Consistent_2_of_3",0.67,0.43,0.527,1,TRUE,FALSE,"Other_Candidate","Other_Candidate",FALSE,FALSE,FALSE,FALSE,FALSE,FALSE,FALSE,FALSE,FALSE,NA,"Standard_candidate",TRUE,FALSE,"Other_Research_Candidate","Standard",0,0.279002097482965,0,0,0.279002097482965,0.612653670595189,0.640403146224447,617
486,"KIF12",0.504642856725077,"Tier_3_Moderate_Consistency",0.6986,0.6986,2.47270294181761,2.47270294181761,0.465,0.107,0.358,0.469972457747041,0.155263157894737,0.805013927576602,"Consistent_2_of_3",0.67,0.358,0.465,1,TRUE,FALSE,"Other_Candidate","Other_Candidate",FALSE,FALSE,FALSE,FALSE,FALSE,FALSE,FALSE,FALSE,FALSE,NA,"Standard_candidate",TRUE,FALSE,"Other_Research_Candidate","Standard",0,0.27372,0,0,0.27372,0.57661,0.62008,618
522,"RBP1",0.490783342315647,"Tier_3_Moderate_Consistency",0.6888,0.6888,2.83576948033119,2.83576948033119,0.443,0.112,0.331,0.457017930590288,0.00789473684210526,0.852367688022284,"Consistent_2_of_3",0.67,0.331,0.443,1,TRUE,FALSE,"Other_Candidate","Other_Candidate",FALSE,FALSE,FALSE,FALSE,FALSE,FALSE,FALSE,FALSE,FALSE,NA,"Standard_candidate",TRUE,FALSE,"Other_Research_Candidate","Standard",0,0.27176,0,0,0.27176,0.56338,0.61274,619
472,"SKIL",0.508020332942273,"Tier_3_Moderate_Consistency",0.680986453596393,0.680986453596393,1.76149162877114,1.76149162877114,0.544,0.204,0.34,0.530864989872931,0.231197771587744,0.897368421052632,"Consistent_2_of_3",0.67,0.34,0.544,1,TRUE,FALSE,"Other_Candidate","Other_Candidate",FALSE,FALSE,FALSE,FALSE,FALSE,FALSE,FALSE,FALSE,FALSE,NA,"Standard_candidate",TRUE,FALSE,"Other_Research_Candidate","Standard",0,0.270197290719279,0,0,0.270197290719279,0.582645258758738,0.630595936078918,620
571,"TRH",0.468813871574875,"Tier_3_Moderate_Consistency",0.674,0.674,2.02250841108622,2.02250841108622,0.389,0.078,0.311,0.43714997800909,0.0167130919220056,1,"Consistent_2_of_3",0.67,0.311,0.389,1,FALSE,FALSE,"Other_Candidate","Not_annotated",FALSE,FALSE,FALSE,FALSE,FALSE,FALSE,FALSE,FALSE,FALSE,NA,"Standard_candidate",TRUE,FALSE,"Other_Research_Candidate","Standard",0,0.2688,0,0,0.2688,0.5434,0.5975,621
569,"MAFB",0.469643075068367,"Tier_3_Moderate_Consistency",0.6736,0.6736,2.0793499829434,2.0793499829434,0.416,0.134,0.282,0.394193766816191,0.118705035971223,0.67966573816156,"Consistent_2_of_3",0.67,0.282,0.416,1,TRUE,FALSE,"Other_Candidate","Other_Candidate",FALSE,FALSE,FALSE,FALSE,FALSE,FALSE,FALSE,FALSE,FALSE,NA,"Standard_candidate",TRUE,FALSE,"Other_Research_Candidate","Standard",0,0.26872,0,0,0.26872,0.54286,0.60278,622
574,"NFIX",0.468232676815114,"Tier_3_Moderate_Consistency",0.6734,0.6734,2.28051257611067,2.28051257611067,0.393,0.089,0.304,0.363933412718586,0.0719424460431655,0.660526315789474,"Consistent_2_of_3",0.67,0.304,0.393,1,FALSE,FALSE,"Other_Candidate","Not_annotated",FALSE,FALSE,FALSE,FALSE,FALSE,FALSE,FALSE,FALSE,FALSE,NA,"Standard_candidate",TRUE,FALSE,"Other_Research_Candidate","Standard",0,0.26868,0,0,0.26868,0.54259,0.59812,623
512,"KCNC2",0.495012680603971,"Tier_3_Moderate_Consistency",0.672457962973476,0.672457962973476,1.76366370378781,1.76366370378781,0.51,0.18,0.33,0.535138363433282,0.00263157894736842,0.894150417827298,"Consistent_2_of_3",0.67,0.33,0.51,1,TRUE,FALSE,"Other_Candidate","Other_Candidate",FALSE,FALSE,FALSE,FALSE,FALSE,FALSE,FALSE,FALSE,FALSE,NA,"Standard_candidate",TRUE,FALSE,"Other_Research_Candidate","Standard",0,0.268491592594695,0,0,0.268491592594695,0.570860287040717,0.621237388892043,624
584,"IDH3A",0.464897499522816,"Tier_3_Moderate_Consistency",0.6708,0.6708,2.34000339106903,2.34000339106903,0.394,0.104,0.29,0.398394997533713,0.189473684210526,0.610027855153203,"Consistent_2_of_3",0.67,0.29,0.394,1,FALSE,FALSE,"Other_Candidate","Not_annotated",FALSE,FALSE,FALSE,FALSE,FALSE,FALSE,FALSE,FALSE,FALSE,NA,"Standard_candidate",TRUE,FALSE,"Other_Research_Candidate","Standard",0,0.26816,0,0,0.26816,0.53908,0.59754,625
438,"S100P",0.522655486621339,"Tier_3_Moderate_Consistency",0.666375993587751,0.666375993587751,1.46060794870201,1.46060794870201,0.653,0.307,0.346,0.672890779884522,0.0696378830083565,0.996402877697842,"Consistent_2_of_3",0.67,0.346,0.653,1,TRUE,FALSE,"Other_Candidate","Other_Candidate",FALSE,FALSE,FALSE,FALSE,FALSE,FALSE,FALSE,FALSE,FALSE,NA,"Standard_candidate",TRUE,FALSE,"Other_Research_Candidate","Standard",0,0.26727519871755,0,0,0.26727519871755,0.600531597755713,0.648012798076325,626
612,"APTR",0.449975595593864,"Tier_3_Moderate_Consistency",0.6598,0.6598,2.16187545781545,2.16187545781545,0.382,0.135,0.247,0.364326981458375,0.122302158273381,0.707520891364902,"Consistent_2_of_3",0.67,0.247,0.382,1,FALSE,FALSE,"Other_Candidate","Not_annotated",FALSE,FALSE,FALSE,FALSE,FALSE,FALSE,FALSE,FALSE,FALSE,NA,"Standard_candidate",TRUE,FALSE,"Other_Research_Candidate","Standard",0,0.26596,0,0,0.26596,0.52423,0.59184,627
613,"PTGER3",0.449423604327596,"Tier_3_Moderate_Consistency",0.6588,0.6588,2.65992258247897,2.65992258247897,0.397,0.17,0.227,0.36892127113439,0.00359712230215827,0.771587743732591,"Consistent_2_of_3",0.67,0.227,0.397,1,FALSE,FALSE,"Other_Candidate","Not_annotated",FALSE,FALSE,FALSE,FALSE,FALSE,FALSE,FALSE,FALSE,FALSE,NA,"Standard_candidate",TRUE,FALSE,"Other_Research_Candidate","Standard",0,0.26576,0,0,0.26576,0.52288,0.59454,628
619,"HOXB6",0.444638746660652,"Tier_3_Moderate_Consistency",0.654479537317562,0.654479537317562,1.9638362985405,1.9638362985405,0.346,0.067,0.279,0.322817054961807,0.0755395683453237,0.497368421052632,"Consistent_2_of_3",0.67,0.279,0.346,1,FALSE,FALSE,"Other_Candidate","Not_annotated",FALSE,FALSE,FALSE,FALSE,FALSE,FALSE,FALSE,FALSE,FALSE,NA,"Standard_candidate",TRUE,FALSE,"Other_Research_Candidate","Standard",0,0.264895907463512,0,0,0.264895907463512,0.521567838061147,0.583043861195269,629
539,"DNAJA4",0.485161894953789,"Tier_3_Moderate_Consistency",0.652166363568466,0.652166363568466,1.58853090854773,1.58853090854773,0.513,0.178,0.335,0.535665512451496,0.203342618384401,0.827338129496403,"Consistent_2_of_3",0.67,0.335,0.513,1,TRUE,FALSE,"Other_Candidate","Other_Candidate",FALSE,FALSE,FALSE,FALSE,FALSE,FALSE,FALSE,FALSE,FALSE,NA,"Standard_candidate",TRUE,FALSE,"Other_Research_Candidate","Standard",0,0.264433272713693,0,0,0.264433272713693,0.565358227248963,0.61574990907054,630
641,"HOXB5",0.432845284677927,"Tier_3_Moderate_Consistency",0.6496,0.6496,3.09674057779831,3.09674057779831,0.305,0.032,0.273,0.282327411784104,0.0215827338129496,0.459610027855153,"Consistent_2_of_3",0.67,0.273,0.305,1,FALSE,FALSE,"Other_Candidate","Not_annotated",FALSE,FALSE,FALSE,FALSE,FALSE,FALSE,FALSE,FALSE,FALSE,NA,"Standard_candidate",TRUE,FALSE,"Other_Research_Candidate","Standard",0,0.26392,0,0,0.26392,0.51046,0.57338,631
633,"ITPK1",0.436753435924263,"Tier_3_Moderate_Consistency",0.646716170398084,0.646716170398084,1.93692936318467,1.93692936318467,0.34,0.077,0.263,0.359645870753917,0.223684210526316,0.568345323741007,"Consistent_2_of_3",0.67,0.263,0.34,1,FALSE,FALSE,"Other_Candidate","Not_annotated",FALSE,FALSE,FALSE,FALSE,FALSE,FALSE,FALSE,FALSE,FALSE,NA,"Standard_candidate",TRUE,FALSE,"Other_Research_Candidate","Standard",0,0.263343234079617,0,0,0.263343234079617,0.514450659639329,0.579514851119425,632
649,"PIK3R1",0.425533337080316,"Tier_3_Moderate_Consistency",0.6436,0.6436,2.07997361780612,2.07997361780612,0.315,0.082,0.233,0.297261173614986,0.0755395683453237,0.532033426183844,"Consistent_2_of_3",0.67,0.233,0.315,1,FALSE,FALSE,"Other_Candidate","Not_annotated",FALSE,FALSE,FALSE,FALSE,FALSE,FALSE,FALSE,FALSE,FALSE,NA,"Standard_candidate",TRUE,FALSE,"Other_Research_Candidate","Standard",0,0.26272,0,0,0.26272,0.50236,0.57358,633
660,"HOXB-AS3",0.419566965028258,"Tier_3_Moderate_Consistency",0.6404,0.6404,2.12030008959823,2.12030008959823,0.279,0.026,0.253,0.255588134682109,0,0.415789473684211,"Consistent_2_of_3",0.67,0.253,0.279,1,FALSE,FALSE,"Other_Candidate","Not_annotated",FALSE,FALSE,FALSE,FALSE,FALSE,FALSE,FALSE,FALSE,FALSE,NA,"Standard_candidate",TRUE,FALSE,"Other_Research_Candidate","Standard",0,0.26208,0,0,0.26208,0.49804,0.56542,634
659,"LDOC1",0.420864973761989,"Tier_3_Moderate_Consistency",0.6394,0.6394,2.34038480062992,2.34038480062992,0.331,0.135,0.196,0.332114252887384,0,0.740947075208914,"Consistent_2_of_3",0.67,0.196,0.331,1,FALSE,FALSE,"Other_Candidate","Not_annotated",FALSE,FALSE,FALSE,FALSE,FALSE,FALSE,FALSE,FALSE,FALSE,NA,"Standard_candidate",TRUE,FALSE,"Other_Research_Candidate","Standard",0,0.26188,0,0,0.26188,0.49669,0.57552,635
663,"SEPTIN8",0.418173380748975,"Tier_3_Moderate_Consistency",0.6386,0.6386,2.13421517216771,2.13421517216771,0.298,0.073,0.225,0.281080064844181,0.079136690647482,0.445682451253482,"Consistent_2_of_3",0.67,0.225,0.298,1,FALSE,FALSE,"Other_Candidate","Not_annotated",FALSE,FALSE,FALSE,FALSE,FALSE,FALSE,FALSE,FALSE,FALSE,NA,"Standard_candidate",TRUE,FALSE,"Other_Research_Candidate","Standard",0,0.26172,0,0,0.26172,0.49561,0.56868,636
503,"GSTM3",0.497511326601577,"Tier_3_Moderate_Consistency",0.638125256714352,0.638125256714352,1.33860205371482,1.33860205371482,0.657,0.38,0.277,0.614848206466347,0.143884892086331,0.86908077994429,"Consistent_2_of_3",0.67,0.277,0.657,1,TRUE,FALSE,"Other_Candidate","Other_Candidate",FALSE,FALSE,FALSE,FALSE,FALSE,FALSE,FALSE,FALSE,FALSE,NA,"Standard_candidate",TRUE,FALSE,"Other_Research_Candidate","Standard",0,0.26162505134287,0,0,0.26162505134287,0.577643839850023,0.640337577014306,637
654,"GLCE",0.423981976009816,"Tier_3_Moderate_Consistency",0.636713367361409,0.636713367361409,1.92570693889127,1.92570693889127,0.324,0.088,0.236,0.313500590818944,0.176258992805755,0.495821727019499,"Consistent_2_of_3",0.67,0.236,0.324,1,FALSE,FALSE,"Other_Candidate","Not_annotated",FALSE,FALSE,FALSE,FALSE,FALSE,FALSE,FALSE,FALSE,FALSE,NA,"Standard_candidate",TRUE,FALSE,"Other_Research_Candidate","Standard",0,0.261342673472282,0,0,0.261342673472282,0.502349678576493,0.573314010208423,638
647,"ANXA9",0.427876764867275,"Tier_3_Moderate_Consistency",0.636432183306469,0.636432183306469,1.88825746645175,1.88825746645175,0.339,0.096,0.243,0.32466699855187,0.151079136690647,0.462395543175487,"Consistent_2_of_3",0.67,0.243,0.339,1,FALSE,FALSE,"Other_Candidate","Not_annotated",FALSE,FALSE,FALSE,FALSE,FALSE,FALSE,FALSE,FALSE,FALSE,NA,"Standard_candidate",TRUE,FALSE,"Other_Research_Candidate","Standard",0,0.261286436661294,0,0,0.261286436661294,0.506651264157264,0.576229654991941,639
637,"SERPINA5",0.4344697342274,"Tier_3_Moderate_Consistency",0.634607823572151,0.634607823572151,1.80166258857721,1.80166258857721,0.356,0.085,0.271,0.395230785024524,0.0763157894736842,0.805755395683453,"Consistent_2_of_3",0.67,0.271,0.356,1,FALSE,FALSE,"Other_Candidate","Not_annotated",FALSE,FALSE,FALSE,FALSE,FALSE,FALSE,FALSE,FALSE,FALSE,NA,"Standard_candidate",TRUE,FALSE,"Other_Research_Candidate","Standard",0,0.26092156471443,0,0,0.26092156471443,0.515012738250253,0.579082347071645,640
627,"STC1",0.439407917046916,"Tier_3_Moderate_Consistency",0.63304653586137,0.63304653586137,1.73477228689096,1.73477228689096,0.37,0.079,0.291,0.414610490174053,0.0250696378830084,0.942446043165468,"Consistent_2_of_3",0.67,0.291,0.37,1,FALSE,FALSE,"Other_Candidate","Not_annotated",FALSE,FALSE,FALSE,FALSE,FALSE,FALSE,FALSE,FALSE,FALSE,NA,"Standard_candidate",TRUE,FALSE,"Other_Research_Candidate","Standard",0,0.260609307172274,0,0,0.260609307172274,0.52126628755148,0.581413960758411,641
677,"PSIP1",0.403724264592798,"Tier_3_Moderate_Consistency",0.629,0.629,2.09430453417566,2.09430453417566,0.259,0.043,0.216,0.262098709831431,0.0947368421052632,0.428969359331476,"Consistent_2_of_3",0.67,0.216,0.259,1,FALSE,FALSE,"Other_Candidate","Not_annotated",FALSE,FALSE,FALSE,FALSE,FALSE,FALSE,FALSE,FALSE,FALSE,NA,"Standard_candidate",TRUE,FALSE,"Other_Research_Candidate","Standard",0,0.2598,0,0,0.2598,0.48265,0.558,642
690,"SYT1",0.39485856233013,"Tier_3_Moderate_Consistency",0.620004020233439,0.620004020233439,1.97923216186751,1.97923216186751,0.277,0.111,0.166,0.280929450838977,0.214484679665738,0.330935251798561,"Consistent_2_of_3",0.67,0.166,0.277,1,FALSE,FALSE,"Other_Candidate","Not_annotated",FALSE,FALSE,FALSE,FALSE,FALSE,FALSE,FALSE,FALSE,FALSE,NA,"Standard_candidate",TRUE,FALSE,"Other_Research_Candidate","Standard",0,0.258000804046688,0,0,0.258000804046688,0.473101407081704,0.558901206070032,643
635,"RXYLT1",0.43625126035293,"Tier_3_Moderate_Consistency",0.619900210661256,0.619900210661256,1.60880168529005,1.60880168529005,0.413,0.152,0.261,0.386435774412284,0.0935251798561151,0.542105263157895,"Consistent_2_of_3",0.67,0.261,0.413,1,TRUE,FALSE,"Other_Candidate","Other_Candidate",FALSE,FALSE,FALSE,FALSE,FALSE,FALSE,FALSE,FALSE,FALSE,NA,"Standard_candidate",TRUE,FALSE,"Other_Research_Candidate","Standard",0,0.257980042132251,0,0,0.257980042132251,0.51926507373144,0.586070063198377,644
590,"RTN2",0.461178621581528,"Tier_3_Moderate_Consistency",0.618409899452235,0.618409899452235,1.36007919561788,1.36007919561788,0.484,0.146,0.338,0.486675828667077,0.247910863509749,0.647368421052632,"Consistent_2_of_3",0.67,0.338,0.484,1,TRUE,FALSE,"Other_Candidate","Other_Candidate",FALSE,FALSE,FALSE,FALSE,FALSE,FALSE,FALSE,FALSE,FALSE,NA,"Standard_candidate",TRUE,FALSE,"Other_Research_Candidate","Standard",0,0.257681979890447,0,0,0.257681979890447,0.548343464808282,0.599822969835671,645
666,"CEACAM5",0.415851223801215,"Tier_3_Moderate_Consistency",0.616548642140577,0.616548642140577,1.73878913712462,1.73878913712462,0.336,0.096,0.24,0.334489025111827,0.00278551532033426,0.615789473684211,"Consistent_2_of_3",0.67,0.24,0.336,1,FALSE,FALSE,"Other_Candidate","Not_annotated",FALSE,FALSE,FALSE,FALSE,FALSE,FALSE,FALSE,FALSE,FALSE,NA,"Standard_candidate",TRUE,FALSE,"Other_Research_Candidate","Standard",0,0.257309728428115,0,0,0.257309728428115,0.498492024749202,0.569664592642173,646
581,"TNFSF10",0.465759570520572,"Tier_3_Moderate_Consistency",0.61629201981827,0.61629201981827,1.32553615854616,1.32553615854616,0.566,0.299,0.267,0.520549371967021,0.0251798561151079,0.828947368421053,"Consistent_2_of_3",0.67,0.267,0.566,1,TRUE,FALSE,"Other_Candidate","Other_Candidate",FALSE,FALSE,FALSE,FALSE,FALSE,FALSE,FALSE,FALSE,FALSE,NA,"Standard_candidate",TRUE,FALSE,"Other_Research_Candidate","Standard",0,0.257258403963654,0,0,0.257258403963654,0.549802206936394,0.615587605945481,647
621,"NFKBIZ",0.442729269167665,"Tier_3_Moderate_Consistency",0.613791434324884,0.613791434324884,1.48793147459907,1.48793147459907,0.475,0.231,0.244,0.452524735819027,0.15041782729805,0.91578947368421,"Consistent_2_of_3",0.67,0.244,0.475,1,TRUE,FALSE,"Other_Candidate","Other_Candidate",FALSE,FALSE,FALSE,FALSE,FALSE,FALSE,FALSE,FALSE,FALSE,NA,"Standard_candidate",TRUE,FALSE,"Other_Research_Candidate","Standard",0,0.256758286864977,0,0,0.256758286864977,0.526127002013709,0.596637430297465,648
673,"CCDC151",0.408869606119903,"Tier_3_Moderate_Consistency",0.613321022810011,0.613321022810011,1.75616818248009,1.75616818248009,0.313,0.077,0.236,0.340406742191645,0.0157894736842105,0.60431654676259,"Consistent_2_of_3",0.67,0.236,0.313,1,FALSE,FALSE,"Other_Candidate","Not_annotated",FALSE,FALSE,FALSE,FALSE,FALSE,FALSE,FALSE,FALSE,FALSE,NA,"Standard_candidate",TRUE,FALSE,"Other_Research_Candidate","Standard",0,0.256664204562002,0,0,0.256664204562002,0.491962357983504,0.564096306843003,649
674,"STAU2",0.408139087023079,"Tier_3_Moderate_Consistency",0.610638880560129,0.610638880560129,1.73631104448103,1.73631104448103,0.331,0.114,0.217,0.323890548900859,0.212230215827338,0.504178272980501,"Consistent_2_of_3",0.67,0.217,0.331,1,FALSE,FALSE,"Other_Candidate","Not_annotated",FALSE,FALSE,FALSE,FALSE,FALSE,FALSE,FALSE,FALSE,FALSE,NA,"Standard_candidate",TRUE,FALSE,"Other_Research_Candidate","Standard",0,0.256127776112026,0,0,0.256127776112026,0.490823608196045,0.566891664168039,650
699,"CDKN1C",0.390560285468439,"Tier_3_Moderate_Consistency",0.610405540718521,0.610405540718521,1.88164432574817,1.88164432574817,0.258,0.06,0.198,0.261417378338936,0.123684210526316,0.387186629526462,"Consistent_2_of_3",0.67,0.198,0.258,1,FALSE,FALSE,"Other_Candidate","Not_annotated",FALSE,FALSE,FALSE,FALSE,FALSE,FALSE,FALSE,FALSE,FALSE,NA,"Standard_candidate",TRUE,FALSE,"Other_Research_Candidate","Standard",0,0.256081108143704,0,0,0.256081108143704,0.472341939251482,0.552221662215556,651
695,"STMN3",0.391961192607031,"Tier_3_Moderate_Consistency",0.607689749812004,0.607689749812004,1.83431799849603,1.83431799849603,0.268,0.064,0.204,0.282097975043217,0.0447368421052632,0.409470752089136,"Consistent_2_of_3",0.67,0.204,0.268,1,FALSE,FALSE,"Other_Candidate","Not_annotated",FALSE,FALSE,FALSE,FALSE,FALSE,FALSE,FALSE,FALSE,FALSE,NA,"Standard_candidate",TRUE,FALSE,"Other_Research_Candidate","Standard",0,0.255537949962401,0,0,0.255537949962401,0.474591412434201,0.553406924943601,652
689,"DACH1",0.395285788686794,"Tier_3_Moderate_Consistency",0.607190821772619,0.607190821772619,1.79992657418095,1.79992657418095,0.283,0.075,0.208,0.310974677229335,0.0222841225626741,0.647482014388489,"Consistent_2_of_3",0.67,0.208,0.283,1,FALSE,FALSE,"Other_Candidate","Not_annotated",FALSE,FALSE,FALSE,FALSE,FALSE,FALSE,FALSE,FALSE,FALSE,NA,"Standard_candidate",TRUE,FALSE,"Other_Research_Candidate","Standard",0,0.255438164354524,0,0,0.255438164354524,0.478216787620417,0.556257246531786,653
691,"HSPB8",0.393835187916317,"Tier_3_Moderate_Consistency",0.606102759683273,0.606102759683273,1.79442207746618,1.79442207746618,0.272,0.055,0.217,0.267442887795027,0,0.528947368421053,"Consistent_2_of_3",0.67,0.217,0.272,1,FALSE,FALSE,"Other_Candidate","Not_annotated",FALSE,FALSE,FALSE,FALSE,FALSE,FALSE,FALSE,FALSE,FALSE,NA,"Standard_candidate",TRUE,FALSE,"Other_Research_Candidate","Standard",0,0.255220551936655,0,0,0.255220551936655,0.477435965889146,0.553730827904982,654
608,"HOXB2",0.45149795508471,"Tier_3_Moderate_Consistency",0.605944726690836,0.605944726690836,1.32275781352669,1.32275781352669,0.545,0.307,0.238,0.507417335446992,0.133093525179856,0.871052631578947,"Consistent_2_of_3",0.67,0.238,0.545,1,TRUE,FALSE,"Other_Candidate","Other_Candidate",FALSE,FALSE,FALSE,FALSE,FALSE,FALSE,FALSE,FALSE,FALSE,NA,"Standard_candidate",TRUE,FALSE,"Other_Research_Candidate","Standard",0,0.255188945338167,0,0,0.255188945338167,0.536180654341793,0.608283418007251,655
651,"BLCAP",0.42495291475982,"Tier_3_Moderate_Consistency",0.602602209448919,0.602602209448919,1.49281767559135,1.49281767559135,0.42,0.18,0.24,0.397702538746015,0.118705035971223,0.67966573816156,"Consistent_2_of_3",0.67,0.24,0.42,1,TRUE,FALSE,"Other_Candidate","Other_Candidate",FALSE,FALSE,FALSE,FALSE,FALSE,FALSE,FALSE,FALSE,FALSE,NA,"Standard_candidate",TRUE,FALSE,"Other_Research_Candidate","Standard",0,0.254520441889784,0,0,0.254520441889784,0.510410773307122,0.582280662834676,656
697,"ZNF44",0.391772184029501,"Tier_3_Moderate_Consistency",0.602274793525221,0.602274793525221,1.77019834820177,1.77019834820177,0.285,0.085,0.2,0.303969508750132,0.121052631578947,0.492805755395683,"Consistent_2_of_3",0.67,0.2,0.285,1,FALSE,FALSE,"Other_Candidate","Not_annotated",FALSE,FALSE,FALSE,FALSE,FALSE,FALSE,FALSE,FALSE,FALSE,NA,"Standard_candidate",TRUE,FALSE,"Other_Research_Candidate","Standard",0,0.254454958705044,0,0,0.254454958705044,0.475296177733827,0.555182438057566,657
583,"DNAJC12",0.465171572546771,"Tier_3_Moderate_Consistency",0.602092523462488,0.602092523462488,1.1735401876999,1.1735401876999,0.639,0.421,0.218,0.657565154444396,0.239473684210526,0.952646239554318,"Consistent_2_of_3",0.67,0.218,0.639,1,TRUE,FALSE,"Other_Candidate","Other_Candidate",FALSE,FALSE,FALSE,FALSE,FALSE,FALSE,FALSE,FALSE,FALSE,NA,"Standard_candidate",TRUE,FALSE,"Other_Research_Candidate","Standard",0,0.254418504692498,0,0,0.254418504692498,0.549632383211871,0.625927757038746,658
680,"AUTS2",0.400171739699722,"Tier_3_Moderate_Consistency",0.596839119968168,0.596839119968168,1.62911295974534,1.62911295974534,0.33,0.114,0.216,0.32085365866521,0.197841726618705,0.456824512534819,"Consistent_2_of_3",0.67,0.216,0.33,1,FALSE,FALSE,"Other_Candidate","Not_annotated",FALSE,FALSE,FALSE,FALSE,FALSE,FALSE,FALSE,FALSE,FALSE,NA,"Standard_candidate",TRUE,FALSE,"Other_Research_Candidate","Standard",0,0.253367823993634,0,0,0.253367823993634,0.485593691988859,0.56255173599045,659
707,"KAZALD1",0.383731403617737,"Tier_3_Moderate_Consistency",0.596494302769751,0.596494302769751,1.76075442215801,1.76075442215801,0.257,0.052,0.205,0.266515331936181,0.0921052631578947,0.362116991643454,"Consistent_2_of_3",0.67,0.205,0.257,1,FALSE,FALSE,"Other_Candidate","Not_annotated",FALSE,FALSE,FALSE,FALSE,FALSE,FALSE,FALSE,FALSE,FALSE,NA,"Standard_candidate",TRUE,FALSE,"Other_Research_Candidate","Standard",0,0.25329886055395,0,0,0.25329886055395,0.468673005969413,0.547848290830925,660
577,"IFI27",0.466324087781345,"Tier_3_Moderate_Consistency",0.591227342920827,0.591227342920827,0.973018743366619,0.973018743366619,0.569,0.21,0.359,0.597083910353025,0.0194986072423398,0.992805755395683,"Consistent_2_of_3",0.67,0.359,0.569,1,FALSE,FALSE,"Other_Candidate","Not_annotated",FALSE,FALSE,FALSE,FALSE,FALSE,FALSE,FALSE,FALSE,FALSE,NA,"Standard_candidate",TRUE,FALSE,"Other_Research_Candidate","Standard",0,0.252245468584165,0,0,0.252245468584165,0.560029570022289,0.608668202876248,661
679,"IFI27L1",0.400486915810608,"Tier_3_Moderate_Consistency",0.590435352182111,0.590435352182111,1.54588281745689,1.54588281745689,0.347,0.128,0.219,0.328708650144831,0.111510791366906,0.493036211699164,"Consistent_2_of_3",0.67,0.219,0.347,1,FALSE,FALSE,"Other_Candidate","Not_annotated",FALSE,FALSE,FALSE,FALSE,FALSE,FALSE,FALSE,FALSE,FALSE,NA,"Standard_candidate",TRUE,FALSE,"Other_Research_Candidate","Standard",0,0.252087070436422,0,0,0.252087070436422,0.487352373263739,0.564030605654633,662
708,"SLC49A3",0.383511250624148,"Tier_3_Moderate_Consistency",0.59002653197018,0.59002653197018,1.68661225576144,1.68661225576144,0.282,0.088,0.194,0.261774014302705,0.0431654676258993,0.407894736842105,"Consistent_2_of_3",0.67,0.194,0.282,1,FALSE,FALSE,"Other_Candidate","Not_annotated",FALSE,FALSE,FALSE,FALSE,FALSE,FALSE,FALSE,FALSE,FALSE,NA,"Standard_candidate",TRUE,FALSE,"Other_Research_Candidate","Standard",0,0.252005306394036,0,0,0.252005306394036,0.469209286189563,0.550907959591054,663
665,"WASHC3",0.41646428698929,"Tier_3_Moderate_Consistency",0.58966970814543,0.58966970814543,1.39255766516344,1.39255766516344,0.399,0.14,0.259,0.388031864495209,0.244604316546763,0.543175487465181,"Consistent_2_of_3",0.67,0.259,0.399,1,FALSE,FALSE,"Other_Candidate","Not_annotated",FALSE,FALSE,FALSE,FALSE,FALSE,FALSE,FALSE,FALSE,FALSE,NA,"Standard_candidate",TRUE,FALSE,"Other_Research_Candidate","Standard",0,0.251933941629086,0,0,0.251933941629086,0.5054843978509,0.574200912443629,664
667,"HDGFL3",0.414164656347813,"Tier_3_Moderate_Consistency",0.588855146993917,0.588855146993917,1.41004117595134,1.41004117595134,0.407,0.171,0.236,0.425979333817801,0.226315789473684,0.611510791366906,"Consistent_2_of_3",0.67,0.236,0.407,1,TRUE,FALSE,"Other_Candidate","Other_Candidate",FALSE,FALSE,FALSE,FALSE,FALSE,FALSE,FALSE,FALSE,FALSE,NA,"Standard_candidate",TRUE,FALSE,"Other_Research_Candidate","Standard",0,0.251771029398783,0,0,0.251771029398783,0.502199301447871,0.575556544098175,665
669,"PDE4DIP",0.413392511944759,"Tier_3_Moderate_Consistency",0.587637474823851,0.587637474823851,1.39869979859081,1.39869979859081,0.402,0.16,0.242,0.384366449077946,0.169064748201439,0.568245125348189,"Consistent_2_of_3",0.67,0.242,0.402,1,TRUE,FALSE,"Other_Candidate","Other_Candidate",FALSE,FALSE,FALSE,FALSE,FALSE,FALSE,FALSE,FALSE,FALSE,NA,"Standard_candidate",TRUE,FALSE,"Other_Research_Candidate","Standard",0,0.25152749496477,0,0,0.25152749496477,0.501973116188348,0.574191242447155,666
616,"ABHD14B",0.445862291444525,"Tier_3_Moderate_Consistency",0.587401564387959,0.587401564387959,1.11841251510367,1.11841251510367,0.532,0.246,0.286,0.50412072042996,0.212230215827338,0.726315789473684,"Consistent_2_of_3",0.67,0.286,0.532,1,TRUE,FALSE,"Other_Candidate","Other_Candidate",FALSE,FALSE,FALSE,FALSE,FALSE,FALSE,FALSE,FALSE,FALSE,NA,"Standard_candidate",TRUE,FALSE,"Other_Research_Candidate","Standard",0,0.251480312877592,0,0,0.251480312877592,0.536690547535786,0.600120469316388,667
687,"AC068888.1",0.395748059308373,"Tier_3_Moderate_Consistency",0.586288807404856,0.586288807404856,1.52551045923885,1.52551045923885,0.322,0.086,0.236,0.31519308230296,0.244604316546763,0.350974930362117,"Consistent_2_of_3",0.67,0.236,0.322,1,FALSE,FALSE,"Other_Candidate","Not_annotated",FALSE,FALSE,FALSE,FALSE,FALSE,FALSE,FALSE,FALSE,FALSE,NA,"Standard_candidate",TRUE,FALSE,"Other_Research_Candidate","Standard",0,0.251257761480971,0,0,0.251257761480971,0.4843010825917,0.557786642221457,668
575,"WFDC2",0.468218719915371,"Tier_3_Moderate_Consistency",0.585239262913114,0.585239262913114,0.896314103304911,0.896314103304911,0.619,0.292,0.327,0.572955557266546,0.0539568345323741,0.841225626740947,"Consistent_2_of_3",0.67,0.327,0.619,1,FALSE,FALSE,"Other_Candidate","Not_annotated",FALSE,FALSE,FALSE,FALSE,FALSE,FALSE,FALSE,FALSE,FALSE,NA,"Standard_candidate",TRUE,FALSE,"Other_Research_Candidate","Standard",0,0.251047852582623,0,0,0.251047852582623,0.56153374201959,0.616871778873934,669
681,"SNX10",0.400061186033014,"Tier_3_Moderate_Consistency",0.584772708642975,0.584772708642975,1.4669816691438,1.4669816691438,0.338,0.089,0.249,0.357858735735352,0.197771587743733,0.586330935251799,"Consistent_2_of_3",0.67,0.249,0.338,1,FALSE,FALSE,"Other_Candidate","Not_annotated",FALSE,FALSE,FALSE,FALSE,FALSE,FALSE,FALSE,FALSE,FALSE,NA,"Standard_candidate",TRUE,FALSE,"Other_Research_Candidate","Standard",0,0.250954541728595,0,0,0.250954541728595,0.489570448025041,0.560531812592893,670
692,"RAMP3",0.392857651024079,"Tier_3_Moderate_Consistency",0.582411194813694,0.582411194813694,1.50088955850955,1.50088955850955,0.319,0.084,0.235,0.34439606209769,0,0.672661870503597,"Consistent_2_of_3",0.67,0.235,0.319,1,FALSE,FALSE,"Other_Candidate","Not_annotated",FALSE,FALSE,FALSE,FALSE,FALSE,FALSE,FALSE,FALSE,FALSE,NA,"Standard_candidate",TRUE,FALSE,"Other_Research_Candidate","Standard",0,0.250482238962739,0,0,0.250482238962739,0.482143918184793,0.556023358444108,671
706,"MT1F",0.384259837072842,"Tier_3_Moderate_Consistency",0.580875275673219,0.580875275673219,1.56380220538575,1.56380220538575,0.305,0.103,0.202,0.324326148229635,0.0710526315789474,0.503597122302158,"Consistent_2_of_3",0.67,0.202,0.305,1,FALSE,FALSE,"Other_Candidate","Not_annotated",FALSE,FALSE,FALSE,FALSE,FALSE,FALSE,FALSE,FALSE,FALSE,NA,"Standard_candidate",TRUE,FALSE,"Other_Research_Candidate","Standard",0,0.250175055134644,0,0,0.250175055134644,0.472206346485627,0.552762582701966,672
656,"IGF1R",0.42207079805984,"Tier_3_Moderate_Consistency",0.577362468258509,0.577362468258509,1.20449974606807,1.20449974606807,0.479,0.244,0.235,0.511055503932875,0.167130919220056,0.902877697841727,"Consistent_2_of_3",0.67,0.235,0.479,1,TRUE,FALSE,"Other_Candidate","Other_Candidate",FALSE,FALSE,FALSE,FALSE,FALSE,FALSE,FALSE,FALSE,FALSE,NA,"Standard_candidate",TRUE,FALSE,"Other_Research_Candidate","Standard",0,0.249472493651702,0,0,0.249472493651702,0.512376863890478,0.586508740477553,673
684,"PDRG1",0.397634777240106,"Tier_3_Moderate_Consistency",0.575666751538095,0.575666751538095,1.39893401230476,1.39893401230476,0.399,0.214,0.185,0.37970595814801,0.122302158273381,0.685236768802228,"Consistent_2_of_3",0.67,0.185,0.399,1,FALSE,FALSE,"Other_Candidate","Not_annotated",FALSE,FALSE,FALSE,FALSE,FALSE,FALSE,FALSE,FALSE,FALSE,NA,"Standard_candidate",TRUE,FALSE,"Other_Research_Candidate","Standard",0,0.249133350307619,0,0,0.249133350307619,0.485783363038333,0.570000025461428,674
730,"HOXB7",0.370482612253986,"Tier_3_Moderate_Consistency",0.574847599109876,0.574847599109876,1.60198079287901,1.60198079287901,0.258,0.063,0.195,0.264873642795191,0.168421052631579,0.330935251798561,"Consistent_2_of_3",0.67,0.195,0.258,1,FALSE,FALSE,"Other_Candidate","Not_annotated",FALSE,FALSE,FALSE,FALSE,FALSE,FALSE,FALSE,FALSE,FALSE,NA,"Standard_candidate",TRUE,FALSE,"Other_Research_Candidate","Standard",0,0.248969519821975,0,0,0.248969519821975,0.459296659688457,0.541554279732963,675
675,"MRFAP1L1",0.405180523358806,"Tier_3_Moderate_Consistency",0.574209746816377,0.574209746816377,1.30567797453102,1.30567797453102,0.413,0.191,0.222,0.401455408023676,0.248201438848921,0.587743732590529,"Consistent_2_of_3",0.67,0.222,0.413,1,TRUE,FALSE,"Other_Candidate","Other_Candidate",FALSE,FALSE,FALSE,FALSE,FALSE,FALSE,FALSE,FALSE,FALSE,NA,"Standard_candidate",TRUE,FALSE,"Other_Research_Candidate","Standard",0,0.248841949363275,0,0,0.248841949363275,0.495473411385732,0.572362924044913,676
696,"LAPTM4B",0.391852815880661,"Tier_3_Moderate_Consistency",0.571804441589139,0.571804441589139,1.40483553271311,1.40483553271311,0.395,0.229,0.166,0.393903402421004,0.231578947368421,0.615598885793872,"Consistent_2_of_3",0.67,0.166,0.395,1,FALSE,FALSE,"Other_Candidate","Not_annotated",FALSE,FALSE,FALSE,FALSE,FALSE,FALSE,FALSE,FALSE,FALSE,NA,"Standard_candidate",TRUE,FALSE,"Other_Research_Candidate","Standard",0,0.248360888317828,0,0,0.248360888317828,0.479831554556199,0.568041332476742,677
727,"RBL2",0.373025769217724,"Tier_3_Moderate_Consistency",0.571121375232879,0.571121375232879,1.53377100186303,1.53377100186303,0.278,0.079,0.199,0.28499237261708,0.125348189415042,0.384892086330935,"Consistent_2_of_3",0.67,0.199,0.278,1,FALSE,FALSE,"Other_Candidate","Not_annotated",FALSE,FALSE,FALSE,FALSE,FALSE,FALSE,FALSE,FALSE,FALSE,NA,"Standard_candidate",TRUE,FALSE,"Other_Research_Candidate","Standard",0,0.248224275046576,0,0,0.248224275046576,0.462792481331508,0.544436412569864,678
661,"RASD1",0.419027359646795,"Tier_3_Moderate_Consistency",0.569946701627421,0.569946701627421,1.12917361301937,1.12917361301937,0.47,0.216,0.254,0.473182198999633,0.0947075208913649,0.742105263157895,"Consistent_2_of_3",0.67,0.254,0.47,1,TRUE,FALSE,"Other_Candidate","Other_Candidate",FALSE,FALSE,FALSE,FALSE,FALSE,FALSE,FALSE,FALSE,FALSE,NA,"Standard_candidate",TRUE,FALSE,"Other_Research_Candidate","Standard",0,0.247989340325484,0,0,0.247989340325484,0.511781345569597,0.582484010488226,679
682,"ALDH3B2",0.399624221564946,"Tier_3_Moderate_Consistency",0.568763461743457,0.568763461743457,1.26690769394766,1.26690769394766,0.371,0.11,0.261,0.370611090661264,0.192200557103064,0.513157894736842,"Consistent_2_of_3",0.67,0.261,0.371,1,FALSE,FALSE,"Other_Candidate","Not_annotated",FALSE,FALSE,FALSE,FALSE,FALSE,FALSE,FALSE,FALSE,FALSE,NA,"Standard_candidate",TRUE,FALSE,"Other_Research_Candidate","Standard",0,0.247752692348691,0,0,0.247752692348691,0.49296721161021,0.562329038523037,680
702,"SLC2A10",0.389652897204407,"Tier_3_Moderate_Consistency",0.56809076204107,0.56809076204107,1.35272609632856,1.35272609632856,0.35,0.125,0.225,0.384486616834666,0.0584958217270195,0.794964028776978,"Consistent_2_of_3",0.67,0.225,0.35,1,FALSE,FALSE,"Other_Candidate","Not_annotated",FALSE,FALSE,FALSE,FALSE,FALSE,FALSE,FALSE,FALSE,FALSE,NA,"Standard_candidate",TRUE,FALSE,"Other_Research_Candidate","Standard",0,0.247618152408214,0,0,0.247618152408214,0.481331766714374,0.557927228612321,681
636,"ARSD",0.435045816284578,"Tier_3_Moderate_Consistency",0.565541662071895,0.565541662071895,0.937133296575161,0.937133296575161,0.545,0.268,0.277,0.553385246648012,0.200557103064067,0.747368421052632,"Consistent_2_of_3",0.67,0.277,0.545,1,FALSE,FALSE,"Other_Candidate","Not_annotated",FALSE,FALSE,FALSE,FALSE,FALSE,FALSE,FALSE,FALSE,FALSE,NA,"Standard_candidate",TRUE,FALSE,"Other_Research_Candidate","Standard",0,0.247108332414379,0,0,0.247108332414379,0.529839581725163,0.596162498621569,682
714,"E4F1",0.378337062641102,"Tier_3_Moderate_Consistency",0.564167086621445,0.564167086621445,1.40293669297156,1.40293669297156,0.32,0.116,0.204,0.312365940702943,0.219424460431655,0.415041782729805,"Consistent_2_of_3",0.67,0.204,0.32,1,FALSE,FALSE,"Other_Candidate","Not_annotated",FALSE,FALSE,FALSE,FALSE,FALSE,FALSE,FALSE,FALSE,FALSE,NA,"Standard_candidate",TRUE,FALSE,"Other_Research_Candidate","Standard",0,0.246833417324289,0,0,0.246833417324289,0.469758480317506,0.550750125986433,683
725,"MSMB",0.37504689870522,"Tier_3_Moderate_Consistency",0.562373282993761,0.562373282993761,1.40938626395009,1.40938626395009,0.313,0.115,0.198,0.345943019810804,0.00278551532033426,0.748201438848921,"Consistent_2_of_3",0.67,0.198,0.313,1,FALSE,FALSE,"Other_Candidate","Not_annotated",FALSE,FALSE,FALSE,FALSE,FALSE,FALSE,FALSE,FALSE,FALSE,NA,"Standard_candidate",TRUE,FALSE,"Other_Research_Candidate","Standard",0,0.246474656598752,0,0,0.246474656598752,0.466530649047816,0.548811984898128,684
704,"EXOSC3",0.387222560683969,"Tier_3_Moderate_Consistency",0.561423380244763,0.561423380244763,1.3041870419581,1.3041870419581,0.384,0.196,0.188,0.362298544099774,0.111510791366906,0.506963788300836,"Consistent_2_of_3",0.67,0.188,0.384,1,FALSE,FALSE,"Other_Candidate","Not_annotated",FALSE,FALSE,FALSE,FALSE,FALSE,FALSE,FALSE,FALSE,FALSE,NA,"Standard_candidate",TRUE,FALSE,"Other_Research_Candidate","Standard",0,0.246284676048953,0,0,0.246284676048953,0.478398183085667,0.562727014073429,685
653,"MRPL11",0.424374600092252,"Tier_3_Moderate_Consistency",0.560883588023536,0.560883588023536,0.975068704188288,0.975068704188288,0.524,0.273,0.251,0.494714868773505,0.205035971223022,0.8,"Consistent_2_of_3",0.67,0.251,0.524,1,FALSE,FALSE,"Other_Candidate","Not_annotated",FALSE,FALSE,FALSE,FALSE,FALSE,FALSE,FALSE,FALSE,FALSE,NA,"Standard_candidate",TRUE,FALSE,"Other_Research_Candidate","Standard",0,0.246176717604707,0,0,0.246176717604707,0.518809255808238,0.590565076407061,686
738,"FBLN1",0.364917392888549,"Tier_3_Moderate_Consistency",0.560145882141962,0.560145882141962,1.4667670571357,1.4667670571357,0.276,0.088,0.188,0.272430324322861,0.0278551532033426,0.505263157894737,"Consistent_2_of_3",0.67,0.188,0.276,1,FALSE,FALSE,"Other_Candidate","Not_annotated",FALSE,FALSE,FALSE,FALSE,FALSE,FALSE,FALSE,FALSE,FALSE,NA,"Standard_candidate",TRUE,FALSE,"Other_Research_Candidate","Standard",0,0.246029176428392,0,0,0.246029176428392,0.456351058749687,0.540743764642589,687
698,"TMX4",0.391683845741522,"Tier_3_Moderate_Consistency",0.559541620503401,0.559541620503401,1.22673296402721,1.22673296402721,0.377,0.143,0.234,0.394322196545652,0.197771587743733,0.611510791366906,"Consistent_2_of_3",0.67,0.234,0.377,1,FALSE,FALSE,"Other_Candidate","Not_annotated",FALSE,FALSE,FALSE,FALSE,FALSE,FALSE,FALSE,FALSE,FALSE,NA,"Standard_candidate",TRUE,FALSE,"Other_Research_Candidate","Standard",0,0.24590832410068,0,0,0.24590832410068,0.48553956717619,0.56076248615102,688
705,"GAS2L1",0.386009406057252,"Tier_3_Moderate_Consistency",0.558953858152625,0.558953858152625,1.268430865221,1.268430865221,0.357,0.132,0.225,0.335843180022761,0.12589928057554,0.547368421052632,"Consistent_2_of_3",0.67,0.225,0.357,1,FALSE,FALSE,"Other_Candidate","Not_annotated",FALSE,FALSE,FALSE,FALSE,FALSE,FALSE,FALSE,FALSE,FALSE,NA,"Standard_candidate",TRUE,FALSE,"Other_Research_Candidate","Standard",0,0.245790771630525,0,0,0.245790771630525,0.479533850353419,0.556586157445788,689
728,"NPEPL1",0.371630289046282,"Tier_3_Moderate_Consistency",0.557542391959985,0.557542391959985,1.37233913567988,1.37233913567988,0.301,0.092,0.209,0.311110419683605,0.203342618384401,0.435251798561151,"Consistent_2_of_3",0.67,0.209,0.301,1,FALSE,FALSE,"Other_Candidate","Not_annotated",FALSE,FALSE,FALSE,FALSE,FALSE,FALSE,FALSE,FALSE,FALSE,NA,"Standard_candidate",TRUE,FALSE,"Other_Research_Candidate","Standard",0,0.245508478391997,0,0,0.245508478391997,0.464639837185995,0.544962717587996,690
747,"PCP2",0.361507682143802,"Tier_3_Moderate_Consistency",0.555146327052254,0.555146327052254,1.43157061641803,1.43157061641803,0.272,0.083,0.189,0.28678212685679,0.0921052631578947,0.41726618705036,"Consistent_2_of_3",0.67,0.189,0.272,1,FALSE,FALSE,"Other_Candidate","Not_annotated",FALSE,FALSE,FALSE,FALSE,FALSE,FALSE,FALSE,FALSE,FALSE,NA,"Standard_candidate",TRUE,FALSE,"Other_Research_Candidate","Standard",0,0.245029265410451,0,0,0.245029265410451,0.454001214468289,0.538443898115676,691
700,"CCDC115",0.390469193849497,"Tier_3_Moderate_Consistency",0.55398962705839,0.55398962705839,1.17431701646712,1.17431701646712,0.399,0.182,0.217,0.382658488368373,0.169064748201439,0.618384401114206,"Consistent_2_of_3",0.67,0.217,0.399,1,FALSE,FALSE,"Other_Candidate","Not_annotated",FALSE,FALSE,FALSE,FALSE,FALSE,FALSE,FALSE,FALSE,FALSE,NA,"Standard_candidate",TRUE,FALSE,"Other_Research_Candidate","Standard",0,0.244797925411678,0,0,0.244797925411678,0.484596369470436,0.563496888117517,692
732,"SLC35E3",0.368567264318457,"Tier_3_Moderate_Consistency",0.551902765179529,0.551902765179529,1.33202212143623,1.33202212143623,0.311,0.115,0.196,0.310660985945154,0.197368421052632,0.454038997214485,"Consistent_2_of_3",0.67,0.196,0.311,1,FALSE,FALSE,"Other_Candidate","Not_annotated",FALSE,FALSE,FALSE,FALSE,FALSE,FALSE,FALSE,FALSE,FALSE,NA,"Standard_candidate",TRUE,FALSE,"Other_Research_Candidate","Standard",0,0.244380553035906,0,0,0.244380553035906,0.462065967812835,0.545270829553859,693
670,"VPS51",0.412696937930589,"Tier_3_Moderate_Consistency",0.551594198000524,0.551594198000524,0.948753584004195,0.948753584004195,0.483,0.221,0.262,0.460433570750788,0.23021582733813,0.655263157894737,"Consistent_2_of_3",0.67,0.262,0.483,1,FALSE,FALSE,"Other_Candidate","Not_annotated",FALSE,FALSE,FALSE,FALSE,FALSE,FALSE,FALSE,FALSE,FALSE,NA,"Standard_candidate",TRUE,FALSE,"Other_Research_Candidate","Standard",0,0.244318839600105,0,0,0.244318839600105,0.509557969300183,0.579578259400157,694
712,"RNF14",0.37911292333455,"Tier_3_Moderate_Consistency",0.551351414093915,0.551351414093915,1.23801131275132,1.23801131275132,0.36,0.157,0.203,0.347915767957398,0.205035971223022,0.462395543175487,"Consistent_2_of_3",0.67,0.203,0.36,1,FALSE,FALSE,"Other_Candidate","Not_annotated",FALSE,FALSE,FALSE,FALSE,FALSE,FALSE,FALSE,FALSE,FALSE,NA,"Standard_candidate",TRUE,FALSE,"Other_Research_Candidate","Standard",0,0.244270282818783,0,0,0.244270282818783,0.47307299493287,0.554905424228174,695
678,"TMEM98",0.400869434445166,"Tier_3_Moderate_Consistency",0.550819722910885,0.550819722910885,1.04815778328708,1.04815778328708,0.453,0.227,0.226,0.415553233999811,0.0215827338129496,0.723684210526316,"Consistent_2_of_3",0.67,0.226,0.453,1,TRUE,FALSE,"Other_Candidate","Other_Candidate",FALSE,FALSE,FALSE,FALSE,FALSE,FALSE,FALSE,FALSE,FALSE,NA,"Standard_candidate",TRUE,FALSE,"Other_Research_Candidate","Standard",0,0.244163944582177,0,0,0.244163944582177,0.49608690301881,0.573345916873266,696
643,"TSPAN1",0.43137563966376,"Tier_3_Moderate_Consistency",0.550468639853509,0.550468639853509,0.77334911882807,0.77334911882807,0.557,0.265,0.292,0.523018752568682,0.158273381294964,0.739473684210526,"Consistent_2_of_3",0.67,0.292,0.557,1,FALSE,FALSE,"Other_Candidate","Not_annotated",FALSE,FALSE,FALSE,FALSE,FALSE,FALSE,FALSE,FALSE,FALSE,NA,"Standard_candidate",TRUE,FALSE,"Other_Research_Candidate","Standard",0,0.244093727970702,0,0,0.244093727970702,0.529964023948728,0.594040591956053,697
709,"DNAJC30",0.380662916471187,"Tier_3_Moderate_Consistency",0.549902103367005,0.549902103367005,1.20241682693604,1.20241682693604,0.362,0.146,0.216,0.349464905425022,0.205035971223022,0.45125348189415,"Consistent_2_of_3",0.67,0.216,0.362,1,FALSE,FALSE,"Other_Candidate","Not_annotated",FALSE,FALSE,FALSE,FALSE,FALSE,FALSE,FALSE,FALSE,FALSE,NA,"Standard_candidate",TRUE,FALSE,"Other_Research_Candidate","Standard",0,0.243980420673401,0,0,0.243980420673401,0.475565736178452,0.554870631010101,698
717,"TACO1",0.377464224150557,"Tier_3_Moderate_Consistency",0.54927040438563,0.54927040438563,1.21656323508504,1.21656323508504,0.341,0.116,0.225,0.349496177870781,0.194986072423398,0.464028776978417,"Consistent_2_of_3",0.67,0.225,0.341,1,FALSE,FALSE,"Other_Candidate","Not_annotated",FALSE,FALSE,FALSE,FALSE,FALSE,FALSE,FALSE,FALSE,FALSE,NA,"Standard_candidate",TRUE,FALSE,"Other_Research_Candidate","Standard",0,0.243854080877126,0,0,0.243854080877126,0.472944641534971,0.550481121315689,699
644,"LY6E",0.430241188545576,"Tier_3_Moderate_Consistency",0.546964143973962,0.546964143973962,0.774113151791692,0.774113151791692,0.627,0.423,0.204,0.632746118015425,0.211699164345404,0.913157894736842,"Consistent_2_of_3",0.67,0.204,0.627,1,FALSE,FALSE,"Other_Candidate","Not_annotated",FALSE,FALSE,FALSE,FALSE,FALSE,FALSE,FALSE,FALSE,FALSE,NA,"Standard_candidate",TRUE,FALSE,"Other_Research_Candidate","Standard",0,0.243392828794792,0,0,0.243392828794792,0.525137450390887,0.606989243192189,700
734,"CTPS2",0.367190037115119,"Tier_3_Moderate_Consistency",0.546599733442946,0.546599733442946,1.27199786754357,1.27199786754357,0.309,0.1,0.209,0.30120978133195,0.0362116991643454,0.586842105263158,"Consistent_2_of_3",0.67,0.209,0.309,1,FALSE,FALSE,"Other_Candidate","Not_annotated",FALSE,FALSE,FALSE,FALSE,FALSE,FALSE,FALSE,FALSE,FALSE,NA,"Standard_candidate",TRUE,FALSE,"Other_Research_Candidate","Standard",0,0.243319946688589,0,0,0.243319946688589,0.462409906705031,0.543279920032884,701
686,"TCTN1",0.396056770513044,"Tier_3_Moderate_Consistency",0.546086561189353,0.546086561189353,1.02149248951482,1.02149248951482,0.43,0.188,0.242,0.418914099038904,0.236768802228412,0.671052631578947,"Consistent_2_of_3",0.67,0.242,0.43,1,TRUE,FALSE,"Other_Candidate","Other_Candidate",FALSE,FALSE,FALSE,FALSE,FALSE,FALSE,FALSE,FALSE,FALSE,NA,"Standard_candidate",TRUE,FALSE,"Other_Research_Candidate","Standard",0,0.243217312237871,0,0,0.243217312237871,0.493030296416274,0.567325968356806,702
710,"IRX5",0.380343064442129,"Tier_3_Moderate_Consistency",0.544612432664791,0.544612432664791,1.13609946131833,1.13609946131833,0.369,0.145,0.224,0.37157603634143,0.147632311977716,0.521052631578947,"Consistent_2_of_3",0.67,0.224,0.369,1,FALSE,FALSE,"Other_Candidate","Not_annotated",FALSE,FALSE,FALSE,FALSE,FALSE,FALSE,FALSE,FALSE,FALSE,NA,"Standard_candidate",TRUE,FALSE,"Other_Research_Candidate","Standard",0,0.242922486532958,0,0,0.242922486532958,0.476714351432677,0.554683729799437,703
750,"INO80C",0.360535880183688,"Tier_3_Moderate_Consistency",0.540523266048623,0.540523266048623,1.26018612838898,1.26018612838898,0.312,0.129,0.183,0.300795803761623,0.183453237410072,0.376315789473684,"Consistent_2_of_3",0.67,0.183,0.312,1,FALSE,FALSE,"Other_Candidate","Not_annotated",FALSE,FALSE,FALSE,FALSE,FALSE,FALSE,FALSE,FALSE,FALSE,NA,"Standard_candidate",TRUE,FALSE,"Other_Research_Candidate","Standard",0,0.242104653209725,0,0,0.242104653209725,0.455683143117018,0.542056979814587,704
752,"ADCY1",0.359356655157616,"Tier_3_Moderate_Consistency",0.540289159036486,0.540289159036486,1.25511327229189,1.25511327229189,0.285,0.073,0.212,0.302122061330557,0.00557103064066852,0.532374100719424,"Consistent_2_of_3",0.67,0.212,0.285,1,FALSE,FALSE,"Other_Candidate","Not_annotated",FALSE,FALSE,FALSE,FALSE,FALSE,FALSE,FALSE,FALSE,FALSE,NA,"Standard_candidate",TRUE,FALSE,"Other_Research_Candidate","Standard",0,0.242057831807297,0,0,0.242057831807297,0.45600120566277,0.536586747710946,705
671,"HSPH1",0.412457604577322,"Tier_3_Moderate_Consistency",0.538932161877168,0.538932161877168,0.812257295017346,0.812257295017346,0.552,0.337,0.215,0.560299867421705,0.172701949860724,0.781578947368421,"Consistent_2_of_3",0.67,0.215,0.552,1,FALSE,FALSE,"Other_Candidate","Not_annotated",FALSE,FALSE,FALSE,FALSE,FALSE,FALSE,FALSE,FALSE,FALSE,NA,"Standard_candidate",TRUE,FALSE,"Other_Research_Candidate","Standard",0,0.241786432375434,0,0,0.241786432375434,0.509526256657009,0.58957964856315,706
731,"SCNN1A",0.370127689968492,"Tier_3_Moderate_Consistency",0.537519250738008,0.537519250738008,1.13055400590406,1.13055400590406,0.339,0.117,0.222,0.352452909392175,0.206128133704735,0.514388489208633,"Consistent_2_of_3",0.67,0.222,0.339,1,FALSE,FALSE,"Other_Candidate","Not_annotated",FALSE,FALSE,FALSE,FALSE,FALSE,FALSE,FALSE,FALSE,FALSE,NA,"Standard_candidate",TRUE,FALSE,"Other_Research_Candidate","Standard",0,0.241503850147602,0,0,0.241503850147602,0.467831737758303,0.546555775221402,707
724,"PIGS",0.375274503680606,"Tier_3_Moderate_Consistency",0.536607666952837,0.536607666952837,1.0768613356227,1.0768613356227,0.365,0.14,0.225,0.366402125330962,0.214484679665738,0.471052631578947,"Consistent_2_of_3",0.67,0.225,0.365,1,FALSE,FALSE,"Other_Candidate","Not_annotated",FALSE,FALSE,FALSE,FALSE,FALSE,FALSE,FALSE,FALSE,FALSE,NA,"Standard_candidate",TRUE,FALSE,"Other_Research_Candidate","Standard",0,0.241321533390567,0,0,0.241321533390567,0.473312683433493,0.551482300085851,708
716,"THBS1",0.377596122051262,"Tier_3_Moderate_Consistency",0.532570679838152,0.532570679838152,0.999765438705215,0.999765438705215,0.372,0.126,0.246,0.352392052052538,0.179856115107914,0.621052631578947,"Consistent_2_of_3",0.67,0.246,0.372,1,FALSE,FALSE,"Other_Candidate","Not_annotated",FALSE,FALSE,FALSE,FALSE,FALSE,FALSE,FALSE,FALSE,FALSE,NA,"Standard_candidate",TRUE,FALSE,"Other_Research_Candidate","Standard",0,0.24051413596763,0,0,0.24051413596763,0.477499737943353,0.551671203951446,709
753,"JARID2",0.358976847443832,"Tier_3_Moderate_Consistency",0.532535761518591,0.532535761518591,1.16428609214873,1.16428609214873,0.309,0.103,0.206,0.316686636030569,0.194986072423398,0.420863309352518,"Consistent_2_of_3",0.67,0.206,0.309,1,FALSE,FALSE,"Other_Candidate","Not_annotated",FALSE,FALSE,FALSE,FALSE,FALSE,FALSE,FALSE,FALSE,FALSE,NA,"Standard_candidate",TRUE,FALSE,"Other_Research_Candidate","Standard",0,0.240507152303718,0,0,0.240507152303718,0.456887516531507,0.539060728455577,710
693,"CD81",0.392772788987874,"Tier_3_Moderate_Consistency",0.531350854263846,0.531350854263846,0.887606834110769,0.887606834110769,0.497,0.312,0.185,0.514666073914069,0.16991643454039,0.766187050359712,"Consistent_2_of_3",0.67,0.185,0.497,1,FALSE,FALSE,"Other_Candidate","Not_annotated",FALSE,FALSE,FALSE,FALSE,FALSE,FALSE,FALSE,FALSE,FALSE,NA,"Standard_candidate",TRUE,FALSE,"Other_Research_Candidate","Standard",0,0.240270170852769,0,0,0.240270170852769,0.489872798992346,0.576305256279154,711
761,"OAZ3",0.35389309092701,"Tier_3_Moderate_Consistency",0.53039124114452,0.53039124114452,1.18712992915616,1.18712992915616,0.306,0.122,0.184,0.287015255117413,0.10431654676259,0.492105263157895,"Consistent_2_of_3",0.67,0.184,0.306,1,FALSE,FALSE,"Other_Candidate","Not_annotated",FALSE,FALSE,FALSE,FALSE,FALSE,FALSE,FALSE,FALSE,FALSE,NA,"Standard_candidate",TRUE,FALSE,"Other_Research_Candidate","Standard",0,0.240078248228904,0,0,0.240078248228904,0.451136934400582,0.537817372343356,712
741,"TXNDC15",0.363727281288494,"Tier_3_Moderate_Consistency",0.529728532038651,0.529728532038651,1.09222825630921,1.09222825630921,0.342,0.138,0.204,0.332583304416429,0.23021582733813,0.402631578947368,"Consistent_2_of_3",0.67,0.204,0.342,1,FALSE,FALSE,"Other_Candidate","Not_annotated",FALSE,FALSE,FALSE,FALSE,FALSE,FALSE,FALSE,FALSE,FALSE,NA,"Standard_candidate",TRUE,FALSE,"Other_Research_Candidate","Standard",0,0.23994570640773,0,0,0.23994570640773,0.462104986213528,0.544818559611595,713
721,"PREX1",0.376459957023795,"Tier_3_Moderate_Consistency",0.529244241287991,0.529244241287991,0.973153930303926,0.973153930303926,0.386,0.154,0.232,0.392431013406545,0.0557103064066852,0.6,"Consistent_2_of_3",0.67,0.232,0.386,1,FALSE,FALSE,"Other_Candidate","Not_annotated",FALSE,FALSE,FALSE,FALSE,FALSE,FALSE,FALSE,FALSE,FALSE,NA,"Standard_candidate",TRUE,FALSE,"Other_Research_Candidate","Standard",0,0.239848848257598,0,0,0.239848848257598,0.476335484450797,0.553473272386397,714
784,"AC008268.1",0.345738603442412,"Tier_3_Moderate_Consistency",0.527756258358595,0.527756258358595,1.21405006686876,1.21405006686876,0.262,0.064,0.198,0.272650497107079,0.0710526315789474,0.387186629526462,"Consistent_2_of_3",0.67,0.198,0.262,1,FALSE,FALSE,"Other_Candidate","Not_annotated",FALSE,FALSE,FALSE,FALSE,FALSE,FALSE,FALSE,FALSE,FALSE,NA,"Standard_candidate",TRUE,FALSE,"Other_Research_Candidate","Standard",0,0.239551251671719,0,0,0.239551251671719,0.444214690425508,0.528226877507578,715
711,"CPD",0.379211586503847,"Tier_3_Moderate_Consistency",0.527435570424959,0.527435570424959,0.939484563399669,0.939484563399669,0.425,0.22,0.205,0.411827365552214,0.194986072423398,0.713157894736842,"Consistent_2_of_3",0.67,0.205,0.425,1,FALSE,FALSE,"Other_Candidate","Not_annotated",FALSE,FALSE,FALSE,FALSE,FALSE,FALSE,FALSE,FALSE,FALSE,NA,"Standard_candidate",TRUE,FALSE,"Other_Research_Candidate","Standard",0,0.239487114084992,0,0,0.239487114084992,0.478102449648736,0.560730671127488,716
740,"NUDT9",0.36410413625108,"Tier_3_Moderate_Consistency",0.526788005373461,0.526788005373461,1.06550404298769,1.06550404298769,0.376,0.204,0.172,0.359031074509986,0.140287769784173,0.618384401114206,"Consistent_2_of_3",0.67,0.172,0.376,1,FALSE,FALSE,"Other_Candidate","Not_annotated",FALSE,FALSE,FALSE,FALSE,FALSE,FALSE,FALSE,FALSE,FALSE,NA,"Standard_candidate",TRUE,FALSE,"Other_Research_Candidate","Standard",0,0.239357601074692,0,0,0.239357601074692,0.461475801880711,0.550736401612038,717
722,"GOT2",0.376458428949514,"Tier_3_Moderate_Consistency",0.52616171412088,0.52616171412088,0.93729371296704,0.93729371296704,0.399,0.173,0.226,0.408844336347371,0.222841225626741,0.543165467625899,"Consistent_2_of_3",0.67,0.226,0.399,1,FALSE,FALSE,"Other_Candidate","Not_annotated",FALSE,FALSE,FALSE,FALSE,FALSE,FALSE,FALSE,FALSE,FALSE,NA,"Standard_candidate",TRUE,FALSE,"Other_Research_Candidate","Standard",0,0.239232342824176,0,0,0.239232342824176,0.476656599942308,0.555148514236264,718
743,"CRBN",0.363275046002245,"Tier_3_Moderate_Consistency",0.524108451657269,0.524108451657269,1.02966761325815,1.02966761325815,0.362,0.167,0.195,0.347016109440552,0.169064748201439,0.493036211699164,"Consistent_2_of_3",0.67,0.195,0.362,1,FALSE,FALSE,"Other_Candidate","Not_annotated",FALSE,FALSE,FALSE,FALSE,FALSE,FALSE,FALSE,FALSE,FALSE,NA,"Standard_candidate",TRUE,FALSE,"Other_Research_Candidate","Standard",0,0.238821690331454,0,0,0.238821690331454,0.462337958080044,0.547132535497181,719
764,"SMC4",0.352947229153914,"Tier_3_Moderate_Consistency",0.523967476875446,0.523967476875446,1.11973981500357,1.11973981500357,0.328,0.156,0.172,0.329706274563988,0.202631578947368,0.473537604456825,"Consistent_2_of_3",0.67,0.172,0.328,1,FALSE,FALSE,"Other_Candidate","Not_annotated",FALSE,FALSE,FALSE,FALSE,FALSE,FALSE,FALSE,FALSE,FALSE,NA,"Standard_candidate",TRUE,FALSE,"Other_Research_Candidate","Standard",0,0.238793495375089,0,0,0.238793495375089,0.450888616906406,0.540290243062634,720
676,"IER5",0.404963805125837,"Tier_3_Moderate_Consistency",0.523816343998578,0.523816343998578,0.833479752640194,0.833479752640194,0.59,0.42,0.17,0.606185563204619,0.194986072423398,0.852517985611511,"Consistent_2_of_3",0.67,0.17,0.59,0.890875832790357,FALSE,FALSE,"Other_Candidate","Not_annotated",FALSE,FALSE,FALSE,FALSE,FALSE,FALSE,FALSE,FALSE,FALSE,NA,"Standard_candidate",TRUE,FALSE,"Other_Research_Candidate","Standard",0,0.238763268799716,0,0,0.238763268799716,0.502835720399502,0.576276278118127,721
685,"MYL9",0.396874451175008,"Tier_3_Moderate_Consistency",0.52274865690488,0.52274865690488,0.713189255239043,0.713189255239043,0.476,0.204,0.272,0.458323515648704,0.237410071942446,0.67966573816156,"Consistent_2_of_3",0.67,0.272,0.476,1,FALSE,FALSE,"Other_Candidate","Not_annotated",FALSE,FALSE,FALSE,FALSE,FALSE,FALSE,FALSE,FALSE,FALSE,NA,"Standard_candidate",TRUE,FALSE,"Other_Research_Candidate","Standard",0,0.238549731380976,0,0,0.238549731380976,0.500062029916708,0.569524597071464,722
672,"DEGS2",0.410858199874583,"Tier_3_Moderate_Consistency",0.522628634534103,0.522628634534103,0.72006619009203,0.72006619009203,0.61,0.423,0.187,0.579557646947975,0.233812949640288,0.802228412256267,"Consistent_2_of_3",0.67,0.187,0.61,0.928135738483997,FALSE,FALSE,"Other_Candidate","Not_annotated",FALSE,FALSE,FALSE,FALSE,FALSE,FALSE,FALSE,FALSE,FALSE,NA,"Standard_candidate",TRUE,FALSE,"Other_Research_Candidate","Standard",0,0.238525726906821,0,0,0.238525726906821,0.509820022086936,0.585508951132831,723
735,"MB",0.367021450706322,"Tier_3_Moderate_Consistency",0.522562058900563,0.522562058900563,0.9772964712045,0.9772964712045,0.379,0.176,0.203,0.362091502578614,0.197841726618705,0.526315789473684,"Consistent_2_of_3",0.67,0.203,0.379,1,FALSE,FALSE,"Other_Candidate","Not_annotated",FALSE,FALSE,FALSE,FALSE,FALSE,FALSE,FALSE,FALSE,FALSE,NA,"Standard_candidate",TRUE,FALSE,"Other_Research_Candidate","Standard",0,0.238512411780113,0,0,0.238512411780113,0.466796720615197,0.550068617670169,724
723,"DDX42",0.375357841137321,"Tier_3_Moderate_Consistency",0.522356241207523,0.522356241207523,0.910049929660182,0.910049929660182,0.425,0.227,0.198,0.448079565961657,0.206128133704735,0.73021582733813,"Consistent_2_of_3",0.67,0.198,0.425,1,FALSE,FALSE,"Other_Candidate","Not_annotated",FALSE,FALSE,FALSE,FALSE,FALSE,FALSE,FALSE,FALSE,FALSE,NA,"Standard_candidate",TRUE,FALSE,"Other_Research_Candidate","Standard",0,0.238471248241505,0,0,0.238471248241505,0.474924684422633,0.559206872362257,725
763,"MRS2",0.353325413488649,"Tier_3_Moderate_Consistency",0.521301101961193,0.521301101961193,1.07920881568954,1.07920881568954,0.329,0.146,0.183,0.318978173274311,0.205035971223022,0.384210526315789,"Consistent_2_of_3",0.67,0.183,0.329,1,FALSE,FALSE,"Other_Candidate","Not_annotated",FALSE,FALSE,FALSE,FALSE,FALSE,FALSE,FALSE,FALSE,FALSE,NA,"Standard_candidate",TRUE,FALSE,"Other_Research_Candidate","Standard",0,0.238260220392239,0,0,0.238260220392239,0.452355385686418,0.539690330588358,726
790,"STYXL1",0.344494486873008,"Tier_3_Moderate_Consistency",0.52079216888053,0.52079216888053,1.15033735104424,1.15033735104424,0.299,0.133,0.166,0.29248958551968,0.201438848920863,0.423398328690808,"Consistent_2_of_3",0.67,0.166,0.299,1,FALSE,FALSE,"Other_Candidate","Not_annotated",FALSE,FALSE,FALSE,FALSE,FALSE,FALSE,FALSE,FALSE,FALSE,NA,"Standard_candidate",TRUE,FALSE,"Other_Research_Candidate","Standard",0,0.238158433776106,0,0,0.238158433776106,0.442777259108186,0.533537650664159,727
776,"MAGI1",0.349103659769304,"Tier_3_Moderate_Consistency",0.519812394132714,0.519812394132714,1.09449915306171,1.09449915306171,0.312,0.129,0.183,0.328903773330844,0.197368421052632,0.510791366906475,"Consistent_2_of_3",0.67,0.183,0.312,1,FALSE,FALSE,"Other_Candidate","Not_annotated",FALSE,FALSE,FALSE,FALSE,FALSE,FALSE,FALSE,FALSE,FALSE,NA,"Standard_candidate",TRUE,FALSE,"Other_Research_Candidate","Standard",0,0.237962478826543,0,0,0.237962478826543,0.44843433794645,0.535843718239814,728
797,"MINDY1",0.343498108713608,"Tier_3_Moderate_Consistency",0.518715363993471,0.518715363993471,1.12892291194777,1.12892291194777,0.293,0.118,0.175,0.293873219852501,0.228947368421053,0.364902506963788,"Consistent_2_of_3",0.67,0.175,0.293,1,FALSE,FALSE,"Other_Candidate","Not_annotated",FALSE,FALSE,FALSE,FALSE,FALSE,FALSE,FALSE,FALSE,FALSE,NA,"Standard_candidate",TRUE,FALSE,"Other_Research_Candidate","Standard",0,0.237743072798694,0,0,0.237743072798694,0.442650377397715,0.531714609198041,729
800,"ZNF75A",0.343143399223203,"Tier_3_Moderate_Consistency",0.517619858453151,0.517619858453151,1.12015886762521,1.12015886762521,0.298,0.128,0.17,0.276592758925831,0.0467625899280576,0.423684210526316,"Consistent_2_of_3",0.67,0.17,0.298,1,FALSE,FALSE,"Other_Candidate","Not_annotated",FALSE,FALSE,FALSE,FALSE,FALSE,FALSE,FALSE,FALSE,FALSE,NA,"Standard_candidate",TRUE,FALSE,"Other_Research_Candidate","Standard",0,0.23752397169063,0,0,0.23752397169063,0.442266950458603,0.532385957535945,730
742,"ZCCHC10",0.363287849368851,"Tier_3_Moderate_Consistency",0.51724747963683,0.51724747963683,0.945979837094642,0.945979837094642,0.384,0.193,0.191,0.3598776981933,0.0827338129496403,0.515320334261838,"Consistent_2_of_3",0.67,0.191,0.384,1,FALSE,FALSE,"Other_Candidate","Not_annotated",FALSE,FALSE,FALSE,FALSE,FALSE,FALSE,FALSE,FALSE,FALSE,NA,"Standard_candidate",TRUE,FALSE,"Other_Research_Candidate","Standard",0,0.237449495927366,0,0,0.237449495927366,0.46353661787289,0.549474243891049,731
688,"C3orf14",0.39531393850013,"Tier_3_Moderate_Consistency",0.516932418730348,0.516932418730348,0.799191468211695,0.799191468211695,0.554,0.375,0.179,0.524314845147779,0.165467625899281,0.84958217270195,"Consistent_2_of_3",0.67,0.179,0.554,0.909556568025909,FALSE,FALSE,"Other_Candidate","Not_annotated",FALSE,FALSE,FALSE,FALSE,FALSE,FALSE,FALSE,FALSE,FALSE,NA,"Standard_candidate",TRUE,FALSE,"Other_Research_Candidate","Standard",0,0.23738648374607,0,0,0.23738648374607,0.495026346555622,0.569813210822991,732
805,"TRAK1",0.341681575792444,"Tier_3_Moderate_Consistency",0.516783208565769,0.516783208565769,1.11826566852615,1.11826566852615,0.287,0.109,0.178,0.286371102502253,0.244736842105263,0.348189415041783,"Consistent_2_of_3",0.67,0.178,0.287,1,FALSE,FALSE,"Other_Candidate","Not_annotated",FALSE,FALSE,FALSE,FALSE,FALSE,FALSE,FALSE,FALSE,FALSE,NA,"Standard_candidate",TRUE,FALSE,"Other_Research_Candidate","Standard",0,0.237356641713154,0,0,0.237356641713154,0.441374122998019,0.529934962569731,733
729,"TRPT1",0.370609186480902,"Tier_3_Moderate_Consistency",0.516108579573794,0.516108579573794,0.864868636590354,0.864868636590354,0.408,0.196,0.212,0.391112648658379,0.233812949640288,0.605263157894737,"Consistent_2_of_3",0.67,0.212,0.408,1,FALSE,FALSE,"Other_Candidate","Not_annotated",FALSE,FALSE,FALSE,FALSE,FALSE,FALSE,FALSE,FALSE,FALSE,NA,"Standard_candidate",TRUE,FALSE,"Other_Research_Candidate","Standard",0,0.237221715914759,0,0,0.237221715914759,0.472138002850828,0.553932573872138,734
813,"NFYC",0.33732675534671,"Tier_3_Moderate_Consistency",0.515053434013015,0.515053434013015,1.13962747210412,1.13962747210412,0.285,0.127,0.158,0.266126843430695,0.0503597122302158,0.392757660167131,"Consistent_2_of_3",0.67,0.158,0.285,1,FALSE,FALSE,"Other_Candidate","Not_annotated",FALSE,FALSE,FALSE,FALSE,FALSE,FALSE,FALSE,FALSE,FALSE,NA,"Standard_candidate",TRUE,FALSE,"Other_Research_Candidate","Standard",0,0.237010686802603,0,0,0.237010686802603,0.436368701904555,0.529016030203904,735
773,"HOXC10",0.350365786800642,"Tier_3_Moderate_Consistency",0.514580657427559,0.514580657427559,1.01424525942047,1.01424525942047,0.323,0.127,0.196,0.320869620093399,0,0.592105263157895,"Consistent_2_of_3",0.67,0.196,0.323,1,FALSE,FALSE,"Other_Candidate","Not_annotated",FALSE,FALSE,FALSE,FALSE,FALSE,FALSE,FALSE,FALSE,FALSE,NA,"Standard_candidate",TRUE,FALSE,"Other_Research_Candidate","Standard",0,0.236916131485512,0,0,0.236916131485512,0.451403230099646,0.536474197228268,736
827,"EPM2AIP1",0.332685400416765,"Tier_3_Moderate_Consistency",0.512985729323299,0.512985729323299,1.14868583458639,1.14868583458639,0.263,0.099,0.164,0.267183971632253,0.163157894736842,0.33983286908078,"Consistent_2_of_3",0.67,0.164,0.263,1,FALSE,FALSE,"Other_Candidate","Not_annotated",FALSE,FALSE,FALSE,FALSE,FALSE,FALSE,FALSE,FALSE,FALSE,NA,"Standard_candidate",TRUE,FALSE,"Other_Research_Candidate","Standard",0,0.23659714586466,0,0,0.23659714586466,0.432445005263155,0.52399571879699,737
810,"AC018521.5",0.33922749052316,"Tier_3_Moderate_Consistency",0.512609075005902,0.512609075005902,1.08487260004722,1.08487260004722,0.284,0.103,0.181,0.287457147608405,0.171052631578947,0.392757660167131,"Consistent_2_of_3",0.67,0.181,0.284,1,FALSE,FALSE,"Other_Candidate","Not_annotated",FALSE,FALSE,FALSE,FALSE,FALSE,FALSE,FALSE,FALSE,FALSE,NA,"Standard_candidate",TRUE,FALSE,"Other_Research_Candidate","Standard",0,0.23652181500118,0,0,0.23652181500118,0.439913176252066,0.528082722501771,738
828,"NDRG3",0.332676942500172,"Tier_3_Moderate_Consistency",0.512608082194926,0.512608082194926,1.14246465755941,1.14246465755941,0.261,0.093,0.168,0.250895123221171,0.136690647482014,0.337047353760446,"Consistent_2_of_3",0.67,0.168,0.261,1,FALSE,FALSE,"Other_Candidate","Not_annotated",FALSE,FALSE,FALSE,FALSE,FALSE,FALSE,FALSE,FALSE,FALSE,NA,"Standard_candidate",TRUE,FALSE,"Other_Research_Candidate","Standard",0,0.236521616438985,0,0,0.236521616438985,0.432712828768224,0.523482424658478,739
759,"ZNF444",0.354507982601648,"Tier_3_Moderate_Consistency",0.512030247149311,0.512030247149311,0.953841977194492,0.953841977194492,0.359,0.174,0.185,0.347406935908537,0.233812949640288,0.465789473684211,"Consistent_2_of_3",0.67,0.185,0.359,1,FALSE,FALSE,"Other_Candidate","Not_annotated",FALSE,FALSE,FALSE,FALSE,FALSE,FALSE,FALSE,FALSE,FALSE,NA,"Standard_candidate",TRUE,FALSE,"Other_Research_Candidate","Standard",0,0.236406049429862,0,0,0.236406049429862,0.455510586502259,0.542909074144793,740
757,"ADIPOR2",0.35587298074976,"Tier_3_Moderate_Consistency",0.511604512420795,0.511604512420795,0.936036099366363,0.936036099366363,0.364,0.175,0.189,0.364074217828493,0.153203342618384,0.528947368421053,"Consistent_2_of_3",0.67,0.189,0.364,1,FALSE,FALSE,"Other_Candidate","Not_annotated",FALSE,FALSE,FALSE,FALSE,FALSE,FALSE,FALSE,FALSE,FALSE,NA,"Standard_candidate",TRUE,FALSE,"Other_Research_Candidate","Standard",0,0.236320902484159,0,0,0.236320902484159,0.457161579347278,0.543781353726238,741
720,"DEDD2",0.37656297738573,"Tier_3_Moderate_Consistency",0.510589997521282,0.510589997521282,0.748719980170257,0.748719980170257,0.453,0.241,0.212,0.455970470654703,0.214484679665738,0.621052631578947,"Consistent_2_of_3",0.67,0.212,0.453,1,FALSE,FALSE,"Other_Candidate","Not_annotated",FALSE,FALSE,FALSE,FALSE,FALSE,FALSE,FALSE,FALSE,FALSE,NA,"Standard_candidate",TRUE,FALSE,"Other_Research_Candidate","Standard",0,0.236117999504256,0,0,0.236117999504256,0.479206499132449,0.561276999256385,742
703,"PPP2R5A",0.388633649501674,"Tier_3_Moderate_Consistency",0.510174541882633,0.510174541882633,0.658814625907276,0.658814625907276,0.528,0.334,0.194,0.555143763599295,0.214484679665738,0.89568345323741,"Consistent_2_of_3",0.67,0.194,0.528,0.996151424294822,FALSE,FALSE,"Other_Candidate","Not_annotated",FALSE,FALSE,FALSE,FALSE,FALSE,FALSE,FALSE,FALSE,FALSE,NA,"Standard_candidate",TRUE,FALSE,"Other_Research_Candidate","Standard",0,0.236034908376527,0,0,0.236034908376527,0.490461089658922,0.575575076209013,743
803,"ACOT8",0.341911898872343,"Tier_3_Moderate_Consistency",0.509953975658544,0.509953975658544,1.02683180526835,1.02683180526835,0.298,0.108,0.19,0.292656987150347,0.200557103064067,0.418421052631579,"Consistent_2_of_3",0.67,0.19,0.298,1,FALSE,FALSE,"Other_Candidate","Not_annotated",FALSE,FALSE,FALSE,FALSE,FALSE,FALSE,FALSE,FALSE,FALSE,NA,"Standard_candidate",TRUE,FALSE,"Other_Research_Candidate","Standard",0,0.235990795131709,0,0,0.235990795131709,0.44358389148049,0.530086192697563,744
768,"ATPAF1",0.352382677901489,"Tier_3_Moderate_Consistency",0.508361158843166,0.508361158843166,0.926089270745327,0.926089270745327,0.36,0.177,0.183,0.344827864434739,0.176258992805755,0.434540389972145,"Consistent_2_of_3",0.67,0.183,0.36,1,FALSE,FALSE,"Other_Candidate","Not_annotated",FALSE,FALSE,FALSE,FALSE,FALSE,FALSE,FALSE,FALSE,FALSE,NA,"Standard_candidate",TRUE,FALSE,"Other_Research_Candidate","Standard",0,0.235672231768633,0,0,0.235672231768633,0.454026405595108,0.54200834765295,745
745,"SUMF1",0.362318348853289,"Tier_3_Moderate_Consistency",0.50770113200857,0.50770113200857,0.829609056068558,0.829609056068558,0.395,0.19,0.205,0.372642463656988,0.158273381294964,0.642105263157895,"Consistent_2_of_3",0.67,0.205,0.395,1,FALSE,FALSE,"Other_Candidate","Not_annotated",FALSE,FALSE,FALSE,FALSE,FALSE,FALSE,FALSE,FALSE,FALSE,NA,"Standard_candidate",TRUE,FALSE,"Other_Research_Candidate","Standard",0,0.235540226401714,0,0,0.235540226401714,0.465195396203,0.548810339602571,746
822,"OLMALINC",0.335360041043515,"Tier_3_Moderate_Consistency",0.506508526527283,0.506508526527283,1.04086821221826,1.04086821221826,0.283,0.104,0.179,0.299444268071835,0.147632311977716,0.492805755395683,"Consistent_2_of_3",0.67,0.179,0.283,1,FALSE,FALSE,"Other_Candidate","Not_annotated",FALSE,FALSE,FALSE,FALSE,FALSE,FALSE,FALSE,FALSE,FALSE,NA,"Standard_candidate",TRUE,FALSE,"Other_Research_Candidate","Standard",0,0.235301705305457,0,0,0.235301705305457,0.437177984284549,0.526052557958185,747
744,"RING1",0.363155162301549,"Tier_3_Moderate_Consistency",0.506318525800142,0.506318525800142,0.805748206401137,0.805748206401137,0.403,0.198,0.205,0.385028795611803,0.219424460431655,0.623684210526316,"Consistent_2_of_3",0.67,0.205,0.403,1,FALSE,FALSE,"Other_Candidate","Not_annotated",FALSE,FALSE,FALSE,FALSE,FALSE,FALSE,FALSE,FALSE,FALSE,NA,"Standard_candidate",TRUE,FALSE,"Other_Research_Candidate","Standard",0,0.235263705160028,0,0,0.235263705160028,0.46631148403005,0.549995557740043,748
749,"KLHDC3",0.360712110702411,"Tier_3_Moderate_Consistency",0.506149951395394,0.506149951395394,0.82359961116315,0.82359961116315,0.392,0.188,0.204,0.370407406665197,0.154676258992806,0.6,"Consistent_2_of_3",0.67,0.204,0.392,1,FALSE,FALSE,"Other_Candidate","Not_annotated",FALSE,FALSE,FALSE,FALSE,FALSE,FALSE,FALSE,FALSE,FALSE,NA,"Standard_candidate",TRUE,FALSE,"Other_Research_Candidate","Standard",0,0.235229990279079,0,0,0.235229990279079,0.463852482988388,0.547744985418618,749
736,"FAM89B",0.366935022925455,"Tier_3_Moderate_Consistency",0.505919716272625,0.505919716272625,0.770557730180999,0.770557730180999,0.423,0.218,0.205,0.418646270492769,0.206128133704735,0.628947368421053,"Consistent_2_of_3",0.67,0.205,0.423,1,FALSE,FALSE,"Other_Candidate","Not_annotated",FALSE,FALSE,FALSE,FALSE,FALSE,FALSE,FALSE,FALSE,FALSE,NA,"Standard_candidate",TRUE,FALSE,"Other_Research_Candidate","Standard",0,0.235183943254525,0,0,0.235183943254525,0.470171900695419,0.553875914881788,750
774,"MDM2",0.349885176073384,"Tier_3_Moderate_Consistency",0.505467088002327,0.505467088002327,0.907736704018614,0.907736704018614,0.351,0.162,0.189,0.362941888096325,0.186629526462396,0.517985611510791,"Consistent_2_of_3",0.67,0.189,0.351,1,FALSE,FALSE,"Other_Candidate","Not_annotated",FALSE,FALSE,FALSE,FALSE,FALSE,FALSE,FALSE,FALSE,FALSE,NA,"Standard_candidate",TRUE,FALSE,"Other_Research_Candidate","Standard",0,0.235093417600465,0,0,0.235093417600465,0.452413480800814,0.539340126400698,751
733,"ZNF587",0.368538161970367,"Tier_3_Moderate_Consistency",0.504838429318353,0.504838429318353,0.72990743454682,0.72990743454682,0.407,0.166,0.241,0.409443487579091,0.136490250696379,0.602631578947368,"Consistent_2_of_3",0.67,0.241,0.407,1,FALSE,FALSE,"Other_Candidate","Not_annotated",FALSE,FALSE,FALSE,FALSE,FALSE,FALSE,FALSE,FALSE,FALSE,NA,"Standard_candidate",TRUE,FALSE,"Other_Research_Candidate","Standard",0,0.234967685863671,0,0,0.234967685863671,0.473793450261424,0.550351528795506,752
786,"GNS",0.345481376648793,"Tier_3_Moderate_Consistency",0.504192068871411,0.504192068871411,0.926336550971284,0.926336550971284,0.331,0.14,0.191,0.337253797606981,0.11142061281337,0.457894736842105,"Consistent_2_of_3",0.67,0.191,0.331,1,FALSE,FALSE,"Other_Candidate","Not_annotated",FALSE,FALSE,FALSE,FALSE,FALSE,FALSE,FALSE,FALSE,FALSE,NA,"Standard_candidate",TRUE,FALSE,"Other_Research_Candidate","Standard",0,0.234838413774282,0,0,0.234838413774282,0.448367224104994,0.534957620661423,753
811,"SMARCD2",0.339049895314585,"Tier_3_Moderate_Consistency",0.50395387427986,0.50395387427986,0.985230994238877,0.985230994238877,0.319,0.154,0.165,0.335160512551694,0.0752089136490251,0.553956834532374,"Consistent_2_of_3",0.67,0.165,0.319,1,FALSE,FALSE,"Other_Candidate","Not_annotated",FALSE,FALSE,FALSE,FALSE,FALSE,FALSE,FALSE,FALSE,FALSE,NA,"Standard_candidate",TRUE,FALSE,"Other_Research_Candidate","Standard",0,0.234790774855972,0,0,0.234790774855972,0.440683855997951,0.532486162283958,754
746,"MYLIP",0.361943014785253,"Tier_3_Moderate_Consistency",0.503307341352366,0.503307341352366,0.788058730818927,0.788058730818927,0.424,0.244,0.18,0.41675260876184,0.0557103064066852,0.773684210526316,"Consistent_2_of_3",0.67,0.18,0.424,1,FALSE,FALSE,"Other_Candidate","Not_annotated",FALSE,FALSE,FALSE,FALSE,FALSE,FALSE,FALSE,FALSE,FALSE,NA,"Standard_candidate",TRUE,FALSE,"Other_Research_Candidate","Standard",0,0.234661468270473,0,0,0.234661468270473,0.464457569473328,0.55329220240571,755
846,"KCNK15",0.327638880401166,"Tier_3_Moderate_Consistency",0.502846945691026,0.502846945691026,1.06277556552821,1.06277556552821,0.265,0.1,0.165,0.262351842613287,0.0696378830083565,0.436842105263158,"Consistent_2_of_3",0.67,0.165,0.265,1,FALSE,FALSE,"Other_Candidate","Not_annotated",FALSE,FALSE,FALSE,FALSE,FALSE,FALSE,FALSE,FALSE,FALSE,NA,"Standard_candidate",TRUE,FALSE,"Other_Research_Candidate","Standard",0,0.234569389138205,0,0,0.234569389138205,0.429496430991859,0.521354083707308,756
809,"NECAP1",0.339966322138269,"Tier_3_Moderate_Consistency",0.50271549748282,0.50271549748282,0.952923979862557,0.952923979862557,0.309,0.12,0.189,0.307259813026283,0.242339832869081,0.373684210526316,"Consistent_2_of_3",0.67,0.189,0.309,1,FALSE,FALSE,"Other_Candidate","Not_annotated",FALSE,FALSE,FALSE,FALSE,FALSE,FALSE,FALSE,FALSE,FALSE,NA,"Standard_candidate",TRUE,FALSE,"Other_Research_Candidate","Standard",0,0.234543099496564,0,0,0.234543099496564,0.443050424118987,0.530114649244846,757
748,"MRPL45",0.361006851395693,"Tier_3_Moderate_Consistency",0.502698340069008,0.502698340069008,0.787986720552066,0.787986720552066,0.421,0.241,0.18,0.392459613895162,0.115107913669065,0.697368421052632,"Consistent_2_of_3",0.67,0.18,0.421,1,FALSE,FALSE,"Other_Candidate","Not_annotated",FALSE,FALSE,FALSE,FALSE,FALSE,FALSE,FALSE,FALSE,FALSE,NA,"Standard_candidate",TRUE,FALSE,"Other_Research_Candidate","Standard",0,0.234539668013802,0,0,0.234539668013802,0.463644419024153,0.552509502020702,758
785,"ASXL1",0.345674571872172,"Tier_3_Moderate_Consistency",0.502368118316129,0.502368118316129,0.900544946529032,0.900544946529032,0.334,0.139,0.195,0.32537448709849,0.233812949640288,0.405263157894737,"Consistent_2_of_3",0.67,0.195,0.334,1,FALSE,FALSE,"Other_Candidate","Not_annotated",FALSE,FALSE,FALSE,FALSE,FALSE,FALSE,FALSE,FALSE,FALSE,NA,"Standard_candidate",TRUE,FALSE,"Other_Research_Candidate","Standard",0,0.234473623663226,0,0,0.234473623663226,0.449128841410645,0.535010435494839,759
845,"MTERF2",0.327901733423142,"Tier_3_Moderate_Consistency",0.502236162516316,0.502236162516316,1.05308930013053,1.05308930013053,0.268,0.103,0.165,0.258570337689678,0.147482014388489,0.32033426183844,"Consistent_2_of_3",0.67,0.165,0.268,1,FALSE,FALSE,"Other_Candidate","Not_annotated",FALSE,FALSE,FALSE,FALSE,FALSE,FALSE,FALSE,FALSE,FALSE,NA,"Standard_candidate",TRUE,FALSE,"Other_Research_Candidate","Standard",0,0.234447232503263,0,0,0.234447232503263,0.429882656880711,0.521770848754895,760
795,"COG2",0.343626212676923,"Tier_3_Moderate_Consistency",0.502099347405581,0.502099347405581,0.920794779244647,0.920794779244647,0.338,0.161,0.177,0.336687079012937,0.223684210526316,0.498607242339833,"Consistent_2_of_3",0.67,0.177,0.338,1,FALSE,FALSE,"Other_Candidate","Not_annotated",FALSE,FALSE,FALSE,FALSE,FALSE,FALSE,FALSE,FALSE,FALSE,NA,"Standard_candidate",TRUE,FALSE,"Other_Research_Candidate","Standard",0,0.234419869481116,0,0,0.234419869481116,0.446234771591953,0.535729804221674,761
804,"MRPL2",0.341868632076013,"Tier_3_Moderate_Consistency",0.500908059352501,0.500908059352501,0.919264474820012,0.919264474820012,0.331,0.152,0.179,0.317695967840886,0.176258992805755,0.434210526315789,"Consistent_2_of_3",0.67,0.179,0.331,1,FALSE,FALSE,"Other_Candidate","Not_annotated",FALSE,FALSE,FALSE,FALSE,FALSE,FALSE,FALSE,FALSE,FALSE,NA,"Standard_candidate",TRUE,FALSE,"Other_Research_Candidate","Standard",0,0.2341816118705,0,0,0.2341816118705,0.444817820773375,0.53397241780575,762
626,"CDS1",0.440715533034163,"Tier_4_Exploratory",0.498909659904431,0.498909659904431,0.538748926805604,0.538748926805604,0.362,0.198,0.164,0.362567216421849,0.306406685236769,0.4,"Consistent_3_of_3",1,0.164,0.362,0.842440293691537,FALSE,TRUE,"Other_Candidate","Other_Candidate",TRUE,TRUE,FALSE,FALSE,TRUE,FALSE,FALSE,FALSE,FALSE,NA,"Standard_candidate",FALSE,FALSE,"Other_Research_Candidate","Standard",3,0.419781931980886,0,0,0.419781931980886,0.529818380966551,0.65843894202506,763
614,"GNPAT",0.446700390079347,"Tier_4_Exploratory",0.484479824793701,0.484479824793701,0.540807332939997,0.540807332939997,0.434,0.273,0.161,0.42970898167846,0.388489208633094,0.460526315789474,"Consistent_3_of_3",1,0.161,0.434,0.652526054508009,FALSE,TRUE,"Other_Candidate","Other_Candidate",TRUE,TRUE,FALSE,FALSE,TRUE,FALSE,FALSE,FALSE,FALSE,NA,"Standard_candidate",FALSE,FALSE,"Other_Research_Candidate","Standard",3,0.41689596495874,0,0,0.41689596495874,0.538567938677795,0.640022855614312,764
648,"MALSU1",0.425824707914724,"Tier_4_Exploratory",0.473110655482294,0.473110655482294,0.523620278836428,0.523620278836428,0.367,0.214,0.153,0.357316521800885,0.251798561151079,0.412256267409471,"Consistent_3_of_3",1,0.153,0.367,0.691054137518272,FALSE,TRUE,"Other_Candidate","Other_Candidate",TRUE,TRUE,FALSE,FALSE,TRUE,FALSE,FALSE,FALSE,FALSE,NA,"Standard_candidate",FALSE,FALSE,"Other_Research_Candidate","Standard",3,0.414622131096459,0,0,0.414622131096459,0.519588729418803,0.628991317272429,765
652,"TMX1",0.424710056016733,"Tier_4_Exploratory",0.471906556905728,0.471906556905728,0.5414622706651,0.5414622706651,0.367,0.217,0.15,0.359247608510465,0.273381294964029,0.412256267409471,"Consistent_3_of_3",1,0.15,0.367,0.672158487150604,FALSE,TRUE,"Other_Candidate","Other_Candidate",FALSE,TRUE,TRUE,FALSE,TRUE,FALSE,FALSE,FALSE,FALSE,NA,"Standard_candidate",FALSE,FALSE,"Other_Research_Candidate","Standard",3,0.414381311381146,0,0,0.414381311381146,0.518567294917005,0.625795740144309,766
638,"IMMP1L",0.434106526801167,"Tier_4_Exploratory",0.496447653137217,0.496447653137217,0.638036324036951,0.638036324036951,0.344,0.191,0.153,0.340051688307762,0.287769784172662,0.395543175487465,"Consistent_3_of_3",1,0.153,0.344,0.781954084217321,FALSE,TRUE,"Other_Candidate","Other_Candidate",FALSE,TRUE,FALSE,FALSE,TRUE,FALSE,FALSE,FALSE,FALSE,NA,"Standard_candidate",FALSE,FALSE,"Other_Research_Candidate","Standard",2,0.379289530627443,0,0,0.379289530627443,0.523156678598026,0.625027408573763,767
632,"SYNJ2BP",0.436775335906373,"Tier_4_Exploratory",0.491137440686557,0.491137440686557,0.500760843596156,0.500760843596156,0.363,0.198,0.165,0.358546817435364,0.309352517985612,0.389972144846797,"Consistent_3_of_3",1,0.165,0.363,0.819615568246918,FALSE,TRUE,"Other_Candidate","Other_Candidate",FALSE,TRUE,FALSE,FALSE,TRUE,FALSE,FALSE,FALSE,FALSE,NA,"Standard_candidate",FALSE,FALSE,"Other_Research_Candidate","Standard",2,0.378227488137311,0,0,0.378227488137311,0.527498104240295,0.632883567443005,768
650,"NCBP2AS2",0.425244550902824,"Tier_4_Exploratory",0.499324553912102,0.499324553912102,0.541893733323489,0.541893733323489,0.429,0.259,0.17,0.411926597118435,0.255395683453237,0.621052631578947,"Consistent_3_of_3",1,0.17,0.429,0.745252248311103,FALSE,TRUE,"Other_Candidate","Other_Candidate",FALSE,FALSE,FALSE,FALSE,FALSE,FALSE,FALSE,FALSE,FALSE,NA,"Standard_candidate",FALSE,FALSE,"Other_Research_Candidate","Standard",0,0.29986491078242,0,0,0.29986491078242,0.544563593869236,0.597385203420296,769
668,"TAOK3",0.413679561008235,"Tier_4_Exploratory",0.496851707006721,0.496851707006721,0.55204940747214,0.55204940747214,0.384,0.222,0.162,0.377677151637435,0.305755395683453,0.428947368421053,"Consistent_3_of_3",1,0.162,0.384,0.790970207151359,FALSE,TRUE,"Other_Candidate","Other_Candidate",FALSE,FALSE,FALSE,FALSE,FALSE,FALSE,FALSE,FALSE,FALSE,NA,"Standard_candidate",FALSE,FALSE,"Other_Research_Candidate","Standard",0,0.299370341401344,0,0,0.299370341401344,0.533098097452352,0.59450104317472,770
683,"FGD5-AS1",0.397991959190357,"Tier_4_Exploratory",0.490171163231441,0.490171163231441,0.567604347910846,0.567604347910846,0.33,0.176,0.154,0.327532989002435,0.295264623955432,0.381578947368421,"Consistent_3_of_3",1,0.154,0.33,0.816137464950569,FALSE,TRUE,"Other_Candidate","Other_Candidate",FALSE,FALSE,FALSE,FALSE,FALSE,FALSE,FALSE,FALSE,FALSE,NA,"Standard_candidate",FALSE,FALSE,"Other_Research_Candidate","Standard",0,0.298034232646288,0,0,0.298034232646288,0.518359907131004,0.585471968712018,771
694,"GATAD1",0.392713606473668,"Tier_4_Exploratory",0.486949458785443,0.486949458785443,0.535640412052615,0.535640412052615,0.314,0.162,0.152,0.319845908934779,0.250696378830084,0.39568345323741,"Consistent_3_of_3",1,0.152,0.314,0.845296048525776,FALSE,TRUE,"Other_Candidate","Other_Candidate",FALSE,FALSE,FALSE,FALSE,FALSE,FALSE,FALSE,FALSE,FALSE,NA,"Standard_candidate",FALSE,FALSE,"Other_Research_Candidate","Standard",0,0.297389891757089,0,0,0.297389891757089,0.513632310574905,0.585679244914499,772
701,"C22orf39",0.389769476888037,"Tier_4_Exploratory",0.470293163391884,0.470293163391884,0.50449055936433,0.50449055936433,0.346,0.195,0.151,0.348186918871295,0.270194986072423,0.389473684210526,"Consistent_3_of_3",1,0.151,0.346,0.718878956475618,FALSE,TRUE,"Other_Candidate","Other_Candidate",FALSE,FALSE,FALSE,FALSE,FALSE,FALSE,FALSE,FALSE,FALSE,NA,"Standard_candidate",FALSE,FALSE,"Other_Research_Candidate","Standard",0,0.294058632678377,0,0,0.294058632678377,0.514002607187159,0.568119792488908,773
737,"UBE2S",0.366876358322822,"Tier_3_Moderate_Consistency",0.499472758104807,0.499472758104807,0.817313474178397,0.817313474178397,0.463,0.288,0.175,0.467200583471062,0.225626740947075,0.618421052631579,"Consistent_2_of_3",0.67,0.175,0.463,0.904723825550048,FALSE,FALSE,"Other_Candidate","Not_annotated",FALSE,FALSE,FALSE,FALSE,FALSE,FALSE,FALSE,FALSE,FALSE,NA,"Standard_candidate",FALSE,FALSE,"Other_Research_Candidate","Standard",0,0.233894551620961,0,0,0.233894551620961,0.469915465336682,0.545650401263949,774
719,"WNK1",0.37674366536272,"Tier_3_Moderate_Consistency",0.499232368504083,0.499232368504083,0.611458948032662,0.611458948032662,0.495,0.296,0.199,0.489192988081313,0.245125348189415,0.736842105263158,"Consistent_2_of_3",0.67,0.199,0.495,1,FALSE,FALSE,"Other_Candidate","Not_annotated",FALSE,FALSE,FALSE,FALSE,FALSE,FALSE,FALSE,FALSE,FALSE,NA,"Standard_candidate",FALSE,FALSE,"Other_Research_Candidate","Standard",0,0.233846473700817,0,0,0.233846473700817,0.481031328976429,0.566269710551225,775
754,"TPP1",0.358132157516053,"Tier_3_Moderate_Consistency",0.498758614909329,0.498758614909329,0.748468919274631,0.748468919274631,0.392,0.178,0.214,0.39105217804938,0.236768802228412,0.526315789473684,"Consistent_2_of_3",0.67,0.214,0.392,1,FALSE,FALSE,"Other_Candidate","Not_annotated",FALSE,FALSE,FALSE,FALSE,FALSE,FALSE,FALSE,FALSE,FALSE,NA,"Standard_candidate",FALSE,FALSE,"Other_Research_Candidate","Standard",0,0.233751722981866,0,0,0.233751722981866,0.463265515218265,0.545527584472799,776
815,"CFD",0.336950801277733,"Tier_3_Moderate_Consistency",0.49852064694435,0.49852064694435,0.930565175554797,0.930565175554797,0.316,0.141,0.175,0.306263612479024,0.212230215827338,0.397368421052632,"Consistent_2_of_3",0.67,0.175,0.316,1,FALSE,FALSE,"Other_Candidate","Not_annotated",FALSE,FALSE,FALSE,FALSE,FALSE,FALSE,FALSE,FALSE,FALSE,NA,"Standard_candidate",FALSE,FALSE,"Other_Research_Candidate","Standard",0,0.23370412938887,0,0,0.23370412938887,0.440182226430523,0.530256194083305,777
767,"STX16",0.352661448274764,"Tier_3_Moderate_Consistency",0.498358773000994,0.498358773000994,0.79167018400795,0.79167018400795,0.374,0.171,0.203,0.385855432352549,0.247910863509749,0.535971223021583,"Consistent_2_of_3",0.67,0.203,0.374,1,FALSE,FALSE,"Other_Candidate","Not_annotated",FALSE,FALSE,FALSE,FALSE,FALSE,FALSE,FALSE,FALSE,FALSE,NA,"Standard_candidate",FALSE,FALSE,"Other_Research_Candidate","Standard",0,0.233671754600199,0,0,0.233671754600199,0.457325570550348,0.541807631900298,778
791,"NSD1",0.344371753186454,"Tier_3_Moderate_Consistency",0.498105698184695,0.498105698184695,0.860045585477562,0.860045585477562,0.343,0.153,0.19,0.326599069666712,0.154676258992806,0.465789473684211,"Consistent_2_of_3",0.67,0.19,0.343,1,FALSE,FALSE,"Other_Candidate","Not_annotated",FALSE,FALSE,FALSE,FALSE,FALSE,FALSE,FALSE,FALSE,FALSE,NA,"Standard_candidate",FALSE,FALSE,"Other_Research_Candidate","Standard",0,0.233621139636939,0,0,0.233621139636939,0.448436994364643,0.535531709455409,779
758,"PTPRA",0.355174288540367,"Tier_3_Moderate_Consistency",0.496842155283369,0.496842155283369,0.752337242266949,0.752337242266949,0.39,0.186,0.204,0.395440850076133,0.203342618384401,0.497368421052632,"Consistent_2_of_3",0.67,0.204,0.39,1,FALSE,FALSE,"Other_Candidate","Not_annotated",FALSE,FALSE,FALSE,FALSE,FALSE,FALSE,FALSE,FALSE,FALSE,NA,"Standard_candidate",FALSE,FALSE,"Other_Research_Candidate","Standard",0,0.233368431056674,0,0,0.233368431056674,0.460194754349179,0.544552646585011,780
762,"AIP",0.353858673957572,"Tier_3_Moderate_Consistency",0.496179799544905,0.496179799544905,0.761438396359241,0.761438396359241,0.398,0.211,0.187,0.37795144913244,0.18705035971223,0.623684210526316,"Consistent_2_of_3",0.67,0.187,0.398,1,FALSE,FALSE,"Other_Candidate","Not_annotated",FALSE,FALSE,FALSE,FALSE,FALSE,FALSE,FALSE,FALSE,FALSE,NA,"Standard_candidate",FALSE,FALSE,"Other_Research_Candidate","Standard",0,0.233235959908981,0,0,0.233235959908981,0.458162929840717,0.545953939863472,781
807,"NSMCE4A",0.341222207313051,"Tier_3_Moderate_Consistency",0.495570248877925,0.495570248877925,0.858961991023397,0.858961991023397,0.344,0.167,0.177,0.353466671026176,0.231578947368421,0.438848920863309,"Consistent_2_of_3",0.67,0.177,0.344,1,FALSE,FALSE,"Other_Candidate","Not_annotated",FALSE,FALSE,FALSE,FALSE,FALSE,FALSE,FALSE,FALSE,FALSE,NA,"Standard_candidate",FALSE,FALSE,"Other_Research_Candidate","Standard",0,0.233114049775585,0,0,0.233114049775585,0.445149587107274,0.534971074663378,782
777,"NCOA4",0.348168090129039,"Tier_3_Moderate_Consistency",0.494838140946681,0.494838140946681,0.793905127573449,0.793905127573449,0.38,0.202,0.178,0.366093936169053,0.223021582733813,0.465789473684211,"Consistent_2_of_3",0.67,0.178,0.38,1,FALSE,FALSE,"Other_Candidate","Not_annotated",FALSE,FALSE,FALSE,FALSE,FALSE,FALSE,FALSE,FALSE,FALSE,NA,"Standard_candidate",FALSE,FALSE,"Other_Research_Candidate","Standard",0,0.232967628189336,0,0,0.232967628189336,0.452293349331338,0.541951442284004,783
829,"MAVS",0.332499291319101,"Tier_3_Moderate_Consistency",0.494804084592738,0.494804084592738,0.923232676741905,0.923232676741905,0.31,0.143,0.167,0.327862958130783,0.194986072423398,0.535971223021583,"Consistent_2_of_3",0.67,0.167,0.31,1,FALSE,FALSE,"Other_Candidate","Not_annotated",FALSE,FALSE,FALSE,FALSE,FALSE,FALSE,FALSE,FALSE,FALSE,NA,"Standard_candidate",FALSE,FALSE,"Other_Research_Candidate","Standard",0,0.232960816918548,0,0,0.232960816918548,0.436081429607458,0.527941225377821,784
783,"SLC25A1",0.34651310982338,"Tier_3_Moderate_Consistency",0.494738537367751,0.494738537367751,0.801108298942011,0.801108298942011,0.363,0.173,0.19,0.373057706891224,0.164345403899721,0.517985611510791,"Consistent_2_of_3",0.67,0.19,0.363,1,FALSE,FALSE,"Other_Candidate","Not_annotated",FALSE,FALSE,FALSE,FALSE,FALSE,FALSE,FALSE,FALSE,FALSE,NA,"Standard_candidate",FALSE,FALSE,"Other_Research_Candidate","Standard",0,0.23294770747355,0,0,0.23294770747355,0.451258488078713,0.538521561210325,785
713,"IFI6",0.378951892016173,"Tier_3_Moderate_Consistency",0.494627633788387,0.494627633788387,0.528221070307098,0.528221070307098,0.503,0.283,0.22,0.534501119233626,0.0222841225626741,0.949640287769784,"Consistent_2_of_3",0.67,0.22,0.503,1,FALSE,FALSE,"Other_Candidate","Not_annotated",FALSE,FALSE,FALSE,FALSE,FALSE,FALSE,FALSE,FALSE,FALSE,NA,"Standard_candidate",FALSE,FALSE,"Other_Research_Candidate","Standard",0,0.232925526757677,0,0,0.232925526757677,0.485219671825935,0.566488290136516,786
839,"CMC4",0.330623490370299,"Tier_3_Moderate_Consistency",0.494395018430644,0.494395018430644,0.931160147445149,0.931160147445149,0.298,0.126,0.172,0.292908959740286,0.244604316546763,0.35,"Consistent_2_of_3",0.67,0.172,0.298,1,FALSE,FALSE,"Other_Candidate","Not_annotated",FALSE,FALSE,FALSE,FALSE,FALSE,FALSE,FALSE,FALSE,FALSE,NA,"Standard_candidate",FALSE,FALSE,"Other_Research_Candidate","Standard",0,0.232879003686129,0,0,0.232879003686129,0.434538256450725,0.525418505529193,787
778,"G6PC3",0.347922098795462,"Tier_3_Moderate_Consistency",0.494211335135214,0.494211335135214,0.788890681081711,0.788890681081711,0.382,0.206,0.176,0.363333066137619,0.183453237410072,0.55,"Consistent_2_of_3",0.67,0.176,0.382,1,FALSE,FALSE,"Other_Candidate","Not_annotated",FALSE,FALSE,FALSE,FALSE,FALSE,FALSE,FALSE,FALSE,FALSE,NA,"Standard_candidate",FALSE,FALSE,"Other_Research_Candidate","Standard",0,0.232842267027043,0,0,0.232842267027043,0.452073967297325,0.542163400540564,788
824,"TSPYL2",0.334416806396021,"Tier_3_Moderate_Consistency",0.494020585016733,0.494020585016733,0.892964680133867,0.892964680133867,0.312,0.132,0.18,0.324920201648387,0.167130919220056,0.489208633093525,"Consistent_2_of_3",0.67,0.18,0.312,1,FALSE,FALSE,"Other_Candidate","Not_annotated",FALSE,FALSE,FALSE,FALSE,FALSE,FALSE,FALSE,FALSE,FALSE,NA,"Standard_candidate",FALSE,FALSE,"Other_Research_Candidate","Standard",0,0.232804117003347,0,0,0.232804117003347,0.438807204755857,0.52810617550502,789
837,"ANKRD40",0.331289197976398,"Tier_3_Moderate_Consistency",0.493879987829122,0.493879987829122,0.917439902632978,0.917439902632978,0.299,0.122,0.177,0.309551895208654,0.161559888579387,0.446043165467626,"Consistent_2_of_3",0.67,0.177,0.299,1,FALSE,FALSE,"Other_Candidate","Not_annotated",FALSE,FALSE,FALSE,FALSE,FALSE,FALSE,FALSE,FALSE,FALSE,NA,"Standard_candidate",FALSE,FALSE,"Other_Research_Candidate","Standard",0,0.232775997565824,0,0,0.232775997565824,0.435557995740193,0.525463996348737,790
787,"MBTPS1",0.345068014700366,"Tier_3_Moderate_Consistency",0.493569868291924,0.493569868291924,0.794958946335395,0.794958946335395,0.353,0.155,0.198,0.354485794153125,0.20891364902507,0.455263157894737,"Consistent_2_of_3",0.67,0.198,0.353,1,FALSE,FALSE,"Other_Candidate","Not_annotated",FALSE,FALSE,FALSE,FALSE,FALSE,FALSE,FALSE,FALSE,FALSE,NA,"Standard_candidate",FALSE,FALSE,"Other_Research_Candidate","Standard",0,0.232713973658385,0,0,0.232713973658385,0.450449453902173,0.536170960487577,791
718,"PFDN6",0.377240699033979,"Tier_3_Moderate_Consistency",0.493520382606089,0.493520382606089,0.535363060848708,0.535363060848708,0.511,0.309,0.202,0.486077415739304,0.23021582733813,0.721052631578947,"Consistent_2_of_3",0.67,0.202,0.511,1,FALSE,FALSE,"Other_Candidate","Not_annotated",FALSE,FALSE,FALSE,FALSE,FALSE,FALSE,FALSE,FALSE,FALSE,NA,"Standard_candidate",FALSE,FALSE,"Other_Research_Candidate","Standard",0,0.232704076521218,0,0,0.232704076521218,0.482832133912131,0.567756114781827,792
851,"NCOA3",0.326337890743977,"Tier_3_Moderate_Consistency",0.492971808183799,0.492971808183799,0.950174465470395,0.950174465470395,0.285,0.119,0.166,0.282792631164091,0.0919220055710306,0.457894736842105,"Consistent_2_of_3",0.67,0.166,0.285,1,FALSE,FALSE,"Other_Candidate","Not_annotated",FALSE,FALSE,FALSE,FALSE,FALSE,FALSE,FALSE,FALSE,FALSE,NA,"Standard_candidate",FALSE,FALSE,"Other_Research_Candidate","Standard",0,0.23259436163676,0,0,0.23259436163676,0.43024013286433,0.52239154245514,793
756,"TMEM54",0.356269499420829,"Tier_3_Moderate_Consistency",0.492485584325653,0.492485584325653,0.696684674605228,0.696684674605228,0.421,0.235,0.186,0.416723973115892,0.214484679665738,0.618421052631579,"Consistent_2_of_3",0.67,0.186,0.421,1,FALSE,FALSE,"Other_Candidate","Not_annotated",FALSE,FALSE,FALSE,FALSE,FALSE,FALSE,FALSE,FALSE,FALSE,NA,"Standard_candidate",FALSE,FALSE,"Other_Research_Candidate","Standard",0,0.232497116865131,0,0,0.232497116865131,0.461269954513979,0.549445675297696,794
794,"ELP5",0.343644292885031,"Tier_3_Moderate_Consistency",0.492077595015748,0.492077595015748,0.783020760125983,0.783020760125983,0.341,0.131,0.21,0.343889392224675,0.100278551532033,0.510526315789474,"Consistent_2_of_3",0.67,0.21,0.341,1,FALSE,FALSE,"Other_Candidate","Not_annotated",FALSE,FALSE,FALSE,FALSE,FALSE,FALSE,FALSE,FALSE,FALSE,NA,"Standard_candidate",FALSE,FALSE,"Other_Research_Candidate","Standard",0,0.23241551900315,0,0,0.23241551900315,0.449927158255512,0.533323278504724,795
858,"COQ9",0.323967229769222,"Tier_3_Moderate_Consistency",0.491213336566454,0.491213336566454,0.948906692531631,0.948906692531631,0.281,0.119,0.162,0.273901307044088,0.194244604316547,0.321052631578947,"Consistent_2_of_3",0.67,0.162,0.281,1,FALSE,FALSE,"Other_Candidate","Not_annotated",FALSE,FALSE,FALSE,FALSE,FALSE,FALSE,FALSE,FALSE,FALSE,NA,"Standard_candidate",FALSE,FALSE,"Other_Research_Candidate","Standard",0,0.232242667313291,0,0,0.232242667313291,0.428024667798259,0.521064000969936,796
821,"GPRC5C",0.335608381093512,"Tier_3_Moderate_Consistency",0.490291494670023,0.490291494670023,0.839131957360183,0.839131957360183,0.332,0.157,0.175,0.349064428269728,0.0584958217270195,0.575539568345324,"Consistent_2_of_3",0.67,0.175,0.332,1,FALSE,FALSE,"Other_Candidate","Not_annotated",FALSE,FALSE,FALSE,FALSE,FALSE,FALSE,FALSE,FALSE,FALSE,NA,"Standard_candidate",FALSE,FALSE,"Other_Research_Candidate","Standard",0,0.232058298934005,0,0,0.232058298934005,0.440502023134508,0.530987448401007,797
775,"CMTM8",0.34923074874801,"Tier_3_Moderate_Consistency",0.489607367277837,0.489607367277837,0.718458938222698,0.718458938222698,0.396,0.213,0.183,0.381033956004819,0.183844011142061,0.689473684210526,"Consistent_2_of_3",0.67,0.183,0.396,1,FALSE,FALSE,"Other_Candidate","Not_annotated",FALSE,FALSE,FALSE,FALSE,FALSE,FALSE,FALSE,FALSE,FALSE,NA,"Standard_candidate",FALSE,FALSE,"Other_Research_Candidate","Standard",0,0.231921473455567,0,0,0.231921473455567,0.454662578547243,0.543582210183351,798
772,"GOLM2",0.35064731026652,"Tier_3_Moderate_Consistency",0.4892750459302,0.4892750459302,0.701400367441602,0.701400367441602,0.401,0.214,0.187,0.414465483763114,0.153203342618384,0.600719424460432,"Consistent_2_of_3",0.67,0.187,0.401,1,FALSE,FALSE,"Other_Candidate","Not_annotated",FALSE,FALSE,FALSE,FALSE,FALSE,FALSE,FALSE,FALSE,FALSE,NA,"Standard_candidate",FALSE,FALSE,"Other_Research_Candidate","Standard",0,0.23185500918604,0,0,0.23185500918604,0.45634626607557,0.54448251377906,799
760,"MAGED1",0.35412307108582,"Tier_3_Moderate_Consistency",0.489049971389546,0.489049971389546,0.669199771116366,0.669199771116366,0.416,0.225,0.191,0.429139380183289,0.200557103064067,0.607913669064748,"Consistent_2_of_3",0.67,0.191,0.416,1,FALSE,FALSE,"Other_Candidate","Not_annotated",FALSE,FALSE,FALSE,FALSE,FALSE,FALSE,FALSE,FALSE,FALSE,NA,"Standard_candidate",FALSE,FALSE,"Other_Research_Candidate","Standard",0,0.231809994277909,0,0,0.231809994277909,0.460067489986341,0.547414991416864,800
782,"NABP2",0.34710808942142,"Tier_3_Moderate_Consistency",0.488117018830566,0.488117018830566,0.755701509258272,0.755701509258272,0.394,0.217,0.177,0.375119121826128,0.176258992805755,0.536842105263158,"Consistent_2_of_3",0.67,0.177,0.394,0.969695534488546,FALSE,FALSE,"Other_Candidate","Not_annotated",FALSE,FALSE,FALSE,FALSE,FALSE,FALSE,FALSE,FALSE,FALSE,NA,"Standard_candidate",FALSE,FALSE,"Other_Research_Candidate","Standard",0,0.231623403766113,0,0,0.231623403766113,0.452540956590698,0.538189435822452,801
818,"AMFR",0.335791045829086,"Tier_3_Moderate_Consistency",0.487995561125652,0.487995561125652,0.804764489005218,0.804764489005218,0.331,0.145,0.186,0.333065188371221,0.181058495821727,0.436842105263158,"Consistent_2_of_3",0.67,0.186,0.331,1,FALSE,FALSE,"Other_Candidate","Not_annotated",FALSE,FALSE,FALSE,FALSE,FALSE,FALSE,FALSE,FALSE,FALSE,NA,"Standard_candidate",FALSE,FALSE,"Other_Research_Candidate","Standard",0,0.23159911222513,0,0,0.23159911222513,0.441698446393978,0.530098668337696,802
841,"ZNF688",0.329516922634338,"Tier_3_Moderate_Consistency",0.487951858994436,0.487951858994436,0.86041487195549,0.86041487195549,0.311,0.14,0.171,0.302381381802636,0.223021582733813,0.4,"Consistent_2_of_3",0.67,0.171,0.311,1,FALSE,FALSE,"Other_Candidate","Not_annotated",FALSE,FALSE,FALSE,FALSE,FALSE,FALSE,FALSE,FALSE,FALSE,NA,"Standard_candidate",FALSE,FALSE,"Other_Research_Candidate","Standard",0,0.231590371798887,0,0,0.231590371798887,0.434683150648053,0.526085557698331,803
739,"RAB1B",0.364644353108073,"Tier_3_Moderate_Consistency",0.487367484664665,0.487367484664665,0.561339877317321,0.561339877317321,0.468,0.27,0.198,0.457411270807427,0.242339832869081,0.734210526315789,"Consistent_2_of_3",0.67,0.198,0.468,1,FALSE,FALSE,"Other_Candidate","Not_annotated",FALSE,FALSE,FALSE,FALSE,FALSE,FALSE,FALSE,FALSE,FALSE,NA,"Standard_candidate",FALSE,FALSE,"Other_Research_Candidate","Standard",0,0.231473496932933,0,0,0.231473496932933,0.471278619632633,0.5573102453994,804
868,"VPS26B",0.322085040435567,"Tier_3_Moderate_Consistency",0.486535383324346,0.486535383324346,0.906683066594766,0.906683066594766,0.286,0.126,0.16,0.273202994560809,0.140287769784173,0.386842105263158,"Consistent_2_of_3",0.67,0.16,0.286,1,FALSE,FALSE,"Other_Candidate","Not_annotated",FALSE,FALSE,FALSE,FALSE,FALSE,FALSE,FALSE,FALSE,FALSE,NA,"Standard_candidate",FALSE,FALSE,"Other_Research_Candidate","Standard",0,0.231307076664869,0,0,0.231307076664869,0.426987384163521,0.520660614997304,805
765,"SLC2A4RG",0.352931449702813,"Tier_3_Moderate_Consistency",0.486528878270782,0.486528878270782,0.636231026166252,0.636231026166252,0.396,0.177,0.219,0.410671902296371,0.15041782729805,0.607913669064748,"Consistent_2_of_3",0.67,0.219,0.396,1,FALSE,FALSE,"Other_Candidate","Not_annotated",FALSE,FALSE,FALSE,FALSE,FALSE,FALSE,FALSE,FALSE,FALSE,NA,"Standard_candidate",FALSE,FALSE,"Other_Research_Candidate","Standard",0,0.231305775654156,0,0,0.231305775654156,0.460785107394774,0.542658663481235,806
844,"TBCC",0.328629464436739,"Tier_3_Moderate_Consistency",0.485528889140873,0.485528889140873,0.839431113126985,0.839431113126985,0.317,0.151,0.166,0.303805728324539,0.172661870503597,0.418421052631579,"Consistent_2_of_3",0.67,0.166,0.317,1,FALSE,FALSE,"Other_Candidate","Not_annotated",FALSE,FALSE,FALSE,FALSE,FALSE,FALSE,FALSE,FALSE,FALSE,NA,"Standard_candidate",FALSE,FALSE,"Other_Research_Candidate","Standard",0,0.231105777828175,0,0,0.231105777828175,0.434035111199306,0.526558666742262,807
823,"STK24",0.334576341481822,"Tier_3_Moderate_Consistency",0.485251488094381,0.485251488094381,0.787611904755049,0.787611904755049,0.346,0.178,0.168,0.367059127950535,0.0891364902506964,0.633093525179856,"Consistent_2_of_3",0.67,0.168,0.346,1,FALSE,FALSE,"Other_Candidate","Not_annotated",FALSE,FALSE,FALSE,FALSE,FALSE,FALSE,FALSE,FALSE,FALSE,NA,"Standard_candidate",FALSE,FALSE,"Other_Research_Candidate","Standard",0,0.231050297618876,0,0,0.231050297618876,0.440138020833033,0.532275446428314,808
836,"ATP6V1A",0.331404943807983,"Tier_3_Moderate_Consistency",0.48512214243585,0.48512214243585,0.8057771394868,0.8057771394868,0.32,0.138,0.182,0.321377467736996,0.222841225626741,0.381578947368421,"Consistent_2_of_3",0.67,0.182,0.32,1,FALSE,FALSE,"Other_Candidate","Not_annotated",FALSE,FALSE,FALSE,FALSE,FALSE,FALSE,FALSE,FALSE,FALSE,NA,"Standard_candidate",FALSE,FALSE,"Other_Research_Candidate","Standard",0,0.23102442848717,0,0,0.23102442848717,0.437692749852548,0.527036642730755,809
863,"RAMP2",0.32263126644298,"Tier_3_Moderate_Consistency",0.484807504550041,0.484807504550041,0.878460036400325,0.878460036400325,0.289,0.123,0.166,0.28056905304081,0.183453237410072,0.33983286908078,"Consistent_2_of_3",0.67,0.166,0.289,1,FALSE,FALSE,"Other_Candidate","Not_annotated",FALSE,FALSE,FALSE,FALSE,FALSE,FALSE,FALSE,FALSE,FALSE,NA,"Standard_candidate",FALSE,FALSE,"Other_Research_Candidate","Standard",0,0.230961500910008,0,0,0.230961500910008,0.428182626592514,0.520742251365012,810
862,"RELL1",0.323125670394135,"Tier_3_Moderate_Consistency",0.484797366619993,0.484797366619993,0.929132766655835,0.929132766655835,0.302,0.15,0.152,0.31086834388229,0.160526315789474,0.387186629526462,"Consistent_2_of_3",0.67,0.152,0.302,0.959038471920093,FALSE,FALSE,"Other_Candidate","Not_annotated",FALSE,FALSE,FALSE,FALSE,FALSE,FALSE,FALSE,FALSE,FALSE,NA,"Standard_candidate",FALSE,FALSE,"Other_Research_Candidate","Standard",0,0.230959473323999,0,0,0.230959473323999,0.427979078316998,0.517194980774012,811
798,"USP9X",0.343304635839818,"Tier_3_Moderate_Consistency",0.483672286220596,0.483672286220596,0.690178289764771,0.690178289764771,0.379,0.191,0.188,0.385935977797442,0.136490250696379,0.510791366906475,"Consistent_2_of_3",0.67,0.188,0.379,1,FALSE,FALSE,"Other_Candidate","Not_annotated",FALSE,FALSE,FALSE,FALSE,FALSE,FALSE,FALSE,FALSE,FALSE,NA,"Standard_candidate",FALSE,FALSE,"Other_Research_Candidate","Standard",0,0.230734457244119,0,0,0.230734457244119,0.450185300177209,0.538401685866179,812
832,"PDCD7",0.332136410915298,"Tier_3_Moderate_Consistency",0.483095782670692,0.483095782670692,0.775166261365532,0.775166261365532,0.33,0.149,0.181,0.336292754390535,0.211699164345404,0.420863309352518,"Consistent_2_of_3",0.67,0.181,0.33,1,FALSE,FALSE,"Other_Candidate","Not_annotated",FALSE,FALSE,FALSE,FALSE,FALSE,FALSE,FALSE,FALSE,FALSE,NA,"Standard_candidate",FALSE,FALSE,"Other_Research_Candidate","Standard",0,0.230619156534138,0,0,0.230619156534138,0.438783523934742,0.528428734801208,813
802,"MLST8",0.342718807983418,"Tier_3_Moderate_Consistency",0.482882730510147,0.482882730510147,0.72447650275427,0.72447650275427,0.388,0.213,0.175,0.371968937091933,0.205035971223022,0.523684210526316,"Consistent_2_of_3",0.67,0.175,0.388,0.971487784439089,FALSE,FALSE,"Other_Candidate","Not_annotated",FALSE,FALSE,FALSE,FALSE,FALSE,FALSE,FALSE,FALSE,FALSE,NA,"Standard_candidate",FALSE,FALSE,"Other_Research_Candidate","Standard",0,0.230576546102029,0,0,0.230576546102029,0.449108955678551,0.535687986818908,814
814,"CZIB",0.337033440610934,"Tier_3_Moderate_Consistency",0.482365752452844,0.482365752452844,0.776074224541986,0.776074224541986,0.364,0.193,0.171,0.348607172025171,0.179856115107914,0.434210526315789,"Consistent_2_of_3",0.67,0.171,0.364,0.962376495900641,FALSE,FALSE,"Other_Candidate","Not_annotated",FALSE,FALSE,FALSE,FALSE,FALSE,FALSE,FALSE,FALSE,FALSE,NA,"Standard_candidate",FALSE,FALSE,"Other_Research_Candidate","Standard",0,0.230473150490569,0,0,0.230473150490569,0.443328013358495,0.529366200120949,815
840,"GEMIN8",0.329733545427007,"Tier_3_Moderate_Consistency",0.482184780053402,0.482184780053402,0.787078240427214,0.787078240427214,0.328,0.157,0.171,0.312288946148462,0.161870503597122,0.513157894736842,"Consistent_2_of_3",0.67,0.171,0.328,1,FALSE,FALSE,"Other_Candidate","Not_annotated",FALSE,FALSE,FALSE,FALSE,FALSE,FALSE,FALSE,FALSE,FALSE,NA,"Standard_candidate",FALSE,FALSE,"Other_Research_Candidate","Standard",0,0.23043695601068,0,0,0.23043695601068,0.436064673018691,0.527755434016021,816
799,"BATF",0.343182314846307,"Tier_3_Moderate_Consistency",0.481820226131996,0.481820226131996,0.68622034439964,0.68622034439964,0.394,0.22,0.174,0.403465299890274,0.123684210526316,0.64066852367688,"Consistent_2_of_3",0.67,0.174,0.394,0.989617887213607,FALSE,FALSE,"Other_Candidate","Not_annotated",FALSE,FALSE,FALSE,FALSE,FALSE,FALSE,FALSE,FALSE,FALSE,NA,"Standard_candidate",FALSE,FALSE,"Other_Research_Candidate","Standard",0,0.230364045226399,0,0,0.230364045226399,0.449737079146199,0.53928875092164,817
771,"DHRSX",0.350770888390366,"Tier_3_Moderate_Consistency",0.481346619986544,0.481346619986544,0.596372959892354,0.596372959892354,0.413,0.212,0.201,0.405471095927832,0.211699164345404,0.634210526315789,"Consistent_2_of_3",0.67,0.201,0.413,1,FALSE,FALSE,"Other_Candidate","Not_annotated",FALSE,FALSE,FALSE,FALSE,FALSE,FALSE,FALSE,FALSE,FALSE,NA,"Standard_candidate",FALSE,FALSE,"Other_Research_Candidate","Standard",0,0.230269323997309,0,0,0.230269323997309,0.45877131699529,0.544503985995963,818
883,"NSF",0.316398457296276,"Tier_3_Moderate_Consistency",0.480943658730302,0.480943658730302,0.879549269842419,0.879549269842419,0.267,0.099,0.168,0.280879949317192,0.11142061281337,0.449640287769784,"Consistent_2_of_3",0.67,0.168,0.267,1,FALSE,FALSE,"Other_Candidate","Not_annotated",FALSE,FALSE,FALSE,FALSE,FALSE,FALSE,FALSE,FALSE,FALSE,NA,"Standard_candidate",FALSE,FALSE,"Other_Research_Candidate","Standard",0,0.23018873174606,0,0,0.23018873174606,0.422830280555606,0.515183097619091,819
861,"RITA1",0.323296653115481,"Tier_3_Moderate_Consistency",0.4808498090918,0.4808498090918,0.8243984727344,0.8243984727344,0.304,0.139,0.165,0.299543359008732,0.183844011142061,0.434210526315789,"Consistent_2_of_3",0.67,0.165,0.304,1,FALSE,FALSE,"Other_Candidate","Not_annotated",FALSE,FALSE,FALSE,FALSE,FALSE,FALSE,FALSE,FALSE,FALSE,NA,"Standard_candidate",FALSE,FALSE,"Other_Research_Candidate","Standard",0,0.23016996181836,0,0,0.23016996181836,0.42959743318213,0.52255494272754,820
789,"MAT2A",0.344810961922796,"Tier_3_Moderate_Consistency",0.480785150111005,0.480785150111005,0.682584764054269,0.682584764054269,0.402,0.224,0.178,0.386600609557802,0.215827338129496,0.481578947368421,"Consistent_2_of_3",0.67,0.178,0.402,0.96974703069481,FALSE,FALSE,"Other_Candidate","Not_annotated",FALSE,FALSE,FALSE,FALSE,FALSE,FALSE,FALSE,FALSE,FALSE,NA,"Standard_candidate",FALSE,FALSE,"Other_Research_Candidate","Standard",0,0.230157030022201,0,0,0.230157030022201,0.451774802538852,0.537597599637523,821
866,"SKA2",0.32231141842382,"Tier_3_Moderate_Consistency",0.480514233688746,0.480514233688746,0.823313869509966,0.823313869509966,0.291,0.114,0.177,0.28847567306073,0.167130919220056,0.410526315789474,"Consistent_2_of_3",0.67,0.177,0.291,1,FALSE,FALSE,"Other_Candidate","Not_annotated",FALSE,FALSE,FALSE,FALSE,FALSE,FALSE,FALSE,FALSE,FALSE,NA,"Standard_candidate",FALSE,FALSE,"Other_Research_Candidate","Standard",0,0.230102846737749,0,0,0.230102846737749,0.429279981791061,0.519854270106624,822
864,"ALDH7A1",0.322395619354654,"Tier_3_Moderate_Consistency",0.480485611733778,0.480485611733778,0.829484893870224,0.829484893870224,0.305,0.146,0.159,0.300098915150243,0.237410071942446,0.376044568245125,"Consistent_2_of_3",0.67,0.159,0.305,1,FALSE,FALSE,"Other_Candidate","Not_annotated",FALSE,FALSE,FALSE,FALSE,FALSE,FALSE,FALSE,FALSE,FALSE,NA,"Standard_candidate",FALSE,FALSE,"Other_Research_Candidate","Standard",0,0.230097122346756,0,0,0.230097122346756,0.428469964106822,0.522645683520133,823
792,"SRARP",0.344143612118061,"Tier_3_Moderate_Consistency",0.480481975378068,0.480481975378068,0.634255803024545,0.634255803024545,0.374,0.162,0.212,0.39006719269065,0.0222841225626741,0.629496402877698,"Consistent_2_of_3",0.67,0.212,0.374,1,FALSE,FALSE,"Other_Candidate","Not_annotated",FALSE,FALSE,FALSE,FALSE,FALSE,FALSE,FALSE,FALSE,FALSE,NA,"Standard_candidate",FALSE,FALSE,"Other_Research_Candidate","Standard",0,0.230096395075614,0,0,0.230096395075614,0.452868691382324,0.53644459261342,824
826,"SIRT2",0.333153237855442,"Tier_3_Moderate_Consistency",0.480408832440694,0.480408832440694,0.731270659525551,0.731270659525551,0.338,0.151,0.187,0.324769113019217,0.205035971223022,0.515789473684211,"Consistent_2_of_3",0.67,0.187,0.338,1,FALSE,FALSE,"Other_Candidate","Not_annotated",FALSE,FALSE,FALSE,FALSE,FALSE,FALSE,FALSE,FALSE,FALSE,NA,"Standard_candidate",FALSE,FALSE,"Other_Research_Candidate","Standard",0,0.230081766488139,0,0,0.230081766488139,0.440643091354243,0.529222649732208,825
788,"NSL1",0.344951357012208,"Tier_3_Moderate_Consistency",0.479046707912317,0.479046707912317,0.619573663298535,0.619573663298535,0.4,0.212,0.188,0.38098405017373,0.172661870503597,0.507894736842105,"Consistent_2_of_3",0.67,0.188,0.4,1,FALSE,FALSE,"Other_Candidate","Not_annotated",FALSE,FALSE,FALSE,FALSE,FALSE,FALSE,FALSE,FALSE,FALSE,NA,"Standard_candidate",FALSE,FALSE,"Other_Research_Candidate","Standard",0,0.229809341582463,0,0,0.229809341582463,0.452766347769311,0.541214012373695,826
856,"MOAP1",0.325053355976489,"Tier_3_Moderate_Consistency",0.478778585851764,0.478778585851764,0.83086815452552,0.83086815452552,0.323,0.164,0.159,0.323584785594776,0.244736842105263,0.409470752089136,"Consistent_2_of_3",0.67,0.159,0.323,0.963467110240493,FALSE,FALSE,"Other_Candidate","Not_annotated",FALSE,FALSE,FALSE,FALSE,FALSE,FALSE,FALSE,FALSE,FALSE,NA,"Standard_candidate",FALSE,FALSE,"Other_Research_Candidate","Standard",0,0.229755717170353,0,0,0.229755717170353,0.431472505048117,0.520253642291603,827
860,"SLC35C2",0.323297671660435,"Tier_3_Moderate_Consistency",0.478496544584868,0.478496544584868,0.795972356678948,0.795972356678948,0.312,0.149,0.163,0.307218573477239,0.167130919220056,0.463157894736842,"Consistent_2_of_3",0.67,0.163,0.312,1,FALSE,FALSE,"Other_Candidate","Not_annotated",FALSE,FALSE,FALSE,FALSE,FALSE,FALSE,FALSE,FALSE,FALSE,NA,"Standard_candidate",FALSE,FALSE,"Other_Research_Candidate","Standard",0,0.229699308916974,0,0,0.229699308916974,0.429973790604704,0.52344896337546,828
873,"POR",0.320691024942532,"Tier_3_Moderate_Consistency",0.478031597522141,0.478031597522141,0.846371312848865,0.846371312848865,0.307,0.153,0.154,0.302417734482697,0.237410071942446,0.406685236768802,"Consistent_2_of_3",0.67,0.154,0.307,0.973567889440221,FALSE,FALSE,"Other_Candidate","Not_annotated",FALSE,FALSE,FALSE,FALSE,FALSE,FALSE,FALSE,FALSE,FALSE,NA,"Standard_candidate",FALSE,FALSE,"Other_Research_Candidate","Standard",0,0.229606319504428,0,0,0.229606319504428,0.427011059132749,0.518344662672675,829
769,"DYNC1LI2",0.351286836468545,"Tier_3_Moderate_Consistency",0.476574711293806,0.476574711293806,0.556286429474733,0.556286429474733,0.437,0.247,0.19,0.44361899719339,0.231197771587744,0.557553956834532,"Consistent_2_of_3",0.67,0.19,0.437,0.984259384063097,FALSE,FALSE,"Other_Candidate","Not_annotated",FALSE,FALSE,FALSE,FALSE,FALSE,FALSE,FALSE,FALSE,FALSE,NA,"Standard_candidate",FALSE,FALSE,"Other_Research_Candidate","Standard",0,0.229314942258761,0,0,0.229314942258761,0.459701148952832,0.545511320997606,830
793,"TUG1",0.343676354826948,"Tier_3_Moderate_Consistency",0.476012235652305,0.476012235652305,0.590497885218441,0.590497885218441,0.399,0.207,0.192,0.404338467358352,0.222841225626741,0.497368421052632,"Consistent_2_of_3",0.67,0.192,0.399,1,FALSE,FALSE,"Other_Candidate","Not_annotated",FALSE,FALSE,FALSE,FALSE,FALSE,FALSE,FALSE,FALSE,FALSE,NA,"Standard_candidate",FALSE,FALSE,"Other_Research_Candidate","Standard",0,0.229202447130461,0,0,0.229202447130461,0.452304282478307,0.540103670695692,831
812,"GAA",0.337568706030587,"Tier_3_Moderate_Consistency",0.475726635487965,0.475726635487965,0.636213083903716,0.636213083903716,0.37,0.179,0.191,0.362951732148953,0.155988857938719,0.594736842105263,"Consistent_2_of_3",0.67,0.191,0.37,1,FALSE,FALSE,"Other_Candidate","Not_annotated",FALSE,FALSE,FALSE,FALSE,FALSE,FALSE,FALSE,FALSE,FALSE,NA,"Standard_candidate",FALSE,FALSE,"Other_Research_Candidate","Standard",0,0.229145327097593,0,0,0.229145327097593,0.446204322420788,0.53421799064639,832
808,"CHMP1A",0.340503666911802,"Tier_3_Moderate_Consistency",0.475518227989848,0.475518227989848,0.610545823918786,0.610545823918786,0.386,0.196,0.19,0.378377134093927,0.183844011142061,0.613157894736842,"Consistent_2_of_3",0.67,0.19,0.386,1,FALSE,FALSE,"Other_Candidate","Not_annotated",FALSE,FALSE,FALSE,FALSE,FALSE,FALSE,FALSE,FALSE,FALSE,NA,"Standard_candidate",FALSE,FALSE,"Other_Research_Candidate","Standard",0,0.22910364559797,0,0,0.22910364559797,0.449131379796447,0.537355468396954,833
766,"DCAF10",0.352918580018309,"Tier_3_Moderate_Consistency",0.475273501484651,0.475273501484651,0.672885804235274,0.672885804235274,0.463,0.292,0.171,0.440370828978219,0.215827338129496,0.676315789473684,"Consistent_2_of_3",0.67,0.171,0.463,0.869085173034947,FALSE,FALSE,"Other_Candidate","Not_annotated",FALSE,FALSE,FALSE,FALSE,FALSE,FALSE,FALSE,FALSE,FALSE,NA,"Standard_candidate",FALSE,FALSE,"Other_Research_Candidate","Standard",0,0.22905470029693,0,0,0.22905470029693,0.460645725519628,0.533044826400637,834
903,"AC091271.1",0.310299540245117,"Tier_3_Moderate_Consistency",0.475148427452849,0.475148427452849,0.857187419622791,0.857187419622791,0.254,0.088,0.166,0.254764591786474,0.233983286908078,0.26978417266187,"Consistent_2_of_3",0.67,0.166,0.254,1,FALSE,FALSE,"Other_Candidate","Not_annotated",FALSE,FALSE,FALSE,FALSE,FALSE,FALSE,FALSE,FALSE,FALSE,NA,"Standard_candidate",FALSE,FALSE,"Other_Research_Candidate","Standard",0,0.22902968549057,0,0,0.22902968549057,0.417801949608497,0.510844528235855,835
819,"PPP1R37",0.335722955702478,"Tier_3_Moderate_Consistency",0.474919104000877,0.474919104000877,0.681201274216696,0.681201274216696,0.375,0.2,0.175,0.360313156892753,0.233812949640288,0.565789473684211,"Consistent_2_of_3",0.67,0.175,0.375,0.971792964825263,FALSE,FALSE,"Other_Candidate","Not_annotated",FALSE,FALSE,FALSE,FALSE,FALSE,FALSE,FALSE,FALSE,FALSE,NA,"Standard_candidate",FALSE,FALSE,"Other_Research_Candidate","Standard",0,0.228983820800175,0,0,0.228983820800175,0.443721686400307,0.530744675924053,836
816,"IRS1",0.33668773588631,"Tier_3_Moderate_Consistency",0.474855298976558,0.474855298976558,0.63884239181246,0.63884239181246,0.38,0.205,0.175,0.389733584778563,0.155263157894737,0.557103064066852,"Consistent_2_of_3",0.67,0.175,0.38,1,FALSE,FALSE,"Other_Candidate","Not_annotated",FALSE,FALSE,FALSE,FALSE,FALSE,FALSE,FALSE,FALSE,FALSE,NA,"Standard_candidate",FALSE,FALSE,"Other_Research_Candidate","Standard",0,0.228971059795312,0,0,0.228971059795312,0.444699354641795,0.535956589692967,837
894,"ARMC1",0.31236811393206,"Tier_3_Moderate_Consistency",0.474819751395556,0.474819751395556,0.841758011164451,0.841758011164451,0.275,0.122,0.153,0.266413164732838,0.176258992805755,0.35,"Consistent_2_of_3",0.67,0.153,0.275,1,FALSE,FALSE,"Other_Candidate","Not_annotated",FALSE,FALSE,FALSE,FALSE,FALSE,FALSE,FALSE,FALSE,FALSE,NA,"Standard_candidate",FALSE,FALSE,"Other_Research_Candidate","Standard",0,0.228963950279111,0,0,0.228963950279111,0.419286912988445,0.514945925418667,838
870,"SDSL",0.321423456861087,"Tier_3_Moderate_Consistency",0.472655483328329,0.472655483328329,0.734843866626629,0.734843866626629,0.312,0.14,0.172,0.309084373023499,0.181058495821727,0.436842105263158,"Consistent_2_of_3",0.67,0.172,0.312,1,FALSE,FALSE,"Other_Candidate","Not_annotated",FALSE,FALSE,FALSE,FALSE,FALSE,FALSE,FALSE,FALSE,FALSE,NA,"Standard_candidate",FALSE,FALSE,"Other_Research_Candidate","Standard",0,0.228531096665666,0,0,0.228531096665666,0.429729419164915,0.521696644998499,839
886,"PHYH",0.315184448961433,"Tier_3_Moderate_Consistency",0.472313072295394,0.472313072295394,0.788104578363148,0.788104578363148,0.296,0.143,0.153,0.306589292413013,0.205263157894737,0.413669064748201,"Consistent_2_of_3",0.67,0.153,0.296,1,FALSE,FALSE,"Other_Candidate","Not_annotated",FALSE,FALSE,FALSE,FALSE,FALSE,FALSE,FALSE,FALSE,FALSE,NA,"Standard_candidate",FALSE,FALSE,"Other_Research_Candidate","Standard",0,0.228462614459079,0,0,0.228462614459079,0.422609575303388,0.518393921688618,840
879,"LTBP4",0.317295840454051,"Tier_3_Moderate_Consistency",0.471337316807408,0.471337316807408,0.756298534459263,0.756298534459263,0.304,0.144,0.16,0.305551254642086,0.247910863509749,0.334532374100719,"Consistent_2_of_3",0.67,0.16,0.304,1,FALSE,FALSE,"Other_Candidate","Not_annotated",FALSE,FALSE,FALSE,FALSE,FALSE,FALSE,FALSE,FALSE,FALSE,NA,"Standard_candidate",FALSE,FALSE,"Other_Research_Candidate","Standard",0,0.228267463361482,0,0,0.228267463361482,0.425268060882593,0.519701195042222,841
881,"PCYOX1",0.316944307218983,"Tier_3_Moderate_Consistency",0.471243958020382,0.471243958020382,0.752351664163053,0.752351664163053,0.292,0.118,0.174,0.298173330562936,0.139275766016713,0.392086330935252,"Consistent_2_of_3",0.67,0.174,0.292,1,FALSE,FALSE,"Other_Candidate","Not_annotated",FALSE,FALSE,FALSE,FALSE,FALSE,FALSE,FALSE,FALSE,FALSE,NA,"Standard_candidate",FALSE,FALSE,"Other_Research_Candidate","Standard",0,0.228248791604076,0,0,0.228248791604076,0.425635385307134,0.517273187406115,842
874,"DNAJA3",0.320027262177755,"Tier_3_Moderate_Consistency",0.471213078833935,0.471213078833935,0.729704630671478,0.729704630671478,0.312,0.144,0.168,0.301765935148084,0.20863309352518,0.423684210526316,"Consistent_2_of_3",0.67,0.168,0.312,1,FALSE,FALSE,"Other_Candidate","Not_annotated",FALSE,FALSE,FALSE,FALSE,FALSE,FALSE,FALSE,FALSE,FALSE,NA,"Standard_candidate",FALSE,FALSE,"Other_Research_Candidate","Standard",0,0.228242615766787,0,0,0.228242615766787,0.428424577591877,0.52126392365018,843
825,"INSIG1",0.33387154926542,"Tier_3_Moderate_Consistency",0.470206336614821,0.470206336614821,0.603250692918565,0.603250692918565,0.378,0.202,0.176,0.395134102364788,0.211699164345404,0.607913669064748,"Consistent_2_of_3",0.67,0.176,0.378,1,FALSE,FALSE,"Other_Candidate","Not_annotated",FALSE,FALSE,FALSE,FALSE,FALSE,FALSE,FALSE,FALSE,FALSE,NA,"Standard_candidate",FALSE,FALSE,"Other_Research_Candidate","Standard",0,0.228041267322964,0,0,0.228041267322964,0.442872217815187,0.534161900984446,844
830,"ZMPSTE24",0.332466879871814,"Tier_3_Moderate_Consistency",0.470197877434592,0.470197877434592,0.676363438246465,0.676363438246465,0.374,0.202,0.172,0.355998473468696,0.154676258992806,0.479108635097493,"Consistent_2_of_3",0.67,0.172,0.374,0.949682984358562,FALSE,FALSE,"Other_Candidate","Not_annotated",FALSE,FALSE,FALSE,FALSE,FALSE,FALSE,FALSE,FALSE,FALSE,NA,"Standard_candidate",FALSE,FALSE,"Other_Research_Candidate","Standard",0,0.228039575486918,0,0,0.228039575486918,0.441269257102107,0.525811810884162,845
779,"ZFAND2A",0.347825100920997,"Tier_3_Moderate_Consistency",0.470031608588642,0.470031608588642,0.597300030944779,0.597300030944779,0.446,0.267,0.179,0.454349963805528,0.197771587743733,0.586330935251799,"Consistent_2_of_3",0.67,0.179,0.446,0.909127364803628,FALSE,FALSE,"Other_Candidate","Not_annotated",FALSE,FALSE,FALSE,FALSE,FALSE,FALSE,FALSE,FALSE,FALSE,NA,"Standard_candidate",FALSE,FALSE,"Other_Research_Candidate","Standard",0,0.228006321717728,0,0,0.228006321717728,0.457011063006025,0.534078587297137,846
780,"IDH3B",0.347623611477912,"Tier_3_Moderate_Consistency",0.469576004562901,0.469576004562901,0.582750562329582,0.582750562329582,0.444,0.262,0.182,0.422631406676447,0.190647482014388,0.58421052631579,"Consistent_2_of_3",0.67,0.182,0.444,0.916881228478022,FALSE,FALSE,"Other_Candidate","Not_annotated",FALSE,FALSE,FALSE,FALSE,FALSE,FALSE,FALSE,FALSE,FALSE,NA,"Standard_candidate",FALSE,FALSE,"Other_Research_Candidate","Standard",0,0.22791520091258,0,0,0.22791520091258,0.457051601597015,0.534704985640574,847
848,"CDK12",0.32712129667126,"Tier_3_Moderate_Consistency",0.469209486432968,0.469209486432968,0.817623142582328,0.817623142582328,0.359,0.199,0.16,0.347084877179623,0.15041782729805,0.621052631578947,"Consistent_2_of_3",0.67,0.16,0.359,0.861377290734514,FALSE,FALSE,"Other_Candidate","Not_annotated",FALSE,FALSE,FALSE,FALSE,FALSE,FALSE,FALSE,FALSE,FALSE,NA,"Standard_candidate",FALSE,FALSE,"Other_Research_Candidate","Standard",0,0.227841897286594,0,0,0.227841897286594,0.435523320251539,0.509269439540067,848
715,"NR4A1",0.37770939953032,"Tier_3_Moderate_Consistency",0.46909735215708,0.46909735215708,0.528120123415041,0.528120123415041,0.616,0.461,0.155,0.633395825488854,0.18941504178273,0.902877697841727,"Consistent_2_of_3",0.67,0.155,0.616,0.765882244867996,FALSE,FALSE,"Other_Candidate","Not_annotated",FALSE,FALSE,FALSE,FALSE,FALSE,FALSE,FALSE,FALSE,FALSE,NA,"Standard_candidate",FALSE,FALSE,"Other_Research_Candidate","Standard",0,0.227819470431416,0,0,0.227819470431416,0.485884073254978,0.546311542377323,849
871,"GSE1",0.321170426676857,"Tier_3_Moderate_Consistency",0.468845585757944,0.468845585757944,0.686764686063551,0.686764686063551,0.316,0.137,0.179,0.321119711766139,0.119777158774373,0.426315789473684,"Consistent_2_of_3",0.67,0.179,0.316,1,FALSE,FALSE,"Other_Candidate","Not_annotated",FALSE,FALSE,FALSE,FALSE,FALSE,FALSE,FALSE,FALSE,FALSE,NA,"Standard_candidate",FALSE,FALSE,"Other_Research_Candidate","Standard",0,0.227769117151589,0,0,0.227769117151589,0.43059595501528,0.521353675727383,850
817,"LMTK3",0.335891671982286,"Tier_3_Moderate_Consistency",0.467797100519248,0.467797100519248,0.65918985600049,0.65918985600049,0.394,0.217,0.177,0.362860955920793,0.0323741007194245,0.610526315789474,"Consistent_2_of_3",0.67,0.177,0.394,0.914655790127913,FALSE,FALSE,"Other_Candidate","Not_annotated",FALSE,FALSE,FALSE,FALSE,FALSE,FALSE,FALSE,FALSE,FALSE,NA,"Standard_candidate",FALSE,FALSE,"Other_Research_Candidate","Standard",0,0.22755942010385,0,0,0.22755942010385,0.445428985181737,0.523837498674961,851
902,"PNPO",0.310660521608437,"Tier_3_Moderate_Consistency",0.467287762073099,0.467287762073099,0.760702096584788,0.760702096584788,0.285,0.129,0.156,0.297700253519512,0.0974930362116992,0.464028776978417,"Consistent_2_of_3",0.67,0.156,0.285,1,FALSE,FALSE,"Other_Candidate","Not_annotated",FALSE,FALSE,FALSE,FALSE,FALSE,FALSE,FALSE,FALSE,FALSE,NA,"Standard_candidate",FALSE,FALSE,"Other_Research_Candidate","Standard",0,0.22745755241462,0,0,0.22745755241462,0.419250716725585,0.51468632862193,852
904,"EPS15L1",0.308736458990615,"Tier_3_Moderate_Consistency",0.467244169684429,0.467244169684429,0.795484359965274,0.795484359965274,0.28,0.13,0.15,0.272254432196802,0.194244604316547,0.357894736842105,"Consistent_2_of_3",0.67,0.15,0.28,0.985390831258462,FALSE,FALSE,"Other_Candidate","Not_annotated",FALSE,FALSE,FALSE,FALSE,FALSE,FALSE,FALSE,FALSE,FALSE,NA,"Standard_candidate",FALSE,FALSE,"Other_Research_Candidate","Standard",0,0.227448833936886,0,0,0.227448833936886,0.41703545938955,0.511481875594098,853
872,"SAMM50",0.321156557318656,"Tier_3_Moderate_Consistency",0.467189999131765,0.467189999131765,0.786713217981651,0.786713217981651,0.337,0.18,0.157,0.326392239089538,0.201438848920863,0.406685236768802,"Consistent_2_of_3",0.67,0.157,0.337,0.907005645893721,FALSE,FALSE,"Other_Candidate","Not_annotated",FALSE,FALSE,FALSE,FALSE,FALSE,FALSE,FALSE,FALSE,FALSE,NA,"Standard_candidate",FALSE,FALSE,"Other_Research_Candidate","Standard",0,0.227437999826353,0,0,0.227437999826353,0.429816499696118,0.511107846623588,854
895,"GREB1",0.312321542138856,"Tier_3_Moderate_Consistency",0.466764240258099,0.466764240258099,0.732513922064788,0.732513922064788,0.279,0.102,0.177,0.299354423512942,0.0362116991643454,0.553956834532374,"Consistent_2_of_3",0.67,0.177,0.279,1,FALSE,FALSE,"Other_Candidate","Not_annotated",FALSE,FALSE,FALSE,FALSE,FALSE,FALSE,FALSE,FALSE,FALSE,NA,"Standard_candidate",FALSE,FALSE,"Other_Research_Candidate","Standard",0,0.22735284805162,0,0,0.22735284805162,0.422067484090335,0.51332927207743,855
854,"GUCD1",0.325420003130428,"Tier_3_Moderate_Consistency",0.466580289868605,0.466580289868605,0.625442318948843,0.625442318948843,0.345,0.168,0.177,0.341161868921517,0.181058495821727,0.507894736842105,"Consistent_2_of_3",0.67,0.177,0.345,1,FALSE,FALSE,"Other_Candidate","Not_annotated",FALSE,FALSE,FALSE,FALSE,FALSE,FALSE,FALSE,FALSE,FALSE,NA,"Standard_candidate",FALSE,FALSE,"Other_Research_Candidate","Standard",0,0.227316057973721,0,0,0.227316057973721,0.435203101454012,0.526474086960582,856
890,"NUDT16",0.314123016920406,"Tier_3_Moderate_Consistency",0.465408194856312,0.465408194856312,0.707265558850497,0.707265558850497,0.303,0.141,0.162,0.292224622296006,0.194244604316547,0.428947368421053,"Consistent_2_of_3",0.67,0.162,0.303,1,FALSE,FALSE,"Other_Candidate","Not_annotated",FALSE,FALSE,FALSE,FALSE,FALSE,FALSE,FALSE,FALSE,FALSE,NA,"Standard_candidate",FALSE,FALSE,"Other_Research_Candidate","Standard",0,0.227081638971262,0,0,0.227081638971262,0.423392868199709,0.517722458456894,857
901,"SLC38A10",0.310745010266245,"Tier_3_Moderate_Consistency",0.46508571393127,0.46508571393127,0.731885711450156,0.731885711450156,0.29,0.132,0.158,0.291885125531008,0.172701949860724,0.368421052631579,"Consistent_2_of_3",0.67,0.158,0.29,1,FALSE,FALSE,"Other_Candidate","Not_annotated",FALSE,FALSE,FALSE,FALSE,FALSE,FALSE,FALSE,FALSE,FALSE,NA,"Standard_candidate",FALSE,FALSE,"Other_Research_Candidate","Standard",0,0.227017142786254,0,0,0.227017142786254,0.419879999875944,0.515025714179381,858
884,"MDP1",0.315525012769582,"Tier_3_Moderate_Consistency",0.464596580292457,0.464596580292457,0.731901439180623,0.731901439180623,0.316,0.159,0.157,0.330070961556513,0.244736842105263,0.489208633093525,"Consistent_2_of_3",0.67,0.157,0.316,0.963392669299191,FALSE,FALSE,"Other_Candidate","Not_annotated",FALSE,FALSE,FALSE,FALSE,FALSE,FALSE,FALSE,FALSE,FALSE,NA,"Standard_candidate",FALSE,FALSE,"Other_Research_Candidate","Standard",0,0.226919316058491,0,0,0.226919316058491,0.42470880310236,0.514587874482616,859
842,"MRPS25",0.329311526385482,"Tier_3_Moderate_Consistency",0.463485174330824,0.463485174330824,0.66722209459045,0.66722209459045,0.379,0.21,0.169,0.364675671865381,0.215827338129496,0.463157894736842,"Consistent_2_of_3",0.67,0.169,0.379,0.909882750046785,FALSE,FALSE,"Other_Candidate","Not_annotated",FALSE,FALSE,FALSE,FALSE,FALSE,FALSE,FALSE,FALSE,FALSE,NA,"Standard_candidate",FALSE,FALSE,"Other_Research_Candidate","Standard",0,0.226697034866165,0,0,0.226697034866165,0.439319811015788,0.518827964806265,860
859,"PANK3",0.323603478331463,"Tier_3_Moderate_Consistency",0.463017688575545,0.463017688575545,0.820053730207644,0.820053730207644,0.36,0.202,0.158,0.349226521143443,0.212230215827338,0.498607242339833,"Consistent_2_of_3",0.67,0.158,0.36,0.819406481997267,FALSE,FALSE,"Other_Candidate","Not_annotated",FALSE,FALSE,FALSE,FALSE,FALSE,FALSE,FALSE,FALSE,FALSE,NA,"Standard_candidate",FALSE,FALSE,"Other_Research_Candidate","Standard",0,0.226603537715109,0,0,0.226603537715109,0.433156191001441,0.501316278872254,861
801,"AFTPH",0.342793462576135,"Tier_3_Moderate_Consistency",0.462727800374215,0.462727800374215,0.756618626589177,0.756618626589177,0.453,0.29,0.163,0.476801927465505,0.192200557103064,0.76978417266187,"Consistent_2_of_3",0.67,0.163,0.453,0.739669813670455,FALSE,FALSE,"Other_Candidate","Not_annotated",FALSE,FALSE,FALSE,FALSE,FALSE,FALSE,FALSE,FALSE,FALSE,NA,"Standard_candidate",FALSE,FALSE,"Other_Research_Candidate","Standard",0,0.226545560074843,0,0,0.226545560074843,0.452654730130975,0.507868812162833,862
847,"ACP5",0.327151700465954,"Tier_3_Moderate_Consistency",0.46165575060397,0.46165575060397,0.549246004831762,0.549246004831762,0.365,0.185,0.18,0.361341209981729,0.236768802228412,0.494736842105263,"Consistent_2_of_3",0.67,0.18,0.365,1,FALSE,FALSE,"Other_Candidate","Not_annotated",FALSE,FALSE,FALSE,FALSE,FALSE,FALSE,FALSE,FALSE,FALSE,NA,"Standard_candidate",FALSE,FALSE,"Other_Research_Candidate","Standard",0,0.226331150120794,0,0,0.226331150120794,0.438079512711389,0.528996725181191,863
843,"POLR1H",0.328666109512823,"Tier_3_Moderate_Consistency",0.460594880642947,0.460594880642947,0.704201794726577,0.704201794726577,0.389,0.227,0.162,0.375458038495168,0.214484679665738,0.642105263157895,"Consistent_2_of_3",0.67,0.162,0.389,0.855797708680831,FALSE,FALSE,"Other_Candidate","Not_annotated",FALSE,FALSE,FALSE,FALSE,FALSE,FALSE,FALSE,FALSE,FALSE,NA,"Standard_candidate",FALSE,FALSE,"Other_Research_Candidate","Standard",0,0.226118976128589,0,0,0.226118976128589,0.438908208225031,0.511848120495009,864
888,"TMEM25",0.314995036579982,"Tier_3_Moderate_Consistency",0.460556704435951,0.460556704435951,0.759320908503528,0.759320908503528,0.326,0.171,0.155,0.314672068238973,0.183453237410072,0.381615598885794,"Consistent_2_of_3",0.67,0.155,0.326,0.902943939153401,FALSE,FALSE,"Other_Candidate","Not_annotated",FALSE,FALSE,FALSE,FALSE,FALSE,FALSE,FALSE,FALSE,FALSE,NA,"Standard_candidate",FALSE,FALSE,"Other_Research_Candidate","Standard",0,0.22611134088719,0,0,0.22611134088719,0.424894846552583,0.506308602203795,865
849,"ATF7",0.327079818638176,"Tier_3_Moderate_Consistency",0.458898674684877,0.458898674684877,0.621129675344104,0.621129675344104,0.379,0.208,0.171,0.366970320532901,0.172701949860724,0.636842105263158,"Consistent_2_of_3",0.67,0.171,0.379,0.915049768445763,FALSE,FALSE,"Other_Candidate","Not_annotated",FALSE,FALSE,FALSE,FALSE,FALSE,FALSE,FALSE,FALSE,FALSE,NA,"Standard_candidate",FALSE,FALSE,"Other_Research_Candidate","Standard",0,0.225779734936975,0,0,0.225779734936975,0.438114536139707,0.518227067672328,866
896,"RHPN1",0.311817600071045,"Tier_3_Moderate_Consistency",0.458695376962633,0.458695376962633,0.702250873988219,0.702250873988219,0.313,0.155,0.158,0.307997730242723,0.0919220055710306,0.526315789473684,"Consistent_2_of_3",0.67,0.158,0.313,0.951426784760701,FALSE,FALSE,"Other_Candidate","Not_annotated",FALSE,FALSE,FALSE,FALSE,FALSE,FALSE,FALSE,FALSE,FALSE,NA,"Standard_candidate",FALSE,FALSE,"Other_Research_Candidate","Standard",0,0.225739075392527,0,0,0.225739075392527,0.422243381936922,0.510422630802895,867
905,"SNRNP35",0.308320090889479,"Tier_3_Moderate_Consistency",0.458609308242946,0.458609308242946,0.7598204533101,0.7598204533101,0.301,0.15,0.151,0.29099274458164,0.183453237410072,0.355263157894737,"Consistent_2_of_3",0.67,0.151,0.301,0.928211677194559,FALSE,FALSE,"Other_Candidate","Not_annotated",FALSE,FALSE,FALSE,FALSE,FALSE,FALSE,FALSE,FALSE,FALSE,NA,"Standard_candidate",FALSE,FALSE,"Other_Research_Candidate","Standard",0,0.225721861648589,0,0,0.225721861648589,0.418413257885031,0.504514544052068,868
893,"PTPN1",0.313189038109147,"Tier_3_Moderate_Consistency",0.458009565456127,0.458009565456127,0.777083287701966,0.777083287701966,0.324,0.169,0.155,0.316504433163629,0.223021582733813,0.431754874651811,"Consistent_2_of_3",0.67,0.155,0.324,0.873827696622543,FALSE,FALSE,"Other_Candidate","Not_annotated",FALSE,FALSE,FALSE,FALSE,FALSE,FALSE,FALSE,FALSE,FALSE,NA,"Standard_candidate",FALSE,FALSE,"Other_Research_Candidate","Standard",0,0.225601913091225,0,0,0.225601913091225,0.423603347909644,0.50077702413022,869
865,"HIBADH",0.322339250917503,"Tier_3_Moderate_Consistency",0.456470071548208,0.456470071548208,0.523760572385664,0.523760572385664,0.356,0.177,0.179,0.345624301028317,0.241007194244604,0.442105263157895,"Consistent_2_of_3",0.67,0.179,0.356,1,FALSE,FALSE,"Other_Candidate","Not_annotated",FALSE,FALSE,FALSE,FALSE,FALSE,FALSE,FALSE,FALSE,FALSE,NA,"Standard_candidate",FALSE,FALSE,"Other_Research_Candidate","Standard",0,0.225294014309642,0,0,0.225294014309642,0.434264525041873,0.525641021464462,870
831,"ROGDI",0.332208846758285,"Tier_3_Moderate_Consistency",0.456143247248183,0.456143247248183,0.550520005961378,0.550520005961378,0.407,0.229,0.178,0.390585253538849,0.244604316546763,0.626315789473684,"Consistent_2_of_3",0.67,0.178,0.407,0.908854976686736,FALSE,FALSE,"Other_Candidate","Not_annotated",FALSE,FALSE,FALSE,FALSE,FALSE,FALSE,FALSE,FALSE,FALSE,NA,"Standard_candidate",FALSE,FALSE,"Other_Research_Candidate","Standard",0,0.225228649449637,0,0,0.225228649449637,0.444150136536864,0.522071220677465,871
897,"RPS6KB1",0.311780971792655,"Tier_3_Moderate_Consistency",0.45609274832305,0.45609274832305,0.642011080711473,0.642011080711473,0.317,0.155,0.162,0.334101134280964,0.0779944289693593,0.561151079136691,"Consistent_2_of_3",0.67,0.162,0.317,0.973609088227438,FALSE,FALSE,"Other_Candidate","Not_annotated",FALSE,FALSE,FALSE,FALSE,FALSE,FALSE,FALSE,FALSE,FALSE,NA,"Standard_candidate",FALSE,FALSE,"Other_Research_Candidate","Standard",0,0.22521854966461,0,0,0.22521854966461,0.422932461913067,0.513769187731031,872
877,"BRAF",0.319377305045624,"Tier_3_Moderate_Consistency",0.455089712983787,0.455089712983787,0.531917703870292,0.531917703870292,0.348,0.173,0.175,0.367031775547162,0.167130919220056,0.597122302158273,"Consistent_2_of_3",0.67,0.175,0.348,1,FALSE,FALSE,"Other_Candidate","Not_annotated",FALSE,FALSE,FALSE,FALSE,FALSE,FALSE,FALSE,FALSE,FALSE,NA,"Standard_candidate",FALSE,FALSE,"Other_Research_Candidate","Standard",0,0.225017942596757,0,0,0.225017942596757,0.431381399544325,0.523626913895136,873
869,"HID1",0.321964963177621,"Tier_3_Moderate_Consistency",0.454705029600229,0.454705029600229,0.667406069227239,0.667406069227239,0.374,0.215,0.159,0.398169498413877,0.147632311977716,0.694244604316547,"Consistent_2_of_3",0.67,0.159,0.374,0.871195139645492,FALSE,FALSE,"Other_Candidate","Not_annotated",FALSE,FALSE,FALSE,FALSE,FALSE,FALSE,FALSE,FALSE,FALSE,NA,"Standard_candidate",FALSE,FALSE,"Other_Research_Candidate","Standard",0,0.224941005920046,0,0,0.224941005920046,0.43324676036008,0.509390779826892,874
853,"TIMM10B",0.325692349054676,"Tier_3_Moderate_Consistency",0.45384883104814,0.45384883104814,0.680584584474781,0.680584584474781,0.389,0.222,0.167,0.375509561563475,0.23021582733813,0.486842105263158,"Consistent_2_of_3",0.67,0.167,0.389,0.823838386591951,FALSE,FALSE,"Other_Candidate","Not_annotated",FALSE,FALSE,FALSE,FALSE,FALSE,FALSE,FALSE,FALSE,FALSE,NA,"Standard_candidate",FALSE,FALSE,"Other_Research_Candidate","Standard",0,0.224769766209628,0,0,0.224769766209628,0.437547090866849,0.505030407303235,875
885,"SLC1A5",0.315190980494402,"Tier_3_Moderate_Consistency",0.453302864873147,0.453302864873147,0.6490688485153,0.6490688485153,0.341,0.178,0.163,0.345526581227321,0.0668523676880223,0.523684210526316,"Consistent_2_of_3",0.67,0.163,0.341,0.915795058724896,FALSE,FALSE,"Other_Candidate","Not_annotated",FALSE,FALSE,FALSE,FALSE,FALSE,FALSE,FALSE,FALSE,FALSE,NA,"Standard_candidate",FALSE,FALSE,"Other_Research_Candidate","Standard",0,0.224660572974629,0,0,0.224660572974629,0.426956002705602,0.509060118270679,876
850,"KDM2A",0.326607243295927,"Tier_3_Moderate_Consistency",0.452517096646401,0.452517096646401,0.608240257380862,0.608240257380862,0.392,0.218,0.174,0.387717100912438,0.247910863509749,0.544736842105263,"Consistent_2_of_3",0.67,0.174,0.392,0.861913763158621,FALSE,FALSE,"Other_Candidate","Not_annotated",FALSE,FALSE,FALSE,FALSE,FALSE,FALSE,FALSE,FALSE,FALSE,NA,"Standard_candidate",FALSE,FALSE,"Other_Research_Candidate","Standard",0,0.22450341932928,0,0,0.22450341932928,0.43908098382624,0.510942193467713,877
898,"TMEM35B",0.311721534637719,"Tier_3_Moderate_Consistency",0.451727756878122,0.451727756878122,0.639179007874507,0.639179007874507,0.328,0.165,0.163,0.31556812312941,0.18705035971223,0.442105263157895,"Consistent_2_of_3",0.67,0.163,0.328,0.930869205958725,FALSE,FALSE,"Other_Candidate","Not_annotated",FALSE,FALSE,FALSE,FALSE,FALSE,FALSE,FALSE,FALSE,FALSE,NA,"Standard_candidate",FALSE,FALSE,"Other_Research_Candidate","Standard",0,0.224345551375624,0,0,0.224345551375624,0.423804714907343,0.508248707957245,878
900,"GLT8D1",0.311504560970198,"Tier_3_Moderate_Consistency",0.449794802984242,0.449794802984242,0.679810453488031,0.679810453488031,0.336,0.178,0.158,0.324810651405573,0.205035971223022,0.418421052631579,"Consistent_2_of_3",0.67,0.158,0.336,0.880123308654918,FALSE,FALSE,"Other_Candidate","Not_annotated",FALSE,FALSE,FALSE,FALSE,FALSE,FALSE,FALSE,FALSE,FALSE,NA,"Standard_candidate",FALSE,FALSE,"Other_Research_Candidate","Standard",0,0.223958960596848,0,0,0.223958960596848,0.423728181044485,0.50165693719351,879
891,"UNC119",0.314104237657565,"Tier_3_Moderate_Consistency",0.449160149260459,0.449160149260459,0.502081194083675,0.502081194083675,0.341,0.17,0.171,0.33644038002262,0.220055710306407,0.476315789473684,"Consistent_2_of_3",0.67,0.171,0.341,1,FALSE,FALSE,"Other_Candidate","Not_annotated",FALSE,FALSE,FALSE,FALSE,FALSE,FALSE,FALSE,FALSE,FALSE,NA,"Standard_candidate",FALSE,FALSE,"Other_Research_Candidate","Standard",0,0.223832029852092,0,0,0.223832029852092,0.427106052241161,0.520448044778138,880
907,"TMEM192",0.305507914219973,"Tier_3_Moderate_Consistency",0.447626930368586,0.447626930368586,0.552215442948687,0.552215442948687,0.303,0.133,0.17,0.312127661893356,0.0584958217270195,0.456834532374101,"Consistent_2_of_3",0.67,0.17,0.303,1,FALSE,FALSE,"Other_Candidate","Not_annotated",FALSE,FALSE,FALSE,FALSE,FALSE,FALSE,FALSE,FALSE,FALSE,NA,"Standard_candidate",FALSE,FALSE,"Other_Research_Candidate","Standard",0,0.223525386073717,0,0,0.223525386073717,0.418769425629005,0.512388079110576,881
914,"YTHDF1",0.301351619587038,"Tier_3_Moderate_Consistency",0.446709715434447,0.446709715434447,0.73241404542648,0.73241404542648,0.299,0.148,0.151,0.304374380571778,0.194986072423398,0.381294964028777,"Consistent_2_of_3",0.67,0.151,0.299,0.874386398374245,FALSE,FALSE,"Other_Candidate","Not_annotated",FALSE,FALSE,FALSE,FALSE,FALSE,FALSE,FALSE,FALSE,FALSE,NA,"Standard_candidate",FALSE,FALSE,"Other_Research_Candidate","Standard",0,0.223341943086889,0,0,0.223341943086889,0.413848400402056,0.492470874386471,882
918,"CFAP20",0.299689775823971,"Tier_3_Moderate_Consistency",0.446688259002452,0.446688259002452,0.610768215611551,0.610768215611551,0.287,0.131,0.156,0.282261544524826,0.194986072423398,0.4,"Consistent_2_of_3",0.67,0.156,0.287,0.984948213673391,FALSE,FALSE,"Other_Candidate","Not_annotated",FALSE,FALSE,FALSE,FALSE,FALSE,FALSE,FALSE,FALSE,FALSE,NA,"Standard_candidate",FALSE,FALSE,"Other_Research_Candidate","Standard",0,0.22333765180049,0,0,0.22333765180049,0.412440890650858,0.506648709751744,883
820,"ANKRD11",0.335705970181016,"Tier_3_Moderate_Consistency",0.446264691353391,0.446264691353391,0.511532067720633,0.511532067720633,0.451,0.272,0.179,0.458302069676908,0.139275766016713,0.642105263157895,"Consistent_2_of_3",0.67,0.179,0.451,0.815487885922082,FALSE,FALSE,"Other_Candidate","Not_annotated",FALSE,FALSE,FALSE,FALSE,FALSE,FALSE,FALSE,FALSE,FALSE,NA,"Standard_candidate",FALSE,FALSE,"Other_Research_Candidate","Standard",0,0.223252938270678,0,0,0.223252938270678,0.449692641973687,0.51390259029433,884
911,"MFSD1",0.303236757505338,"Tier_3_Moderate_Consistency",0.44577697951422,0.44577697951422,0.570456319161631,0.570456319161631,0.305,0.146,0.159,0.304189488169031,0.231197771587744,0.368421052631579,"Consistent_2_of_3",0.67,0.159,0.305,0.984466264126774,FALSE,FALSE,"Other_Candidate","Not_annotated",FALSE,FALSE,FALSE,FALSE,FALSE,FALSE,FALSE,FALSE,FALSE,NA,"Standard_candidate",FALSE,FALSE,"Other_Research_Candidate","Standard",0,0.223155395902844,0,0,0.223155395902844,0.416321942829977,0.509903033473282,885
855,"PAK4",0.325089263660007,"Tier_3_Moderate_Consistency",0.445419195148055,0.445419195148055,0.581085766552149,0.581085766552149,0.407,0.237,0.17,0.403118543136463,0.194986072423398,0.607894736842105,"Consistent_2_of_3",0.67,0.17,0.407,0.822556495526908,FALSE,FALSE,"Other_Candidate","Not_annotated",FALSE,FALSE,FALSE,FALSE,FALSE,FALSE,FALSE,FALSE,FALSE,NA,"Standard_candidate",FALSE,FALSE,"Other_Research_Candidate","Standard",0,0.223083839029611,0,0,0.223083839029611,0.438796718301819,0.505909232873453,886
875,"MRPL15",0.320003001288699,"Tier_3_Moderate_Consistency",0.44517233912037,0.44517233912037,0.654111486861569,0.654111486861569,0.389,0.228,0.161,0.368065137393091,0.136690647482014,0.507894736842105,"Consistent_2_of_3",0.67,0.161,0.389,0.796056021751157,FALSE,FALSE,"Other_Candidate","Not_annotated",FALSE,FALSE,FALSE,FALSE,FALSE,FALSE,FALSE,FALSE,FALSE,NA,"Standard_candidate",FALSE,FALSE,"Other_Research_Candidate","Standard",0,0.223034467824074,0,0,0.223034467824074,0.43331031869213,0.498260104998785,887
908,"EGFL7",0.304983546891364,"Tier_3_Moderate_Consistency",0.442419660789773,0.442419660789773,0.559838571213627,0.559838571213627,0.32,0.157,0.163,0.318905098762216,0.0362116991643454,0.55,"Consistent_2_of_3",0.67,0.163,0.32,0.945598929253797,FALSE,FALSE,"Other_Candidate","Not_annotated",FALSE,FALSE,FALSE,FALSE,FALSE,FALSE,FALSE,FALSE,FALSE,NA,"Standard_candidate",FALSE,FALSE,"Other_Research_Candidate","Standard",0,0.222483932157955,0,0,0.222483932157955,0.418946881276421,0.506065737625002,888
867,"SLC9A3R2",0.322104124390338,"Tier_3_Moderate_Consistency",0.440011248587869,0.440011248587869,0.642143119408988,0.642143119408988,0.419,0.265,0.154,0.417101123382191,0.103064066852368,0.684210526315789,"Consistent_2_of_3",0.67,0.154,0.419,0.740955724411634,FALSE,FALSE,"Other_Candidate","Not_annotated",FALSE,FALSE,FALSE,FALSE,FALSE,FALSE,FALSE,FALSE,FALSE,NA,"Standard_candidate",FALSE,FALSE,"Other_Research_Candidate","Standard",0,0.222002249717574,0,0,0.222002249717574,0.436103937005754,0.494446733238106,889
916,"VPS4A",0.301238703440751,"Tier_3_Moderate_Consistency",0.438805756779845,0.438805756779845,0.593892203236555,0.593892203236555,0.315,0.157,0.158,0.310918320028041,0.172701949860724,0.457894736842105,"Consistent_2_of_3",0.67,0.158,0.315,0.906461542501834,FALSE,FALSE,"Other_Candidate","Not_annotated",FALSE,FALSE,FALSE,FALSE,FALSE,FALSE,FALSE,FALSE,FALSE,NA,"Standard_candidate",FALSE,FALSE,"Other_Research_Candidate","Standard",0,0.221761151355969,0,0,0.221761151355969,0.415682014872946,0.498110958409229,890
912,"EIF2AK2",0.302238999697153,"Tier_3_Moderate_Consistency",0.436360602615137,0.436360602615137,0.686662730691614,0.686662730691614,0.332,0.181,0.151,0.347781836105665,0.181058495821727,0.535971223021583,"Consistent_2_of_3",0.67,0.151,0.332,0.799518408524567,FALSE,FALSE,"Other_Candidate","Not_annotated",FALSE,FALSE,FALSE,FALSE,FALSE,FALSE,FALSE,FALSE,FALSE,NA,"Standard_candidate",FALSE,FALSE,"Other_Research_Candidate","Standard",0,0.221272120523027,0,0,0.221272120523027,0.416826210915298,0.484735942063226,891
928,"PCCA-DT",0.291790384409969,"Tier_3_Moderate_Consistency",0.436272530049221,0.436272530049221,0.585753559262364,0.585753559262364,0.28,0.129,0.151,0.283066471613795,0.100278551532033,0.4,"Consistent_2_of_3",0.67,0.151,0.28,0.952355567609504,FALSE,FALSE,"Other_Candidate","Not_annotated",FALSE,FALSE,FALSE,FALSE,FALSE,FALSE,FALSE,FALSE,FALSE,NA,"Standard_candidate",FALSE,FALSE,"Other_Research_Candidate","Standard",0,0.221254506009844,0,0,0.221254506009844,0.406395385517227,0.497235094156192,892
889,"NTN4",0.314717066257167,"Tier_3_Moderate_Consistency",0.434780988057319,0.434780988057319,0.726787848766535,0.726787848766535,0.398,0.246,0.152,0.368576149196462,0.0323741007194245,0.565459610027855,"Consistent_2_of_3",0.67,0.152,0.398,0.666216713076681,FALSE,FALSE,"Other_Candidate","Not_annotated",FALSE,FALSE,FALSE,FALSE,FALSE,FALSE,FALSE,FALSE,FALSE,NA,"Standard_candidate",FALSE,FALSE,"Other_Research_Candidate","Standard",0,0.220956197611464,0,0,0.220956197611464,0.429673345820062,0.477466803378698,893
919,"RNF135",0.298425500923426,"Tier_3_Moderate_Consistency",0.433528132485136,0.433528132485136,0.612320571960837,0.612320571960837,0.317,0.161,0.156,0.304463398933397,0.183453237410072,0.426315789473684,"Consistent_2_of_3",0.67,0.156,0.317,0.855920406600212,FALSE,FALSE,"Other_Candidate","Not_annotated",FALSE,FALSE,FALSE,FALSE,FALSE,FALSE,FALSE,FALSE,FALSE,NA,"Standard_candidate",FALSE,FALSE,"Other_Research_Candidate","Standard",0,0.220705626497027,0,0,0.220705626497027,0.413834846369798,0.489346500735573,894
892,"SLC25A24",0.313774220160432,"Tier_3_Moderate_Consistency",0.433163487652338,0.433163487652338,0.60136304783566,0.60136304783566,0.391,0.23,0.161,0.376447752514892,0.205035971223022,0.487465181058496,"Consistent_2_of_3",0.67,0.161,0.391,0.757287377819206,FALSE,FALSE,"Other_Candidate","Not_annotated",FALSE,FALSE,FALSE,FALSE,FALSE,FALSE,FALSE,FALSE,FALSE,NA,"Standard_candidate",FALSE,FALSE,"Other_Research_Candidate","Standard",0,0.220632697530468,0,0,0.220632697530468,0.429507220678318,0.489242152968582,895
882,"CALCOCO2",0.316449528558929,"Tier_3_Moderate_Consistency",0.433028174639131,0.433028174639131,0.51844001812596,0.51844001812596,0.401,0.235,0.166,0.415463776171556,0.242339832869081,0.593525179856115,"Consistent_2_of_3",0.67,0.166,0.401,0.805487815822576,FALSE,FALSE,"Other_Candidate","Not_annotated",FALSE,FALSE,FALSE,FALSE,FALSE,FALSE,FALSE,FALSE,FALSE,NA,"Standard_candidate",FALSE,FALSE,"Other_Research_Candidate","Standard",0,0.220605634927826,0,0,0.220605634927826,0.432459861123696,0.498431624765126,896
887,"ZNF652",0.31512371466241,"Tier_3_Moderate_Consistency",0.431169786727572,0.431169786727572,0.601971106682631,0.601971106682631,0.407,0.251,0.156,0.427000566384599,0.181058495821727,0.676258992805755,"Consistent_2_of_3",0.67,0.156,0.407,0.728822655948284,FALSE,FALSE,"Other_Candidate","Not_annotated",FALSE,FALSE,FALSE,FALSE,FALSE,FALSE,FALSE,FALSE,FALSE,NA,"Standard_candidate",FALSE,FALSE,"Other_Research_Candidate","Standard",0,0.220233957345514,0,0,0.220233957345514,0.43100942535465,0.487574334410514,897
876,"TAF10",0.319653130129816,"Tier_3_Moderate_Consistency",0.429592615881231,0.429592615881231,0.556000129394632,0.556000129394632,0.428,0.264,0.164,0.418615015625676,0.228412256267409,0.660526315789474,"Consistent_2_of_3",0.67,0.164,0.428,0.717950664712679,FALSE,FALSE,"Other_Candidate","Not_annotated",FALSE,FALSE,FALSE,FALSE,FALSE,FALSE,FALSE,FALSE,FALSE,NA,"Standard_candidate",FALSE,FALSE,"Other_Research_Candidate","Standard",0,0.219918523176246,0,0,0.219918523176246,0.436257415558431,0.489670384471271,898
915,"TTC17",0.30125234625573,"Tier_3_Moderate_Consistency",0.425877368920984,0.425877368920984,0.539098482387262,0.539098482387262,0.35,0.191,0.159,0.344848238107945,0.247910863509749,0.473684210526316,"Consistent_2_of_3",0.67,0.159,0.35,0.817933724150509,FALSE,FALSE,"Other_Candidate","Not_annotated",FALSE,FALSE,FALSE,FALSE,FALSE,FALSE,FALSE,FALSE,FALSE,NA,"Standard_candidate",FALSE,FALSE,"Other_Research_Candidate","Standard",0,0.219175473784197,0,0,0.219175473784197,0.418357079122344,0.487953269298872,899
910,"POP4",0.303701267402187,"Tier_3_Moderate_Consistency",0.417541949260003,0.417541949260003,0.508404168464614,0.508404168464614,0.383,0.221,0.162,0.364649005029959,0.176258992805755,0.55,"Consistent_2_of_3",0.67,0.162,0.383,0.739942854679506,FALSE,FALSE,"Other_Candidate","Not_annotated",FALSE,FALSE,FALSE,FALSE,FALSE,FALSE,FALSE,FALSE,FALSE,NA,"Standard_candidate",FALSE,FALSE,"Other_Research_Candidate","Standard",0,0.217508389852001,0,0,0.217508389852001,0.422639682241001,0.480354012979927,900
920,"DNAJC10",0.298259570746931,"Tier_3_Moderate_Consistency",0.417375829502573,0.417375829502573,0.563320386619586,0.563320386619586,0.363,0.21,0.153,0.378459244040041,0.247910863509749,0.561151079136691,"Consistent_2_of_3",0.67,0.153,0.363,0.731738541167499,FALSE,FALSE,"Other_Candidate","Not_annotated",FALSE,FALSE,FALSE,FALSE,FALSE,FALSE,FALSE,FALSE,FALSE,NA,"Standard_candidate",FALSE,FALSE,"Other_Research_Candidate","Standard",0,0.217475165900515,0,0,0.217475165900515,0.416781540325901,0.475073530025897,901
917,"FUBP1",0.30114565376014,"Tier_3_Moderate_Consistency",0.415357832018082,0.415357832018082,0.519389230529563,0.519389230529563,0.377,0.216,0.161,0.364763723400403,0.241007194244604,0.460526315789474,"Consistent_2_of_3",0.67,0.161,0.377,0.725561188012577,FALSE,FALSE,"Other_Candidate","Not_annotated",FALSE,FALSE,FALSE,FALSE,FALSE,FALSE,FALSE,FALSE,FALSE,NA,"Standard_candidate",FALSE,FALSE,"Other_Research_Candidate","Standard",0,0.217071566403616,0,0,0.217071566403616,0.420475241206329,0.476341527807311,902
933,"LENG1",0.279905885862883,"Tier_3_Moderate_Consistency",0.407042903544149,0.407042903544149,0.519893374429894,0.519893374429894,0.302,0.152,0.15,0.288809984119434,0.161870503597122,0.431578947368421,"Consistent_2_of_3",0.67,0.15,0.302,0.784374878269417,FALSE,FALSE,"Other_Candidate","Not_annotated",FALSE,FALSE,FALSE,FALSE,FALSE,FALSE,FALSE,FALSE,FALSE,NA,"Standard_candidate",FALSE,FALSE,"Other_Research_Candidate","Standard",0,0.21540858070883,0,0,0.21540858070883,0.400365016240452,0.467669102803657,903
913,"C5orf15",0.302087108849532,"Tier_3_Moderate_Consistency",0.404925520381093,0.404925520381093,0.504913586086387,0.504913586086387,0.412,0.253,0.159,0.387895366158327,0.140287769784173,0.6,"Consistent_2_of_3",0.67,0.159,0.412,0.624075480801962,FALSE,FALSE,"Other_Candidate","Not_annotated",FALSE,FALSE,FALSE,FALSE,FALSE,FALSE,FALSE,FALSE,FALSE,NA,"Standard_candidate",FALSE,FALSE,"Other_Research_Candidate","Standard",0,0.214985104076219,0,0,0.214985104076219,0.423423932133382,0.464988978234622,904
929,"DMAC2",0.291275087482363,"Tier_3_Moderate_Consistency",0.403726187334314,0.403726187334314,0.578038853305249,0.578038853305249,0.368,0.218,0.15,0.352003932699025,0.190647482014388,0.492105263157895,"Consistent_2_of_3",0.67,0.15,0.368,0.625808871141053,FALSE,FALSE,"Other_Candidate","Not_annotated",FALSE,FALSE,FALSE,FALSE,FALSE,FALSE,FALSE,FALSE,FALSE,NA,"Standard_candidate",FALSE,FALSE,"Other_Research_Candidate","Standard",0,0.214745237466863,0,0,0.214745237466863,0.41240416556701,0.456089186871452,905
964,"PVALB",0.222080872480155,"Tier_4_Biological_Review",0.3762,0.7524,4.85877746111597,4.85877746111597,0.566,0.04,0.526,0.595148393819763,0,0.983286908077994,"Consistent_2_of_3",0.67,0.526,0.566,1,FALSE,FALSE,"Other_Candidate","Not_annotated",FALSE,FALSE,FALSE,FALSE,FALSE,FALSE,FALSE,FALSE,FALSE,NA,"Review_required",FALSE,FALSE,"Other_Research_Candidate","Biological_review_required",0,0.20924,0,0.1,0.10924,0.51757,0.54356,906
976,"KCNJ3",0.211281314402067,"Tier_4_Biological_Review",0.3714,0.7428,3.70794803881521,3.70794803881521,0.547,0.05,0.497,0.577030713795772,0.0184210526315789,0.899721448467967,"Consistent_2_of_3",0.67,0.497,0.547,1,FALSE,FALSE,"Other_Candidate","Not_annotated",FALSE,FALSE,FALSE,FALSE,FALSE,FALSE,FALSE,FALSE,FALSE,NA,"Review_required",FALSE,FALSE,"Other_Research_Candidate","Biological_review_required",0,0.20828,0,0.1,0.10828,0.50629,0.53832,907
982,"CHAD",0.13934878864124,"Tier_4_Biological_Review",0.34,0.68,2.32419990656709,2.32419990656709,0.397,0.064,0.333,0.43156915605179,0.171052631578947,0.794964028776978,"Consistent_2_of_3",0.67,0.333,0.397,1,FALSE,FALSE,"Other_Candidate","Not_annotated",FALSE,FALSE,FALSE,FALSE,FALSE,FALSE,FALSE,FALSE,FALSE,NA,"Review_required",FALSE,FALSE,"Other_Research_Candidate","Biological_review_required",0,0.202,0,0.1,0.102,0.4325,0.4989,908
726,"ISOC1",0.373371607825997,"Tier_4_Exploratory",0.6126,0.6126,3.12756462259232,3.12756462259232,0.419,0.105,0.314,0.403201813274494,0.161870503597122,0.816155988857939,"Sample_specific",0.33,0.314,0.419,1,TRUE,FALSE,"Other_Candidate","Other_Candidate",FALSE,FALSE,FALSE,FALSE,FALSE,FALSE,FALSE,FALSE,FALSE,NA,"Standard_candidate",FALSE,FALSE,"Other_Research_Candidate","Standard",0,0.18852,0.15,0,0.03852,0.44351,0.50008,909
751,"LY6K",0.36039129691006,"Tier_4_Exploratory",0.6024,0.6024,2.07099480849208,2.07099480849208,0.425,0.168,0.257,0.383411523237062,0,0.907894736842105,"Sample_specific",0.33,0.257,0.425,1,TRUE,FALSE,"Other_Candidate","Other_Candidate",FALSE,FALSE,FALSE,FALSE,FALSE,FALSE,FALSE,FALSE,FALSE,NA,"Standard_candidate",FALSE,FALSE,"Other_Research_Candidate","Standard",0,0.18648,0.15,0,0.03648,0.42974,0.49822,910
755,"HAUS1",0.357768509137284,"Tier_4_Exploratory",0.601,0.601,2.76671388715444,2.76671388715444,0.409,0.143,0.266,0.391673214719531,0.12589928057554,0.841225626740947,"Sample_specific",0.33,0.266,0.409,1,TRUE,FALSE,"Other_Candidate","Other_Candidate",FALSE,FALSE,FALSE,FALSE,FALSE,FALSE,FALSE,FALSE,FALSE,NA,"Standard_candidate",FALSE,FALSE,"Other_Research_Candidate","Standard",0,0.1862,0.15,0,0.0362,0.42785,0.4946,911
770,"NFATC4",0.351241738831972,"Tier_4_Exploratory",0.5976,0.5976,3.66988755885992,3.66988755885992,0.367,0.076,0.291,0.349975143767115,0.079136690647482,0.852367688022284,"Sample_specific",0.33,0.291,0.367,1,FALSE,FALSE,"Other_Candidate","Not_annotated",FALSE,FALSE,FALSE,FALSE,FALSE,FALSE,FALSE,FALSE,FALSE,NA,"Standard_candidate",FALSE,FALSE,"Other_Research_Candidate","Standard",0,0.18552,0.15,0,0.03552,0.42326,0.48518,912
781,"SERPINI1",0.347356561539674,"Tier_4_Exploratory",0.595,0.595,4.43100914662802,4.43100914662802,0.357,0.069,0.288,0.338390645056159,0.0287769784172662,0.944289693593315,"Sample_specific",0.33,0.288,0.357,1,FALSE,FALSE,"Other_Candidate","Not_annotated",FALSE,FALSE,FALSE,FALSE,FALSE,FALSE,FALSE,FALSE,FALSE,NA,"Standard_candidate",FALSE,FALSE,"Other_Research_Candidate","Standard",0,0.185,0.15,0,0.035,0.41975,0.4824,913
796,"RGS16",0.343500587740869,"Tier_4_Exploratory",0.592,0.592,3.0984282188749,3.0984282188749,0.358,0.086,0.272,0.348097478621706,0.105263157894737,0.777158774373259,"Sample_specific",0.33,0.272,0.358,1,FALSE,FALSE,"Other_Candidate","Not_annotated",FALSE,FALSE,FALSE,FALSE,FALSE,FALSE,FALSE,FALSE,FALSE,NA,"Standard_candidate",FALSE,FALSE,"Other_Research_Candidate","Standard",0,0.1844,0.15,0,0.0344,0.4157,0.4817,914
806,"CEACAM6",0.341617401714839,"Tier_4_Exploratory",0.5904,0.5904,2.43228152494316,2.43228152494316,0.362,0.102,0.26,0.334995308254203,0.0501392757660167,0.828947368421053,"Sample_specific",0.33,0.26,0.362,1,FALSE,FALSE,"Other_Candidate","Not_annotated",FALSE,FALSE,FALSE,FALSE,FALSE,FALSE,FALSE,FALSE,FALSE,NA,"Standard_candidate",FALSE,FALSE,"Other_Research_Candidate","Standard",0,0.18408,0.15,0,0.03408,0.41354,0.48202,915
834,"SYT13",0.331947047130244,"Tier_4_Exploratory",0.5852,0.5852,4.939207916625,4.939207916625,0.304,0.012,0.292,0.296199527696418,0.0368421052631579,0.71866295264624,"Sample_specific",0.33,0.292,0.304,1,FALSE,FALSE,"Other_Candidate","Not_annotated",FALSE,FALSE,FALSE,FALSE,FALSE,FALSE,FALSE,FALSE,FALSE,NA,"Standard_candidate",FALSE,FALSE,"Other_Research_Candidate","Standard",0,0.18304,0.15,0,0.03304,0.40652,0.46886,916
833,"ENPP5",0.332065852370483,"Tier_4_Exploratory",0.5846,0.5846,3.1480830037799,3.1480830037799,0.322,0.051,0.271,0.299362263597713,0,0.67966573816156,"Sample_specific",0.33,0.271,0.322,1,FALSE,FALSE,"Other_Candidate","Not_annotated",FALSE,FALSE,FALSE,FALSE,FALSE,FALSE,FALSE,FALSE,FALSE,NA,"Standard_candidate",FALSE,FALSE,"Other_Research_Candidate","Standard",0,0.18292,0.15,0,0.03292,0.40571,0.47228,917
835,"ELOVL2",0.331605454117229,"Tier_4_Exploratory",0.5844,0.5844,2.33693319006476,2.33693319006476,0.318,0.044,0.274,0.343686991471183,0.183844011142061,0.636690647482014,"Sample_specific",0.33,0.274,0.318,1,FALSE,FALSE,"Other_Candidate","Not_annotated",FALSE,FALSE,FALSE,FALSE,FALSE,FALSE,FALSE,FALSE,FALSE,NA,"Standard_candidate",FALSE,FALSE,"Other_Research_Candidate","Standard",0,0.18288,0.15,0,0.03288,0.40544,0.47142,918
838,"SLC27A2",0.330803462850961,"Tier_4_Exploratory",0.5834,0.5834,5.04744895794886,5.04744895794886,0.328,0.069,0.259,0.309966769290915,0,0.922005571030641,"Sample_specific",0.33,0.259,0.328,1,FALSE,FALSE,"Other_Candidate","Not_annotated",FALSE,FALSE,FALSE,FALSE,FALSE,FALSE,FALSE,FALSE,FALSE,NA,"Standard_candidate",FALSE,FALSE,"Other_Research_Candidate","Standard",0,0.18268,0.15,0,0.03268,0.40409,0.47312,919
852,"FGF2",0.325797489052156,"Tier_4_Exploratory",0.5804,0.5804,3.24843333089166,3.24843333089166,0.306,0.04,0.266,0.273781947905977,0,0.768421052631579,"Sample_specific",0.33,0.266,0.306,1,FALSE,FALSE,"Other_Candidate","Not_annotated",FALSE,FALSE,FALSE,FALSE,FALSE,FALSE,FALSE,FALSE,FALSE,NA,"Standard_candidate",FALSE,FALSE,"Other_Research_Candidate","Standard",0,0.18208,0.15,0,0.03208,0.40004,0.46782,920
857,"WWOX",0.324203904772873,"Tier_4_Exploratory",0.5786,0.5786,2.22386077335781,2.22386077335781,0.321,0.079,0.242,0.295923630542861,0.0863509749303621,0.707894736842105,"Sample_specific",0.33,0.242,0.321,1,FALSE,FALSE,"Other_Candidate","Not_annotated",FALSE,FALSE,FALSE,FALSE,FALSE,FALSE,FALSE,FALSE,FALSE,NA,"Standard_candidate",FALSE,FALSE,"Other_Research_Candidate","Standard",0,0.18172,0.15,0,0.03172,0.39761,0.47028,921
878,"CXCL17",0.31867713446756,"Tier_4_Exploratory",0.5752,0.5752,2.92667052138197,2.92667052138197,0.299,0.052,0.247,0.269563296731036,0,0.776315789473684,"Sample_specific",0.33,0.247,0.299,1,FALSE,FALSE,"Other_Candidate","Not_annotated",FALSE,FALSE,FALSE,FALSE,FALSE,FALSE,FALSE,FALSE,FALSE,NA,"Standard_candidate",FALSE,FALSE,"Other_Research_Candidate","Standard",0,0.18104,0.15,0,0.03104,0.39302,0.46486,922
880,"CLEC3A",0.317250364162248,"Tier_4_Exploratory",0.5718,0.5718,2.0696279846405,2.0696279846405,0.359,0.189,0.17,0.320175438596491,0,0.960526315789474,"Sample_specific",0.33,0.17,0.359,1,FALSE,FALSE,"Other_Candidate","Not_annotated",FALSE,FALSE,FALSE,FALSE,FALSE,FALSE,FALSE,FALSE,FALSE,NA,"Standard_candidate",FALSE,FALSE,"Other_Research_Candidate","Standard",0,0.18036,0.15,0,0.03036,0.38843,0.47584,923
899,"ECPAS",0.311683992110189,"Tier_4_Exploratory",0.5686,0.5686,2.10914983770951,2.10914983770951,0.331,0.149,0.182,0.326423406063304,0.194736842105263,0.554317548746518,"Sample_specific",0.33,0.182,0.331,1,FALSE,FALSE,"Other_Candidate","Not_annotated",FALSE,FALSE,FALSE,FALSE,FALSE,FALSE,FALSE,FALSE,FALSE,NA,"Standard_candidate",FALSE,FALSE,"Other_Research_Candidate","Standard",0,0.17972,0.15,0,0.02972,0.38411,0.46928,924
906,"CYP4B1",0.305740407830906,"Tier_4_Exploratory",0.5668,0.5668,4.97119293273542,4.97119293273542,0.259,0.014,0.245,0.243109901464549,0.0107913669064748,0.62116991643454,"Sample_specific",0.33,0.245,0.259,1,FALSE,FALSE,"Other_Candidate","Not_annotated",FALSE,FALSE,FALSE,FALSE,FALSE,FALSE,FALSE,FALSE,FALSE,NA,"Standard_candidate",FALSE,FALSE,"Other_Research_Candidate","Standard",0,0.17936,0.15,0,0.02936,0.38168,0.45434,925
921,"PITX1",0.297626468967027,"Tier_4_Exploratory",0.5598,0.5598,2.38356602499372,2.38356602499372,0.279,0.089,0.19,0.24959859117544,0.00359712230215827,0.736842105263158,"Sample_specific",0.33,0.19,0.279,1,FALSE,FALSE,"Other_Candidate","Not_annotated",FALSE,FALSE,FALSE,FALSE,FALSE,FALSE,FALSE,FALSE,FALSE,NA,"Standard_candidate",FALSE,FALSE,"Other_Research_Candidate","Standard",0,0.17796,0.15,0,0.02796,0.37223,0.45624,926
922,"KLHL5",0.297345274207266,"Tier_4_Exploratory",0.5592,0.5592,2.30968377235875,2.30968377235875,0.289,0.112,0.177,0.27344209956767,0.039568345323741,0.651810584958217,"Sample_specific",0.33,0.177,0.289,1,FALSE,FALSE,"Other_Candidate","Not_annotated",FALSE,FALSE,FALSE,FALSE,FALSE,FALSE,FALSE,FALSE,FALSE,NA,"Standard_candidate",FALSE,FALSE,"Other_Research_Candidate","Standard",0,0.17784,0.15,0,0.02784,0.37142,0.45806,927
924,"APOE",0.295103681194252,"Tier_4_Exploratory",0.5584,0.5584,4.66693162215952,4.66693162215952,0.265,0.068,0.197,0.251652236340234,0.0359712230215827,0.676880222841226,"Sample_specific",0.33,0.197,0.265,1,FALSE,FALSE,"Other_Candidate","Not_annotated",FALSE,FALSE,FALSE,FALSE,FALSE,FALSE,FALSE,FALSE,FALSE,NA,"Standard_candidate",FALSE,FALSE,"Other_Research_Candidate","Standard",0,0.17768,0.15,0,0.02768,0.37034,0.45302,928
925,"MT1G",0.294493282940998,"Tier_4_Exploratory",0.5582,0.5582,3.45964287621712,3.45964287621712,0.258,0.055,0.203,0.242857840981283,0,0.707520891364902,"Sample_specific",0.33,0.203,0.258,1,FALSE,FALSE,"Other_Candidate","Not_annotated",FALSE,FALSE,FALSE,FALSE,FALSE,FALSE,FALSE,FALSE,FALSE,NA,"Standard_candidate",FALSE,FALSE,"Other_Research_Candidate","Standard",0,0.17764,0.15,0,0.02764,0.37007,0.45156,929
926,"CGA",0.292628902155207,"Tier_4_Exploratory",0.556,0.556,2.51806340377511,2.51806340377511,0.278,0.106,0.172,0.337397450460684,0,0.996402877697842,"Sample_specific",0.33,0.172,0.278,1,FALSE,FALSE,"Other_Candidate","Not_annotated",FALSE,FALSE,FALSE,FALSE,FALSE,FALSE,FALSE,FALSE,FALSE,NA,"Standard_candidate",FALSE,FALSE,"Other_Research_Candidate","Standard",0,0.1772,0.15,0,0.0272,0.3671,0.4549,930
930,"IDNK",0.286641733596641,"Tier_4_Exploratory",0.5524,0.5524,2.12566826187442,2.12566826187442,0.252,0.072,0.18,0.24334100817865,0.118705035971223,0.442896935933148,"Sample_specific",0.33,0.18,0.252,1,FALSE,FALSE,"Other_Candidate","Not_annotated",FALSE,FALSE,FALSE,FALSE,FALSE,FALSE,FALSE,FALSE,FALSE,NA,"Standard_candidate",FALSE,FALSE,"Other_Research_Candidate","Standard",0,0.17648,0.15,0,0.02648,0.36224,0.44862,931
931,"TMEM64",0.285942299465882,"Tier_4_Exploratory",0.547237899972544,0.547237899972544,1.93950319978035,1.93950319978035,0.259,0.074,0.185,0.306116760308217,0.00557103064066852,0.841726618705036,"Sample_specific",0.33,0.185,0.259,1,FALSE,FALSE,"Other_Candidate","Not_annotated",FALSE,FALSE,FALSE,FALSE,FALSE,FALSE,FALSE,FALSE,FALSE,NA,"Standard_candidate",FALSE,FALSE,"Other_Research_Candidate","Standard",0,0.175447579994509,0.15,0,0.0254475799945088,0.36283326499039,0.448471369991763,932
909,"PCMTD2",0.30459634942707,"Tier_4_Exploratory",0.539274096362879,0.539274096362879,1.66619277090303,1.66619277090303,0.327,0.079,0.248,0.36115819849618,0.123684210526316,0.723021582733813,"Sample_specific",0.33,0.248,0.327,1,FALSE,FALSE,"Other_Candidate","Not_annotated",FALSE,FALSE,FALSE,FALSE,FALSE,FALSE,FALSE,FALSE,FALSE,NA,"Standard_candidate",FALSE,FALSE,"Other_Research_Candidate","Standard",0,0.173854819272576,0.15,0,0.0238548192725758,0.386245933727008,0.459682228908864,933
923,"ANKRD26",0.296015714785337,"Tier_4_Exploratory",0.531066295046814,0.531066295046814,1.65173036037451,1.65173036037451,0.342,0.141,0.201,0.333712382095496,0.190647482014388,0.618384401114206,"Sample_specific",0.33,0.201,0.342,1,FALSE,FALSE,"Other_Candidate","Not_annotated",FALSE,FALSE,FALSE,FALSE,FALSE,FALSE,FALSE,FALSE,FALSE,NA,"Standard_candidate",FALSE,FALSE,"Other_Research_Candidate","Standard",0,0.172213259009363,0.15,0,0.0222132590093628,0.376973203266385,0.460219888514044,934
932,"AGPAT1",0.283875017334758,"Tier_4_Exploratory",0.516046677967315,0.516046677967315,1.55557342373852,1.55557342373852,0.31,0.092,0.218,0.297851851929979,0.194244604316547,0.473684210526316,"Sample_specific",0.33,0.218,0.31,1,FALSE,FALSE,"Other_Candidate","Not_annotated",FALSE,FALSE,FALSE,FALSE,FALSE,FALSE,FALSE,FALSE,FALSE,NA,"Standard_candidate",FALSE,FALSE,"Other_Research_Candidate","Standard",0,0.169209335593463,0.15,0,0.019209335593463,0.36871633728856,0.449314003390194,935
935,"PDK2",0.273923925333023,"Tier_4_Exploratory",0.512330872795975,0.512330872795975,1.5914469823678,1.5914469823678,0.275,0.063,0.212,0.283177199627192,0.239473684210526,0.370503597122302,"Sample_specific",0.33,0.212,0.275,1,FALSE,FALSE,"Other_Candidate","Not_annotated",FALSE,FALSE,FALSE,FALSE,FALSE,FALSE,FALSE,FALSE,FALSE,NA,"Standard_candidate",FALSE,FALSE,"Other_Research_Candidate","Standard",0,0.168466174559195,0.15,0,0.018466174559195,0.359215805478591,0.441199261838792,936
937,"NDRG2",0.267320333811803,"Tier_4_Exploratory",0.51223378517069,0.51223378517069,1.65787028136552,1.65787028136552,0.27,0.095,0.175,0.254606348640484,0.0359712230215827,0.551532033426184,"Sample_specific",0.33,0.175,0.27,1,FALSE,FALSE,"Other_Candidate","Not_annotated",FALSE,FALSE,FALSE,FALSE,FALSE,FALSE,FALSE,FALSE,FALSE,NA,"Standard_candidate",FALSE,FALSE,"Other_Research_Candidate","Standard",0,0.168446757034138,0.15,0,0.018446757034138,0.350781824809741,0.440170135551207,937
934,"LINC02802",0.277079394256917,"Tier_4_Exploratory",0.50609068153463,0.50609068153463,1.48392545227704,1.48392545227704,0.299,0.075,0.224,0.285865733450478,0.133704735376045,0.536842105263158,"Sample_specific",0.33,0.224,0.299,1,FALSE,FALSE,"Other_Candidate","Not_annotated",FALSE,FALSE,FALSE,FALSE,FALSE,FALSE,FALSE,FALSE,FALSE,NA,"Standard_candidate",FALSE,FALSE,"Other_Research_Candidate","Standard",0,0.167218136306926,0.15,0,0.017218136306926,0.364231738537121,0.444127204460389,938
927,"USP32",0.292048290595964,"Tier_4_Exploratory",0.503950967134912,0.503950967134912,1.3340077370793,1.3340077370793,0.373,0.14,0.233,0.408104555792399,0.175487465181058,0.809352517985611,"Sample_specific",0.33,0.233,0.373,1,FALSE,FALSE,"Other_Candidate","Not_annotated",FALSE,FALSE,FALSE,FALSE,FALSE,FALSE,FALSE,FALSE,FALSE,NA,"Standard_candidate",FALSE,FALSE,"Other_Research_Candidate","Standard",0,0.166790193426982,0.15,0,0.0167901934269824,0.380082838497219,0.458285290140474,939
940,"DHRS2",0.262653665065555,"Tier_4_Exploratory",0.499884552197619,0.499884552197619,1.54307641758095,1.54307641758095,0.283,0.111,0.172,0.341461567588035,0,0.992805755395683,"Sample_specific",0.33,0.172,0.283,1,FALSE,FALSE,"Other_Candidate","Not_annotated",FALSE,FALSE,FALSE,FALSE,FALSE,FALSE,FALSE,FALSE,FALSE,NA,"Standard_candidate",FALSE,FALSE,"Other_Research_Candidate","Standard",0,0.165976910439524,0.15,0,0.0159769104395238,0.348459593269167,0.439065365659286,940
936,"FAM3B",0.273782010655151,"Tier_4_Exploratory",0.4964032391265,0.4964032391265,1.398425913012,1.398425913012,0.325,0.122,0.203,0.37276748312536,0.0157894736842105,0.87410071942446,"Sample_specific",0.33,0.203,0.325,1,FALSE,FALSE,"Other_Candidate","Not_annotated",FALSE,FALSE,FALSE,FALSE,FALSE,FALSE,FALSE,FALSE,FALSE,NA,"Standard_candidate",FALSE,FALSE,"Other_Research_Candidate","Standard",0,0.1652806478253,0.15,0,0.0152806478253,0.361841133694275,0.44642097173795,941
946,"MTARC1",0.253646828024156,"Tier_4_Exploratory",0.490270564865401,0.490270564865401,1.48856451892321,1.48856451892321,0.251,0.061,0.19,0.275767651528975,0.0668523676880223,0.568345323741007,"Sample_specific",0.33,0.19,0.251,1,FALSE,FALSE,"Other_Candidate","Not_annotated",FALSE,FALSE,FALSE,FALSE,FALSE,FALSE,FALSE,FALSE,FALSE,NA,"Standard_candidate",FALSE,FALSE,"Other_Research_Candidate","Standard",0,0.16405411297308,0.15,0,0.0140541129730802,0.34229469770289,0.42978116945962,942
942,"RCC1L",0.259216953518525,"Tier_4_Exploratory",0.489763537811291,0.489763537811291,1.44290830249033,1.44290830249033,0.29,0.113,0.177,0.284478249389932,0.197841726618705,0.434540389972145,"Sample_specific",0.33,0.177,0.29,1,FALSE,FALSE,"Other_Candidate","Not_annotated",FALSE,FALSE,FALSE,FALSE,FALSE,FALSE,FALSE,FALSE,FALSE,NA,"Standard_candidate",FALSE,FALSE,"Other_Research_Candidate","Standard",0,0.163952707562258,0.15,0,0.0139527075622582,0.347317238233952,0.437429061343387,943
944,"HOPX",0.254725006980754,"Tier_4_Exploratory",0.48887231621444,0.48887231621444,1.46297852971552,1.46297852971552,0.261,0.072,0.189,0.300687870756027,0,0.762589928057554,"Sample_specific",0.33,0.189,0.261,1,FALSE,FALSE,"Other_Candidate","Not_annotated",FALSE,FALSE,FALSE,FALSE,FALSE,FALSE,FALSE,FALSE,FALSE,NA,"Standard_candidate",FALSE,FALSE,"Other_Research_Candidate","Standard",0,0.163774463242888,0.15,0,0.013774463242888,0.343605310675054,0.431361694864332,944
939,"RBP7",0.263229856879393,"Tier_4_Exploratory",0.486344830388818,0.486344830388818,1.35475864311054,1.35475864311054,0.294,0.083,0.211,0.317885905320605,0.153203342618384,0.589928057553957,"Sample_specific",0.33,0.211,0.294,1,FALSE,FALSE,"Other_Candidate","Not_annotated",FALSE,FALSE,FALSE,FALSE,FALSE,FALSE,FALSE,FALSE,FALSE,NA,"Standard_candidate",FALSE,FALSE,"Other_Research_Candidate","Standard",0,0.163268966077764,0.15,0,0.0132689660777636,0.353720690636086,0.437203449116645,945
941,"SLC30A1",0.259227716144802,"Tier_4_Exploratory",0.478188649286485,0.478188649286485,1.30070919429188,1.30070919429188,0.325,0.152,0.173,0.302124082877079,0.0974930362116992,0.697368421052632,"Sample_specific",0.33,0.173,0.325,1,FALSE,FALSE,"Other_Candidate","Not_annotated",FALSE,FALSE,FALSE,FALSE,FALSE,FALSE,FALSE,FALSE,FALSE,NA,"Standard_candidate",FALSE,FALSE,"Other_Research_Candidate","Standard",0,0.161637729857297,0.15,0,0.011637729857297,0.34946602725027,0.440956594785946,946
943,"VWA1",0.257613207580004,"Tier_4_Exploratory",0.478071784095421,0.478071784095421,1.31897427276337,1.31897427276337,0.33,0.174,0.156,0.306141475911779,0.0250696378830084,0.771052631578947,"Sample_specific",0.33,0.156,0.33,1,FALSE,FALSE,"Other_Candidate","Not_annotated",FALSE,FALSE,FALSE,FALSE,FALSE,FALSE,FALSE,FALSE,FALSE,NA,"Standard_candidate",FALSE,FALSE,"Other_Research_Candidate","Standard",0,0.161614356819084,0.15,0,0.0116143568190842,0.347025124433397,0.441921535228626,947
949,"GOT1",0.244351362748121,"Tier_4_Exploratory",0.475876378287507,0.475876378287507,1.39901102630006,1.39901102630006,0.272,0.119,0.153,0.263240725408238,0.129496402877698,0.47075208913649,"Sample_specific",0.33,0.153,0.272,1,FALSE,FALSE,"Other_Candidate","Not_annotated",FALSE,FALSE,FALSE,FALSE,FALSE,FALSE,FALSE,FALSE,FALSE,NA,"Standard_candidate",FALSE,FALSE,"Other_Research_Candidate","Standard",0,0.161175275657501,0.15,0,0.0111752756575014,0.334056732400627,0.429662913486252,948
938,"OSBPL8",0.267017191780109,"Tier_4_Exploratory",0.474727499660679,0.474727499660679,1.19941999728543,1.19941999728543,0.381,0.218,0.163,0.373636906337707,0.223684210526316,0.649025069637883,"Sample_specific",0.33,0.163,0.381,1,FALSE,FALSE,"Other_Candidate","Not_annotated",FALSE,FALSE,FALSE,FALSE,FALSE,FALSE,FALSE,FALSE,FALSE,NA,"Standard_candidate",FALSE,FALSE,"Other_Research_Candidate","Standard",0,0.160945499932136,0.15,0,0.0109454999321358,0.357454624881238,0.451118249898204,949
952,"C20orf204",0.241759518932471,"Tier_4_Exploratory",0.469912798758606,0.469912798758606,1.34010239006885,1.34010239006885,0.265,0.098,0.167,0.290977732401383,0.134210526315789,0.58273381294964,"Sample_specific",0.33,0.167,0.265,1,FALSE,FALSE,"Other_Candidate","Not_annotated",FALSE,FALSE,FALSE,FALSE,FALSE,FALSE,FALSE,FALSE,FALSE,NA,"Standard_candidate",FALSE,FALSE,"Other_Research_Candidate","Standard",0,0.159982559751721,0.15,0,0.00998255975172122,0.333369479565512,0.426473839627582,950
951,"FDXR",0.242497570505881,"Tier_4_Exploratory",0.469257084712555,0.469257084712555,1.31725667770044,1.31725667770044,0.254,0.065,0.189,0.262698775153752,0.175487465181058,0.370503597122302,"Sample_specific",0.33,0.189,0.254,1,FALSE,FALSE,"Other_Candidate","Not_annotated",FALSE,FALSE,FALSE,FALSE,FALSE,FALSE,FALSE,FALSE,FALSE,NA,"Standard_candidate",FALSE,FALSE,"Other_Research_Candidate","Standard",0,0.159851416942511,0.15,0,0.00985141694251102,0.335339979649394,0.424077125413767,951
954,"ZFHX3",0.239650230517196,"Tier_4_Exploratory",0.468627835646654,0.468627835646654,1.33942268517323,1.33942268517323,0.255,0.084,0.171,0.272461719819277,0.133704735376045,0.47841726618705,"Sample_specific",0.33,0.171,0.255,1,FALSE,FALSE,"Other_Candidate","Not_annotated",FALSE,FALSE,FALSE,FALSE,FALSE,FALSE,FALSE,FALSE,FALSE,NA,"Standard_candidate",FALSE,FALSE,"Other_Research_Candidate","Standard",0,0.159725567129331,0.15,0,0.00972556712933081,0.331719742476329,0.424088350693996,952
955,"PXMP4",0.237969895659608,"Tier_4_Exploratory",0.462232200292758,0.462232200292758,1.27385760234206,1.27385760234206,0.265,0.095,0.17,0.250691157966458,0.10431654676259,0.402631578947368,"Sample_specific",0.33,0.17,0.265,1,FALSE,FALSE,"Other_Candidate","Not_annotated",FALSE,FALSE,FALSE,FALSE,FALSE,FALSE,FALSE,FALSE,FALSE,NA,"Standard_candidate",FALSE,FALSE,"Other_Research_Candidate","Standard",0,0.158446440058552,0.15,0,0.00844644005855164,0.331281270102465,0.424169660087827,953
947,"PDZK1",0.249802150691374,"Tier_4_Exploratory",0.461294241669364,0.461294241669364,1.15115393335491,1.15115393335491,0.296,0.085,0.211,0.335909768007321,0.00557103064066852,0.802158273381295,"Sample_specific",0.33,0.211,0.296,1,FALSE,FALSE,"Other_Candidate","Not_annotated",FALSE,FALSE,FALSE,FALSE,FALSE,FALSE,FALSE,FALSE,FALSE,NA,"Standard_candidate",FALSE,FALSE,"Other_Research_Candidate","Standard",0,0.158258848333873,0.15,0,0.00825884833387283,0.345352984584277,0.430088272500809,954
957,"VAMP5",0.235039553345357,"Tier_4_Exploratory",0.458101080013144,0.458101080013144,1.24880864010515,1.24880864010515,0.267,0.104,0.163,0.252562143219012,0.107913669064748,0.415789473684211,"Sample_specific",0.33,0.163,0.267,1,FALSE,FALSE,"Other_Candidate","Not_annotated",FALSE,FALSE,FALSE,FALSE,FALSE,FALSE,FALSE,FALSE,FALSE,NA,"Standard_candidate",FALSE,FALSE,"Other_Research_Candidate","Standard",0,0.157620216002629,0.15,0,0.00762021600262883,0.3288353780046,0.423330324003943,955
958,"LIG3",0.234382180653397,"Tier_4_Exploratory",0.45174704344356,0.45174704344356,1.17077634754848,1.17077634754848,0.273,0.099,0.174,0.294819022366039,0.128133704735376,0.543165467625899,"Sample_specific",0.33,0.174,0.273,1,FALSE,FALSE,"Other_Candidate","Not_annotated",FALSE,FALSE,FALSE,FALSE,FALSE,FALSE,FALSE,FALSE,FALSE,NA,"Standard_candidate",FALSE,FALSE,"Other_Research_Candidate","Standard",0,0.156349408688712,0.15,0,0.006349408688712,0.330011465205246,0.422624113033068,956
956,"ARHGAP35",0.23660812379291,"Tier_4_Exploratory",0.448261378038935,0.448261378038935,1.11249102431148,1.11249102431148,0.299,0.132,0.167,0.282194833489608,0.140287769784173,0.544736842105263,"Sample_specific",0.33,0.167,0.299,1,FALSE,FALSE,"Other_Candidate","Not_annotated",FALSE,FALSE,FALSE,FALSE,FALSE,FALSE,FALSE,FALSE,FALSE,NA,"Standard_candidate",FALSE,FALSE,"Other_Research_Candidate","Standard",0,0.155652275607787,0.15,0,0.005652275607787,0.332591482313627,0.426778413411681,957
945,"FAM234A",0.253713978520921,"Tier_4_Exploratory",0.44609803715845,0.44609803715845,0.935184297267601,0.935184297267601,0.365,0.164,0.201,0.347734953805025,0.205035971223022,0.623684210526316,"Sample_specific",0.33,0.201,0.365,1,FALSE,FALSE,"Other_Candidate","Not_annotated",FALSE,FALSE,FALSE,FALSE,FALSE,FALSE,FALSE,FALSE,FALSE,NA,"Standard_candidate",FALSE,FALSE,"Other_Research_Candidate","Standard",0,0.15521960743169,0.15,0,0.00521960743169,0.351834313005458,0.439329411147535,958
948,"RAD9A",0.247390443194259,"Tier_4_Exploratory",0.442703897719744,0.442703897719744,0.941631181757953,0.941631181757953,0.339,0.133,0.206,0.324853262090518,0.175487465181058,0.586842105263158,"Sample_specific",0.33,0.206,0.339,1,FALSE,FALSE,"Other_Candidate","Not_annotated",FALSE,FALSE,FALSE,FALSE,FALSE,FALSE,FALSE,FALSE,FALSE,NA,"Standard_candidate",FALSE,FALSE,"Other_Research_Candidate","Standard",0,0.154540779543949,0.15,0,0.0045407795439488,0.34644636420191,0.433111169315923,959
960,"AP1S2",0.232030370672183,"Tier_4_Exploratory",0.437522524939319,0.437522524939319,1.01218019951455,1.01218019951455,0.299,0.123,0.176,0.282371920964914,0.0139275766016713,0.660526315789474,"Sample_specific",0.33,0.176,0.299,1,FALSE,FALSE,"Other_Candidate","Not_annotated",FALSE,FALSE,FALSE,FALSE,FALSE,FALSE,FALSE,FALSE,FALSE,NA,"Standard_candidate",FALSE,FALSE,"Other_Research_Candidate","Standard",0,0.153504504987864,0.15,0,0.00350450498786381,0.330632883728762,0.423556757481796,960
950,"FBXO9",0.242842218296963,"Tier_4_Exploratory",0.435460622070974,0.435460622070974,0.898084976567791,0.898084976567791,0.355,0.174,0.181,0.335394748268238,0.158273381294964,0.6,"Sample_specific",0.33,0.181,0.355,1,FALSE,FALSE,"Other_Candidate","Not_annotated",FALSE,FALSE,FALSE,FALSE,FALSE,FALSE,FALSE,FALSE,FALSE,NA,"Standard_candidate",FALSE,FALSE,"Other_Research_Candidate","Standard",0,0.153092124414195,0.15,0,0.00309212441419482,0.342111217724841,0.434138186621292,961
963,"SYNGR1",0.222898609190164,"Tier_4_Exploratory",0.434294645096103,0.434294645096103,1.04875716076882,1.04875716076882,0.269,0.102,0.167,0.301231420669065,0.00278551532033426,0.679856115107914,"Sample_specific",0.33,0.167,0.269,1,FALSE,FALSE,"Other_Candidate","Not_annotated",FALSE,FALSE,FALSE,FALSE,FALSE,FALSE,FALSE,FALSE,FALSE,NA,"Standard_candidate",FALSE,FALSE,"Other_Research_Candidate","Standard",0,0.152858929019221,0.15,0,0.00285892901922061,0.321703125783636,0.416588393528831,962
953,"RIDA",0.241453558608808,"Tier_4_Exploratory",0.4292310675503,0.4292310675503,0.821048540402397,0.821048540402397,0.345,0.137,0.208,0.333987980411742,0.228412256267409,0.528947368421053,"Sample_specific",0.33,0.208,0.345,1,FALSE,FALSE,"Other_Candidate","Not_annotated",FALSE,FALSE,FALSE,FALSE,FALSE,FALSE,FALSE,FALSE,FALSE,NA,"Standard_candidate",FALSE,FALSE,"Other_Research_Candidate","Standard",0,0.15184621351006,0.15,0,0.00184621351006001,0.343330873642605,0.43026932026509,963
970,"C6orf226",0.21561671447148,"Tier_4_Exploratory",0.420921435826709,0.420921435826709,0.94017148661367,0.94017148661367,0.268,0.099,0.169,0.259969529141384,0.186629526462396,0.402631578947368,"Sample_specific",0.33,0.169,0.268,1,FALSE,FALSE,"Other_Candidate","Not_annotated",FALSE,FALSE,FALSE,FALSE,FALSE,FALSE,FALSE,FALSE,FALSE,NA,"Standard_candidate",FALSE,FALSE,"Other_Research_Candidate","Standard",0,0.150184287165342,0.15,0,0.000184287165341829,0.317222502539348,0.412376430748013,964
974,"CHCHD6",0.211761227694215,"Tier_4_Exploratory",0.417741155839432,0.417741155839432,0.938729246715456,0.938729246715456,0.271,0.12,0.151,0.258571023257629,0.143884892086331,0.436842105263158,"Sample_specific",0.33,0.151,0.271,1,FALSE,FALSE,"Other_Candidate","Not_annotated",FALSE,FALSE,FALSE,FALSE,FALSE,FALSE,FALSE,FALSE,FALSE,NA,"Standard_candidate",FALSE,FALSE,"Other_Research_Candidate","Standard",0,0.149548231167886,0.15,0,0,0.313109404543801,0.41202234675183,965
966,"GCDH",0.220024134887716,"Tier_4_Exploratory",0.417583376519684,0.417583376519684,0.862267012157474,0.862267012157474,0.297,0.125,0.172,0.283668312381322,0.165467625899281,0.471052631578947,"Sample_specific",0.33,0.172,0.297,1,FALSE,FALSE,"Other_Candidate","Not_annotated",FALSE,FALSE,FALSE,FALSE,FALSE,FALSE,FALSE,FALSE,FALSE,NA,"Standard_candidate",FALSE,FALSE,"Other_Research_Candidate","Standard",0,0.149516675303937,0.15,0,0,0.322454181781889,0.417175012955905,966
959,"ALG3",0.233538254577507,"Tier_4_Exploratory",0.417246631499305,0.417246631499305,0.74597305199444,0.74597305199444,0.358,0.176,0.182,0.340988244443296,0.194244604316547,0.594736842105263,"Sample_specific",0.33,0.182,0.358,1,FALSE,FALSE,"Other_Candidate","Not_annotated",FALSE,FALSE,FALSE,FALSE,FALSE,FALSE,FALSE,FALSE,FALSE,NA,"Standard_candidate",FALSE,FALSE,"Other_Research_Candidate","Standard",0,0.149449326299861,0.15,0,0,0.336536321024757,0.429273989449791,967
969,"TTC36",0.216538284578439,"Tier_4_Exploratory",0.416522036703136,0.416522036703136,0.882576293625091,0.882576293625091,0.293,0.135,0.158,0.2853464420957,0.219424460431655,0.402631578947368,"Sample_specific",0.33,0.158,0.293,1,FALSE,FALSE,"Other_Candidate","Not_annotated",FALSE,FALSE,FALSE,FALSE,FALSE,FALSE,FALSE,FALSE,FALSE,NA,"Standard_candidate",FALSE,FALSE,"Other_Research_Candidate","Standard",0,0.149304407340627,0.15,0,0,0.318482712846098,0.416056611010941,968
975,"SULT1A1",0.211652730582611,"Tier_4_Exploratory",0.416367045127987,0.416367045127987,0.913336361023897,0.913336361023897,0.257,0.083,0.174,0.26719615364738,0.18941504178273,0.388489208633094,"Sample_specific",0.33,0.174,0.257,1,FALSE,FALSE,"Other_Candidate","Not_annotated",FALSE,FALSE,FALSE,FALSE,FALSE,FALSE,FALSE,FALSE,FALSE,NA,"Standard_candidate",FALSE,FALSE,"Other_Research_Candidate","Standard",0,0.149273409025597,0.15,0,0,0.314428465794795,0.408810113538396,969
965,"APPBP2",0.220350159482826,"Tier_4_Exploratory",0.41536599468833,0.41536599468833,0.838127957506642,0.838127957506642,0.316,0.159,0.157,0.344610012034354,0.178947368421053,0.665467625899281,"Sample_specific",0.33,0.157,0.316,1,FALSE,FALSE,"Other_Candidate","Not_annotated",FALSE,FALSE,FALSE,FALSE,FALSE,FALSE,FALSE,FALSE,FALSE,NA,"Standard_candidate",FALSE,FALSE,"Other_Research_Candidate","Standard",0,0.149073198937666,0.15,0,0,0.322478098140915,0.420309798406499,970
967,"LENG8",0.216958628076902,"Tier_4_Exploratory",0.410308792561209,0.410308792561209,0.867495559031896,0.867495559031896,0.313,0.156,0.157,0.303291411732072,0.203342618384401,0.476315789473684,"Sample_specific",0.33,0.157,0.313,0.945812317881477,FALSE,FALSE,"Other_Candidate","Not_annotated",FALSE,FALSE,FALSE,FALSE,FALSE,FALSE,FALSE,FALSE,FALSE,NA,"Standard_candidate",FALSE,FALSE,"Other_Research_Candidate","Standard",0,0.148061758512242,0.15,0,0,0.320108077396423,0.410064485450584,971
977,"KIF3B",0.207871482364057,"Tier_4_Exploratory",0.408429875672077,0.408429875672077,0.875559566435473,0.875559566435473,0.278,0.128,0.15,0.272589657346107,0.203342618384401,0.384210526315789,"Sample_specific",0.33,0.15,0.278,0.982566199117617,FALSE,FALSE,"Other_Candidate","Not_annotated",FALSE,FALSE,FALSE,FALSE,FALSE,FALSE,FALSE,FALSE,FALSE,NA,"Standard_candidate",FALSE,FALSE,"Other_Research_Candidate","Standard",0,0.147685975134415,0.15,0,0,0.311050456485227,0.408013892569266,972
962,"C6orf89",0.223041339123299,"Tier_4_Exploratory",0.408284686344537,0.408284686344537,0.754890810380518,0.754890810380518,0.343,0.178,0.165,0.331254076053041,0.23021582733813,0.518421052631579,"Sample_specific",0.33,0.165,0.343,0.975488900313145,FALSE,FALSE,"Other_Candidate","Not_annotated",FALSE,FALSE,FALSE,FALSE,FALSE,FALSE,FALSE,FALSE,FALSE,NA,"Standard_candidate",FALSE,FALSE,"Other_Research_Candidate","Standard",0,0.147656937268907,0.15,0,0,0.326999640220588,0.419908740950333,973
971,"RAD51C",0.214194562644732,"Tier_4_Exploratory",0.407112971286543,0.407112971286543,0.778503770292342,0.778503770292342,0.296,0.123,0.173,0.29060411544683,0.236768802228412,0.386842105263158,"Sample_specific",0.33,0.173,0.296,1,FALSE,FALSE,"Other_Candidate","Not_annotated",FALSE,FALSE,FALSE,FALSE,FALSE,FALSE,FALSE,FALSE,FALSE,NA,"Standard_candidate",FALSE,FALSE,"Other_Research_Candidate","Standard",0,0.147422594257309,0.15,0,0,0.31878953995029,0.413833891385963,974
961,"TMEM60",0.225836813703739,"Tier_4_Exploratory",0.406917770841216,0.406917770841216,0.904637618147232,0.904637618147232,0.372,0.222,0.15,0.36543429674967,0.215789473684211,0.632311977715877,"Sample_specific",0.33,0.15,0.372,0.822920457152082,FALSE,FALSE,"Other_Candidate","Not_annotated",FALSE,FALSE,FALSE,FALSE,FALSE,FALSE,FALSE,FALSE,FALSE,NA,"Standard_candidate",FALSE,FALSE,"Other_Research_Candidate","Standard",0,0.147383554168243,0.15,0,0,0.329321219794426,0.402413399825177,975
972,"ARAF",0.213595841220673,"Tier_4_Exploratory",0.405847151577507,0.405847151577507,0.771577212620058,0.771577212620058,0.304,0.141,0.163,0.296063732506152,0.23021582733813,0.418421052631579,"Sample_specific",0.33,0.163,0.304,1,FALSE,FALSE,"Other_Candidate","Not_annotated",FALSE,FALSE,FALSE,FALSE,FALSE,FALSE,FALSE,FALSE,FALSE,NA,"Standard_candidate",FALSE,FALSE,"Other_Research_Candidate","Standard",0,0.147169430315501,0.15,0,0,0.317946503052127,0.415054145473252,976
979,"HSD17B8",0.202257156519196,"Tier_4_Exploratory",0.400976268891892,0.400976268891892,0.804610151135137,0.804610151135137,0.266,0.11,0.156,0.253130865780913,0.136690647482014,0.45,"Sample_specific",0.33,0.156,0.266,1,FALSE,FALSE,"Other_Candidate","Not_annotated",FALSE,FALSE,FALSE,FALSE,FALSE,FALSE,FALSE,FALSE,FALSE,NA,"Standard_candidate",FALSE,FALSE,"Other_Research_Candidate","Standard",0,0.146195253778378,0.15,0,0,0.307241694112162,0.405992880667568,977
973,"PEPD",0.21298692714113,"Tier_4_Exploratory",0.396229401435492,0.396229401435492,0.673205158825559,0.673205158825559,0.326,0.161,0.165,0.316187858978321,0.23021582733813,0.481578947368421,"Sample_specific",0.33,0.165,0.326,0.985858377215316,FALSE,FALSE,"Other_Candidate","Not_annotated",FALSE,FALSE,FALSE,FALSE,FALSE,FALSE,FALSE,FALSE,FALSE,NA,"Standard_candidate",FALSE,FALSE,"Other_Research_Candidate","Standard",0,0.145245880287098,0.15,0,0,0.319380290502422,0.414447577012945,978
968,"MYB",0.216783052320953,"Tier_4_Exploratory",0.396222381722657,0.396222381722657,0.619379053781257,0.619379053781257,0.333,0.152,0.181,0.32357826390991,0.217270194986072,0.505263157894737,"Sample_specific",0.33,0.181,0.333,1,FALSE,FALSE,"Other_Candidate","Not_annotated",FALSE,FALSE,FALSE,FALSE,FALSE,FALSE,FALSE,FALSE,FALSE,NA,"Standard_candidate",FALSE,FALSE,"Other_Research_Candidate","Standard",0,0.145244476344531,0.15,0,0,0.32397783360293,0.417966714516797,979
978,"SLC35B2",0.202455573767271,"Tier_4_Exploratory",0.36890767680783,0.36890767680783,0.638699385494518,0.638699385494518,0.354,0.196,0.158,0.341061723264696,0.183844011142061,0.594736842105263,"Sample_specific",0.33,0.158,0.354,0.804468357473435,FALSE,FALSE,"Other_Candidate","Not_annotated",FALSE,FALSE,FALSE,FALSE,FALSE,FALSE,FALSE,FALSE,FALSE,NA,"Standard_candidate",FALSE,FALSE,"Other_Research_Candidate","Standard",0,0.139781535361566,0.15,0,0,0.314017686882741,0.384642556663364,980
980,"TXLNG",0.186670294828759,"Tier_4_Exploratory",0.358970420054487,0.358970420054487,0.561394004298821,0.561394004298821,0.304,0.148,0.156,0.294636380032464,0.214484679665738,0.45,"Sample_specific",0.33,0.156,0.304,0.871974463447564,FALSE,FALSE,"Other_Candidate","Not_annotated",FALSE,FALSE,FALSE,FALSE,FALSE,FALSE,FALSE,FALSE,FALSE,NA,"Standard_candidate",FALSE,FALSE,"Other_Research_Candidate","Standard",0,0.137794084010897,0.15,0,0,0.30013964701907,0.381787295533481,981
981,"ZNF749",0.178305784886577,"Tier_4_Exploratory",0.342005459711022,0.342005459711022,0.535832646252368,0.535832646252368,0.312,0.16,0.152,0.299261028063636,0.18941504178273,0.510526315789474,"Sample_specific",0.33,0.152,0.312,0.774842526196509,FALSE,FALSE,"Other_Candidate","Not_annotated",FALSE,FALSE,FALSE,FALSE,FALSE,FALSE,FALSE,FALSE,FALSE,NA,"Standard_candidate",FALSE,FALSE,"Other_Research_Candidate","Standard",0,0.134401091942204,0.15,0,0,0.295001910898858,0.363728016842783,982
983,"ALB",0.042078319649669,"Tier_4_Biological_Review",0.3021,0.6042,8.99348231770605,8.99348231770605,0.347,0.003,0.344,0.328032838353273,0,0.98050139275766,"Sample_specific",0.33,0.344,0.347,1,FALSE,FALSE,"Other_Candidate","Not_annotated",FALSE,FALSE,FALSE,FALSE,FALSE,FALSE,FALSE,FALSE,FALSE,NA,"Review_required",FALSE,FALSE,"Other_Research_Candidate","Biological_review_required",0,0.12642,0.15,0.1,0,0.326435,0.39253,983
984,"CST5",0.0378847353703859,"Tier_4_Biological_Review",0.3003,0.6006,10.2499970119177,10.2499970119177,0.337,0.001,0.336,0.318645163036848,0.00359712230215827,0.947075208913649,"Sample_specific",0.33,0.336,0.337,1,FALSE,FALSE,"Other_Candidate","Not_annotated",FALSE,FALSE,FALSE,FALSE,FALSE,FALSE,FALSE,FALSE,FALSE,NA,"Review_required",FALSE,FALSE,"Other_Research_Candidate","Biological_review_required",0,0.12606,0.15,0.1,0,0.322205,0.38999,984
985,"AGTR1",0.022731194759761,"Tier_4_Biological_Review",0.2935,0.587,4.6207331130913,4.6207331130913,0.313,0.021,0.292,0.295549134655038,0.00719424460431655,0.866295264623955,"Sample_specific",0.33,0.292,0.313,1,FALSE,FALSE,"Other_Candidate","Not_annotated",FALSE,FALSE,FALSE,FALSE,FALSE,FALSE,FALSE,FALSE,FALSE,NA,"Review_required",FALSE,FALSE,"Other_Research_Candidate","Biological_review_required",0,0.1247,0.15,0.1,0,0.306225,0.38315,985
986,"NEFH",0.02085,"Tier_4_Biological_Review",0.2929,0.5858,8.35306459039041,8.35306459039041,0.3,0.001,0.299,0.283194057567317,0,0.84958217270195,"Sample_specific",0.33,0.299,0.3,1,FALSE,FALSE,"Other_Candidate","Not_annotated",FALSE,FALSE,FALSE,FALSE,FALSE,FALSE,FALSE,FALSE,FALSE,NA,"Review_required",FALSE,FALSE,"Other_Research_Candidate","Biological_review_required",0,0.12458,0.15,0.1,0,0.304815,0.38037,986
