"p_val","avg_log2FC","pct.1","pct.2","p_val_adj","gene"
1.88678402292364e-54,-2.90783349571149,0.378,0.877,6.91053516236012e-50,"TNFRSF12A"
3.39265010376462e-43,-2.80103594708811,0.434,0.838,1.24259202700483e-38,"S100A10"
1.14642597393859e-38,-2.65329781498796,0.313,0.747,4.19889977214748e-34,"TM4SF1"
5.08364192011964e-36,-4.87682549946864,0.051,0.37,1.86193468966302e-31,"PHLDA1"
8.80577108007989e-36,-4.56934864069241,0.018,0.266,3.22520171579006e-31,"KRT80"
2.14775412934041e-34,-2.93155817753472,0.149,0.558,7.86636427412218e-30,"EMP1"
2.92922121655714e-33,-2.80576873297272,0.207,0.63,1.07285656277622e-28,"CNN3"
7.10161093497747e-33,-2.24797185395746,0.248,0.675,2.60103602104485e-28,"CYTOR"
5.61102795937005e-32,-2.60417579582098,0.194,0.597,2.05509510039887e-27,"RAP2B"
2.00341892438358e-31,-2.1127855615149,0.312,0.727,7.33772215244731e-27,"USP53"
7.77050595400441e-31,-4.81381834134653,0.021,0.253,2.84602551071365e-26,"CALD1"
8.92707292645964e-31,-2.80302362937266,0.11,0.468,3.26962973004511e-26,"COTL1"
1.41340670226884e-30,-2.29178317900813,0.841,0.974,5.17674338772985e-26,"SAT1"
2.79187569888428e-30,-1.81922940382741,0.436,0.831,1.02255239347336e-25,"PHLDA2"
7.40300282894436e-30,-2.7931684638944,0.089,0.429,2.71142381612916e-25,"RND3"
8.7399812095351e-30,-2.5358703036605,0.158,0.545,3.20110551780433e-25,"ZNF165"
1.43751644900068e-29,-3.40602916757411,0.109,0.455,5.2650477461099e-25,"KRT23"
2.41747342593895e-29,-2.66894098896674,0.091,0.429,8.85423816984399e-25,"RNF145"
3.00999509774537e-28,-4.39341629380331,0.016,0.221,1.10244080450022e-23,"LIF"
1.97334690542493e-27,-3.05626889687284,0.078,0.383,7.22758037580936e-23,"CHI3L1"
2.14138397909602e-27,-1.52572913119027,0.771,0.922,7.84303296183709e-23,"SQSTM1"
3.16809398090284e-27,1.6676297221624,0.925,0.766,1.16034610144547e-22,"FOS"
3.46093582047184e-27,-1.27490600388867,1,1,1.26760235360602e-22,"FTH1"
1.08655233381297e-26,-1.55710530350286,0.575,0.883,3.9796065778234e-22,"CD24"
1.55668879176652e-26,-2.638680820407,0.113,0.448,5.70152836872407e-22,"STOM"
1.67587080767256e-26,-1.33880247532594,0.593,0.89,6.1380444201815e-22,"S100A11"
1.76910237089215e-26,-1.94064711639275,0.315,0.714,6.47951434362957e-22,"ERRFI1"
3.7765162971271e-26,0.91334261716313,0.993,0.961,1.38318685898577e-21,"XBP1"
6.52601253219873e-26,-2.08274932980498,0.269,0.669,2.39021735004311e-21,"SOX9"
9.03074174874925e-26,1.00839588897164,1,1,3.3075994728969e-21,"MT-CO3"
1.6128286800669e-25,-2.62169969842757,0.131,0.468,5.90714632361303e-21,"EDN1"
1.86634429179356e-25,-2.97176224144598,0.057,0.325,6.83567260312308e-21,"IL6R"
3.48203727350086e-25,-3.0473012024266,0.035,0.266,1.27533097179242e-20,"LAMC2"
4.50930829015279e-25,1.18232470425534,0.959,0.799,1.65157925435136e-20,"MICOS10"
4.59068293403497e-25,-2.17327521320662,0.35,0.708,1.68138353141965e-20,"LGALS3"
4.75695675169469e-25,-1.0160018502355,0.296,0.714,1.7422829798757e-20,"SCGB2A2"
6.52150545822199e-25,-2.39705549327285,0.206,0.565,2.38856658912839e-20,"ADM"
7.28118364730476e-25,-1.77016819485824,0.214,0.597,2.66680632266184e-20,"HSPB8"
9.46127327195762e-25,-6.82648845619152,0.005,0.149,3.4652859485872e-20,"TREM1"
1.16151169607727e-24,-2.39767215813492,0.11,0.429,4.25415273805261e-20,"CTNNAL1"
1.79230989682312e-24,-2.61518970529047,0.109,0.422,6.56451422810436e-20,"SHB"
2.07544813013352e-24,-3.12923763152516,0.04,0.273,7.60153632142702e-20,"FOSL1"
3.38052150297018e-24,-2.58277007613447,0.239,0.591,1.23814980567786e-19,"FBXO32"
3.72836066743658e-24,-2.2858797040526,0.151,0.494,1.36554937805532e-19,"CP"
3.82090636159864e-24,-1.63111873670162,0.273,0.662,1.39944516399912e-19,"NEDD9"
4.58471553208953e-24,-2.2385374910829,0.262,0.63,1.67919791078311e-19,"DUSP14"
7.65865928104289e-24,1.40957713038614,0.924,0.721,2.80506054827477e-19,"MAGED2"
8.44163211488261e-24,-3.3339322165797,0.023,0.221,3.0918321783969e-19,"GPNMB"
9.72630425845623e-24,1.38691260683879,0.975,0.909,3.56235619770218e-19,"MPC2"
1.23264714983708e-23,-1.85865402970076,0.283,0.656,4.51469345099329e-19,"TMEM123"
1.72280764248076e-23,-2.16448074429337,0.136,0.468,6.30995527135004e-19,"P4HA1"
3.14769285319856e-23,-1.71030629918219,0.255,0.63,1.1528739844125e-18,"CDKN1A"
3.38669000446534e-23,-1.78765983468743,0.301,0.682,1.24040908103547e-18,"CEACAM6"
4.01524474645675e-23,-1.70296658472269,0.35,0.721,1.47062354083725e-18,"DSP"
4.41720625300317e-23,-1.55083215589601,0.388,0.76,1.61784596222494e-18,"FHL2"
4.59257371344524e-23,-1.52914199556699,0.508,0.844,1.68207604828645e-18,"APP"
5.13675421547242e-23,1.36931512169563,0.993,0.994,1.88138759895893e-18,"NDUFA4"
7.9692313441041e-23,-2.97334540121926,0.057,0.305,2.91881067209157e-18,"EPAS1"
1.21327610190927e-22,-1.28228395471697,0.987,1,4.4437450508529e-18,"NEAT1"
1.26104906977562e-22,-2.54985242407931,0.11,0.416,4.6187183229602e-18,"NCOA7"
2.38961514541426e-22,-1.75854559985061,0.423,0.779,8.75220443159426e-18,"KLF4"
3.89606880984442e-22,-2.05584961866644,0.254,0.591,1.42697416229362e-17,"FGF2"
4.0658058732199e-22,-2.39098358985104,0.124,0.435,1.48914205912552e-17,"TUBA4A"
4.71969720493569e-22,-2.32152766235989,0.087,0.364,1.72863629827974e-17,"ITGB6"
7.91502135272882e-22,-1.72011382658662,0.264,0.617,2.89895572065046e-17,"PMEPA1"
9.43423260772173e-22,-2.26641143384843,0.154,0.474,3.45538203490416e-17,"ELL2"
1.40752415604624e-21,-3.40686758893909,0.02,0.195,5.15519797393495e-17,"EGLN3"
1.97232214264842e-21,-1.84290872478774,0.18,0.519,7.22382707966412e-17,"RIPK2"
2.06731352932541e-21,1.96204431554371,0.874,0.63,7.57174253250726e-17,"BTG2"
2.13514661590921e-21,-1.53681708323447,0.35,0.708,7.82018799542907e-17,"IL13RA1"
2.20526191266121e-21,-7.14850729218385,0,0.104,8.07699228131295e-17,"LINC01705"
2.21540118893943e-21,-2.37988365825139,0.131,0.442,8.11412839460956e-17,"AREG"
2.64448429198164e-21,0.952953244504432,0.974,0.903,9.68568816781194e-17,"UQCR10"
2.84798595987248e-21,-5.9554031812786,0.007,0.143,1.04310333766289e-16,"KRTAP3-2"
3.36257119165182e-21,-1.70193717356569,0.368,0.688,1.2315753246544e-16,"NAMPT"
4.0195955514539e-21,-1.7669487519879,0.262,0.61,1.47221706667551e-16,"SPRING1"
4.08823017648032e-21,-3.01683192661534,0.063,0.305,1.49735518443768e-16,"ITGA2"
4.8071626017724e-21,-1.03674921665702,0.821,0.942,1.76067137452516e-16,"CSNK1A1"
5.27284672495925e-21,-3.19479106877419,0.095,0.364,1.93123284148357e-16,"PLAUR"
5.28379628877938e-21,-1.54576984512077,0.818,0.922,1.93524322872834e-16,"TACSTD2"
5.50364589162476e-21,-1.00704151988179,0.982,1,2.01576534426649e-16,"KRT18"
6.19597487909402e-21,-1.14189688821802,0.94,1,2.26933775921698e-16,"KRT8"
1.79963565997734e-20,-1.28741849349938,0.492,0.812,6.59134556823302e-16,"MYH9"
1.99394002919513e-20,-2.14434935518902,0.129,0.429,7.30300475093008e-16,"WWTR1"
2.86012474830751e-20,-2.55330130235102,0.062,0.299,1.04754929031511e-15,"MPZL2"
5.41951035046614e-20,0.678383520079028,0.987,0.974,1.98494986096173e-15,"MZT2B"
7.3706149240846e-20,2.16148304883449,0.632,0.227,2.69956142209523e-15,"PVALB"
8.44683024581413e-20,-1.88266180755109,0.233,0.558,3.09373604583188e-15,"DUSP10"
1.06932875036912e-19,1.73262377793009,0.698,0.325,3.91652348110194e-15,"DNAJC12"
1.17585962360646e-19,-5.3344732503981,0.011,0.149,4.306703457421e-15,"ACTA2"
1.1916173585499e-19,1.99877006150566,0.612,0.208,4.36441773742485e-15,"KCNJ3"
1.59580878283075e-19,-2.23521468265345,0.106,0.383,5.84480924799592e-15,"RBMS1"
1.73790433326693e-19,-5.17351661093142,0.009,0.143,6.36524841102345e-15,"CCL22"
2.05527876620074e-19,-1.86311106513765,0.133,0.435,7.52766400908684e-15,"MIR4435-2HG"
2.52750923292476e-19,-1.23035198395248,0.549,0.825,9.25725531651022e-15,"HLA-B"
3.06016633512399e-19,-0.671885692059055,0.984,1,1.12081652190251e-14,"OAZ1"
3.20196885434194e-19,-1.57212237939619,0.189,0.526,1.17275311259128e-14,"ILVBL"
3.70021911821371e-19,-3.67058624710767,0.013,0.156,1.35524225423695e-14,"CDC42EP3"
4.19634395566859e-19,-0.602154586082912,1,1,1.53695293720318e-14,"RPS16"
7.01938574103108e-19,-2.13171284041398,0.097,0.364,2.57092022151004e-14,"KCNK1"
7.32600052873356e-19,-1.49281193162019,0.281,0.636,2.68322095365395e-14,"PDZK1IP1"
1.22318198208601e-18,-1.45219505434472,0.167,0.481,4.48002632758822e-14,"LTF"
1.2409070474783e-18,-2.56836093796165,0.051,0.266,4.54494615209402e-14,"AK4"
2.03276177906014e-18,-1.57414247723625,0.191,0.519,7.44519329198566e-14,"PRNP"
2.14627065359388e-18,-3.31678852796167,0.018,0.169,7.86093089585295e-14,"ITGB8"
2.17030846802442e-18,-2.05661355394508,0.089,0.344,7.94897179498625e-14,"PPL"
3.08994144761263e-18,-1.61360739506561,0.264,0.584,1.1317219546026e-13,"VPS37B"
3.21416528579471e-18,-1.69395024576643,0.331,0.675,1.17722017757517e-13,"BBC3"
4.16706946508616e-18,-2.19477198966114,0.159,0.448,1.52623086228246e-13,"SDC1"
6.03496207562436e-18,0.86216148690848,0.953,0.87,2.21036520981818e-13,"GATA3"
6.73873733128221e-18,0.950136986325841,0.996,1,2.46812993495542e-13,"MT-ND3"
7.18723932696032e-18,-2.69592744976344,0.041,0.234,2.63239827589249e-13,"AL133453.1"
7.23307644471301e-18,-0.823878809782975,1,1,2.64918657864059e-13,"ACTB"
7.38978296373522e-18,0.939709651064766,0.953,0.903,2.70658190829766e-13,"CIRBP"
7.53280705831947e-18,1.0369414805583,0.996,0.981,2.75896591318009e-13,"COX6C"
7.64630542397591e-18,-1.26733444679965,0.443,0.786,2.80053582458542e-13,"PMAIP1"
8.01393510270703e-18,-0.832017299099741,0.947,0.994,2.93518387071748e-13,"ANXA2"
8.16376410196654e-18,-2.0003205206891,0.269,0.584,2.99006023998627e-13,"ARHGAP29"
8.9678492596735e-18,1.48014599350857,0.963,0.909,3.28456446984802e-13,"CD9"
9.43766325116143e-18,-5.44172056668801,0.023,0.182,3.45663854237039e-13,"ANXA1"
9.64040650571072e-18,-0.936370575209303,0.974,0.994,3.53089528678161e-13,"ACTG1"
9.68979051328166e-18,2.84304150788562,0.52,0.169,3.54898267339454e-13,"KIF12"
1.04810894281757e-17,-1.10078939958203,0.763,0.981,3.83880381396364e-13,"TMSB4X"
1.09726188400164e-17,-1.66099918872835,0.261,0.578,4.0188313763444e-13,"OGFRL1"
1.18489197664788e-17,-3.02585499404155,0.171,0.448,4.33978535367054e-13,"IGFBP5"
1.27263734518491e-17,-1.36386867045541,0.442,0.76,4.66116154047423e-13,"ASPH"
1.28235136083042e-17,-1.26059537247084,0.444,0.792,4.6967400941775e-13,"LURAP1L"
1.41315661811991e-17,-2.06008531569711,0.138,0.416,5.17582742952598e-13,"CDR2"
1.4474404067284e-17,1.17748871239689,0.972,0.929,5.30139523368343e-13,"DBI"
1.72833467004862e-17,-1.43727320854921,0.433,0.753,6.33019856252007e-13,"HMGA1"
2.8600144891387e-17,-3.37007898341975,0.022,0.175,1.04750890679194e-12,"GLIPR1"
2.96010952376385e-17,-1.19854854869206,0.525,0.812,1.08416971417375e-12,"PTTG1IP"
3.78548962582954e-17,-0.924783178825662,0.215,0.571,1.38647343035633e-12,"GSTP1"
3.82534650327643e-17,-1.52325007315636,0.518,0.779,1.40107141029003e-12,"SPTSSA"
3.84935837831562e-17,0.588182721118494,1,1,1.40986599964188e-12,"MT-CO2"
5.20425422871024e-17,-1.17557812906439,0.327,0.695,1.90611015380741e-12,"ZNF644"
6.55343803118075e-17,-1.02614978578658,0.974,0.994,2.40026221330026e-12,"RPL23"
6.84952101022172e-17,0.84962993789934,0.961,0.883,2.50870556520381e-12,"ATP5ME"
6.87597546136013e-17,-0.932682338497492,0.568,0.877,2.51839477247776e-12,"ENAH"
7.29354364667833e-17,-1.86366291501356,0.287,0.623,2.6713332960324e-12,"CEACAM5"
7.90224449660604e-17,-1.60286066370962,0.194,0.5,2.89427606932693e-12,"CDCP1"
8.25434524010219e-17,-1.0846116219343,0.337,0.682,3.02323648763983e-12,"AP3S1"
8.97553936374154e-17,-1.66985763023906,0.211,0.506,3.28738104736398e-12,"MAP2K3"
9.06112433731635e-17,0.607345105100386,0.989,0.955,3.31872739978549e-12,"ATP5F1E"
9.79507478165457e-17,-2.51546557830943,0.048,0.24,3.5875440895288e-12,"NABP1"
1.38738289775766e-16,-2.92501872714164,0.021,0.169,5.08142860132719e-12,"CDH3"
1.52560972883114e-16,-2.88452617062749,0.023,0.175,5.58769819281694e-12,"GAS2L3"
1.86636801527805e-16,0.826278752218395,0.947,0.903,6.83575949275738e-12,"PARK7"
2.11265743390863e-16,-0.985658719104296,0.677,0.877,7.73781911743376e-12,"TMEM165"
2.28253196809027e-16,-0.619471827164046,0.999,1,8.36000158632742e-12,"RPS2"
2.30464312244852e-16,-3.57049865584374,0.112,0.357,8.44098590027996e-12,"S100A9"
2.41073490867181e-16,1.85983216024194,0.571,0.201,8.82955767650136e-12,"KCNC2"
2.72388750720616e-16,-1.2118881089365,0.378,0.682,9.97651038389327e-12,"LY6K"
2.7918864406649e-16,-2.60955531498655,0.039,0.214,1.02255632775793e-11,"SERTAD4-AS1"
2.80731930126776e-16,1.14280092631122,0.825,0.656,1.02820876728233e-11,"OCIAD1"
2.83892531191859e-16,-3.55723431682698,0.011,0.13,1.0397847847433e-11,"RPS6KA3"
3.55399048878143e-16,-1.4766493792974,0.377,0.669,1.30168455642108e-11,"MYLIP"
3.7197905118305e-16,-1.28041497708028,0.909,0.981,1.36241047286304e-11,"BTG1"
3.81174701203862e-16,-1.97850457890138,0.229,0.513,1.39609046062927e-11,"PRRG4"
4.17165486419574e-16,-3.25722905947069,0.025,0.175,1.52791031056033e-11,"DAPP1"
5.03911913043682e-16,0.598843063934651,0.996,0.994,1.84562777271379e-11,"COX6A1"
5.95992340134867e-16,-1.23022845922459,0.229,0.552,2.18288154497796e-11,"PSME4"
6.69190351552617e-16,-1.22330617687894,0.345,0.669,2.45097658159661e-11,"SDCBP"
6.80964935170132e-16,-2.38726886925327,0.058,0.26,2.49410217155412e-11,"KRT15"
9.78385557109067e-16,-2.14008576486005,0.076,0.292,3.58343494146767e-11,"KMO"
9.85048603778155e-16,-2.34164415251945,0.069,0.279,3.60783901619787e-11,"MGLL"
1.02605873983295e-15,1.62090183857692,0.736,0.552,3.75804274051216e-11,"DCAF6"
1.04221340252773e-15,-1.80260124964162,0.119,0.37,3.81721080809807e-11,"MYO10"
1.36607190342538e-15,1.19533913236463,0.916,0.799,5.0033749534858e-11,"NUCB2"
1.37653359791541e-15,-2.94750249007888,0.023,0.169,5.04169195572498e-11,"RGCC"
1.64883479239235e-15,-1.75895551153087,0.233,0.532,6.03902231061623e-11,"YBX3"
2.03743441817727e-15,-1.64340157719087,0.133,0.396,7.46230730001607e-11,"CDYL"
2.05414942858957e-15,-3.84519076083723,0.027,0.175,7.52352769715217e-11,"CXCL2"
2.25422551978213e-15,0.784932739205225,0.951,0.883,8.25632638875402e-11,"ATP5MPL"
2.7156923621364e-15,0.796040509911303,0.984,0.948,9.94649484556078e-11,"CRIP1"
2.7809663566885e-15,-0.932778758658455,0.219,0.545,1.01855673780073e-10,"BACE2"
3.23223181661191e-15,0.707909524237629,0.968,0.916,1.18383722515228e-10,"HNRNPA2B1"
3.41441953927944e-15,-1.61093637292993,0.268,0.565,1.25056530045649e-10,"ZNF292"
4.34827577729992e-15,1.69418195825346,0.609,0.312,1.59259948619387e-10,"RETREG1"
4.37627341834327e-15,0.687203240019897,1,1,1.6028539022024e-10,"MT-ND1"
4.42530608484979e-15,-2.92663944693236,0.046,0.221,1.62081260663708e-10,"CLCF1"
4.48070474393773e-15,-1.42567347822229,0.232,0.526,1.64110291951463e-10,"PITX1"
4.54168576896277e-15,0.862667078960357,0.943,0.877,1.6634378297403e-10,"ATP5MD"
5.01486187605483e-15,-2.19276345701575,0.075,0.286,1.83674331072384e-10,"ABCA1"
5.83954501420555e-15,-1.00542314601881,0.47,0.792,2.13879175690293e-10,"RAB11FIP1"
6.07712669463819e-15,-1.96524839385748,0.187,0.455,2.22580842317818e-10,"ERO1A"
7.47492554529901e-15,-0.872417457606954,0.561,0.838,2.73776623022122e-10,"CYSTM1"
7.89605645304298e-15,-1.96042199126109,0.063,0.26,2.89200963649152e-10,"TMEM45A"
8.62165062483851e-15,-1.66160591575019,0.361,0.643,3.15776575785335e-10,"ACTN1"
9.80454599910868e-15,-2.87236180893591,0.021,0.156,3.59101301763354e-10,"ADGRF4"
9.84628779313187e-15,0.559133796028318,0.988,0.987,3.60630136711248e-10,"RPS26"
1.10398115257518e-14,-1.50866662956212,0.258,0.571,4.04344136942186e-10,"MXD1"
1.20607282289865e-14,0.7157870334108,0.987,0.981,4.4173623211486e-10,"COX5B"
1.21572261583749e-14,-0.831750093910961,0.333,0.688,4.45270565276639e-10,"PLAAT4"
1.22106004354285e-14,0.894061448934245,0.863,0.727,4.47225451548004e-10,"NDUFB8"
1.40520139668197e-14,1.76095571821122,0.602,0.305,5.14669063548738e-10,"TXNIP"
1.40755064303916e-14,-2.03290927208813,0.125,0.377,5.15529498519522e-10,"SCGB2A1"
1.58990763312627e-14,-2.08928816104026,0.152,0.403,5.82319569708829e-10,"CHI3L2"
1.82649589905172e-14,-1.44872430935917,0.25,0.552,6.68972387986684e-10,"CXCL17"
1.90173440961869e-14,1.17223833179715,0.801,0.623,6.96529244866941e-10,"SNHG8"
2.19392881972346e-14,1.42237297785283,0.67,0.338,8.03548369511914e-10,"ESR1"
2.31135393193069e-14,-1.40486863114037,0.191,0.468,8.46556491108933e-10,"FNDC3B"
2.33471897984201e-14,-1.9729833844732,0.082,0.292,8.55114173556935e-10,"PLOD2"
2.66960929503161e-14,-0.881118798696931,0.494,0.805,9.77771100398277e-10,"TPBG"
2.70412450490943e-14,-1.75178806802018,0.09,0.312,9.90412641168129e-10,"RNF39"
2.73397749029929e-14,-1.0438704257317,0.412,0.734,1.00134659559702e-09,"ZBTB43"
2.77242847978504e-14,-4.58073851300782,0.007,0.104,1.01542965500607e-09,"C11orf96"
2.79151679433028e-14,-1.739899522166,0.073,0.279,1.02242094109141e-09,"LPCAT1"
2.89061583708146e-14,0.758138716685539,0.968,0.916,1.05871695648946e-09,"PRDX2"
3.06694829857175e-14,-4.71946894277126,0.007,0.104,1.12330048383489e-09,"ANGPTL4"
3.90690547485433e-14,-1.1089330522403,0.524,0.792,1.43094319922015e-09,"PAWR"
4.45631598128819e-14,-1.14992951444674,0.587,0.825,1.63217029130661e-09,"TRAF4"
4.49361309938723e-14,1.67655039126893,0.64,0.377,1.64583073378157e-09,"RERG"
4.52108350284848e-14,-2.3702114718023,0.05,0.227,1.65589204375329e-09,"GBP1"
4.67529949432531e-14,-2.6276003739197,0.058,0.24,1.71237519279159e-09,"TNFAIP3"
4.92679279723997e-14,0.533746289707173,0.978,0.974,1.80448712991711e-09,"TMA7"
5.64669245471175e-14,-0.969732575652508,0.766,0.903,2.06815757846273e-09,"CD59"
6.0467072984757e-14,-0.703468360068116,0.868,0.987,2.21466701513971e-09,"ATF4"
6.4048456842408e-14,-1.16397726461214,0.268,0.584,2.34583878031004e-09,"KDM6B"
6.60160136926283e-14,-2.59524043737326,0.035,0.188,2.4179025175062e-09,"CCDC71L"
6.63833800885785e-14,-3.07095217335185,0.051,0.227,2.43135767912428e-09,"HMOX1"
8.42647138644664e-14,-1.03997689549329,0.593,0.831,3.08627940999995e-09,"TUBA1C"
1.01228228032961e-13,-2.58656951995395,0.047,0.214,3.70758507993524e-09,"WNT9A"
1.12118633187802e-13,-1.57932989252151,0.543,0.773,4.10645705913645e-09,"KRT7"
1.19570002622752e-13,-2.68859985330926,0.035,0.188,4.37937091606093e-09,"EXPH5"
1.35455995037826e-13,-1.64270605506827,0.185,0.455,4.96121127425541e-09,"PLEKHO1"
1.39753609724856e-13,-2.65455741830888,0.067,0.253,5.11861570978258e-09,"RDH10"
1.45968863635729e-13,-1.29645463920519,0.194,0.481,5.34625559952222e-09,"CORO1C"
1.46466684764611e-13,0.784340684888972,0.952,0.916,5.36448879618863e-09,"COX5A"
1.52145568631386e-13,-3.28671790145834,0.015,0.13,5.57248359669316e-09,"LHFPL2"
1.57071927317825e-13,-1.405477514801,0.199,0.474,5.75291640994267e-09,"RMND5A"
1.58269365541267e-13,-1.6624566833305,0.154,0.409,5.79677378231445e-09,"ETS2"
1.63121179968982e-13,-2.51956762374226,0.05,0.221,5.97447633754392e-09,"F2RL1"
1.65265830035965e-13,-1.97162617710476,0.073,0.266,6.05302629089724e-09,"SPAG4"
1.71822236311944e-13,-1.37762053269812,0.347,0.636,6.29316122716126e-09,"JMJD1C"
1.97168000234144e-13,-1.52470806525898,0.267,0.545,7.22147517657575e-09,"ANKRD10"
2.04339275229991e-13,3.12018252701489,0.395,0.097,7.48413029457364e-09,"ALB"
2.08928613417531e-13,1.48906028083279,0.619,0.331,7.6522193950305e-09,"CMBL"
2.15395560195301e-13,-2.04318491130474,0.062,0.247,7.88907778771309e-09,"UPP1"
2.38552161593426e-13,-1.41513989591384,0.186,0.455,8.7372114705208e-09,"FLNA"
2.47895611118499e-13,-1.01818211066141,0.544,0.786,9.07942465282613e-09,"MGP"
2.53644912974199e-13,-0.935298996838716,0.95,0.981,9.28999858259301e-09,"CLDN4"
2.57931161076364e-13,-1.568910848649,0.244,0.519,9.44698670558291e-09,"ARID5B"
2.87166352807174e-13,-1.37872553304249,0.289,0.584,1.05177548379156e-08,"BCL10"
3.05787196548609e-13,-2.55690402657007,0.018,0.136,1.11997618607894e-08,"STX11"
3.17841600694504e-13,-1.13471572068233,0.335,0.617,1.16412664670369e-08,"TSPAN15"
3.19806180720042e-13,-1.16343872088953,0.483,0.734,1.17132211750522e-08,"AL121944.1"
3.359087290112e-13,0.649452260213147,0.951,0.896,1.23029931087642e-08,"ATP5F1D"
3.40180759964425e-13,-1.90752659483306,0.171,0.422,1.2459460514457e-08,"GSN"
3.41599588637704e-13,-1.63470995514412,0.147,0.39,1.25114265334445e-08,"CHML"
3.61340474604069e-13,-0.516642163201444,0.998,1,1.32344562228486e-08,"MYL6"
3.61503352505371e-13,0.833454796817557,0.951,0.896,1.32404217888617e-08,"JUNB"
3.97534226716468e-13,-0.901236912590388,0.527,0.799,1.45600885877173e-08,"CHMP2B"
4.14490836219472e-13,-1.32160701786542,0.288,0.578,1.51811413673744e-08,"RNF103"
4.2555321491572e-13,-1.24581018909033,0.423,0.701,1.55863120495032e-08,"CLIP1"
4.26653351420001e-13,-1.43573785113754,0.165,0.422,1.5626605649109e-08,"TCIM"
4.73093965785424e-13,-0.854540436048516,0.681,0.844,1.7327539590857e-08,"GOLGA4"
4.92815046766396e-13,-1.24969081583844,0.204,0.487,1.8049843902866e-08,"RRAGC"
5.39463254415781e-13,-0.377210948091533,0.285,0.643,1.97583811562324e-08,"SERPINA1"
5.43457033370705e-13,-1.77461135345085,0.17,0.403,1.99046573042354e-08,"SWAP70"
6.03271010937705e-13,-3.31199575794247,0.016,0.13,2.20954040466044e-08,"PXDC1"
6.6998385509071e-13,0.890713258582878,0.847,0.753,2.45388286765523e-08,"NDUFB1"
7.21577108860324e-13,-0.446779611514915,0.998,1,2.64284831891182e-08,"RPL24"
8.03571853790315e-13,1.24106325464706,0.786,0.63,2.94316227169241e-08,"NDUFS2"
8.65526851210204e-13,-2.40477808311503,0.03,0.169,3.17007864524249e-08,"PRKD3"
8.90529037017481e-13,2.43623172400063,0.455,0.162,3.26165165098022e-08,"HAUS1"
9.35811982732811e-13,-1.52505703735563,0.157,0.396,3.4275049679572e-08,"BCL2L12"
9.80834206064565e-13,-1.07574657665822,0.536,0.792,3.59240336313208e-08,"TRIB1"
1.0275929867461e-12,2.70973484748502,0.404,0.11,3.76366207325625e-08,"SERPINI1"
1.02942782965989e-12,-0.787618133349155,0.625,0.857,3.77038236891233e-08,"RAD23B"
1.04522051922557e-12,-1.62365869354991,0.363,0.662,3.82822467371558e-08,"CCN1"
1.10166280168901e-12,-1.45111564359809,0.177,0.422,4.03495017746619e-08,"EHF"
1.13369665531288e-12,-3.94691500424845,0.009,0.104,4.15227736974896e-08,"TMEM158"
1.14946099427238e-12,-1.32502617860519,0.292,0.578,4.21001583762201e-08,"OVOL1"
1.17171719963931e-12,-4.16398778948486,0.009,0.104,4.29153141539892e-08,"RNF128"
1.1805518467064e-12,-0.78626892153678,0.735,0.929,4.32388919374685e-08,"TMED9"
1.25644123084987e-12,-1.8713472005656,0.117,0.331,4.60184165211074e-08,"SMTN"
1.27365110574431e-12,0.692501209250185,0.947,0.909,4.66487453989911e-08,"COPS9"
1.27470929701259e-12,0.883121291883258,0.96,0.935,4.6687502712383e-08,"COX7B"
1.29096961959112e-12,-0.727091322429822,0.545,0.812,4.72830532871444e-08,"PLAAT3"
1.32194802239861e-12,3.0433805640039,0.374,0.091,4.84176682683716e-08,"SLC27A2"
1.32871888263373e-12,-1.99557838434625,0.041,0.195,4.8665657795343e-08,"AHNAK2"
1.47147927968253e-12,-2.2928336333808,0.071,0.253,5.38944000976525e-08,"LMO7"
1.58824950018183e-12,-2.96870788884963,0.009,0.104,5.81712261936598e-08,"EGFR"
1.62272832627003e-12,-1.41406508181673,0.344,0.61,5.9434047677966e-08,"CWC25"
1.86159146678543e-12,0.823330435718843,0.916,0.89,6.81826490624832e-08,"SLC9A3R1"
1.92452868539446e-12,-1.69684049348681,0.13,0.351,7.04877876312576e-08,"TES"
2.04016268891158e-12,0.887672210469055,0.828,0.727,7.47229986440754e-08,"CERS2"
2.15249113427502e-12,-0.874364672675567,0.771,0.922,7.88371402839568e-08,"PPP1R15A"
2.2955081216706e-12,0.971034799874949,0.901,0.844,8.40752804643073e-08,"MDH2"
2.6859738879153e-12,0.441765149475703,1,1,9.8376479618786e-08,"MT-CO1"
2.73974585401779e-12,-2.21105125694177,0.046,0.201,1.00345931649255e-07,"SPECC1"
2.75142721072568e-12,0.720286510181195,0.926,0.825,1.00773773020039e-07,"C12orf57"
2.79052658015697e-12,-1.6040767481716,0.177,0.429,1.02205826524829e-07,"MAFK"
3.09297539633829e-12,1.82865561401057,0.494,0.188,1.13283316866286e-07,"RBP1"
3.13355868780103e-12,-1.83510740181627,0.055,0.221,1.147697204994e-07,"RCAN1"
3.22400365560735e-12,1.77199189490863,0.66,0.448,1.18082357890275e-07,"CKB"
3.47888919166408e-12,-0.992370469365801,0.415,0.701,1.27417795533888e-07,"PDLIM5"
3.58899540365635e-12,-2.01649511261348,0.111,0.318,1.31450545654318e-07,"RELB"
3.63716011233016e-12,-0.976341593121292,0.508,0.76,1.33214626274205e-07,"CAPN2"
3.6964944658939e-12,-1.94757471463206,0.103,0.305,1.3538780630783e-07,"PDE4B"
3.70325284687369e-12,1.14785961826755,0.839,0.708,1.35635338769596e-07,"CHCHD10"
3.70432928884992e-12,-1.52340549602338,0.167,0.403,1.35674764533417e-07,"PPP2R2D"
3.72602332687566e-12,-1.41489092665931,0.37,0.643,1.36469330370148e-07,"TGIF1"
3.92077262429199e-12,0.631036936372522,0.953,0.909,1.43602218137318e-07,"OST4"
4.24420638280487e-12,-1.49510654178667,0.15,0.383,1.55448302976611e-07,"RRAS"
4.46560967244952e-12,0.397379689666939,1,1,1.63557419863136e-07,"RPS15"
4.78336852583431e-12,-1.76353982211758,0.078,0.266,1.75195655627207e-07,"RGMB"
4.88098055523289e-12,1.82219212077022,0.804,0.695,1.7877079381596e-07,"ATP5F1A"
4.95216742237524e-12,-0.994541033398839,0.43,0.727,1.81378084011916e-07,"IFNGR2"
5.06035308959777e-12,-2.60211483423111,0.039,0.182,1.85340492259608e-07,"LINC00511"
6.17173403105271e-12,-1.06779515150964,0.294,0.578,2.26045930621336e-07,"PPP2CB"
6.33707820004292e-12,-2.60255721133537,0.03,0.162,2.32101826154772e-07,"TNFAIP8"
6.58423378357379e-12,2.55957388951898,0.402,0.123,2.41154146557174e-07,"RGS16"
6.98693835374415e-12,1.01299075725614,0.75,0.584,2.55903604144233e-07,"VAMP2"
7.01048508811409e-12,-0.800176651248813,0.909,0.981,2.56766026837266e-07,"LMNA"
7.141823384244e-12,-2.23957104819284,0.067,0.24,2.61576423271321e-07,"CRYBG1"
7.67402347441705e-12,-1.37077417031159,0.212,0.468,2.81068783773999e-07,"EHD1"
8.43104930502602e-12,-0.771150533526708,0.732,0.922,3.08795611845883e-07,"TPM4"
9.50847257836411e-12,-1.22274397492995,0.267,0.532,3.48257316655164e-07,"TAX1BP3"
9.71866459145146e-12,0.509627543277991,1,1,3.55955809326501e-07,"MT-ATP6"
9.80490343716371e-12,-1.06589044524703,0.268,0.558,3.59114393289558e-07,"VCL"
9.98488702398108e-12,-1.05737012210514,0.381,0.662,3.65706472140331e-07,"RYBP"
1.03334368308942e-11,-0.732858961032917,0.292,0.604,3.78472457368331e-07,"CFB"
1.14272757445589e-11,-0.744551329192415,0.732,0.896,4.18535401420213e-07,"LRRFIP1"
1.16320236804726e-11,-4.08529422921873,0.025,0.143,4.26034499320989e-07,"S100A7"
1.2112631799084e-11,-0.907798728708359,0.474,0.753,4.4363725227325e-07,"UGDH"
1.28985563852269e-11,-0.547266679004053,0.392,0.753,4.7242252616532e-07,"BST2"
1.3127570310082e-11,1.01407422613433,0.774,0.552,4.80810390177062e-07,"PRSS23"
1.39894580170894e-11,-3.30182258152702,0.02,0.13,5.12377889333917e-07,"CRABP1"
1.42662475791262e-11,-0.73063150962666,0.261,0.558,5.22515583833077e-07,"DUSP4"
1.60564116471522e-11,-0.668110858068724,0.773,0.896,5.88082132988598e-07,"PRELID1"
1.6456481792241e-11,0.74820097260724,0.904,0.812,6.02735102122618e-07,"PTMS"
1.65065159497242e-11,-1.43568880882232,0.178,0.416,6.045676531746e-07,"DIAPH1"
1.9181843816988e-11,0.846117968819257,0.863,0.74,7.02554211641001e-07,"CAPG"
2.02710270752111e-11,-0.87951281458223,0.418,0.701,7.42446637656683e-07,"SERINC2"
2.0463349033798e-11,-1.89962130022056,0.042,0.188,7.49490621711884e-07,"ZCCHC2"
2.05349579513453e-11,-0.473816754870297,0.994,1,7.52113369925972e-07,"CFL1"
2.07920822783493e-11,-2.02269411683617,0.096,0.286,7.61530805526823e-07,"SDR16C5"
2.10923223093856e-11,-0.905515000667156,0.671,0.864,7.72527396903556e-07,"MUC1"
2.18166910400193e-11,-1.83293592809072,0.075,0.253,7.99058126031748e-07,"ARHGAP29-AS1"
2.27137945639257e-11,2.67456543103365,0.356,0.091,8.31915439698342e-07,"AGTR1"
2.27292798220927e-11,-1.30659891530889,0.393,0.649,8.32482602763969e-07,"CD55"
2.34024697078985e-11,-1.6106486783772,0.36,0.643,8.57138855521489e-07,"GDF15"
2.39509549298431e-11,-1.49315134050434,0.614,0.812,8.77227675260434e-07,"TSC22D1"
2.79259876259042e-11,0.896772498705336,0.991,0.987,1.02281722278637e-06,"SOD1"
2.89369317377964e-11,-2.14612255943354,0.05,0.201,1.05984406182853e-06,"SPSB1"
2.94657979554833e-11,-0.839355891143219,0.553,0.779,1.07921431591753e-06,"LITAF"
3.04454326722195e-11,0.866745037501624,0.905,0.831,1.11509441705271e-06,"TCEAL4"
3.05631235251084e-11,-1.53557328154601,0.196,0.442,1.11940496223062e-06,"SLC25A37"
3.08147529424385e-11,-1.61920092018487,0.108,0.312,1.12862114126975e-06,"RESF1"
3.08423406927792e-11,-1.16120016782342,0.315,0.591,1.12963157021373e-06,"CHD1"
3.11359233664046e-11,-0.985486244881921,0.427,0.682,1.14038432921794e-06,"VASP"
3.32990058565356e-11,0.979183038881413,0.784,0.623,1.21960938850147e-06,"HACD3"
3.51621835737909e-11,-0.979318614567489,0.402,0.682,1.28785013557367e-06,"RPS6KB2"
3.52144771729672e-11,-1.14446178647198,0.357,0.63,1.2897654409371e-06,"KRAS"
3.5889611172696e-11,-1.32917801137645,0.138,0.357,1.31449289881116e-06,"CXCL16"
3.5954916074686e-11,-1.18842974966292,0.22,0.468,1.31688475615145e-06,"GNG12"
3.82237920441041e-11,0.506121828348369,0.974,0.935,1.39998460740736e-06,"UQCR11"
3.92997968083581e-11,0.503319128396087,0.979,0.955,1.43939435790292e-06,"PEBP1"
4.01661240840279e-11,-1.37918151618201,0.164,0.39,1.4711244607016e-06,"ZDHHC7"
4.08932009434563e-11,-1.46744772113803,0.182,0.416,1.49775437775503e-06,"PALLD"
4.23240231849002e-11,0.777573492793059,0.82,0.682,1.55015967317016e-06,"PBX1"
4.45739093023152e-11,-1.45326039128915,0.233,0.481,1.63256400210659e-06,"TENT5A"
4.47827057541362e-11,-1.98626424464819,0.085,0.266,1.64021138095099e-06,"OPN3"
4.71086914762531e-11,-1.36900340025297,0.171,0.409,1.72540293400925e-06,"ZYX"
4.71906077760945e-11,1.32494269750154,0.867,0.831,1.72840320040724e-06,"YWHAQ"
4.90424345745439e-11,2.21536487488166,0.375,0.104,1.79622820872725e-06,"LDOC1"
5.03690808123182e-11,-2.96658644586621,0.016,0.117,1.84481795383197e-06,"ACHE"
5.16222622193497e-11,2.42600933880816,0.381,0.11,1.8907169760459e-06,"CST5"
5.91685678781298e-11,0.845721186717964,0.827,0.721,2.16710796710438e-06,"LSM4"
6.04850145652552e-11,-1.6223255688871,0.077,0.253,2.21532414346704e-06,"BTG3"
6.11383728380073e-11,-0.995569235353896,0.398,0.662,2.23925404356486e-06,"BDP1"
6.4021119086549e-11,-3.68518048755534,0.037,0.169,2.34483750766395e-06,"S100A8"
6.456564542615e-11,-1.40192309901287,0.127,0.338,2.36478132937817e-06,"EPPK1"
6.96018729032699e-11,0.735464059378027,0.827,0.708,2.54923819695516e-06,"MLPH"
7.15986126389867e-11,-1.57178123044885,0.062,0.227,2.62237078651553e-06,"RASAL2"
7.8702071394085e-11,-0.980982858649102,0.305,0.604,2.88254206687976e-06,"GLRX"
8.02350789284511e-11,0.545210349559659,0.988,0.994,2.93869000083345e-06,"RPS29"
8.22817794357322e-11,-0.620209768324862,0.944,0.981,3.01365245361313e-06,"TPI1"
8.47507522618304e-11,0.761554092819391,0.965,0.948,3.1040810523418e-06,"ATP5MC3"
9.06622718837105e-11,-1.08782774494431,0.288,0.539,3.32059637001278e-06,"CD74"
9.1388359667547e-11,-1.12336146479067,0.289,0.545,3.34719006118358e-06,"RICTOR"
9.43204855545313e-11,0.809820737735111,0.856,0.786,3.45458210392026e-06,"TECR"
9.45457981791801e-11,-1.05938213371337,0.399,0.675,3.46283440411065e-06,"TIPARP"
9.88339381272762e-11,-0.624236864465632,0.895,0.948,3.61989181784962e-06,"ATP6V0E1"
1.02285438973499e-10,-1.29458685058224,0.18,0.416,3.74630648784338e-06,"ADAM9"
1.05217688346439e-10,-1.69290374003782,0.11,0.305,3.85370305337667e-06,"STK38L"
1.05875392577137e-10,-1.89795054940827,0.12,0.318,3.87779212853023e-06,"NRARP"
1.06005541766154e-10,-1.96724427092852,0.049,0.195,3.88255897272715e-06,"ICAM1"
1.0986983697347e-10,-0.861682232085895,0.623,0.844,4.02409264899029e-06,"MYO6"
1.13075929009481e-10,-0.949479858929654,0.419,0.682,4.14151897590126e-06,"CALU"
1.17505729785077e-10,-2.95766659573199,0.065,0.221,4.30376485910823e-06,"TINAGL1"
1.19142659980806e-10,1.46182896264631,0.644,0.5,4.36371906445701e-06,"SUSD3"
1.2109556562648e-10,-0.99432766339743,0.365,0.636,4.43524618663546e-06,"CARHSP1"
1.29496454615828e-10,-1.00230040983422,0.247,0.519,4.74293714675931e-06,"STX3"
1.32469550385618e-10,-1.47305152817096,0.181,0.409,4.85182975242364e-06,"SYTL2"
1.34094605971529e-10,-1.06195100109656,0.35,0.617,4.91134903831321e-06,"AKAP17A"
1.37289220986829e-10,-2.26949078617285,0.057,0.208,5.02835500786359e-06,"TTYH1"
1.37518625731776e-10,-1.18141915751927,0.186,0.422,5.03675718605203e-06,"STK17A"
1.50494423565312e-10,2.09107704987249,0.506,0.266,5.51200875750313e-06,"GADD45G"
1.56914840377799e-10,-1.3863096016494,0.201,0.429,5.74716294367727e-06,"COBLL1"
1.63090690408178e-10,-2.81038554533178,0.015,0.11,5.97335962688993e-06,"SLC34A2"
1.6341914062846e-10,-2.4632438745917,0.054,0.201,5.98538944465798e-06,"TNFRSF21"
1.66528395515153e-10,-1.00731640804969,0.34,0.604,6.09926901413798e-06,"DNAJC2"
1.67081411865106e-10,-0.811896802599654,0.516,0.779,6.11952379097138e-06,"NPC2"
1.7130226674808e-10,0.703888464121977,0.895,0.851,6.27411682191518e-06,"FKBP4"
1.71535885714731e-10,-1.30864242408119,0.195,0.429,6.28267335018773e-06,"RIN2"
1.72800510343062e-10,-0.590407902373142,0.696,0.89,6.32899149182501e-06,"SYAP1"
1.82735241132324e-10,-0.826282266348329,0.429,0.708,6.69286094171249e-06,"NFKBIZ"
1.83854697660439e-10,-0.752297346872459,0.289,0.591,6.73386215651123e-06,"GOLM1"
1.88226708049897e-10,-1.54450636202956,0.091,0.273,6.89399140903551e-06,"VASN"
1.98558085493462e-10,-1.28046576449179,0.187,0.416,7.27238843928355e-06,"RNF24"
2.00182893452481e-10,-0.860857834832968,0.296,0.565,7.33189865559058e-06,"PMP22"
2.15861204612817e-10,-0.54253226366712,0.965,0.987,7.90613248014904e-06,"PABPC1"
2.2296287946833e-10,-0.911771023438013,0.779,0.896,8.16623842340706e-06,"CSTB"
2.24132969203158e-10,0.592088275531905,0.937,0.942,8.20909413003486e-06,"ATP5MG"
2.32410935884429e-10,-1.59062866381034,0.088,0.266,8.5122829377031e-06,"HLA-DMA"
2.46774819945969e-10,-1.75861111107132,0.075,0.24,9.03837455534106e-06,"CD40"
2.52322146764218e-10,1.25002531120981,0.667,0.513,9.24155094738624e-06,"CSAD"
2.53976042102582e-10,-1.37587929022829,0.144,0.351,9.30212651804918e-06,"SLC6A8"
2.69589806705507e-10,0.620466024755074,0.942,0.935,9.87399626039588e-06,"MRFAP1"
2.70342996438718e-10,-0.662750738316704,0.637,0.844,9.90158258756448e-06,"METTL9"
2.76058581301372e-10,-0.341753994931172,1,1,1.0110921598744e-05,"RPS15A"
2.83662241134079e-10,0.356172645514797,1,1,1.03894132437768e-05,"RPLP1"
2.91497544530211e-10,-0.879147178239745,0.336,0.617,1.06763890659635e-05,"USP9X"
2.95695204307367e-10,-1.0333000754235,0.302,0.558,1.08301325529616e-05,"MAFG"
3.00939330627002e-10,0.414297957349546,0.993,0.987,1.10222039235446e-05,"COX4I1"
3.20010084861743e-10,-0.71625810277344,0.351,0.649,1.17206893681462e-05,"KMT2C"
3.22404432667472e-10,-1.28413713782351,0.233,0.474,1.18083847508788e-05,"SLC2A1"
3.36887920279866e-10,-0.507404501704099,0.898,0.961,1.23388569681704e-05,"RHOA"
3.41204063968043e-10,-0.827985278267795,0.537,0.831,1.24969400468935e-05,"ATF3"
3.45230890520192e-10,-1.15694126918728,0.129,0.338,1.26444265961926e-05,"TNFRSF10B"
3.49678491971843e-10,-1.00264230437768,0.337,0.61,1.28073244469607e-05,"VEGFA"
3.56360402628577e-10,-1.09251847712066,0.201,0.435,1.30520561066742e-05,"ZDHHC9"
3.64515109414031e-10,-1.05379554923084,0.263,0.519,1.33507303973983e-05,"C16orf72"
3.8623235699374e-10,-1.20890492205713,0.16,0.39,1.41461463072527e-05,"ZSWIM6"
3.99824377594124e-10,0.825309820853117,0.832,0.721,1.46439676537624e-05,"SLIRP"
4.16531061594251e-10,-1.79457365935174,0.055,0.201,1.5255866661951e-05,"FADS3"
4.26253873486331e-10,-1.71056945395751,0.094,0.273,1.56119743703104e-05,"NBPF14"
4.35103125782247e-10,-1.09319270656453,0.232,0.481,1.59360870849006e-05,"FGFR1"
4.40781025186449e-10,1.38723209170276,0.687,0.539,1.61440458284789e-05,"RSBN1L"
4.64418671632979e-10,-0.927151754155768,0.27,0.539,1.70097982672295e-05,"KCMF1"
4.86604410544456e-10,1.77279894401978,0.512,0.292,1.78223731406013e-05,"GGA2"
4.91105966480314e-10,-1.60777684394638,0.101,0.279,1.7987247128308e-05,"CXCR4"
5.28143366945723e-10,0.826394713291268,0.86,0.74,1.93437789577541e-05,"STARD10"
5.28569574698032e-10,-0.500998441568927,0.899,0.974,1.93593892428901e-05,"YWHAZ"
5.55550187980943e-10,-1.61061390032404,0.258,0.481,2.034758118499e-05,"H4C8"
5.63327815589568e-10,0.860602057043623,0.806,0.675,2.06324445737835e-05,"ATP5F1C"
5.9659625198302e-10,0.911953439754724,0.777,0.688,2.18509343251301e-05,"DPY30"
6.08030935652957e-10,-1.40219777487014,0.16,0.377,2.22697410492252e-05,"BAIAP2L1"
6.57826559104805e-10,1.92257257876025,0.342,0.084,2.40935555537726e-05,"NEFH"
6.63054301366974e-10,-0.708613174703724,0.917,0.948,2.42850268418668e-05,"LDHA"
6.94578133936629e-10,-2.3454471314539,0.035,0.156,2.5439618733563e-05,"MACC1"
7.46449823614734e-10,-3.67773466292147,0.02,0.117,2.73394712397132e-05,"PAEP"
7.69777033772742e-10,0.807452421823656,0.814,0.708,2.81938536389604e-05,"PET100"
7.74040440097632e-10,-1.0739482769354,0.154,0.364,2.83500051590159e-05,"PCAT6"
8.22035044821838e-10,-1.40908650881408,0.076,0.24,3.01078555516446e-05,"SNX18"
8.22779623785284e-10,-0.601485934223548,0.804,0.922,3.01351265007598e-05,"PRRC2C"
9.29176978028696e-10,-0.925225341946202,0.214,0.455,3.4032035997279e-05,"FXYD5"
9.33424578336679e-10,-1.5179746301493,0.103,0.292,3.41876086061592e-05,"CAMSAP1"
1.00702551822534e-09,-0.655995839203862,0.62,0.851,3.68833166305215e-05,"RBCK1"
1.02051326811708e-09,-0.771696323332223,0.476,0.727,3.73773189580564e-05,"RUNX1"
1.0627867173374e-09,-1.2171487914302,0.131,0.331,3.89256263091995e-05,"SLC4A7"
1.08590023746478e-09,1.61750099227581,0.563,0.377,3.97721820973849e-05,"PDCD4"
1.14766491786324e-09,-0.642313224409038,0.653,0.909,4.20343752816592e-05,"ZFAND5"
1.20669078777269e-09,-0.931873200943372,0.384,0.63,4.41962567929625e-05,"ALDOA"
1.21337152947968e-09,-1.33472061639312,0.143,0.344,4.44409456387229e-05,"ZMYM5"
1.22532615180969e-09,0.456263494622689,0.952,0.922,4.48787956361816e-05,"POLR2L"
1.32292696044086e-09,0.821242865211466,0.779,0.649,4.84535228531071e-05,"SRSF7"
1.32597256190079e-09,-0.754809712511523,0.219,0.468,4.85650710521783e-05,"PPP1R1B"
1.36703496529013e-09,-1.01796279908947,0.28,0.539,5.00690226387161e-05,"PHLDA3"
1.38145341434093e-09,-0.465223162903586,0.965,0.987,5.05971127536509e-05,"RAC1"
1.47130632999753e-09,0.379694757648048,0.988,0.961,5.38880656424895e-05,"UBB"
1.51354279575737e-09,-1.34724836036449,0.18,0.39,5.54350184374095e-05,"SERINC5"
1.58608978625651e-09,-1.34680922808223,0.448,0.682,5.80921245114308e-05,"ZFP36L2"
1.58962817222271e-09,0.412611984797878,1,1,5.82217214358291e-05,"MT-ND4"
1.6304722192247e-09,-1.27714361697842,0.146,0.351,5.9717675501324e-05,"CRY1"
1.65136742843548e-09,-2.31249508280191,0.022,0.123,6.04829834338778e-05,"RTKN2"
1.76083431988848e-09,0.567946285717766,0.876,0.831,6.44923178002355e-05,"NDUFA7"
2.23225313424577e-09,-0.889655627742773,0.295,0.552,8.17585032948856e-05,"TNFRSF18"
2.25626548751734e-09,-1.11427349489869,0.179,0.396,8.26379797458102e-05,"NEK6"
2.29930525552679e-09,-1.92396803959138,0.036,0.156,8.42143542889242e-05,"PELI1"
2.3187048947749e-09,-0.724381919858562,0.623,0.812,8.49248854760254e-05,"PPP1R14B"
2.37227623616132e-09,-1.42846461229875,0.139,0.331,8.68869894256445e-05,"HOMER1"
2.38072607520413e-09,1.15354533133096,0.706,0.591,8.71964732304266e-05,"DANCR"
2.43057255272568e-09,-2.43986010119882,0.041,0.162,8.90221503161307e-05,"PHEX"
2.46228514415763e-09,-0.908984515542625,0.483,0.708,9.01836556899172e-05,"WEE1"
2.58755880605506e-09,-0.804842727896998,0.442,0.688,9.47719288305726e-05,"RNF213"
2.63819266231406e-09,-1.05909650419281,0.213,0.435,9.66264444499149e-05,"TFRC"
2.67739968024064e-09,2.00967716336925,0.394,0.156,9.80624406884936e-05,"SERPINA5"
2.71886126128133e-09,-1.37636105742344,0.131,0.325,9.95810125556901e-05,"LAMC1"
2.74699024987983e-09,-0.961330121379305,0.432,0.682,0.000100611264892099,"MAL2"
2.77984479099357e-09,0.645814956857687,0.863,0.792,0.00010181459531493,"SRSF3"
2.82107550461764e-09,-1.2408859848943,0.116,0.305,0.000103324711432126,"USP12"
2.9125021103963e-09,-0.918830084832015,0.297,0.539,0.000106673302295375,"HBP1"
2.92476958798515e-09,0.527906553397953,0.98,0.948,0.000107122610929544,"SNHG29"
3.03717049485295e-09,-1.38437556794272,0.108,0.286,0.000111239406544484,"PDLIM7"
3.03899545219681e-09,-1.15142535881019,0.077,0.24,0.00011130624743216,"DOT1L"
3.08375091741661e-09,-1.55092380628128,0.062,0.208,0.000112945461101301,"GAS6"
3.20966777962828e-09,-1.66832915111669,0.019,0.11,0.000117557292096665,"GLYATL2"
3.2615309720236e-09,-3.25585240456398,0.016,0.104,0.000119456833381336,"SPHK1"
3.32598169269192e-09,-1.05836694998543,0.236,0.461,0.000121817405476534,"MAPK6"
3.33892380209997e-09,-0.603588143999154,0.732,0.903,0.000122291423175714,"UBE2I"
3.39711071931169e-09,-1.54631896777015,0.142,0.331,0.00012442257720551,"AP5B1"
3.44737622232281e-09,-1.34354064085562,0.082,0.247,0.000126263601518795,"RNF223"
3.5573407443577e-09,1.63372268177632,0.407,0.162,0.000130291162102845,"NFATC4"
3.6605997825098e-09,-1.11690450962177,0.288,0.519,0.000134073127634204,"RPL39L"
3.82626033021783e-09,1.28900672540194,0.556,0.331,0.000140140610854558,"STMN1"
4.1123296341621e-09,0.650892132375968,0.974,0.961,0.000150618185180821,"UQCRH"
4.39955070957687e-09,-0.943108268245814,0.168,0.39,0.000161137944288962,"ITPKC"
4.52544611079963e-09,-1.39355406510363,0.096,0.266,0.000165748989254147,"KBTBD2"
4.56374453870895e-09,-0.840806288424016,0.325,0.565,0.000167151707474754,"WASL"
4.62647807232699e-09,0.895615428069232,0.72,0.597,0.000169449385877048,"TCEAL3"
4.62863907828448e-09,1.3395521074457,0.626,0.468,0.000169528534881247,"SDHB"
4.8400902423716e-09,-0.979182831224473,0.242,0.481,0.000177273145217102,"RHOBTB3"
4.95352394780368e-09,-2.29727921695846,0.035,0.149,0.000181427768112258,"PRKCA"
5.03585434987881e-09,-0.67320622063756,0.68,0.851,0.000184443201418661,"RHEB"
5.11125470562535e-09,-1.04391466122668,0.29,0.539,0.000187204814848234,"VWA1"
5.36258931555984e-09,-1.16297386783501,0.208,0.429,0.000196410196271695,"MGAT1"
5.37729639522248e-09,0.765355988679744,0.784,0.656,0.000196948857771418,"MRPS26"
5.66592487222923e-09,-0.895971114136542,0.185,0.403,0.000207520164370268,"SUN2"
5.69986765552454e-09,0.449047511554761,0.988,0.981,0.000208763352751242,"COX6B1"
5.73166988045152e-09,0.829089505113765,0.903,0.857,0.000209928141041417,"ATP5F1B"
5.87753652078792e-09,-0.95053456452903,0.374,0.597,0.000215270652610378,"IDS"
6.1252312039972e-09,-0.740628565584881,0.574,0.805,0.000224342718077602,"CTTN"
6.39472619643738e-09,-1.3870454899066,0.146,0.338,0.000234213241670715,"CEACAM1"
6.41310630913905e-09,-1.26779361700717,0.237,0.448,0.000234886431678527,"OCLN"
6.41347066772801e-09,0.732999447317739,0.813,0.688,0.000234899776676206,"PSME1"
6.41975890451607e-09,-0.54244057869387,0.801,0.922,0.000235130089636805,"ARPC2"
6.60776951557494e-09,0.58941136255195,0.883,0.812,0.000242016166277448,"ATP5MC1"
6.87983309812421e-09,0.465276800184938,0.932,0.903,0.000251980767051897,"SELENOH"
6.91050208554642e-09,1.17670281716245,0.745,0.584,0.000253104049385223,"HES1"
7.04384435863828e-09,-1.31302220492156,0.109,0.286,0.000257987843479486,"SVIL"
7.10828452109667e-09,-0.539280903931459,0.867,0.935,0.000260348028869687,"MTDH"
7.2671094084809e-09,-0.831105373568768,0.31,0.552,0.000266165149195021,"C1orf21"
7.3457842510606e-09,-0.363394826479193,1,1,0.000269046693979346,"RPS14"
7.40184612807734e-09,-0.949925357827436,0.356,0.604,0.000271100016286961,"LMTK3"
7.46426996931156e-09,-2.70943448278856,0.022,0.117,0.000273386351896005,"PFKP"
7.49147989894344e-09,1.14115919860446,0.543,0.325,0.000274382942778702,"NBDY"
7.57124778689142e-09,-0.899017534652434,0.33,0.578,0.000277304521442685,"PDXK"
7.57382384288143e-09,-0.790090238951276,0.517,0.753,0.000277398872069375,"WDR1"
7.60882935858382e-09,0.624808685337991,0.895,0.883,0.000278680984087491,"ERH"
7.72909915710892e-09,0.383218249540783,0.991,1,0.000283085985728271,"RPS28"
7.78503560045105e-09,0.532678630709876,0.906,0.825,0.00028513471390212,"GPX1"
7.81005086378255e-09,-1.8633588266546,0.085,0.24,0.0002860509229369,"TDRP"
8.13487052196911e-09,1.41968476450621,0.502,0.292,0.000297947767737641,"C15orf61"
8.37170553095783e-09,0.557485993952246,0.938,0.916,0.000306622086776861,"NUCKS1"
8.80570632511595e-09,-1.11260687815694,0.257,0.487,0.000322517799863697,"LRIF1"
8.87884863032509e-09,-1.86230372641122,0.042,0.162,0.000325196709934287,"MYO1B"
8.92574053216552e-09,-1.0919072828148,0.276,0.506,0.000326914172731094,"LENG8"
9.15199437307114e-09,-0.721742639133432,0.501,0.747,0.000335200945908104,"PLPP2"
9.35893765740015e-09,-0.782382639873725,0.364,0.63,0.000342780450639938,"MAP4"
9.52026148909373e-09,-1.38993209874777,0.126,0.318,0.000348689097299547,"GEM"
9.85874052845532e-09,-1.31709365077017,0.184,0.383,0.000361086230595204,"C3orf52"
9.95911557795456e-09,-0.737510495787275,0.496,0.753,0.000364762567158164,"CTNNA1"
1.00890110432902e-08,-3.09485667170056,0.032,0.136,0.000369520118471546,"NXPH4"
1.02244826754411e-08,0.434600117981418,0.95,0.922,0.000374481902470704,"NEDD8"
1.02537802398705e-08,-0.664445147396472,0.543,0.76,0.000375554955065497,"CHMP1B"
1.04598590553099e-08,-1.43118192303248,0.151,0.338,0.000383102797759779,"TEAD2"
1.06639121122144e-08,0.602310919312461,0.933,0.89,0.000390576445021963,"NDUFA1"
1.07681280243432e-08,-0.612414070486638,0.529,0.812,0.000394393457019596,"MAFF"
1.11079938858924e-08,0.68850124010689,0.898,0.864,0.000406841384064696,"PHPT1"
1.12622338193532e-08,1.17087904125833,0.601,0.416,0.000412490575867629,"MSI2"
1.12795828935146e-08,-0.945570368748237,0.351,0.578,0.000413126003057867,"RAB9A"
1.1695904672971e-08,-0.97436155143389,0.281,0.519,0.000428374204552236,"GADD45A"
1.17923661871999e-08,0.667237427337915,0.863,0.812,0.000431907203972384,"DDT"
1.1919468766527e-08,-1.23111382430062,0.136,0.325,0.000436562463042818,"ROCK2"
1.20416483100307e-08,-0.899098056939046,0.299,0.552,0.000441037411003186,"KPNA4"
1.21731517377123e-08,0.941746759294632,0.801,0.792,0.00044585385554545,"TMEM160"
1.22151512733845e-08,-1.19981675427994,0.064,0.208,0.000447392130538981,"HBEGF"
1.26647987726595e-08,-0.499353974068546,0.867,0.948,0.000463860919847428,"EIF1AX"
1.27264502644459e-08,-0.796906128031888,0.379,0.63,0.000466118967385596,"TMF1"
1.28718065998081e-08,1.21095144203982,0.614,0.442,0.00047144278852457,"FKBP3"
1.32859087849734e-08,0.589870398502053,0.951,0.961,0.000486609695158436,"HSBP1"
1.3324310570095e-08,2.62079111108823,0.253,0.045,0.000488016198940301,"HOXB8"
1.37613817255888e-08,-1.49922499300314,0.065,0.208,0.000504024367081414,"MICAL3"
1.41986026846876e-08,0.938401636702995,0.697,0.578,0.000520038021929368,"IGFBP4"
1.42323055576819e-08,0.917599538570315,0.725,0.604,0.000521272423355656,"GTF2H5"
1.48813358907197e-08,0.672558160239029,0.844,0.851,0.000545043808333498,"HMGN2"
1.50748578833399e-08,-1.06378017989193,0.173,0.377,0.000552131744835206,"KCTD20"
1.52628283482664e-08,-1.17811618175404,0.075,0.227,0.000559016351083607,"ANKRD50"
1.5290397462929e-08,0.545340048977294,0.898,0.857,0.000560026097477237,"RBX1"
1.53010835123462e-08,-0.706680690834789,0.513,0.76,0.000560417484723193,"CAST"
1.5349545241084e-08,-0.947048290728838,0.185,0.396,0.000562192443999944,"ESYT2"
1.62151939551546e-08,-2.36111644156327,0.026,0.123,0.000593897693801491,"SP140L"
1.74713484890863e-08,-1.10937512299832,0.655,0.786,0.000639905609761273,"PIM3"
1.82733142224772e-08,-1.65477557372748,0.08,0.227,0.000669278406712452,"SMURF1"
1.82822736956999e-08,-1.26389511771462,0.192,0.396,0.000669606556378704,"SPATA13"
1.85104493432836e-08,-0.948901777035007,0.211,0.429,0.000677963717647104,"IFNAR1"
1.86339750562673e-08,-1.19104484515737,0.195,0.403,0.000682487970410848,"CDKN1B"
1.95603059001669e-08,-1.97590105446737,0.229,0.422,0.000716415763899511,"NDRG1"
2.08402389457972e-08,0.955812228717431,0.745,0.669,0.000763294591628769,"COA3"
2.08718151815618e-08,-1.71450446284985,0.032,0.136,0.000764451102839883,"KYNU"
2.12525728985588e-08,1.3052399626689,0.702,0.578,0.000778396734982614,"HEBP1"
2.15368159772064e-08,-0.800690752602324,0.415,0.662,0.000788807421981162,"AKIRIN1"
2.15425371682421e-08,-0.757097253139456,0.994,0.987,0.000789016966324035,"FTL"
2.19032246847632e-08,-0.891083299763235,0.45,0.675,0.000802227507304136,"WDR45B"
2.19437517483916e-08,-0.941584246825486,0.324,0.552,0.00080371185153659,"NFE2L2"
2.2598160874843e-08,-0.721526017864891,0.464,0.721,0.000827680240201999,"ARPC1B"
2.28481594152972e-08,-0.654236553234258,0.683,0.87,0.000836836686744676,"MAP1LC3B"
2.36210990717497e-08,-1.22357151526258,0.166,0.357,0.000865146374601905,"ZNF224"
2.37105197584871e-08,-1.55399690474774,0.171,0.357,0.00086842149667435,"SCARB1"
2.42302788827638e-08,-0.836993483845757,0.46,0.688,0.000887458194360106,"HNRNPAB"
2.44059429433823e-08,-0.829282184576205,0.263,0.513,0.00089389206624432,"GNA13"
2.44548800731593e-08,-1.15983781597872,0.137,0.318,0.000895684437559531,"NOTCH2"
2.47446849539332e-08,-1.88109507494634,0.055,0.182,0.000906298831122759,"CLIC6"
2.49077652538693e-08,2.29991792462695,0.28,0.071,0.000912271810188215,"IGSF21"
2.52995608142522e-08,0.258956221570415,0.999,1,0.0009266217143828,"RPL41"
2.60070104032039e-08,0.365424684378143,0.995,1,0.000952532763027744,"RPS21"
2.61190307540056e-08,-1.18216294591446,0.136,0.318,0.000956635620396211,"SEC24A"
2.61777945514882e-08,-0.802894757082318,0.294,0.545,0.000958787903242807,"AL445524.1"
2.66366164077607e-08,0.981610214051325,0.56,0.325,0.000975592712550642,"FBP1"
2.66876920189342e-08,0.283897528782457,0.998,1,0.000977463407885484,"RPS27A"
2.66996915212162e-08,-1.05998713548078,0.158,0.351,0.000977902901656065,"SLC20A2"
2.71482260618231e-08,-0.938335897339362,0.354,0.571,0.000994330927740332,"WASF2"
2.74483862221205e-08,-1.70449477708813,0.05,0.175,0.00100532459377139,"TNF"
2.771813505331e-08,-0.39486828975683,0.292,0.591,0.00101520441446253,"ARHGDIB"
2.81570480144677e-08,-2.63943324430126,0.027,0.123,0.00103128004057789,"BST1"
2.83350373870398e-08,1.29856054448772,0.52,0.312,0.00103779907933772,"EBP"
2.84640046309892e-08,-1.88387927094493,0.069,0.208,0.00104252263361461,"EPOP"
2.90346634549847e-08,-0.868159972902495,0.331,0.558,0.00106342358370227,"DAAM1"
2.92850402524962e-08,0.826315076026545,0.745,0.617,0.00107259388428793,"HINT2"
2.95457846317883e-08,-0.868178381083772,0.364,0.61,0.00108214390792388,"HLA-E"
2.98610951740387e-08,-1.50676679507851,0.061,0.195,0.00109369247184434,"SGMS2"
3.02192530126317e-08,-1.88279698634658,0.109,0.266,0.00110681036084065,"PPP1R14D"
3.04554848371505e-08,-0.441797128884049,0.808,0.961,0.00111546258764547,"EIF4G2"
3.08030512145584e-08,-1.44915433372065,0.085,0.24,0.00112819255378442,"STK40"
3.10796894885683e-08,-1.36555611682928,0.274,0.487,0.0011383247072083,"POLR1F"
3.14308203367639e-08,0.535661390349611,0.927,0.896,0.00115118522565432,"MZT2A"
3.15615268232913e-08,-0.877129957025054,0.294,0.519,0.00115597248142987,"FAM214A"
3.19439123078343e-08,-1.21163815300442,0.131,0.312,0.00116997773218674,"TP53BP2"
3.21741578299647e-08,-0.842152632592706,0.574,0.766,0.00117841070468029,"ANKRD12"
3.25334919863304e-08,-0.540238451040332,0.612,0.831,0.00119157167749134,"TFG"
3.44238962216685e-08,0.555000067890688,0.915,0.903,0.00126080962301483,"NDUFS5"
3.4665224567273e-08,-0.622505464384064,0.746,0.909,0.00126964851500094,"POLD4"
3.62167059712932e-08,-0.914626678386609,0.209,0.422,0.00132647307290458,"LYST"
3.73739763421961e-08,-1.13198203252059,0.166,0.357,0.00136885925750927,"VPS26C"
3.75688948114231e-08,-0.534159925683272,0.705,0.89,0.00137599834136318,"ACTN4"
3.76772195603801e-08,-1.46701465142509,0.065,0.201,0.00137996584361848,"CTTNBP2NL"
3.80613976380573e-08,-2.06159839880398,0.046,0.162,0.00139403674989149,"SECTM1"
3.84316609539367e-08,-1.19841793518418,0.146,0.331,0.00140759801409889,"STAG1"
3.87707010313243e-08,-1.09530040421251,0.13,0.305,0.00142001569597328,"FBXW7"
3.89109476015052e-08,-1.05297591537794,0.793,0.864,0.00142515236685273,"SERPINA3"
3.91254281712968e-08,0.348535204522718,0.984,1,0.00143300793220192,"ATP5MC2"
3.97960762356373e-08,-0.381737208944782,0.982,0.994,0.00145757108820645,"SPINT2"
4.04050575777509e-08,0.819191965670421,0.729,0.604,0.00147987563884271,"ACSL3"
4.06889458661816e-08,-0.822395377497487,0.303,0.552,0.00149027333129477,"BICDL2"
4.24316282613296e-08,1.35413259819095,0.523,0.299,0.00155410081669946,"ACSF2"
4.34290003359971e-08,0.644003928663807,0.84,0.753,0.00159063056630623,"NDUFS8"
4.34385765337306e-08,-0.755242606066808,0.404,0.656,0.00159098130412442,"ETF1"
4.51318044086176e-08,-0.602422227196566,0.718,0.877,0.00165299746827003,"BRD2"
4.53083134305625e-08,-0.884847622437963,0.392,0.623,0.00165946228770778,"RB1CC1"
4.56948082771828e-08,1.08990178799452,0.609,0.442,0.0016736180479601,"PTRHD1"
4.71299432765511e-08,-0.869228908866383,0.526,0.74,0.00172618130244696,"RBBP6"
4.80377854949981e-08,-0.735005241970594,0.407,0.636,0.0017594319315398,"EPN1"
4.84434293202448e-08,0.56415884184053,0.791,0.74,0.00177428904228329,"FDPS"
4.86091714132267e-08,-1.66621938203549,0.097,0.253,0.00178035951218084,"TMEM40"
4.92388039526938e-08,-0.751166817266687,0.565,0.766,0.00180342043357136,"LSR"
4.9506902770414e-08,0.647436688840591,0.814,0.74,0.00181323982086918,"ATOX1"
5.17220341532832e-08,-0.97886174993689,0.207,0.416,0.00189437122289815,"AGO2"
5.21097739041656e-08,-0.996473390643218,0.212,0.422,0.00190857257901397,"GCLM"
5.33401184181325e-08,1.29358984670318,0.651,0.519,0.00195363517718252,"MDH1"
5.66198481743271e-08,-1.15003935471918,0.144,0.331,0.0020737585592329,"HIP1R"
5.73551000613307e-08,0.630387557533382,0.841,0.786,0.0021006878948463,"NME3"
5.81618984238998e-08,-0.675897464502301,0.415,0.656,0.00213023769167376,"ANKRD11"
5.90672122254489e-08,-0.34616888501909,0.995,1,0.00216339571496929,"RPS3A"
5.95100266098324e-08,1.14433117812643,0.608,0.455,0.00217961423461172,"ATXN10"
5.96081611626121e-08,0.76891062881462,0.745,0.63,0.00218320851074183,"COMT"
6.15188712691984e-08,-0.819179694703206,0.299,0.526,0.00225319017910566,"PLK3"
6.15830954505668e-08,0.98085376964255,0.684,0.545,0.00225554245397246,"ID2"
6.19937493152297e-08,-1.05249271574327,0.156,0.351,0.0022705830624196,"AGFG1"
6.25195788388727e-08,-2.20478689610452,0.034,0.136,0.00228984209455255,"NFIL3"
6.27773627497289e-08,-0.724633276853911,0.619,0.818,0.00229928368807157,"GSPT1"
6.29187434515838e-08,-0.830626966757257,0.42,0.636,0.00230446189765771,"NR1H2"
6.35780554773342e-08,-1.62633888172941,0.135,0.299,0.00232860985991284,"AHR"
6.48478973130896e-08,0.745379937240941,0.756,0.643,0.00237511908698922,"CHCHD5"
6.50302131564069e-08,-0.577992674085142,0.757,0.896,0.00238179658706656,"SERBP1"
6.69479999971406e-08,0.488472473988775,0.924,0.929,0.00245203744789527,"NDUFB11"
6.70521998999693e-08,-1.46948580432561,0.051,0.175,0.00245585387353628,"PLAGL2"
6.71688582738292e-08,-1.79707011672562,0.03,0.13,0.00246012660313727,"NT5DC3"
6.82326537046172e-08,0.661738060931433,0.901,0.909,0.00249908917458531,"NDUFC2"
7.0276654637305e-08,-2.19852900901159,0.022,0.11,0.00257395275274593,"MYLK"
7.2108774361641e-08,-0.846260537580881,0.418,0.636,0.00264105596976946,"CD47"
7.35526174615328e-08,-0.92030310066339,0.254,0.468,0.0026939381671461,"PRSS22"
7.52703405567681e-08,1.69659277936798,0.404,0.201,0.00275685149323219,"SRARP"
7.74432036052645e-08,-0.98593136454984,0.061,0.195,0.00283643477524642,"WWC1"
7.82216977200939e-08,-0.72579453615027,0.471,0.682,0.00286494790069616,"PPP4R2"
8.06786737525657e-08,0.603105826205478,0.885,0.831,0.00295493710486147,"ERP29"
8.15180711279669e-08,-2.07716025173136,0.028,0.123,0.00298568087313292,"MFHAS1"
8.79027017748504e-08,-1.19725571795771,0.11,0.273,0.00321952435520567,"HLA-DRB1"
8.82978844967098e-08,-0.859402228015435,0.264,0.5,0.00323399831757649,"MLF1"
8.95891325449665e-08,2.30179827464027,0.423,0.24,0.00328129156859194,"PTGER3"
9.22941839298353e-08,0.50336820688081,0.935,0.903,0.00338036678061415,"ATP5PD"
9.51432811879528e-08,0.574264476526722,0.878,0.786,0.00348471781678996,"MGST3"
9.5219832235407e-08,-0.900685288083316,0.158,0.351,0.00348752157545402,"SEC14L1"
9.55328181402592e-08,-0.531528749106832,0.814,0.922,0.00349898499720513,"HLA-C"
9.67338314796403e-08,-1.28114847745637,0.161,0.344,0.0035429733117733,"ZRANB1"
9.72208277961044e-08,-0.329518751632927,0.744,0.942,0.00356081003886012,"GPRC5A"
9.99096572853564e-08,1.60865671607776,0.29,0.084,0.00365929110773346,"CYP4B1"
1.00540159229647e-07,-1.22830778915759,0.056,0.182,0.00368238387194504,"MIER3"
1.01482463003738e-07,1.0103478616991,0.588,0.396,0.0037168966899749,"SQLE"
1.01985422719294e-07,0.998773498708549,0.637,0.481,0.00373531809251685,"ARL3"
1.07473047853116e-07,-1.15672162710625,0.082,0.227,0.00393630785066822,"XPR1"
1.08274111274231e-07,-0.319556144634312,1,1,0.00396564759952999,"MALAT1"
1.11230761825714e-07,0.729893351565126,0.82,0.773,0.0040739378826286,"GTF2I"
1.13909447645134e-07,2.06479474435736,0.274,0.078,0.00417204742945068,"C9orf152"
1.13916701105512e-07,-0.745310931355938,0.444,0.701,0.00417231309469049,"CSNK1D"
1.19908048505039e-07,-0.267589862920567,0.994,1,0.00439175218454557,"RPL21"
1.21384947480902e-07,-1.64697085823758,0.055,0.175,0.00444584508643552,"TEAD4"
1.21723731577456e-07,0.514727392272189,0.932,0.955,0.00445825339275589,"IER2"
1.21894642475999e-07,0.442897010957774,1,1,0.00446451317532594,"MT-ND2"
1.31557373303106e-07,1.89329879647601,0.373,0.169,0.00481842035459955,"ANKRD26"
1.36667421073785e-07,-1.50553757240087,0.144,0.318,0.00500558096424846,"PDLIM3"
1.36707000633103e-07,-0.687126731914653,0.538,0.773,0.00500703060518802,"MIDN"
1.37173378666484e-07,0.481858987218855,0.96,0.974,0.00502411216703863,"HSPE1"
1.37752384157316e-07,2.31928621311009,0.275,0.078,0.00504531882214586,"SPARC"
1.44730665368286e-07,-1.94200816080349,0.035,0.136,0.00530090534977886,"PCSK1N"
1.46494163446567e-07,0.638332051415905,0.856,0.792,0.00536549523039395,"TMED10"
1.46931991540554e-07,0.625348018438027,0.842,0.838,0.00538153112216434,"SMIM26"
1.47308123660566e-07,-0.71738399636872,0.455,0.669,0.00539530733719188,"PTPRF"
1.48988614297566e-07,-1.14696422240804,0.501,0.695,0.00545685698726266,"C15orf48"
1.50869744062316e-07,-0.547533954276707,0.826,0.916,0.00552575524602638,"MARCKSL1"
1.53777431942425e-07,-1.20845697078194,0.305,0.506,0.00563225222232324,"S100A1"
1.53783739861297e-07,-0.593915427339657,0.544,0.799,0.00563248325615986,"FLNB"
1.54418520386161e-07,-1.00532001814976,0.292,0.513,0.00565573272766352,"B4GALT1"
1.54908318084525e-07,-0.421309676754432,0.988,0.994,0.00567367205816381,"DSTN"
1.55153532670848e-07,-1.00038269222671,0.156,0.338,0.00568265328760248,"PIM1"
1.56386482231577e-07,-0.692795074518163,0.544,0.76,0.00572781129821374,"OSER1"
1.56653800953112e-07,-1.19326412741593,0.208,0.396,0.00573760211370868,"ERBIN"
1.58354631149332e-07,-1.48738025642742,0.139,0.305,0.00579989672047545,"FRMD4B"
1.61419928039942e-07,0.796222015291418,0.968,0.981,0.00591216628439092,"CST3"
1.61858706564717e-07,-2.45354138299205,0.027,0.117,0.00592823698663934,"SCUBE3"
1.63045630587545e-07,-0.641978065688089,0.53,0.734,0.00597170926589941,"ACTR3"
1.67984853626958e-07,-0.689549583006178,0.37,0.61,0.00615261324894096,"ATG12"
1.7346967301618e-07,-3.03902279420458,0.04,0.143,0.00635350024389063,"CXCL8"
1.7980271765564e-07,-1.13410445828358,0.085,0.227,0.00658545433685547,"TENT5B"
1.85029238303534e-07,0.399074491595338,0.974,0.968,0.00677688088210525,"NDUFA13"
1.85061484740979e-07,-1.45556905964323,0.041,0.149,0.00677806194012309,"AC005632.3"
1.85252787850843e-07,-1.80234520313347,0.06,0.182,0.00678506860782498,"RAI14"
1.85988834313456e-07,1.00288739142353,0.628,0.526,0.00681202704556466,"ALDH9A1"
1.87156630318925e-07,-0.678621426348494,0.413,0.636,0.00685479874206094,"CDC42EP1"
1.92148801103208e-07,-1.63143290492446,0.067,0.195,0.00703764198920609,"GCLC"
1.94710958587407e-07,-1.34192491312325,0.099,0.247,0.00713148356922235,"CYP1B1"
2.00721366948997e-07,-0.692067913425061,0.575,0.779,0.00735162078587398,"MYADM"
2.0082392333497e-07,-1.20862583547913,0.181,0.364,0.00735537701606661,"TICAM1"
2.01997406634947e-07,-1.36161562397616,0.095,0.24,0.00739835701541158,"RNF26"
2.09632578194503e-07,-0.73340010606037,0.715,0.87,0.00767800280895187,"YWHAH"
2.12456737552549e-07,-0.771981608597382,0.373,0.591,0.00778144046959967,"TUFT1"
2.19206557558911e-07,0.447293413637178,0.973,0.948,0.00802865937715268,"NDUFB9"
2.23209594408256e-07,0.734400634142851,0.796,0.792,0.00817527460479677,"COX20"
2.25415461289606e-07,0.935434590508992,0.611,0.455,0.00825606668519309,"DPM3"
2.2881444037006e-07,1.29455230710412,0.497,0.331,0.00838055769299382,"ARMT1"
2.33911774692121e-07,0.698782532193082,0.792,0.714,0.00856725265987362,"PRKAR1A"
2.35209834681767e-07,-0.72388704571053,0.483,0.695,0.0086147954050544,"UAP1"
2.35667514282228e-07,0.441381899417129,0.97,0.968,0.0086315583781009,"RPL36AL"
2.36103275649224e-07,3.7468705267783,0.174,0.013,0.00864751857392848,"SPAG16"
2.40806834249811e-07,-0.865841625945208,0.281,0.5,0.00881979111123359,"SHC1"
2.45253931830939e-07,0.638143398829413,0.772,0.688,0.00898267050723997,"UQCC2"
2.4617381791192e-07,1.03362006213575,0.785,0.721,0.00901636225484197,"TOB1"
2.54081998100961e-07,-1.24250916153545,0.16,0.338,0.00930600726244578,"LAD1"
2.57065882531477e-07,-1.35725645696008,0.067,0.195,0.00941529501359788,"B4GALT5"
2.57880776293705e-07,0.658628796222931,0.853,0.812,0.00944514131253326,"BEX3"
2.58105983511556e-07,-1.21161745297419,0.106,0.26,0.00945338975209424,"OTUD4"
2.58814929249684e-07,-1.42953304167983,0.106,0.26,0.00947935559869893,"KLHL21"
2.66192136837861e-07,0.665202875733218,0.793,0.727,0.00974955320382351,"NDUFB5"
2.79688571782691e-07,-1.67171016528714,0.076,0.208,0.0102438736301128,"MBNL1-AS1"
2.8329113642251e-07,-2.09850186226306,0.03,0.123,0.0103758211626109,"C21orf91"
2.83603426802467e-07,1.81879425797789,0.447,0.266,0.0103872591100672,"ISOC1"
2.84675079132809e-07,2.27503732233332,0.257,0.071,0.0104265094483182,"PAQR5"
2.91157354540915e-07,-0.485092205613611,0.758,0.877,0.0106639292674156,"PPP1CA"
2.92352883920375e-07,-0.791883298950708,0.405,0.623,0.0107077167264676,"FAM3C"
2.9387700307798e-07,-0.717835758195436,0.524,0.727,0.0107635391147341,"WSB1"
3.00933571408518e-07,-1.35982156918955,0.067,0.195,0.0110219929864084,"SLC37A3"
3.04960600933468e-07,0.616022004234606,0.83,0.779,0.0111694869697892,"COX14"
3.06943516071787e-07,-0.672394857279728,0.504,0.714,0.0112421132196453,"MAPKAPK2"
3.08529364519303e-07,0.496569869179344,0.895,0.864,0.011300196504884,"VPS28"
3.08942492350048e-07,-0.67845170074083,0.695,0.857,0.0113153277248128,"HLA-A"
3.1143818423321e-07,-1.00847002799311,0.787,0.883,0.0114067349357255,"PGK1"
3.1222612921e-07,-0.981354449266682,0.257,0.448,0.0114355942084455,"NCOA3"
3.2174047336554e-07,-0.49332585230571,0.317,0.571,0.0117840665774863,"ISG20"
3.24466364989702e-07,-0.616160168815348,0.807,0.929,0.0118839050841128,"C4orf3"
3.2602530330974e-07,-0.75661756456798,0.738,0.877,0.0119410027590225,"IER3"
3.37659090145436e-07,-1.04213938231588,0.204,0.396,0.0123671018356667,"NAB2"
3.41644840010321e-07,0.529555741999345,0.956,0.961,0.012513083910218,"SKP1"
3.57365521145658e-07,-1.17690627239104,0.178,0.357,0.0130888695774809,"DGKD"
3.57968846071679e-07,0.502727890303776,0.938,0.922,0.0131109669562213,"HMGB1"
3.58343345860449e-07,-1.41123684044132,0.028,0.117,0.0131246833854848,"G0S2"
3.59465167504365e-07,-1.27296854804425,0.124,0.279,0.0131657712250149,"CYLD"
3.79120425128612e-07,-0.974965314124516,0.135,0.305,0.0138856646907605,"ABLIM1"
3.83012359724111e-07,0.559022997608247,0.956,0.922,0.0140282106872553,"SEC61G"
3.8962344228202e-07,3.32585779037803,0.201,0.032,0.0142703481970213,"C7"
3.90327606119769e-07,0.499332772655443,0.896,0.851,0.0142961389017427,"NDUFB2"
3.91925516489131e-07,-2.02165250273379,0.022,0.104,0.0143546639669309,"PAPSS2"
4.04046172632659e-07,-1.20263602267524,0.104,0.253,0.0147985951188438,"SRCAP"
4.11998909281727e-07,1.03710063072015,0.557,0.39,0.0150898720513525,"FDFT1"
4.12950670021157e-07,-0.754773947982615,0.392,0.61,0.0151247312401949,"IBTK"
4.14429186072714e-07,-0.509192377534904,0.747,0.89,0.0151788833690992,"RNPS1"
4.19662326664422e-07,-0.92266305795917,0.267,0.468,0.0153705523764111,"EIF4EBP3"
4.3413796732723e-07,0.731752056885943,0.75,0.669,0.0159007371913271,"PRDX3"
4.34310272926599e-07,1.79747272951332,0.336,0.143,0.0159070480562096,"SYT13"
4.39699324462371e-07,-2.00095281053938,0.041,0.143,0.0161044274577588,"HIVEP2"
4.47776249077445e-07,-1.67259004812621,0.051,0.162,0.0164002528987105,"IL4R"
4.53757684793262e-07,-0.848876998965613,0.299,0.5,0.016619328963238,"CEBPG"
4.54920332212445e-07,-1.72697550685322,0.022,0.104,0.016661912087613,"AC016831.1"
4.57622482231746e-07,-1.34089350281563,0.133,0.292,0.0167608810342199,"PRR7"
4.61141478449883e-07,-1.1528466751276,0.173,0.351,0.0168897677897054,"EGLN1"
4.66202707079063e-07,-0.78368953540506,0.276,0.487,0.0170751403494778,"ZDHHC3"
4.85894204889171e-07,-0.51669029831805,0.55,0.766,0.0177963611482708,"IFITM2"
4.90378749383172e-07,-0.779860170709088,0.281,0.5,0.0179606120749081,"SESTD1"
4.93371984935769e-07,-0.739410445818383,0.401,0.61,0.0180702423202575,"AZIN1"
4.94518383316456e-07,-1.0632645903772,0.151,0.318,0.0181122303073485,"DUSP22"
4.9779709464628e-07,1.37925715668796,0.779,0.734,0.0182323163885147,"ATP6AP2"
4.97855534280648e-07,0.49170553762959,0.918,0.909,0.018234456798563,"ATP5MF"
5.03888199916925e-07,2.01418793622766,0.303,0.117,0.0184554092101573,"PCP2"
5.09377903164312e-07,1.4979387892481,0.413,0.227,0.0186564750812961,"APTR"
5.1093034808669e-07,2.08806755529447,0.219,0.045,0.0187133349290231,"LRRC4C"
5.12298932500436e-07,2.62607239128084,0.239,0.065,0.018763460701761,"FOXD3-AS1"
5.13773304312192e-07,-0.651265892389167,0.444,0.682,0.0188174610437383,"YTHDC1"
5.37999323397951e-07,-1.38374731364936,0.085,0.221,0.0197047632187733,"RLF"
5.45807727589059e-07,-0.419010839297303,0.989,1,0.0199907538306769,"H3-3B"
5.50945658130153e-07,0.293032758834084,0.993,1,0.020178935674675,"NME2"
5.53132606229318e-07,-1.88790005369921,0.049,0.156,0.020259034835755,"ACKR2"
5.81655841745239e-07,-0.849685178770767,0.336,0.539,0.0213037268597611,"RCN1"
5.8754132604033e-07,-0.846403578414478,0.211,0.416,0.0215192886075531,"DDX52"
5.91319737651925e-07,-1.07654607044122,0.228,0.429,0.0216576767112394,"DSC2"
5.92946978810945e-07,0.736431651161445,0.709,0.571,0.0217172760459297,"PRXL2A"
6.06118469545922e-07,-1.064907435459,0.199,0.383,0.0221996950655889,"PBXIP1"
6.14573354910404e-07,-0.792842447785527,0.29,0.5,0.0225093636969485,"ATL3"
6.15606258918698e-07,-0.439816349494357,0.779,0.903,0.0225471948391562,"POMP"
6.17286626808752e-07,1.83152317393669,0.301,0.117,0.0226087399934974,"SGK3"
6.27287736631047e-07,-0.72759756485102,0.391,0.617,0.0229750406418487,"TSC22D2"
6.42807357526439e-07,-0.529644141616329,0.589,0.799,0.0235434622767634,"DDR1"
6.4300395221647e-07,0.965714697497031,0.66,0.552,0.0235506627538804,"BLVRA"
6.50382057985724e-07,-0.743248072431798,0.404,0.63,0.0238208932557851,"ABCF1"
6.56904276363888e-07,-1.26896343834348,0.161,0.325,0.0240597760261037,"SERTAD4"
6.61713111245841e-07,-2.01554339844339,0.069,0.188,0.0242359044124902,"TRIM58"
6.64033739970088e-07,-1.1733664587196,0.144,0.305,0.0243208997601444,"TLE1"
6.72659404563732e-07,-0.719305629307472,0.33,0.539,0.0246368233515512,"UBE2Q1"
6.74100883134425e-07,-0.665844079640625,0.352,0.571,0.0246896189456814,"CHMP1A"
6.74594836897213e-07,-1.25364586399723,0.124,0.279,0.0247077104961973,"ASS1"
6.79008214050301e-07,1.20789745098941,0.444,0.247,0.0248693548478063,"CCDC74A"
6.90148702549229e-07,-1.84267512045334,0.035,0.13,0.0252773863795681,"C1orf116"
7.22264991142343e-07,-0.713037099959111,0.453,0.682,0.0264536775655794,"EIF4EBP1"
7.24311354805056e-07,-1.83185089981169,0.073,0.195,0.02652862768109,"PLEKHS1"
7.36038419677729e-07,1.47787216991024,0.464,0.299,0.0269581431591165,"EML2"
7.49181256289427e-07,-0.592362113897353,0.729,0.857,0.0274395126928566,"YIF1A"
7.55518497350261e-07,-0.755746223164747,0.45,0.669,0.0276716204839506,"IFRD1"
7.59933030780558e-07,-0.649563050812725,0.372,0.597,0.0278333071853687,"ZFAND3"
7.67748346493139e-07,0.665006834007362,0.269,0.5,0.0281195509386577,"MUCL1"
7.75142357302135e-07,1.36154254650612,0.605,0.468,0.028390363978548,"RWDD4"
7.77585111967582e-07,-1.01914066949729,0.178,0.351,0.0284798323109247,"NRBF2"
7.82398732028304e-07,-1.09650585390389,0.147,0.312,0.0286561359592686,"MIR22HG"
7.86161906991822e-07,-0.751693056443553,0.366,0.597,0.0287939660054825,"TMEM30A"
7.96779036006653e-07,-2.04182393425737,0.023,0.104,0.0291828289727797,"IL15"
8.03338419243817e-07,1.30928792663023,0.359,0.156,0.029423072943224,"FAM3B"
8.35885160365223e-07,0.488163121740718,0.937,0.922,0.0306151298835367,"RNASEK"
8.5436591668232e-07,-0.990081209845576,0.161,0.331,0.0312920060644067,"KIAA0232"
8.55388003920807e-07,1.69891470091908,0.289,0.097,0.0313294410316035,"MT1G"
8.65062133356776e-07,0.992527637049103,0.67,0.552,0.0316837656963253,"TCEAL1"
8.81410833958189e-07,-0.623551519065678,0.353,0.571,0.0322825532045526,"ADAM15"
9.02910754497353e-07,0.950616378715938,0.637,0.519,0.0330700092942201,"MRPL34"
9.08387630685253e-07,-1.14320591243735,0.091,0.227,0.0332706053614781,"PGM2L1"
9.11319835121497e-07,1.71118046955458,0.319,0.136,0.0333780002811599,"MINDY1"
9.14858089554258e-07,0.657539597021054,0.884,0.851,0.0335075923880142,"LAPTM4A"
9.25074345070236e-07,2.38085400973556,0.244,0.071,0.0338817729625425,"ZADH2"
9.42302005412539e-07,-0.765820317755338,0.358,0.584,0.0345127532502396,"RNF149"
9.61798652053775e-07,-0.826414711331197,0.13,0.299,0.0352268374301216,"CCNT1"
1.00783160378114e-06,-1.99314174094561,0.054,0.162,0.0369128403200881,"CTSS"
1.00929237193202e-06,-0.732527506971746,0.423,0.617,0.0369663424143821,"AGPAT2"
1.01038728131722e-06,-0.769579581434991,0.174,0.357,0.0370064445655244,"NUS1"
1.04961852628314e-06,-0.35715234483239,1,1,0.0384433281436464,"EEF1A1"
1.06674385207131e-06,-1.9580969813418,0.036,0.13,0.0390705603259638,"CD68"
1.06734263823867e-06,-1.23958728418294,0.274,0.468,0.0390924914681294,"HMGB3"
1.08266446704143e-06,0.579081050907637,0.82,0.76,0.0396536687698593,"DYNLT1"
1.08801627049677e-06,1.21285035946548,0.487,0.299,0.0398496839232148,"SCUBE2"
1.09454043106501e-06,-1.09901348561169,0.177,0.351,0.0400886378281871,"SINHCAF"
1.09803957408676e-06,-1.18272928004732,0.078,0.208,0.0402167974405018,"ARID3B"
1.11960175676404e-06,1.69552592268524,0.267,0.084,0.0410065339432398,"GRIA3"
1.12578986195831e-06,1.24562458958956,0.386,0.188,0.041233179484085,"ANXA6"
1.13128629939472e-06,-0.518939428331816,0.773,0.89,0.0414344920016311,"PRR13"
1.14901899942402e-06,-0.62299090311826,0.437,0.675,0.042083969872904,"UBE2H"
1.16773585242192e-06,-0.72940216114454,0.237,0.442,0.0427694933308051,"UBL3"
1.17745513144668e-06,0.506806504376127,0.882,0.818,0.0431254716443663,"NDUFV2"
1.18318403488317e-06,0.910702874944458,0.643,0.552,0.0433352984616311,"SERPINB6"
1.19539924787802e-06,0.753705233663809,0.839,0.74,0.0437826928527805,"S100A6"
1.19561350203577e-06,-0.771971749794827,0.284,0.494,0.0437905401255623,"AKAP13"
1.20975036426969e-06,-0.843038823001962,0.246,0.448,0.0443083168417416,"RNF130"
1.21595134229504e-06,-0.505976761397677,0.664,0.857,0.0445354338628982,"CHMP4B"
1.22779194577945e-06,-1.35232026323579,0.042,0.143,0.0449691078061182,"GALNT18"
1.23910317841829e-06,-0.63014915117852,0.467,0.669,0.0453833930127485,"MTPN"
1.24988279953262e-06,-0.683614452238323,0.299,0.506,0.0457782074156817,"TMEM263"
1.25550432579264e-06,0.963385990884799,0.273,0.084,0.0459841014364814,"SOCS2"
1.26845068160406e-06,-1.14754026020436,0.205,0.383,0.0464582746644301,"ING1"
1.28065735967266e-06,-0.407047538251788,0.841,0.929,0.046905356455371,"SNRPB"
1.28237901644364e-06,0.95886578892672,0.625,0.519,0.0469684138562649,"IMP3"
1.28271469267995e-06,-1.0061126821817,0.18,0.351,0.046980708334096,"ARHGEF5"
1.28615137853658e-06,-0.775437675056839,0.219,0.416,0.0471065803902808,"RBM15B"
1.31793793904835e-06,0.443067262385435,0.936,0.948,0.0482707949555849,"HNRNPK"
1.32563600344243e-06,0.520214412797455,0.903,0.896,0.0485527442620825,"RBM3"
1.35620985486797e-06,0.254378577812127,0.995,1,0.0496725421443942,"HSP90AB1"
1.35632713714128e-06,-0.771018044635204,0.253,0.455,0.0496768377249365,"SEMA3C"
1.37501689125781e-06,-1.18159045273012,0.33,0.506,0.0503613686592084,"CDK12"
1.40283728165643e-06,0.703418779652472,0.777,0.708,0.0513803182779484,"ATRAID"
1.44225267264789e-06,-1.75232692093254,0.03,0.117,0.0528239463884017,"CD109"
1.45970400496948e-06,-0.615895504104447,0.455,0.662,0.0534631188860122,"UFM1"
1.46834705843914e-06,-1.1239081139531,0.099,0.24,0.053779679362392,"AC009107.2"
1.46997925014786e-06,-0.969503951858598,0.161,0.331,0.0538394600159155,"ATXN1"
1.52549520147821e-06,0.670953008636225,0.703,0.604,0.0558727872493411,"FAM177A1"
1.53723874401613e-06,-1.35847909875028,0.043,0.143,0.0563029062383348,"ST6GAL1"
1.53906473932344e-06,2.04415430432927,0.229,0.058,0.0563697851424603,"SIX2"
1.56693771909025e-06,-0.943816844783661,0.215,0.39,0.0573906608993995,"WSB2"
1.57051174607721e-06,0.550027949107987,0.991,0.994,0.0575215632118241,"BTF3"
1.59042080648917e-06,-0.943919477215115,0.127,0.286,0.0582507524584723,"MTF1"
1.59133279954912e-06,1.04009089993767,0.527,0.351,0.0582841551162859,"FSIP1"
1.59797165439012e-06,-1.3931669733056,0.043,0.143,0.0585273098136926,"CGAS"
1.60298854840773e-06,2.25523347232376,0.223,0.058,0.0587110585739815,"NOVA1"
1.61932631010437e-06,-0.854824661738037,0.189,0.377,0.0593094454338827,"TPST2"
1.62707853587629e-06,-1.4170612554188,0.062,0.175,0.0595933784550049,"PLEKHA8"
1.67832332691495e-06,-0.581903185248671,0.313,0.539,0.0614702701715869,"PDLIM1"
1.68168618528964e-06,-0.627973111595005,0.294,0.506,0.0615934382224185,"TM2D2"
1.70114955315749e-06,0.744602978482254,0.745,0.669,0.0623063035339461,"NDUFB6"
1.70455588692812e-06,-0.904191398010582,0.135,0.292,0.0624310639146292,"LIMCH1"
1.70461381157772e-06,0.879924599193346,0.657,0.584,0.0624331854628454,"FAAP20"
1.70604509495562e-06,1.51450360330669,0.336,0.162,0.0624856076478446,"RMND1"
1.72067059036503e-06,2.07141673649806,0.262,0.091,0.0630212810427097,"RBM24"
1.73156919604491e-06,-0.747611153942715,0.267,0.487,0.0634204533743409,"RC3H1"
1.77786144581101e-06,-0.813817837846183,0.242,0.435,0.065115953314274,"UBAP1"
1.80940305643255e-06,0.581094801466323,0.787,0.675,0.0662711963448985,"POLR2I"
1.83194653633534e-06,0.473265728615139,0.92,0.896,0.0670968738398182,"HNRNPU"
1.83873501241938e-06,-0.562093817054301,0.607,0.805,0.0673455085648723,"PPP4C"
1.84308163532768e-06,-1.91402429187729,0.037,0.13,0.0675047079755115,"NOTCH1"
1.91748165434655e-06,-0.772735256175387,0.291,0.5,0.0702296830720969,"SRPK1"
1.92643852740753e-06,-0.791044182997892,0.308,0.513,0.0705577375048282,"WIPF2"
1.93338368822835e-06,0.69859243261255,0.56,0.357,0.0708121109650516,"TIMP3"
1.93574046176357e-06,-0.759522930004413,0.256,0.474,0.0708984301525524,"DUSP5"
1.9508627199007e-06,-0.712440699315335,0.233,0.435,0.0714522979790831,"GNL1"
1.96498922257998e-06,0.634981276075501,0.801,0.753,0.0719696952662144,"PSMB1"
1.98368479220041e-06,1.19112992097699,0.538,0.409,0.0726544391991322,"KIF22"
2.01852053685371e-06,-0.706207907769807,0.315,0.526,0.0739303331828042,"DPH3"
2.02292379394607e-06,-0.769079570583515,0.36,0.552,0.0740916068770687,"RBM27"
2.06711601163557e-06,-0.72871364831482,0.289,0.5,0.0757101910421645,"HOXC10"
2.07875431798288e-06,-0.468535958285248,0.415,0.662,0.0761364556504409,"DYNC1H1"
2.07914730462035e-06,-0.911667551266422,0.264,0.442,0.076150849179025,"TMEM159"
2.10821480485463e-06,0.965271753906499,0.731,0.656,0.0772154754426055,"GLRX5"
2.27170098684743e-06,-0.643089118307354,0.255,0.468,0.0832033203442741,"PSMB8"
2.28867757476045e-06,1.09091011892976,0.567,0.448,0.0838251048531761,"COMMD3"
2.30383187513989e-06,-0.864457212355886,0.487,0.675,0.0843801462588736,"SRD5A3"
2.31741401197919e-06,-1.00383123190655,0.17,0.351,0.0848776056027498,"TRIM47"
2.3710610775449e-06,-0.651721633086406,0.447,0.656,0.0868424830261594,"DAPK3"
2.37667548442275e-06,1.71994646003977,0.263,0.091,0.0870481162924677,"DIO1"
2.38594149985042e-06,0.949645041091208,0.65,0.558,0.0873874933735213,"TP53TG1"
2.43257756736536e-06,1.35550868076594,0.446,0.279,0.0890955859823236,"UNC50"
2.48463856988731e-06,-1.17789161877729,0.112,0.253,0.0910023722606926,"ASCC3"
2.48769393346222e-06,-0.896358913193166,0.23,0.403,0.0911142780069872,"CYP4Z1"
2.50718665761908e-06,-1.27295680666239,0.051,0.156,0.0918282185219566,"PIGR"
2.51732639909598e-06,-1.19083560217686,0.098,0.234,0.0921995966932892,"INO80"
2.52356981237069e-06,-0.442444600459572,0.727,0.87,0.092428267947889,"APH1A"
2.52558484404646e-06,-1.42879562514672,0.067,0.182,0.0925020704980455,"MSN"
2.58714922222313e-06,-1.00557952261744,0.167,0.331,0.0947569274131442,"USP38"
2.59437891790961e-06,-1.52117964353464,0.085,0.208,0.0950217222473575,"SBF2"
2.65685468943435e-06,-0.727474074564006,0.447,0.669,0.0973099598552225,"CSRNP1"
2.6909455535447e-06,1.39610521889755,0.407,0.234,0.0985585718441283,"BCAT2"
2.72215467789272e-06,0.453890807005933,0.891,0.87,0.0997016372324988,"LAMTOR4"
2.75999439831848e-06,1.48048071257746,0.423,0.247,0.101087554832813,"IDH3A"
2.76195271076739e-06,-0.576279003115439,0.406,0.636,0.101159279984566,"ATP2A2"
2.85470134636643e-06,-0.709780400587661,0.271,0.474,0.104556291512017,"GLYR1"
2.86239085383058e-06,0.914105113172634,0.616,0.5,0.104837927412399,"VDAC3"
2.87207569095147e-06,-1.27820539926258,0.058,0.169,0.105192644256789,"AL121839.2"
2.95804975040151e-06,-0.613974527714284,0.404,0.636,0.108341530158206,"TNFRSF1A"
2.97141061604413e-06,-0.750660984615376,0.451,0.636,0.108830885223232,"UBALD1"
3.00376383046326e-06,-0.639434802487359,0.306,0.532,0.110015854054548,"PRRC2B"
3.00464138153109e-06,-0.565782706511808,0.581,0.792,0.110047995239958,"GRN"
3.02607087763138e-06,-0.665218863955404,0.339,0.545,0.110832871964127,"PFKL"
3.02622744583317e-06,1.7949255113292,0.277,0.104,0.110838606431086,"ACSS1"
3.09861850782327e-06,0.827985453579895,0.69,0.591,0.113490001467535,"FOXA1"
3.10358810606004e-06,0.59374543712518,0.884,0.877,0.113672017972555,"NDUFA6"
3.11150921517756e-06,-1.57998540496173,0.053,0.156,0.113962136515093,"RBM38"
3.11912561815093e-06,-0.269174216464584,0.994,1,0.114241094890396,"TPT1"
3.15373670213602e-06,2.05720365193617,0.225,0.065,0.115508760452434,"METTL7A"
3.17741319800783e-06,0.501654988135622,0.924,0.883,0.116375935790235,"DAD1"
3.29736979042424e-06,0.974617257301768,0.571,0.39,0.120769465944078,"THSD4"
3.31494071171992e-06,-1.7857954730827,0.035,0.123,0.121413018507454,"BACH1"
3.33954140032376e-06,-0.566977372872407,0.285,0.494,0.122314043328258,"ARIH2"
3.40419815629715e-06,-0.32464604415411,0.996,1,0.124682161672539,"EIF1"
3.49547550720875e-06,-0.747706905146586,0.292,0.494,0.128025285927028,"STC2"
3.53492841895333e-06,-1.21905872140352,0.142,0.292,0.129470288272585,"SH2D3A"
3.54347444470222e-06,0.881960354933043,0.599,0.468,0.129783295011663,"VAV3"
3.5606332174257e-06,1.00533378867536,0.536,0.383,0.130411752221434,"TPGS1"
3.57069419939856e-06,-0.672979356539218,0.249,0.455,0.130780245747172,"PTK2"
3.57340567136051e-06,-1.18448586143916,0.117,0.26,0.13087955611925,"SLC17A5"
3.65430294716223e-06,-1.39468777262902,0.068,0.182,0.133842499742764,"CPPED1"
3.67755010314425e-06,0.558272777088477,0.793,0.74,0.134693950077761,"PSMC5"
3.72167311717503e-06,0.54912958388393,0.798,0.773,0.136309999589652,"PSMB5"
3.7448106281364e-06,-0.751225883466385,0.367,0.571,0.137157434066124,"NTN4"
3.85775919514544e-06,-0.791439583591638,0.27,0.468,0.141294288281397,"TJP1"
3.94602952264291e-06,0.960378900818199,0.691,0.623,0.144527277296319,"DHRS7"
3.97626047482879e-06,-0.81368982319549,0.205,0.39,0.145634516151079,"NFATC2IP"
4.03954386582962e-06,-1.76303634707673,0.14,0.279,0.147952333629876,"CST6"
4.11090081399937e-06,0.942642201469285,0.614,0.506,0.150565853213541,"DMAC1"
4.15269663469197e-06,-0.760704528643526,0.306,0.5,0.152096666942228,"RIOK3"
4.20610467399837e-06,-0.832911854017407,0.254,0.442,0.154052789789864,"LIMS1"
4.23893558234121e-06,-1.70629876972008,0.046,0.143,0.155255254638829,"SOCS1"
4.44146949363515e-06,1.35608349733449,0.368,0.201,0.162673261673881,"NSMCE4A"
4.56533401229183e-06,-0.888263798728018,0.206,0.39,0.1672099235342,"TMC5"
4.62064363949886e-06,-0.980331642406502,0.233,0.409,0.169235693940285,"ADAM17"
4.64409860541546e-06,0.484947486250153,0.782,0.656,0.170094755521947,"TSC22D3"
4.78796177498229e-06,-0.752369831379938,0.249,0.455,0.175363887970501,"ZBTB38"
4.84769315686082e-06,1.08886847010577,0.595,0.468,0.177551609563184,"HADHB"
4.8632698075979e-06,2.73387622161475,0.2,0.052,0.178122119973081,"ASB13"
4.87035429531199e-06,-0.638749118478361,0.356,0.545,0.178381596420097,"SLMAP"
4.90006775206747e-06,0.988623037570618,0.594,0.455,0.179469881487223,"MAST4"
4.9009979748696e-06,1.12492076412244,0.527,0.39,0.179503951827574,"HADHA"
4.91790013239218e-06,0.375386286278361,0.936,0.922,0.180123010248996,"PSMA7"
5.04073159517766e-06,-0.254254201506431,1,1,0.184621835404977,"RPL13"
5.04778964528786e-06,0.811323908028729,0.749,0.701,0.184880343548313,"ATP5PB"
5.05382017285243e-06,1.82045422301707,0.225,0.065,0.185101217650893,"FGF12"
5.07684352794671e-06,-1.19177443656813,0.06,0.169,0.185944471054576,"AC147067.1"
5.08391254787306e-06,-0.878696942785019,0.127,0.279,0.186203380978399,"TBC1D10B"
5.09690820009786e-06,-0.601368669654092,0.388,0.61,0.186679359736784,"FAM89B"
5.13914554983536e-06,-0.965022508816631,0.083,0.208,0.18822634490827,"WWC2"
5.14652785534982e-06,1.46297331652571,0.229,0.065,0.188496729230043,"PART1"
5.19627928197266e-06,2.60082642105629,0.177,0.032,0.190318924981531,"HDC"
5.23918245456006e-06,0.296153963859209,0.995,1,0.191890296580717,"RPL36"
5.27520085307455e-06,-1.66997367280022,0.036,0.123,0.193209506444709,"C15orf39"
5.28649969251642e-06,-0.756298148155939,0.363,0.565,0.193623337738106,"IPO7"
5.33737245519105e-06,-0.700302340584473,0.287,0.474,0.195486603543827,"DNTTIP2"
5.3444977171353e-06,2.11708279542069,0.223,0.065,0.195747573387797,"NELL2"
5.40294319671258e-06,-0.849613369847035,0.192,0.364,0.197888197522795,"USP36"
5.46209950217829e-06,0.416889791050785,0.933,0.929,0.200054856366782,"NDUFB7"
5.49099836371352e-06,-0.957720048573971,0.189,0.351,0.201113306069371,"THOC6"
5.56702948315124e-06,-0.637057259409088,0.337,0.545,0.203898021849897,"FNBP4"
5.65843592422245e-06,-0.670877282641708,0.482,0.675,0.207245874160571,"EIF4G1"
5.93004269375596e-06,0.419909641061452,0.889,0.883,0.217193743701506,"NDUFS6"
5.9526086652209e-06,-0.673055766473041,0.294,0.5,0.218020244972381,"MARK2"
6.09389228079899e-06,-0.691788309266348,0.11,0.253,0.223194898676544,"FLCN"
6.09994736958725e-06,-0.862199831309818,0.122,0.266,0.223416672358503,"RAPGEF6"
6.10238031537733e-06,-1.60461997554165,0.074,0.188,0.22350578143101,"ATAD3B"
6.13492639059714e-06,-0.46838147049613,0.253,0.455,0.224697813982011,"H2BC8"
6.14513539210905e-06,0.548126039277854,0.988,1,0.225071728871386,"RPL22"
6.14716457774586e-06,-0.559785889504345,0.6,0.818,0.22514604982452,"F11R"
6.17055314624022e-06,-0.775184056578067,0.125,0.273,0.226002679534194,"CRTC2"
6.18608638441207e-06,1.41892448294743,0.582,0.455,0.226571599915476,"MIR205HG"
6.19722657628402e-06,1.00157501326925,0.54,0.39,0.226979620582979,"ECI1"
6.22859444555769e-06,-0.28263083874848,0.998,1,0.228128500162996,"RPL15"
6.39341783862991e-06,1.4599682015104,0.482,0.331,0.234165321757659,"MSMO1"
6.4395632474718e-06,-0.567939569494958,0.998,1,0.235855443501902,"GAPDH"
6.4566022407849e-06,-0.814520869018163,0.22,0.403,0.236479513670988,"SRSF8"
6.48683859320486e-06,-0.876855366949956,0.154,0.312,0.237586950314721,"FAM210A"
6.51879305642925e-06,1.995042852551,0.196,0.045,0.238757314484778,"LRATD1"
6.56258097481515e-06,-0.661123923974341,0.409,0.617,0.24036109078358,"NXT1"
6.65367814173151e-06,1.89867299757366,0.239,0.078,0.243697615619058,"PPP1R3C"
6.68032900471334e-06,1.03693436456844,0.642,0.545,0.244673730126631,"PCMTD1"
6.69459986315541e-06,-0.660692426569714,0.379,0.571,0.24519641458793,"TMEM41B"
6.88936489762923e-06,-1.48733297767953,0.067,0.175,0.252329878740568,"ABHD17B"
6.92095158528634e-06,-1.4875655203057,0.105,0.234,0.253486772762698,"RHOU"
6.95774240104552e-06,1.32332907580866,0.42,0.26,0.254834273180693,"ZNF552"
7.16339290926232e-06,-0.416345552387231,0.512,0.74,0.262366428694642,"AFF4"
7.25036578594418e-06,-1.35922997290872,0.058,0.162,0.265551897275992,"CD58"
7.2711294575268e-06,-0.649647551605259,0.304,0.506,0.266312387511376,"SMG1"
7.27390901344828e-06,1.13215917057134,0.427,0.234,0.266414191526557,"CHAD"
7.33893115603907e-06,0.456822051243508,0.887,0.864,0.268795692521087,"CLU"
7.3424887241016e-06,1.51118580165432,0.409,0.247,0.268925992008945,"EXOSC3"
7.34778202149351e-06,-0.569056772809315,0.413,0.636,0.269119864319221,"SRA1"
7.43723581063812e-06,-1.36619162361785,0.088,0.208,0.272396198800432,"IGHMBP2"
7.45519542937432e-06,-1.16087843168603,0.124,0.26,0.273053987796264,"PPFIBP1"
7.49024048098009e-06,-0.44406292708896,0.918,0.948,0.274337547856377,"TAGLN2"
7.61987486860681e-06,-1.54535029075353,0.06,0.162,0.279085536937593,"TM4SF1-AS1"
7.62798357878809e-06,-0.539837053745071,0.477,0.695,0.279382526556693,"BRD4"
7.64917367459405e-06,0.538797870188118,0.842,0.812,0.280158635005682,"COX7A2L"
7.69916821755423e-06,0.523559780096834,0.794,0.714,0.281989735136141,"COX16"
7.75872419955754e-06,1.60713428227781,0.257,0.091,0.284171032532994,"MLLT11"
7.77243854002041e-06,-0.46947137349258,0.943,0.968,0.284673333966787,"DYNLL1"
7.79714960941435e-06,-0.802018350309958,0.101,0.234,0.28557840159441,"KLF5"
7.81952053616186e-06,0.368268868783323,0.947,0.922,0.286397759157464,"TSTD1"
8.16946386185269e-06,-1.78737860051062,0.037,0.123,0.299214783404217,"PSORS1C1"
8.29324400059479e-06,-0.703560703848086,0.263,0.455,0.303748354765785,"RIT1"
8.35783563602995e-06,-1.05664394155136,0.347,0.519,0.306114088005233,"TUBB2A"
8.38679115701913e-06,-0.423933455207619,0.717,0.87,0.307174612916983,"IFITM3"
8.39634622896071e-06,0.602671457570916,0.775,0.753,0.307524576981915,"RTRAF"
8.48195188917226e-06,-0.706861881471118,0.584,0.779,0.310659969892823,"SERTAD1"
8.65954671104116e-06,-0.523449961665795,0.656,0.799,0.317164557838594,"GPBP1"
8.6683121124077e-06,-0.365204637596761,0.933,0.961,0.317485599429044,"CLIC1"
8.88729613140616e-06,-0.832838631007175,0.115,0.253,0.325506108108882,"MYO1D"
8.89907764424003e-06,2.52367424111862,0.29,0.13,0.325937617797935,"APOE"
8.96216618238225e-06,-0.597269990463766,0.32,0.526,0.328248298595932,"PLIN3"
9.0655640482355e-06,-0.749134477523494,0.594,0.766,0.332035348830673,"GADD45B"
9.14379451158728e-06,-0.926228000986867,0.137,0.279,0.334900617781396,"HLA-DRA"
9.14515482546571e-06,-0.638020962229415,0.246,0.435,0.334950440637507,"DCTN5"
9.20158120227547e-06,-0.675705971712583,0.294,0.494,0.337017113114541,"TNIP1"
9.35260761765935e-06,1.21048281308836,0.384,0.221,0.342548606604391,"ARHGAP8"
9.40389872130093e-06,1.20756107160844,0.456,0.279,0.344427194566368,"PPIF"
9.56492511034464e-06,-0.832404693357174,0.399,0.597,0.350324947091483,"TMEM265"
9.59671584649756e-06,0.481106379055454,0.966,0.948,0.35148931459382,"HINT1"
9.66218054796762e-06,0.704076439394264,0.637,0.513,0.353887024749862,"DGCR6L"
9.6957924662805e-06,-0.67832201749348,0.288,0.474,0.355118094869989,"BSPRY"
9.82821837542312e-06,-1.09709032386739,0.104,0.234,0.359968326218247,"TSPAN6"
9.87884549076072e-06,0.576186562482515,0.901,0.864,0.361822594944602,"C18orf32"
1.00232184842387e-05,-1.88652401755065,0.032,0.11,0.367110400203725,"KIAA0513"
1.00712420515805e-05,-0.780358179971104,0.188,0.351,0.368869311381187,"CREBRF"
1.0134942348906e-05,-0.671872131390001,0.208,0.383,0.371202398471031,"PPME1"
1.01449899451594e-05,-1.03678516197937,0.156,0.299,0.371570401731408,"PGAP6"
1.01645743934589e-05,-0.91933750000381,0.131,0.279,0.372287701734827,"NCOA6"
1.02284228646829e-05,-0.694732130230179,0.225,0.403,0.374626215841875,"SUPT6H"
1.02296746742829e-05,-0.649030846911889,0.258,0.461,0.374672064620286,"C18orf21"
1.02657868351437e-05,-0.979237760189322,0.087,0.208,0.375994708623972,"AGRN"
1.04091842401421e-05,-0.71116293497497,0.474,0.675,0.381246781979444,"C6orf62"
1.05767041800195e-05,-0.526772659619195,0.584,0.786,0.387382367297393,"PPP1R2"
1.06975295334578e-05,0.335207894308078,0.954,0.961,0.391807716692425,"VAMP8"
1.0700025042055e-05,-0.932199152651589,0.125,0.266,0.391899117190307,"HLA-F"
1.07012403051672e-05,-0.726646166584394,0.273,0.461,0.391943627417054,"PLXNB2"
1.07246459079482e-05,-0.973970299061598,0.104,0.234,0.392800881024509,"CHIC2"
1.07281606219497e-05,-1.21075727358794,0.105,0.234,0.39292961093953,"ZNF395"
1.0902034258654e-05,-1.12286159946452,0.149,0.292,0.399297906757462,"ZFC3H1"
1.09668164436979e-05,-1.20843232447232,0.071,0.182,0.401670619066881,"ZNF267"
1.14655064053203e-05,-0.620736062201722,0.338,0.545,0.419935637601263,"SLC25A33"
1.15980145034538e-05,-0.488973619167038,0.681,0.864,0.424788879203498,"TNNT1"
1.16428146500123e-05,-0.644312890646937,0.496,0.708,0.426429729371351,"DNAJC3"
1.21582745444165e-05,1.0361965577665,0.574,0.455,0.445308963463799,"C3orf14"
1.22153169003281e-05,-0.712862750240709,0.398,0.584,0.447398196791416,"SUN1"
1.22665540724708e-05,0.990339827839935,0.533,0.416,0.449274809458316,"COMTD1"
1.23214403998572e-05,-1.0234779487967,0.216,0.377,0.45128507608517,"KLF3"
1.2341036159324e-05,-0.673766304527273,0.297,0.487,0.452002790371402,"LARP1B"
1.23474054064858e-05,-0.493119605159716,0.593,0.766,0.45223607041795,"TFAP2A"
1.25825181029188e-05,-0.906689518728718,0.221,0.39,0.460847308037502,"CAMSAP2"
1.27165817269081e-05,0.996950876355634,0.491,0.344,0.465757522329736,"MSRB2"
1.29446210764672e-05,-0.797591681591582,0.149,0.299,0.474109691546688,"GTF2H1"
1.29935733273267e-05,-0.743799853745099,0.175,0.331,0.475902616686668,"LACTB"
1.30650978605766e-05,-1.18829612842252,0.102,0.227,0.478522274241478,"YAP1"
1.33010309459371e-05,-0.928719889887392,0.187,0.351,0.487163559425891,"AEN"
1.34360634981751e-05,-0.539024264515948,0.316,0.539,0.492109261684161,"MGRN1"
1.34758493138341e-05,-0.498154822722848,0.584,0.76,0.493566456968489,"CLTB"
1.34991508088072e-05,-0.473363021531375,0.739,0.89,0.494419897523371,"ENO1"
1.3580173899387e-05,-1.18633559565549,0.085,0.208,0.497387449238949,"NOTCH3"
1.36114558735741e-05,-0.629105988432227,0.481,0.682,0.498533182825524,"PKP3"
1.36239612999106e-05,-1.4166793549019,0.244,0.409,0.498991206570524,"HILPDA"
1.38166719716442e-05,-0.517337550009122,0.891,0.961,0.50604942763344,"FUS"
1.39034588942082e-05,2.51148550250004,0.184,0.045,0.509228085459268,"WDR72"
1.41207837424947e-05,-0.591666658278511,0.447,0.669,0.51718782535261,"ABHD5"
1.41422635050795e-05,-0.2672246295576,0.51,0.753,0.517974543137042,"APLP2"
1.42696253742649e-05,-1.39629143977979,0.073,0.182,0.522639298957827,"RAPGEF2"
1.42828616801914e-05,0.571726869870874,0.865,0.818,0.523124091898691,"SRSF5"
1.4361083445778e-05,-0.779711344349252,0.233,0.403,0.525989042285065,"RSPRY1"
1.4470963308297e-05,0.305624180258168,0.995,1,0.530013502129685,"RPL31"
1.47686606651214e-05,-1.02184065946979,0.167,0.305,0.540916965520738,"IFITM1"
1.48222891298718e-05,0.672965974529402,0.735,0.708,0.542881161670686,"HSD17B10"
1.48293833998068e-05,-0.369294212621364,0.786,0.903,0.543140996401323,"SF1"
1.48566919848836e-05,0.606931288066003,0.791,0.695,0.544141200638347,"PSMA6"
1.48741195622743e-05,-0.825175384294058,0.051,0.149,0.54477950308786,"CACNG4"
1.50063795130339e-05,-0.462875602408444,0.495,0.727,0.54962365604438,"RPL7L1"
1.50525991096608e-05,0.911798641184581,0.542,0.383,0.551316494990437,"GPR160"
1.52966131340266e-05,-0.627623770191833,0.568,0.76,0.56025375264686,"TOP1"
1.5306771832628e-05,-0.752700983408618,0.192,0.357,0.560625825141834,"MAP9"
1.53422412106823e-05,-0.430409926448237,0.618,0.812,0.56192492658245,"EIF3A"
1.55801914772373e-05,-1.15109796114233,0.081,0.195,0.570640093045294,"PPRC1"
1.56020459519402e-05,-1.61245932658223,0.249,0.422,0.571440535035762,"SCGB1D2"
1.56617954137509e-05,-0.654440011124107,0.269,0.455,0.57362891882404,"LINC02802"
1.58748437922806e-05,-1.93091115989281,0.033,0.11,0.58143202873607,"NOTCH2NLA"
1.66702337307432e-05,-1.20585270478222,0.126,0.26,0.610563980622202,"CBR3"
1.67418276346298e-05,-1.86650838218437,0.033,0.11,0.61318617894595,"ZNF841"
1.69004318311318e-05,1.9343659857608,0.269,0.117,0.618995216247032,"PLIN5"
1.70817134845323e-05,-0.650466622051625,0.225,0.403,0.625634838084482,"AC093001.1"
1.74251526104014e-05,-0.853969269636487,0.166,0.318,0.63821363950856,"SLC39A10"
1.75296611824933e-05,2.26477561192883,0.239,0.097,0.642041370470001,"CCDC74B"
1.7704641659276e-05,-0.647064244332137,0.098,0.227,0.648450205412643,"ELL"
1.78129737294632e-05,-0.821410024735399,0.154,0.305,0.65241797581532,"SOCS6"
1.78260905305044e-05,-0.741869312204104,0.215,0.383,0.652898391770254,"RBPMS"
1.82493426857946e-05,-0.519964034490275,0.455,0.649,0.668400425209914,"MAP3K13"
1.84710640192685e-05,3.23581033006786,0.142,0.019,0.676521190769729,"CHST1"
1.85007289571903e-05,1.81669639555855,0.253,0.097,0.677607698786051,"ATP1A2"
1.86937900694604e-05,-0.506302214891207,0.667,0.805,0.684678755084057,"ARF6"
1.87177350414381e-05,1.11712176798962,0.621,0.539,0.685555763627712,"DEGS2"
1.88299721757177e-05,0.378210433229065,0.912,0.903,0.689666560907838,"DYNLRB1"
1.91973489653939e-05,-0.848848287103495,0.442,0.617,0.703122103206516,"CEBPD"
1.92024376105825e-05,4.43444942972396,0.179,0.045,0.703308479925194,"CST2"
1.93654125340654e-05,-1.01332301580492,0.181,0.331,0.709277599472681,"SETX"
1.94792926729672e-05,-0.809205135609504,0.096,0.221,0.713448573440098,"KIAA0895"
1.95985265118732e-05,-0.436626645719839,0.281,0.481,0.717815632023868,"PPP6R3"
1.98224971723238e-05,-0.819640707309034,0.133,0.273,0.726018781433531,"RRP1B"
2.0037432100886e-05,-1.11577228874993,0.053,0.149,0.733890988127049,"ABCC1"
2.02112318857083e-05,0.283639077671188,1,1,0.740256579045954,"RPL3"
2.02914909314463e-05,-0.874533325228945,0.194,0.357,0.743196146855152,"JOSD1"
2.04247103848775e-05,-0.30341493180419,0.782,0.922,0.748075442556522,"SELENOK"
2.05787136107622e-05,-1.26443095603592,0.096,0.214,0.753715964707776,"FKBP14"
2.06208846348162e-05,-0.624510689725888,0.276,0.468,0.755260520634777,"NF1"
2.07761386306792e-05,1.74257792514045,0.285,0.13,0.760946853487257,"DDIT4"
2.08918231858215e-05,-0.846756836917353,0.081,0.195,0.765183916003899,"SOCS7"
2.09223837170687e-05,-0.836030814130701,0.127,0.266,0.766303226021359,"ATG4A"
2.10249799799309e-05,-0.669385346792142,0.092,0.214,0.770060916744949,"GAN"
2.10673710848759e-05,1.64505456856249,0.593,0.545,0.771613533354665,"ATP1B1"
2.1081339124164e-05,1.67460558271688,0.27,0.117,0.77212512676163,"ZFHX2-AS1"
2.14858936189427e-05,0.670483204987197,0.14,0.292,0.786942339687397,"CA2"
2.17065363134282e-05,-0.350753023901512,0.821,0.935,0.795023599015622,"MCL1"
2.17868149386446e-05,-0.443156545877884,0.439,0.649,0.797963883942795,"SYNCRIP"
2.18449371106294e-05,0.967046353120828,0.427,0.253,0.800092666613912,"PRR15L"
2.19942033354012e-05,0.596916926103872,0.796,0.734,0.805559691362403,"NDUFB3"
2.21651902841093e-05,-1.47537498348788,0.075,0.182,0.811822259345787,"PPP2R3A"
2.21893843269479e-05,0.605232325730482,0.788,0.766,0.812708390358792,"NDUFA12"
2.22712652008518e-05,-1.22715165450488,0.133,0.266,0.815707359246399,"CASP3"
2.23454527554575e-05,-1.41477645500653,0.043,0.13,0.818424552621388,"FERMT2"
2.24995714303078e-05,1.66801076927777,0.278,0.123,0.824069303206453,"CETN3"
2.26613495280142e-05,-0.922511724237379,0.117,0.247,0.82999458781305,"RRAS2"
2.26915284953677e-05,-0.66977567497626,0.232,0.409,0.831099922671337,"YKT6"
2.29261100508675e-05,-0.865527976531661,0.143,0.286,0.839691706723073,"NFKB1"
2.46980083016956e-05,0.518058020957586,0.724,0.636,0.904589252057904,"MRPL33"
2.49810949628627e-05,1.07315255300799,0.457,0.312,0.914957584109808,"GSTO2"
2.55432534595567e-05,-1.60463310485134,0.044,0.13,0.935547201209725,"FBXL18"
2.56696396722977e-05,-1.05847546342505,0.087,0.201,0.940176222637574,"MYO5B"
2.67870136937557e-05,-1.18134036061784,0.062,0.162,0.981101163547495,"FGF13"
2.68610267444718e-05,-0.418658407691385,0.737,0.916,0.983811965543025,"SNHG5"
2.69741362531521e-05,-0.67746406014049,0.164,0.318,0.987954714407948,"FKBP10"
2.70269077941366e-05,-0.957843271521459,0.163,0.312,0.989887524868048,"CHD7"
2.71779927951969e-05,-0.927656354954425,0.177,0.325,0.995421164116882,"MTFR1"
2.72201430827448e-05,-0.288854899923312,0.998,1,0.99696496054861,"RPS5"
2.82771136093268e-05,3.70514606741513,0.136,0.019,1,"PDGFD"
3.36152823847925e-05,3.23107147920999,0.154,0.032,1,"CADM2"
0.000320919080691551,3.16603260321308,0.102,0.013,1,"CA14"
4.18349003081285e-05,2.88523873008313,0.152,0.032,1,"GDAP1"
0.000340581877087971,2.75228200167289,0.122,0.026,1,"MAGI2"
7.26837199858363e-05,2.75079508884126,0.175,0.052,1,"APOC1"
0.00069591410305727,2.61493237215262,0.105,0.019,1,"CBLN2"
3.89670887421384e-05,2.5961400670072,0.179,0.052,1,"COLEC12"
0.00115132494259071,2.55748909745676,0.109,0.026,1,"LRTM1"
0.000371804559010135,2.55148764524649,0.102,0.013,1,"TMEM213"
4.81485017677298e-05,2.52538637185493,0.144,0.026,1,"RUNDC3A"
0.000468253753387406,2.51905703546037,0.118,0.026,1,"LRP4"
0.00049298260534835,2.45980509303065,0.193,0.084,1,"OLFML3"
0.000120557968160509,2.4317514520704,0.177,0.058,1,"MYO3B"
0.000344404924342173,2.37551536659614,0.142,0.039,1,"MZB1"
0.000387910743904602,2.36784284252662,0.147,0.045,1,"LERFS"
5.90492253527026e-05,2.34232173262392,0.235,0.104,1,"RBP5"
0.000122667973999542,2.33572170742319,0.135,0.026,1,"RIMS1"
0.000141723950549874,2.26096165256648,0.112,0.013,1,"FADS2"
0.00104484771890394,2.2373510653371,0.119,0.032,1,"DUBR"
0.000113597511638451,2.20263310192403,0.219,0.091,1,"TPRG1"
0.000417756745092824,2.18418782912196,0.111,0.019,1,"NXPH3"
6.31462672973067e-05,-2.1594554607505,0.04,0.117,1,"DUSP6"
0.00320449051198823,-2.14326582196054,0.091,0.169,1,"ORM1"
0.000371058762145535,2.09502438650766,0.123,0.026,1,"HELLPAR"
0.000568648694752994,2.08169138262805,0.127,0.032,1,"ST6GALNAC5"
0.000460391493288856,2.07704644675617,0.13,0.032,1,"DOCK10"
3.3695717481561e-05,-2.060782301039,0.039,0.117,1,"GCNT2"
0.000103742975193091,2.05529116673338,0.246,0.11,1,"MRPS30-DT"
0.000294237459212612,2.03053267717873,0.136,0.032,1,"NAV3"
0.00287943358006834,2.02673214246578,0.149,0.065,1,"SELENOI"
0.00013215040590207,2.01488461191202,0.227,0.097,1,"ARL4D"
0.000584447588282966,2.00107301536112,0.161,0.058,1,"RIIAD1"
8.64177870289234e-05,1.98399994107014,0.235,0.104,1,"GRIA2"
0.000128574063708911,1.95172801463452,0.171,0.052,1,"HDAC9"
0.00264160261163399,1.93841320140303,0.101,0.026,1,"LRP1B"
0.00217812659186914,1.92679805017693,0.12,0.039,1,"SIGLEC15"
0.00516031398111535,1.91886765576384,0.11,0.039,1,"NIFK-AS1"
0.000305230339571005,1.91434796683252,0.24,0.123,1,"MACIR"
0.000576573526547296,1.88994205710333,0.179,0.071,1,"ASB9"
0.000237780768264491,1.88421532452492,0.156,0.045,1,"EPHX4"
0.000103371692986838,1.88017919479001,0.264,0.136,1,"ESRRG"
0.00027243842907292,1.8755117292226,0.163,0.052,1,"VTN"
0.00125734332945461,1.87366726603971,0.159,0.065,1,"AC002558.3"
0.00013848073132862,1.8561337574378,0.144,0.032,1,"AFP"
0.000331778486037968,-1.83790767837518,0.046,0.117,1,"INHBB"
6.19202112993975e-05,-1.83677478324409,0.051,0.136,1,"MXRA8"
0.000406633272887087,1.8357037362477,0.182,0.071,1,"TARBP1"
8.09325997935471e-05,1.83564600116979,0.15,0.032,1,"AC061961.1"
0.0081611045066671,1.81989421729392,0.152,0.078,1,"TSHZ1"
0.000993657180625247,1.80423737375231,0.201,0.097,1,"ALG6"
0.0111535579919724,1.8020955639809,0.102,0.039,1,"DUXAP8"
3.67849008776673e-05,1.79754738706291,0.211,0.071,1,"RPP25"
0.0243385640585958,-1.79696392948486,0.091,0.149,1,"ID3"
0.00209257559005022,1.77576841872009,0.131,0.045,1,"SLC25A40"
0.0218299197923858,1.77524914513108,0.101,0.045,1,"HULC"
0.000580679319682767,-1.77126890863406,0.048,0.117,1,"CCZ1B"
0.00399261110764426,1.769174465235,0.14,0.058,1,"GLRB"
0.000969219705682897,1.76431351805295,0.187,0.084,1,"CCDC170"
0.0213235783459517,1.74852281135124,0.102,0.045,1,"USF3"
0.000347247390950827,1.74802070004901,0.218,0.097,1,"PPP1R3B"
0.0359906256904779,1.74545334792096,0.284,0.24,1,"CD163L1"
0.000259876768166936,1.74418282826276,0.232,0.11,1,"HOXB3"
0.000314794998837745,1.73924620208532,0.229,0.11,1,"DNAAF2"
0.00564214912754099,1.72973808715426,0.11,0.039,1,"FRMD3"
0.030861698363679,1.72634693677352,0.106,0.052,1,"SSTR2"
0.011025866796116,1.72288217557774,0.118,0.052,1,"CENPC"
0.00161400556370576,1.72283190028808,0.2,0.104,1,"DMTF1"
0.00112480003950913,1.71759817689517,0.351,0.24,1,"ECPAS"
0.0103698734614147,1.71076272749129,0.119,0.052,1,"PIGBOS1"
4.57703291971246e-05,-1.7099735141794,0.035,0.11,1,"MIR210HG"
3.2028399373673e-05,-1.70236351799566,0.034,0.11,1,"BRSK1"
0.000138980627398632,1.70163219408942,0.289,0.162,1,"ATP13A2"
0.000638499043406383,1.7009408472149,0.338,0.24,1,"ENPP5"
0.00838269873074382,1.69104833163407,0.138,0.065,1,"C11orf71"
0.00574325278709374,1.68739735448341,0.11,0.039,1,"LDHD"
0.0170835199310742,1.67972570656086,0.143,0.078,1,"FBXO44"
0.00132556635919373,1.67753491885267,0.145,0.052,1,"DBF4"
0.000356212422170444,1.66493052348466,0.192,0.078,1,"DGLUCY"
0.00204123653670395,1.66006961047867,0.139,0.052,1,"ANKRD30B"
4.09992077882244e-05,1.6586944033383,0.209,0.071,1,"CSAG1"
0.000527724135466945,1.65814681492256,0.173,0.065,1,"CST9"
0.00013745509618303,1.63808945845608,0.267,0.136,1,"KCTD6"
0.00651238017012231,1.63296394143771,0.118,0.045,1,"ACTN2"
0.0013104443956423,1.62899389663014,0.154,0.058,1,"HAPLN2"
0.00132914545196411,-1.62002443848389,0.047,0.11,1,"MYO1E"
0.0163004009644102,1.6182026228239,0.129,0.065,1,"LINC00884"
0.00083559728406176,1.61406832548947,0.212,0.104,1,"NMNAT3"
0.0019855132755744,1.6100431011685,0.239,0.143,1,"DYNC2LI1"
0.0127690039393229,1.60680586326847,0.101,0.039,1,"LFNG"
0.000523975547787332,1.6043597279247,0.166,0.058,1,"DUSP15"
3.2021667526471e-05,1.60196952447242,0.339,0.169,1,"MSMB"
0.00795403096473429,1.59760588130799,0.131,0.058,1,"GNPDA2"
0.00316392955085384,1.59403244097063,0.126,0.045,1,"CXCL12"
0.000142568997561383,-1.58883040784196,0.054,0.136,1,"MAN2A1"
4.90204581474626e-05,-1.58704316653376,0.046,0.13,1,"GAD1"
0.0395772798440683,1.58202777902032,0.15,0.097,1,"SNX24"
0.0109852954945695,1.58097834855551,0.127,0.058,1,"C21orf58"
0.016814316789383,1.5780830001878,0.13,0.065,1,"ERBB4"
0.00483233993904886,1.57676109757819,0.13,0.052,1,"CEP126"
0.00187146099579339,1.57139114944213,0.187,0.091,1,"BCS1L"
0.0148667102577936,1.5698985876237,0.123,0.058,1,"KRT222"
0.00635137519039987,1.56773623462299,0.11,0.039,1,"BCDIN3D"
0.0207952209677806,1.56369772978454,0.103,0.045,1,"ZDHHC2"
2.92062847340059e-05,1.55786819033908,0.221,0.071,1,"RTBDN"
0.000147082042200162,1.55755737155817,0.257,0.123,1,"PCK2"
0.00806359147667739,1.5562786062587,0.168,0.091,1,"TMEM145"
7.10470014538101e-05,1.55274094894041,0.18,0.052,1,"ABHD12B"
0.00946494695332972,1.54593011102727,0.104,0.039,1,"SCAMP5"
0.000247303930395447,1.54358079336675,0.215,0.091,1,"JADE1"
0.0123518857310433,1.54241870544078,0.117,0.052,1,"C2orf74"
0.00665802201901468,1.54163242571058,0.191,0.11,1,"AC007009.1"
0.000239233287096715,-1.53246769905267,0.076,0.169,1,"RAB32"
0.00874028597508732,1.53167790873175,0.123,0.052,1,"MORN4"
0.0130307064520605,1.52858221677914,0.101,0.039,1,"SCRT1"
0.0101758130186241,1.52435378207164,0.22,0.143,1,"TRUB1"
0.00875338723723749,1.51894810107405,0.131,0.058,1,"LINC01137"
0.000238440921651455,-1.51661389603907,0.085,0.182,1,"IL32"
0.000282511199227136,-1.51605525314958,0.133,0.24,1,"RNF144B"
5.72401040209093e-05,-1.50923899872155,0.047,0.13,1,"AL031058.1"
0.00159035408168806,1.50770771369404,0.246,0.143,1,"LYRM9"
0.000531579259377055,-1.50731284190956,0.039,0.104,1,"PLSCR3"
4.78590668271095e-05,1.49723163827168,0.352,0.208,1,"SMC4"
0.000145491882550531,1.49527432213697,0.275,0.143,1,"GCAT"
0.00257428648780371,1.48771651499453,0.154,0.065,1,"FBXO2"
0.00180743473449332,-1.48662967857754,0.043,0.104,1,"NIBAN1"
0.000569240066863058,1.48639353658651,0.222,0.104,1,"NRIP3"
3.26450892244063e-05,-1.48579048030101,0.095,0.208,1,"PDP1"
0.00388240090064429,1.48494669512203,0.157,0.071,1,"SNX21"
9.87958149306332e-05,1.48444902366528,0.194,0.065,1,"MT1M"
0.000555622166339643,1.47593516348612,0.277,0.162,1,"PSIP1"
0.00182801020061627,1.47432820750588,0.16,0.065,1,"NOS1AP"
0.013274758453306,1.47412124032229,0.101,0.039,1,"NRXN3"
0.00168059083049002,1.46867922124046,0.184,0.084,1,"AC004951.1"
0.000574559118379313,-1.46863268365512,0.039,0.104,1,"APOL6"
0.000161741571241579,-1.46790604468226,0.039,0.11,1,"SLC41A2"
0.00799011899558596,1.46431036023381,0.184,0.104,1,"SH3KBP1"
0.0168279465365974,1.46246791806753,0.185,0.117,1,"SGPP2"
0.00890344837986465,1.46211766472304,0.123,0.052,1,"NCAM2"
0.00128006518934778,1.45852339998938,0.236,0.13,1,"SFXN5"
0.000143499752509401,1.45816200139607,0.298,0.169,1,"PYGL"
3.70286547998033e-05,1.45776175096151,0.292,0.143,1,"NDRG2"
2.82913319909199e-05,-1.4571732841545,0.034,0.11,1,"KCNN4"
0.000102424474885681,-1.44759326794441,0.041,0.117,1,"EPO"
0.000387923049368736,1.44676204897151,0.23,0.11,1,"DHRS4-AS1"
0.00064291165334902,-1.44655064292072,0.069,0.149,1,"C1orf159"
0.00415801825677402,-1.44084924129789,0.047,0.104,1,"PDGFC"
0.0011874784385635,1.43813199039619,0.131,0.039,1,"PLCXD3"
0.00199015716997332,1.43499707175314,0.209,0.11,1,"GPR27"
0.000206897961176826,1.43352767802476,0.164,0.045,1,"PLBD1"
0.0164514071248369,1.43177925612049,0.122,0.058,1,"NCKAP5"
0.000216045150313883,1.42841778147204,0.177,0.058,1,"SLC43A2"
6.0148439858152e-05,1.42310991783236,0.27,0.123,1,"RAMP1"
5.62350446952503e-05,-1.42246452254759,0.054,0.143,1,"CDC42BPG"
0.000306328231670466,-1.41966506409328,0.07,0.156,1,"OSMR"
0.0342612928876657,1.41711562243225,0.122,0.065,1,"NUPR1"
0.000150789791480014,1.41506908758546,0.271,0.136,1,"ZNF22"
0.00183686797176385,-1.41180505804873,0.083,0.162,1,"EGR4"
0.0340402561467955,1.40705672117293,0.173,0.117,1,"SEPHS1"
0.00137796064981356,1.39954944205707,0.138,0.045,1,"C2orf27A"
0.101637091301709,1.39889664742381,0.131,0.091,1,"SOGA1"
0.00884253543981038,1.3986974927928,0.244,0.169,1,"NIPSNAP3A"
0.0232061610163565,1.39859615105479,0.149,0.084,1,"AC099778.1"
0.000556782380631855,-1.3953730621459,0.055,0.13,1,"ZBTB7C"
0.0004692472529421,1.3907800641018,0.265,0.143,1,"NECAB1"
0.000485312779528036,1.38943209554477,0.164,0.058,1,"USP18"
0.0119757537741532,1.38919190380498,0.164,0.091,1,"MACROH2A2"
0.000338407285429833,-1.38741162528584,0.037,0.104,1,"UBE2E3"
0.00203385897847425,1.38612688701489,0.303,0.208,1,"KLHL5"
0.00490535305864828,1.38611949396988,0.199,0.11,1,"CPLANE1"
0.0432442555380009,1.38601859358654,0.131,0.078,1,"ST8SIA6"
0.028448585899105,1.38293751033471,0.172,0.11,1,"HEXIM2"
0.00118077360613381,1.38225290610587,0.212,0.104,1,"CCDC86"
0.000602468732437451,1.38022367042615,0.227,0.11,1,"CROT"
0.00692041572124596,1.3796372586898,0.118,0.045,1,"AC012640.2"
0.00702574465526997,1.37794309236754,0.144,0.065,1,"LAMA3"
0.000280027102558495,1.37707659705711,0.358,0.24,1,"ANXA9"
0.0254255814686586,1.3770410623843,0.108,0.052,1,"PEX11G"
0.00729440232910744,1.37458735826403,0.198,0.117,1,"SNHG14"
0.0167575950089955,1.37369820526981,0.167,0.097,1,"FAM118A"
0.0126814606933958,-1.36911518168779,0.056,0.11,1,"LCN2"
0.00804731693016907,1.36675489927798,0.14,0.065,1,"ZNF429"
0.0089761445947825,1.36655285969709,0.248,0.169,1,"HSPA2"
0.0142240598035815,1.35675010516962,0.109,0.045,1,"UPRT"
0.000742109039736379,-1.35653840219086,0.061,0.136,1,"ITM2C"
0.0228182100905999,1.35204656824666,0.133,0.071,1,"OXSM"
0.000325262358413247,1.35082658015405,0.337,0.221,1,"ELOVL2"
9.69078150174957e-05,1.34434162790479,0.308,0.169,1,"ZNF44"
0.0136169166969512,1.34367129737389,0.102,0.039,1,"CXXC4"
0.0278408176209178,1.34291385900501,0.124,0.065,1,"HHEX"
0.0116284917181805,1.34268775029903,0.103,0.039,1,"ZNF599"
0.00827130921660663,1.33991385531172,0.14,0.065,1,"BCAS3"
0.00266888053777905,1.33953516621366,0.164,0.071,1,"FAM117A"
0.00956031714834467,1.33666872850997,0.122,0.052,1,"MAN1A1"
0.0732551504512059,1.32827589415578,0.102,0.058,1,"FAM221A"
0.0188952134307119,1.32468921510719,0.113,0.052,1,"ST7L"
0.0738512638166152,1.32458471124075,0.109,0.065,1,"PHF10"
0.00550512542786165,-1.32414229757764,0.081,0.149,1,"SCNN1B"
0.00122309253706393,1.32384954287827,0.27,0.162,1,"IDNK"
0.00224715440359837,1.32240564940873,0.212,0.11,1,"CDC27"
0.0255628923332432,1.32221282042949,0.14,0.078,1,"FAM217B"
0.00688477440572899,1.32139520635899,0.201,0.117,1,"IFT46"
0.0132625181214827,-1.32018353437205,0.057,0.11,1,"ZNF57"
0.00789240755400833,1.31882299874892,0.17,0.091,1,"CGRRF1"
0.0641310439571943,1.31511247626135,0.104,0.058,1,"FADS1"
0.000230924137743474,1.31406734986996,0.255,0.123,1,"NBL1"
0.882651158918353,1.31177969913962,0.136,0.143,1,"NR4A3"
0.00589338261880363,1.31015500608155,0.145,0.065,1,"DHRS4"
0.0064325287744507,1.31004877946903,0.173,0.091,1,"OVOL2"
0.00309124684869037,1.30930466946817,0.145,0.058,1,"RGL3"
0.000274062072052137,-1.30467960961265,0.056,0.136,1,"RCC1"
0.0230595376564335,1.30408923948721,0.27,0.208,1,"TMEM64"
0.0312995751905956,1.30390789092875,0.171,0.11,1,"FGFR2"
0.0112198103093858,1.3033341274273,0.137,0.065,1,"MYBL2"
0.00446018728031217,1.30292138732001,0.194,0.104,1,"GSTM4"
0.0247026697601443,1.30229535608441,0.133,0.071,1,"NKD2"
0.000860286196917402,-1.30027210673799,0.048,0.117,1,"SLC16A4"
0.0136149937669259,1.29920348739081,0.165,0.091,1,"GPER1"
0.00373710201400213,1.29598578720583,0.247,0.156,1,"TTC8"
5.23970143962759e-05,1.29559646387256,0.229,0.084,1,"HSD17B14"
0.0818353151748601,1.2937669252973,0.101,0.058,1,"ATL1"
0.000763084367447706,1.2928689416671,0.251,0.136,1,"EOLA1"
6.60841100223617e-05,-1.29072925511501,0.062,0.156,1,"ZNF433-AS1"
0.00303779746312352,-1.29020061040659,0.32,0.442,1,"GLA"
0.0691574049327122,1.2901207147707,0.152,0.104,1,"FAM50B"
0.00273406922920378,-1.2901197585386,0.049,0.11,1,"ZNF461"
0.00662496861753049,1.28880742074416,0.268,0.188,1,"BDH1"
0.000629582544217649,-1.28870618853311,0.069,0.149,1,"LINC00960"
0.000219175730091282,1.28532433709033,0.444,0.338,1,"CAMK2N1"
0.00142014883725373,1.28107424123633,0.218,0.11,1,"SLC1A2"
0.0121471625156934,1.28062133824944,0.143,0.071,1,"C12orf65"
0.0285243700740277,1.28019910623564,0.146,0.084,1,"ZNF680"
0.000140615406345415,-1.27866324783452,0.046,0.123,1,"QPCT"
0.000422562667078396,-1.27854190698613,0.065,0.149,1,"AL035071.1"
0.0135596187173496,1.27583221625729,0.172,0.097,1,"USP11"
7.53436573618037e-05,-1.27349265736932,0.058,0.149,1,"HIVEP1"
0.00153016539283513,1.2705017028539,0.255,0.149,1,"VSIG10"
0.0441768268864613,1.26853309363666,0.125,0.071,1,"SPINK8"
0.0037080330839424,1.26663195186442,0.324,0.24,1,"SLC35E3"
0.0156007995130255,1.26500656451999,0.108,0.045,1,"RAB3A"
0.000326625837736004,1.26406761506438,0.338,0.214,1,"ACADM"
0.0212144523679648,1.26377451661665,0.208,0.143,1,"RAE1"
0.0480435654033736,1.26306873682597,0.139,0.084,1,"SOCS5"
0.021186282428018,1.26289502639361,0.158,0.091,1,"AC093323.1"
8.4025872632093e-05,-1.26002496766712,0.071,0.169,1,"VTCN1"
0.017118759072954,1.25867781115976,0.207,0.136,1,"AP1G2"
0.00234291961737848,1.25699087406234,0.211,0.11,1,"COQ8A"
0.0895089838735937,1.25609858451937,0.135,0.091,1,"MTRF1L"
0.00355237138527848,1.25552037524789,0.189,0.097,1,"CKMT1A"
0.0016582505376118,1.25543290865227,0.178,0.078,1,"ZNF385D"
0.0148265766613035,-1.25507745657576,0.068,0.123,1,"BTN3A2"
0.00168125724698984,1.25413345522634,0.269,0.162,1,"MTARC1"
0.0341127715677442,1.25323937154719,0.144,0.084,1,"PXK"
0.000482143756368839,1.25187931383136,0.344,0.221,1,"GLCE"
0.000555712410611956,-1.25124603661025,0.042,0.11,1,"TSPAN33"
0.097780182930755,1.25098391501584,0.119,0.078,1,"ABHD10"
0.0697206780908379,1.24933557258693,0.178,0.13,1,"DTX2"
0.0380710681457376,1.24878827091,0.112,0.058,1,"HSD17B11"
0.00321281115702137,-1.24707492150873,0.063,0.13,1,"TRIM17"
0.013055624763121,-1.24589240993485,0.057,0.11,1,"C4BPB"
0.006430365972671,1.24429021661771,0.111,0.039,1,"NSUN6"
0.00914240954489612,1.24059910734989,0.207,0.123,1,"GALC"
0.318711984468423,1.2394124430515,0.105,0.084,1,"EPG5"
0.118582172975921,1.23875590109501,0.117,0.078,1,"WRAP73"
0.00789799298390969,1.23636204805417,0.151,0.071,1,"AC008555.4"
6.08979349762107e-05,-1.23374688689444,0.111,0.227,1,"NFKBIE"
0.0154659995287146,1.23122968454812,0.185,0.11,1,"FRMD6-AS1"
0.00357466828125541,1.2311540112202,0.153,0.065,1,"DCLK1"
0.00238543370275373,-1.22874493492504,0.053,0.117,1,"GFOD1"
0.000968949424737427,-1.22839452237209,0.048,0.117,1,"ENC1"
0.00584214964184646,-1.22676217474807,0.048,0.104,1,"TNS4"
0.00296070370444943,-1.22625121490142,0.044,0.104,1,"SCARA3"
0.000421778890961483,-1.22513801237025,0.046,0.117,1,"LPCAT4"
0.00138069507780245,1.22512945299207,0.297,0.188,1,"PCCA-DT"
0.000703328042389943,1.22108088485014,0.222,0.104,1,"LINC00667"
0.0296150788692724,1.21950329414872,0.108,0.052,1,"TLR5"
0.000152756936790232,-1.2194608090844,0.07,0.162,1,"NCK2"
0.000198790155442412,1.21925341319727,0.28,0.143,1,"KAZALD1"
0.000719637759997889,1.21917880672496,0.235,0.117,1,"TMEM242"
4.56476485833549e-05,1.21872455469785,0.543,0.422,1,"GPATCH2"
0.00598441712240947,-1.21536663921559,0.062,0.123,1,"USP25"
0.0179934743025397,1.21341991211832,0.106,0.045,1,"RADIL"
0.0356331912609938,1.21308735817122,0.226,0.169,1,"NRSN2"
0.0326672008762019,1.21241206799752,0.151,0.091,1,"SULT2B1"
0.00850361252274665,1.21061618690358,0.306,0.227,1,"SEPTIN8"
0.0672823832800834,1.20953028049487,0.119,0.071,1,"AL391421.1"
2.98571883605797e-05,-1.20669407090983,0.126,0.253,1,"GBP2"
0.0036279942979781,-1.20539051074845,0.074,0.143,1,"ZNF611"
0.152764878532388,1.20480904109233,0.105,0.071,1,"RILP"
0.121008704234377,1.20329544221057,0.123,0.084,1,"DOCK1"
0.00108966248995962,-1.20233416042459,0.062,0.136,1,"PKP2"
0.00153402433496654,1.20225301845778,0.129,0.039,1,"AL592295.5"
0.000492717692024544,-1.19959042186396,0.068,0.149,1,"CIBAR1"
0.00593779523093043,1.19956117031045,0.241,0.149,1,"CLSTN2"
0.000180032165262896,1.19800166852216,0.381,0.253,1,"CZIB"
0.00100690632754198,1.1978651447726,0.297,0.182,1,"ZNF397"
0.000984643399887366,1.19671738213351,0.303,0.188,1,"ZMYND11"
0.0354001886078679,1.1965002872169,0.234,0.175,1,"LINC00173"
0.052867641401534,-1.19549451626838,0.073,0.117,1,"OSR2"
0.000475157574265141,-1.19497029272383,0.037,0.104,1,"AC022150.4"
0.00360252034400863,1.1943069231642,0.212,0.117,1,"EFS"
0.000426351307920447,1.19385474162132,0.342,0.221,1,"MOAP1"
0.023805247206724,1.19378641261878,0.215,0.149,1,"FAHD2B"
0.0387257893513234,1.19357117002656,0.127,0.071,1,"LINC02482"
0.0673483369788504,1.19177244966449,0.147,0.097,1,"RAI2"
0.00493874486206562,1.19148387931834,0.179,0.091,1,"SLC27A1"
0.0113999181839941,1.18671130372015,0.221,0.143,1,"ZC3H8"
0.00430278005815117,-1.1865453397973,0.064,0.13,1,"AC108134.2"
0.0137853617537441,-1.18554472252809,0.067,0.123,1,"AL591895.1"
0.000786972236717667,1.18483169195432,0.413,0.312,1,"LAPTM4B"
0.000642849377983244,1.18461791806633,0.368,0.253,1,"NAT1"
0.0510574287744861,1.18395085099079,0.177,0.123,1,"AUH"
0.0183213329540621,1.18190313822301,0.213,0.143,1,"PATZ1"
0.00634561495485499,1.18184783567417,0.243,0.156,1,"MRPS9"
0.0248291030162781,-1.18178287991763,0.076,0.13,1,"PFKFB3"
0.00137316718130101,-1.18110699086169,0.067,0.143,1,"SLC12A2"
0.000995232818051625,1.18036294242885,0.284,0.169,1,"HSCB"
0.000501452415373074,1.17970129651072,0.255,0.13,1,"PSD3"
0.0081379499654449,1.1777720057771,0.106,0.039,1,"RET"
0.0297664478911092,1.17767068065315,0.194,0.13,1,"PFKM"
0.09088994636273,1.17571636388731,0.12,0.078,1,"RPARP-AS1"
3.31586496461824e-05,1.17461027617205,0.395,0.24,1,"TMEM60"
0.00241612471613838,1.17431037102136,0.31,0.208,1,"RBP7"
0.000147614050240569,-1.17392232959115,0.074,0.169,1,"TRRAP"
0.000112788147683662,-1.17379822985876,0.044,0.123,1,"PPP1R18"
0.00224045691718997,1.1732173850143,0.349,0.247,1,"STAU2"
0.0165520062051092,1.17316703340012,0.116,0.052,1,"FAM171B"
0.00369853491379609,1.17117011517862,0.184,0.091,1,"SOWAHA"
0.00274319251303573,1.17009443713871,0.312,0.208,1,"BIK"
0.00979872503022776,1.16978290853814,0.302,0.227,1,"RCC1L"
0.0224933900910998,1.16925191652605,0.172,0.104,1,"CPQ"
8.05169778954437e-05,-1.16912788188094,0.084,0.188,1,"PPP1R12C"
0.0662368841658847,1.16857079338607,0.147,0.097,1,"FASTKD2"
0.00763893432614855,1.16277086261419,0.168,0.084,1,"Z93930.2"
0.128661133573115,1.16152627060871,0.116,0.078,1,"HSPA14"
0.0699981596764129,1.16039188090686,0.111,0.065,1,"AL391001.1"
0.17657467073629,1.15983208773125,0.22,0.195,1,"MIRLET7BHG"
0.00427256914424875,1.15839185568308,0.205,0.117,1,"ENPP4"
0.0449095017014765,1.15807784123787,0.118,0.065,1,"BORCS5"
0.15029650717309,1.15738803558187,0.105,0.071,1,"AC006141.1"
0.0964604021936169,1.1568537680294,0.113,0.071,1,"AP002381.2"
0.00424838966267804,-1.15592963078718,0.047,0.104,1,"TFAP2B"
0.00228832923679949,1.15555984581001,0.273,0.169,1,"DHCR7"
0.0485018230799438,1.15540044197249,0.138,0.084,1,"PICK1"
0.000185367873640392,1.15223457988202,0.325,0.182,1,"MTARC2"
0.00123877729791995,1.1490313316271,0.25,0.143,1,"MCEE"
0.0268428988472914,1.14811330645217,0.117,0.058,1,"DNAJC14"
0.000247344162893003,-1.14791199367525,0.05,0.13,1,"ZNF765"
0.000489331420628766,1.14710903419472,0.429,0.325,1,"MRFAP1L1"
0.000199258498313217,-1.14343250059393,0.097,0.201,1,"HSD11B1L"
0.000117056823020222,-1.14319465073596,0.064,0.156,1,"RNF19B"
0.231907597238415,1.14104796115462,0.212,0.182,1,"HMGCS2"
3.17682899373804e-05,1.13999513662017,0.34,0.175,1,"CCDC151"
0.0242642399916311,1.1399193844567,0.26,0.195,1,"PILRB"
0.000314271204409009,-1.13960592598518,0.069,0.156,1,"TIGAR"
0.00322761139290161,-1.139382738821,0.049,0.11,1,"FBXL19"
0.00786874779936756,-1.13648305096821,0.053,0.11,1,"SLC16A1"
0.335482323530516,1.13532304111097,0.136,0.117,1,"NREP"
0.0108012180547181,-1.13463623251815,0.056,0.11,1,"SLC8B1"
0.0348414665663301,1.13325627352099,0.2,0.136,1,"ZNF302"
0.000367370700194496,1.13247349036591,0.287,0.156,1,"EPHX2"
0.000130852270372714,1.13165123463997,0.342,0.201,1,"SMIM4"
0.00149322771570136,1.13155489304663,0.327,0.227,1,"RBM23"
0.000235812406613108,1.13033152522642,0.441,0.318,1,"BLCAP"
0.0195109055600003,1.13002146203418,0.201,0.13,1,"PAXIP1-AS1"
0.000581721407818846,-1.12802985773898,0.112,0.214,1,"TINCR"
0.00405740602478734,1.12620934800054,0.256,0.162,1,"DUSP11"
0.0100290295733603,1.12557286990192,0.249,0.169,1,"SNAPC3"
0.00583183155481533,1.12436330915242,0.206,0.117,1,"DDX50"
0.0202116013134011,1.12384998296133,0.151,0.084,1,"TIMM21"
0.0183782548028204,1.12375656066743,0.496,0.468,1,"SORD"
0.00963917344904972,1.12178953958562,0.132,0.058,1,"MLYCD"
0.0155315003427758,1.12079785043472,0.265,0.195,1,"FDXR"
0.00683281977968594,1.12079676609761,0.151,0.071,1,"NFASC"
0.0107991070225927,1.11967814392388,0.273,0.195,1,"DCAF11"
0.00397492568276041,-1.11601382406452,0.063,0.13,1,"ARRDC2"
0.000403431341045283,-1.11507862249529,0.065,0.149,1,"NOMO1"
0.00319606719512916,-1.11499217243768,0.071,0.143,1,"EZH2"
0.00653691640374537,1.11411775272065,0.192,0.104,1,"LRRC24"
0.00602860576315569,1.11380440116407,0.408,0.351,1,"PDRG1"
0.0311542875742073,1.11356833535965,0.131,0.071,1,"GALT"
0.0249666554815978,1.11234801577885,0.329,0.279,1,"HDAC1"
0.0309657981367457,1.11150201079463,0.161,0.097,1,"AP001160.1"
0.129886450229059,1.1114540538689,0.109,0.071,1,"TRMT10B"
0.0308311116912207,1.10977083862643,0.24,0.175,1,"TMEM44-AS1"
0.0568900070934312,1.1094130753305,0.143,0.091,1,"CAAP1"
0.00396910067946351,-1.10896996872633,0.05,0.11,1,"ATP11C"
0.035290863109084,1.10766768084182,0.165,0.104,1,"TRIM24"
0.0176273768353909,1.10750786054236,0.23,0.156,1,"MIR29B2CHG"
0.0019834886575848,1.10618762219815,0.264,0.162,1,"PEX11B"
0.00120055083367661,-1.10485499133098,0.057,0.13,1,"TEPSIN"
0.000538659039046774,-1.10395944966952,0.062,0.143,1,"LATS2"
0.00074034432493596,1.10249963047432,0.332,0.208,1,"PIK3R1"
0.0446014712053365,1.10184281301383,0.223,0.169,1,"CTSL"
0.00159489114230721,-1.10117808829961,0.18,0.286,1,"MED1"
0.00033164040905671,-1.10113354555762,0.073,0.162,1,"MBIP"
0.000224441497543837,-1.10087269172801,0.035,0.104,1,"SMCO4"
0.0175789115629505,1.09950381641452,0.163,0.091,1,"SEPTIN6"
0.001374829421574,-1.09911412960597,0.103,0.195,1,"TUT4"
0.00270409241825118,-1.09784130549662,0.044,0.104,1,"MAP3K9"
0.00147371959501076,-1.09782907642245,0.042,0.104,1,"SPATA5L1"
0.0012763070341615,1.09726489091276,0.323,0.214,1,"POR"
0.0177272108353898,1.09706731840708,0.258,0.188,1,"GMPR2"
0.000529845314309329,1.096258621891,0.368,0.247,1,"ZNF467"
3.48745168002669e-05,1.09526976326829,0.441,0.305,1,"ECI2"
0.0183116214971422,1.09451313241078,0.276,0.208,1,"PREB"
0.0818860790070888,1.09434857032321,0.171,0.123,1,"NUP37"
0.00449044266751588,1.09430241712838,0.135,0.052,1,"TFCP2"
5.28020634716186e-05,-1.09379653007511,0.138,0.266,1,"LMO4"
0.129162920139351,1.09280874849928,0.102,0.065,1,"GPT2"
5.64182915982962e-05,-1.09109569308151,0.091,0.201,1,"ZNF628"
0.168059601060467,1.09099893731071,0.171,0.136,1,"EDEM2"
0.00161463866579697,1.09086506388377,0.221,0.117,1,"ACAT2"
0.00605732568442267,1.0899531358229,0.185,0.097,1,"PPM1K"
0.0311055195836156,1.08983002571131,0.138,0.078,1,"TRIM69"
0.0444490885823704,1.08980512920432,0.287,0.24,1,"SDR39U1"
0.00461213168803756,1.08966818435205,0.226,0.13,1,"RBFOX2"
0.175181805795455,1.08935951066514,0.117,0.084,1,"SCN1B"
0.0894268434819313,1.08874731406833,0.312,0.279,1,"AC016831.4"
0.00198932597476278,-1.08853944535627,0.074,0.149,1,"ENKD1"
0.00127501357502977,-1.08835267617745,0.085,0.169,1,"AHDC1"
0.0116610077596185,-1.08786429041817,0.056,0.11,1,"GPRC5D-AS1"
4.83176961937837e-05,-1.08667931684139,0.129,0.253,1,"SYNRG"
0.000681058174257122,1.08656192724109,0.28,0.156,1,"HAUS4"
3.18147967502983e-05,-1.08595006254204,0.075,0.182,1,"FEM1C"
0.000709369030667425,-1.08526709407144,0.074,0.156,1,"SLC22A18AS"
0.00124401910811674,-1.08477340081466,0.074,0.156,1,"STK35"
0.0563439317529144,1.08344678875725,0.204,0.149,1,"SIRT5"
0.0788152094589078,1.0830232776533,0.102,0.058,1,"TBX2-AS1"
0.0444727682217756,1.08186354562977,0.194,0.136,1,"ANAPC7"
7.62863371930143e-05,-1.08111067578295,0.118,0.24,1,"ANO6"
0.0427685566867122,1.07790603679835,0.135,0.078,1,"LIPE-AS1"
0.105192020016894,1.07601221678173,0.119,0.078,1,"LRTOMT"
0.00145496567487729,1.07479936356351,0.335,0.221,1,"RAMP3"
0.00362282825641826,-1.07446922368524,0.054,0.117,1,"TRAPPC10"
0.000209529435089333,-1.0738644155292,0.035,0.104,1,"CCNYL1"
0.214022804355752,1.07284902218967,0.14,0.11,1,"ST6GALNAC6"
0.153593971450261,-1.07276429777448,0.113,0.149,1,"TMEM92"
0.00360799135480015,1.07255501582261,0.378,0.299,1,"PRPF19"
0.0145911070287891,-1.07233176170559,0.053,0.104,1,"ZNF142"
0.229298790098684,1.07142347002405,0.105,0.078,1,"AL117329.1"
0.00315092645468878,1.07126636602871,0.208,0.11,1,"NHLRC3"
0.228410270109515,1.0701914325932,0.105,0.078,1,"KDM4A"
0.037448977613512,1.06994677629416,0.13,0.071,1,"PABPC1L"
0.029026031044997,1.06875404118814,0.117,0.058,1,"CIART"
0.000101642867547588,-1.06731840084162,0.09,0.195,1,"TRIP10"
0.000453602996806058,1.06693247164617,0.378,0.253,1,"ATPAF1"
0.0780184735181139,1.06630392884887,0.173,0.123,1,"CHKB-DT"
5.35980471107306e-05,1.06608148274284,0.317,0.162,1,"TTC36"
0.160469143275955,1.06445801944037,0.104,0.071,1,"PPP3CC"
0.0310292736427798,1.06414968248514,0.188,0.123,1,"ZBTB41"
0.0181235039804412,1.06342196471035,0.256,0.182,1,"CSKMT"
0.0554540062137759,1.06332464219502,0.244,0.195,1,"SUPT16H"
0.077652148745639,1.06230934056317,0.154,0.104,1,"GJB1"
0.0665901970402709,1.06217165672593,0.177,0.123,1,"HOXB4"
0.00237555054706648,-1.06215542890308,0.056,0.123,1,"PSKH1"
0.00969329225334018,-1.0603039583758,0.049,0.104,1,"ZNF507"
0.00221679031539739,-1.05760504457676,0.098,0.182,1,"ARC"
5.04368140614676e-05,-1.05668505890861,0.14,0.273,1,"PRKAA1"
0.0571334648974898,1.0558895912609,0.204,0.149,1,"CPLX1"
0.0025784521208698,1.05565284723419,0.338,0.24,1,"AC068888.1"
0.000976483111450111,1.05563436554558,0.251,0.136,1,"LYPD6B"
0.212610684062078,1.05547397442962,0.154,0.123,1,"AC010336.7"
0.00600062843757332,1.05504413042758,0.13,0.052,1,"PTPN4"
0.0393568056308084,1.054367320753,0.214,0.149,1,"IGFBP6"
0.0119936638643315,1.05386662495043,0.189,0.11,1,"RSAD1"
0.000344849257901603,-1.05330109339879,0.048,0.123,1,"DRAM1"
0.269515306849267,1.05234969075618,0.116,0.091,1,"MOSPD2"
0.00366868829104818,1.05158578708572,0.301,0.201,1,"NT5DC1"
0.000634426161940268,-1.05147789358007,0.046,0.117,1,"SLC22A23"
0.805402815319119,1.04907342324553,0.13,0.13,1,"SCGB3A1"
0.0112701719952931,-1.04888021798788,0.07,0.13,1,"TENT5C"
0.00204156892055946,1.04865032077943,0.409,0.318,1,"ACTR10"
0.00322840080412929,1.04756711730758,0.172,0.078,1,"ECHDC1"
0.0429973480889129,1.04722361263533,0.103,0.052,1,"AC064836.3"
0.000102505144081542,-1.04542729579469,0.063,0.156,1,"BIRC3"
0.00426632571621601,-1.04531917639866,0.06,0.123,1,"LBR"
0.000739324877890901,1.04443817542421,0.342,0.221,1,"RDH14"
0.00203334414828231,1.04362432669566,0.29,0.175,1,"GOT1"
0.00401969946030568,1.04346699644295,0.298,0.201,1,"COQ5"
0.0596657174365943,1.04125691081246,0.137,0.084,1,"AC008556.1"
0.00166840916555046,1.04064433901092,0.254,0.143,1,"SYTL4"
0.000616876892660359,1.04025232254929,0.257,0.13,1,"AFF3"
5.58771562746617e-05,1.03947438888886,0.34,0.182,1,"APPBP2"
0.0264028745543146,1.03788775654112,0.236,0.169,1,"ELP6"
0.0456478500567068,1.03741124866185,0.109,0.058,1,"SLC29A3"
0.087394528168938,1.03596996579625,0.101,0.058,1,"NEIL2"
0.024941109357378,1.03585267136214,0.103,0.045,1,"ELAPOR2"
0.251651702128252,1.0351150932283,0.104,0.078,1,"AL050341.2"
0.00170805744069255,-1.03394939402848,0.144,0.24,1,"MOK"
0.0326415669302176,1.03300896017306,0.306,0.253,1,"LRPPRC"
0.0739533729637053,1.03122826828892,0.18,0.13,1,"LINC02381"
0.355291810585455,1.03064136945118,0.124,0.104,1,"STEAP3"
0.0162615605372972,1.03038045159447,0.108,0.045,1,"HSD11B2"
0.0386784027037826,1.03019288942989,0.172,0.11,1,"PHOSPHO2"
0.00609218679306111,1.02864536047083,0.296,0.208,1,"COPS4"
0.103833044241146,1.0279255483809,0.105,0.065,1,"HARS2"
0.000443009866941055,-1.02783758839304,0.041,0.11,1,"ZNF234"
0.0200912735311347,1.02755482965953,0.218,0.143,1,"HOXC6"
0.00302020944834508,-1.02687271396863,0.057,0.123,1,"WLS"
0.00282111234898721,1.02633597625218,0.198,0.097,1,"CCNP"
0.0382284755992066,1.02604276780071,0.113,0.058,1,"CDC23"
5.16147991099695e-05,1.02561444466618,0.571,0.5,1,"PDHB"
0.0160340576462401,1.02426729049807,0.274,0.201,1,"EPM2AIP1"
0.084827948666284,1.0241734965724,0.219,0.175,1,"TEX2"
0.0225334171393797,1.0238248442859,0.287,0.227,1,"ACAT1"
0.203858075831088,1.02351716871945,0.135,0.104,1,"LIAS"
0.123201541219213,1.02324015985339,0.117,0.078,1,"AC104695.3"
0.000124697299490536,-1.02283543710626,0.188,0.318,1,"CNN2"
0.0842636013895973,1.02214678581677,0.185,0.136,1,"TRIB2"
0.000824796101800195,1.02213022113434,0.363,0.24,1,"H2BC15"
0.000106196179286633,1.02129546593354,0.465,0.338,1,"MAP4K3-DT"
0.0352262843980695,1.02042859739435,0.167,0.104,1,"PRPSAP2"
0.000508583915209567,1.01868706815273,0.342,0.221,1,"PWWP3A"
0.037486144651615,1.01858983185263,0.166,0.104,1,"ASH2L"
0.101325996182821,1.01800265492574,0.142,0.097,1,"MTFR1L"
0.0109672194063075,-1.017090782988,0.069,0.13,1,"FYCO1"
0.108914238190792,1.01700505376812,0.166,0.123,1,"ZNF814"
0.0320447883792659,1.01587348602511,0.138,0.078,1,"SPRYD4"
0.000434242374301555,1.0157800476819,0.635,0.584,1,"AHCYL1"
0.00169283431780519,-1.01474085161165,0.058,0.13,1,"NECTIN1"
0.0637193186518033,1.01419227588156,0.158,0.104,1,"ACE"
0.00370398537660639,-1.01394388931748,0.087,0.162,1,"Z82215.1"
0.0574447857461356,1.01387782732794,0.138,0.084,1,"MZF1-AS1"
0.0557415796867213,1.01320967516521,0.28,0.234,1,"FRA10AC1"
0.0429629924689855,1.01308251412998,0.225,0.162,1,"MIR3936HG"
0.172311779387705,1.01283082658519,0.144,0.11,1,"MBTPS2"
0.0791211657929094,1.01247312979097,0.16,0.11,1,"FBXO6"
7.03088346450729e-05,-1.01225406085492,0.151,0.279,1,"TSPAN17"
0.0254754834792729,1.01198220537548,0.144,0.078,1,"LINGO1"
0.0373512036456298,1.01103706641596,0.223,0.162,1,"FAM110B"
0.27187581655228,1.00895519329019,0.103,0.078,1,"TMEM61"
0.0028365360199012,1.00893056437292,0.343,0.247,1,"NUDT5"
0.0144739393568381,-1.00857196392719,0.053,0.104,1,"KITLG"
0.000234818483897527,1.00818315079753,0.368,0.24,1,"AC127526.5"
0.091450975639558,1.00790215806663,0.191,0.143,1,"ZNF414"
0.474922625911633,1.00780697262053,0.112,0.097,1,"APOL2"
0.0217309600974082,1.00754513707402,0.215,0.143,1,"HMGCL"
0.00747674089351647,1.00685747093598,0.212,0.123,1,"AP4M1"
0.0248010751022084,1.00670527546434,0.179,0.11,1,"ASCC1"
0.0388242742605687,1.00657713355705,0.171,0.11,1,"RNF146"
0.000446060798994031,1.0050484578442,0.401,0.286,1,"ABHD14A"
3.29979114886486e-05,-1.00432993052237,0.232,0.396,1,"ERF"
0.00237731583801643,1.00397164984056,0.429,0.344,1,"CISD1"
0.0614122341577308,1.00350915443892,0.199,0.143,1,"HMGCR"
0.0426616498887662,1.00244905166203,0.247,0.188,1,"NMRK1"
0.00252173242271402,-1.00208265447932,0.08,0.156,1,"VANGL1"
5.17434823504101e-05,-1.00179210664399,0.044,0.13,1,"DIRAS1"
0.000728493008450819,1.00053291848204,0.434,0.331,1,"NECAB3"
0.00104251143601084,-1.00003714683492,0.056,0.13,1,"ACVR1"
0.000380083511957725,-0.999464540304621,0.116,0.221,1,"TTC9"
0.00299366687350723,0.999454482291695,0.344,0.247,1,"BNIPL"
3.95709464993235e-05,0.99848469914456,0.444,0.279,1,"IDH1"
0.000347635203239214,-0.998262073383311,0.082,0.175,1,"DVL1"
0.0655233250847951,0.997369740107641,0.15,0.097,1,"MRNIP"
0.0146238880894249,0.996438261903072,0.271,0.195,1,"NDRG3"
0.174351793360797,0.996414889435414,0.153,0.117,1,"IL17RB"
0.00127240577074913,-0.995737883820382,0.049,0.117,1,"BRF2"
0.00082873914876596,-0.995239852442847,0.051,0.123,1,"EXT1"
0.0244623213123678,-0.995120492063885,0.061,0.11,1,"C11orf80"
0.0635405452105497,0.994945749111245,0.137,0.084,1,"HEXD"
0.0110500917369244,0.99483572176743,0.178,0.097,1,"MCF2L"
0.0108814307341635,-0.99273134115288,0.105,0.175,1,"FBRSL1"
0.0389708839000593,0.992690486970654,0.113,0.058,1,"AC092821.3"
0.0369705845678121,0.992211031803689,0.18,0.117,1,"DBP"
0.00310962951478349,-0.99188086901099,0.057,0.123,1,"CAMK2D"
0.00542095520377441,-0.991738462253845,0.051,0.11,1,"NAB1"
0.0185382961846263,0.99131798939656,0.108,0.045,1,"YTHDF3-AS1"
0.85560355467066,0.990653709273362,0.492,0.565,1,"IFI6"
0.0106549916527929,-0.9903278335204,0.064,0.123,1,"MRTFA"
0.0103577914802818,-0.988899485616277,0.075,0.136,1,"SKI"
0.000405927107216584,0.988761907014285,0.29,0.156,1,"STMN3"
0.10610376068382,0.987885604918282,0.163,0.117,1,"SETMAR"
0.0479456215538081,0.987810312717661,0.258,0.201,1,"ANG"
0.0058974208316911,0.987379964000408,0.393,0.331,1,"HP1BP3"
0.0311448701679693,0.986340538910734,0.229,0.162,1,"HDAC11"
0.020498063766816,0.985759545123472,0.149,0.078,1,"TMCO4"
0.0033254603212671,-0.985485453292491,0.081,0.156,1,"NPIPB15"
0.00497686015864224,-0.985226912424154,0.051,0.11,1,"DYRK2"
0.000268440787994876,-0.985144422919946,0.047,0.123,1,"AP1S3"
0.000243050604657924,-0.984951498108846,0.159,0.279,1,"H2BC11"
0.220718949115082,0.984253998612498,0.101,0.071,1,"ZNF844"
0.00622011137364926,0.98365017097822,0.311,0.214,1,"PDZK1"
0.00154801658976223,-0.982848050696366,0.138,0.24,1,"MAGI3"
0.00322046041202489,-0.981525742266278,0.09,0.169,1,"FBXL20"
0.018107280610002,0.980309619917362,0.108,0.045,1,"AL357568.1"
0.00262867571440215,-0.980290027435337,0.105,0.188,1,"TBPL1"
0.0898281413825061,0.979954268178497,0.123,0.078,1,"NAPB"
0.00790114407199556,-0.979885141660152,0.103,0.175,1,"GTF3C4"
0.00426661915186107,0.978551379794969,0.181,0.091,1,"LRRN2"
0.272546094473394,0.978191315710306,0.11,0.084,1,"TMEM234"
0.0989013509806882,0.97797475362426,0.256,0.221,1,"SHISA4"
0.00682463451013159,-0.977666940493067,0.053,0.11,1,"PHACTR2"
0.0446120105700307,0.977526544884087,0.233,0.175,1,"FUZ"
0.000569518446517907,0.977262904984064,0.311,0.182,1,"RAMP2"
0.0299818430883112,0.97659833443249,0.36,0.299,1,"SLC2A10"
0.017131360855469,-0.976577932158901,0.088,0.149,1,"LIMD1"
0.0355833788072363,0.975584547301025,0.179,0.117,1,"RSPH3"
0.156997367740177,0.974173747927498,0.2,0.162,1,"H3C10"
0.00110040657538704,0.973458169252444,0.408,0.286,1,"TRH"
0.0750374276254755,0.973152994537295,0.193,0.143,1,"ARPIN"
0.125658311828479,0.972974867803988,0.144,0.104,1,"TTC4"
0.0104628435081737,0.972795699485888,0.186,0.104,1,"DNM2"
0.136662151828462,0.972732231105707,0.13,0.091,1,"S1PR3"
0.00547355465222246,0.971160195130207,0.378,0.299,1,"ARV1"
0.203863479064574,0.970973188232991,0.154,0.123,1,"AP000873.2"
0.0304841647846234,0.970882915822836,0.277,0.214,1,"CAP2"
0.0121025169206524,0.970655307748323,0.254,0.169,1,"PPP5C"
3.90211884792645e-05,-0.970126677165242,0.124,0.253,1,"RNF220"
0.000142891405581485,0.969759573254711,0.426,0.286,1,"HK1"
2.78117104739357e-05,-0.969752354584947,0.065,0.169,1,"ARHGAP17"
0.0640462991946297,0.968869766351159,0.105,0.058,1,"RIOX2"
0.00012445295022434,0.968284064914904,0.661,0.63,1,"GSTM3"
9.6727064140849e-05,0.966532037464224,0.485,0.364,1,"NFU1"
0.0338093351181435,-0.96633660481232,0.057,0.104,1,"C19orf47"
0.00268211769208326,-0.966269528153421,0.062,0.13,1,"RAB24"
0.0431216711314245,0.965119802911917,0.104,0.052,1,"AL135925.1"
0.0500461377242383,0.96432338600826,0.14,0.084,1,"ZNF514"
0.733443722612727,0.963740735063777,0.311,0.344,1,"IRS2"
0.000341541438123665,-0.963647665077815,0.273,0.403,1,"KLF10"
0.0123341190478709,-0.963569743193802,0.051,0.104,1,"C2"
0.000691290921775803,-0.963438378965935,0.209,0.318,1,"ANKRD28"
9.98954058325693e-05,0.962941184070757,0.464,0.325,1,"SPATA20"
0.0331901085684965,0.96281538546891,0.254,0.188,1,"TNFRSF14"
0.119924007467505,0.962301155202174,0.215,0.175,1,"GCA"
0.0113433274800884,0.961693639074091,0.269,0.182,1,"MEGF9"
0.00530977054826102,0.961358105573233,0.196,0.104,1,"PLXNA2"
8.86499788202383e-05,-0.961211909260486,0.127,0.253,1,"BCL6"
0.0161435211045878,0.96004986600363,0.159,0.084,1,"ARRB1"
7.01072854565456e-05,0.95889757204954,0.437,0.299,1,"MTLN"
0.083770330808387,0.958233277607771,0.109,0.065,1,"RRM2B"
0.013580259584268,-0.957974309561269,0.096,0.162,1,"ZNF48"
0.0391650850223762,0.957932026052838,0.172,0.11,1,"COQ6"
0.0461686857783396,0.957734241204406,0.171,0.11,1,"TRAK2"
0.144886507702848,0.957099841191469,0.101,0.065,1,"ANKRD36B"
0.00133978471205567,-0.956308121466995,0.096,0.182,1,"FAM153CP"
0.00394430860518997,-0.955976755419367,0.073,0.143,1,"SESN2"
0.00143073587004108,0.954955410116939,0.406,0.312,1,"MMAB"
0.0780774924907084,0.954772437917188,0.186,0.136,1,"ZNF506"
6.20311295618443e-05,-0.954517657798955,0.095,0.208,1,"PHF13"
0.00228482881314526,-0.953942737380646,0.161,0.26,1,"DUSP2"
0.152841816792014,0.953096099622535,0.106,0.071,1,"EDRF1-DT"
0.00987261246591473,0.952753854011922,0.188,0.104,1,"REEP1"
0.0132204821921841,0.951586861241039,0.12,0.052,1,"LANCL1"
2.87483213541281e-05,-0.951475455719601,0.099,0.221,1,"HYOU1"
0.00443305131693894,0.950816994322296,0.373,0.286,1,"CRBN"
0.000364950322797309,-0.950652104055086,0.125,0.234,1,"BMERB1"
0.0027516940068499,0.950488599018254,0.324,0.221,1,"BCL2"
5.78540293153436e-05,-0.950132444134441,0.147,0.279,1,"ILRUN"
0.0121082172506933,0.950121468769982,0.288,0.201,1,"HPS4"
0.00287581178207129,0.949325481086899,0.102,0.026,1,"AC078950.1"
0.0173715394205413,0.948792560260804,0.269,0.195,1,"SULT1A1"
0.0610822662324403,-0.948722469192788,0.09,0.136,1,"PEX6"
0.000398350374765372,0.94830999421371,0.35,0.214,1,"PCMTD2"
0.000872094751249339,0.94699324500011,0.418,0.312,1,"XAB2"
0.0562819564953575,0.946112076694533,0.159,0.104,1,"PSD4"
0.0397407423008192,0.945267897565968,0.165,0.104,1,"ARMCX1"
2.75815434075468e-05,-0.945100511957603,0.256,0.429,1,"RND1"
0.00936073099861453,-0.944621409958685,0.11,0.182,1,"SPIRE1"
0.327588659578863,0.944192733980818,0.101,0.078,1,"LINC00476"
0.0169426352055757,0.944192496461653,0.133,0.065,1,"SLF2"
0.000974157157996824,-0.943931551721787,0.051,0.123,1,"PPP1R14B-AS1"
0.0372546916694801,0.942848796620781,0.195,0.13,1,"TRMT6"
0.00785880524468723,0.942453179105846,0.351,0.273,1,"COG2"
0.268288010181945,0.942434102396046,0.137,0.11,1,"APEX2"
0.0862221240248751,0.942375031564631,0.192,0.143,1,"LRRC47"
0.113773398737425,0.942328740568231,0.185,0.143,1,"C16orf74"
0.0354822292021699,0.941329859242571,0.139,0.078,1,"KDM4C"
0.0437795486217699,0.941288348602581,0.165,0.104,1,"TMEM79"
9.53331234088545e-05,-0.94066341795509,0.112,0.227,1,"PTPRK"
0.101609654514405,0.9401152624118,0.122,0.078,1,"PTAR1"
0.051661982124258,0.93973098540667,0.186,0.13,1,"AP5M1"
0.000523468825533485,-0.939693206267952,0.142,0.253,1,"CHD8"
0.000131351787694029,0.939436785226824,0.539,0.435,1,"OTUD6B-AS1"
0.00810711580265713,0.939258530675469,0.198,0.11,1,"NNT-AS1"
0.0827366968519814,0.939179209641645,0.103,0.058,1,"UPK3A"
0.00226283125350133,-0.939178826337292,0.056,0.123,1,"ENOX2"
0.36650431355366,0.938519718950822,0.166,0.149,1,"SEC14L2"
0.0107378999211622,0.93817033222247,0.29,0.208,1,"PPM1B"
0.000392700675705566,-0.937508736356221,0.051,0.13,1,"CARD10"
0.00318654729216125,0.937006090055901,0.416,0.331,1,"TJP3"
0.0984526551489081,0.936956734668072,0.115,0.071,1,"VWA2"
0.0535083368953443,-0.93679494818624,0.088,0.136,1,"KDM7A-DT"
0.113306818793957,0.93635973648462,0.14,0.097,1,"THOC5"
0.00152001811451982,0.935551926211903,0.392,0.279,1,"NUDT9"
0.000820717818894545,0.934039446792189,0.447,0.344,1,"COMMD1"
0.0543490798784781,0.933788297661212,0.282,0.234,1,"MPHOSPH6"
0.0019559910940289,-0.933778483903935,0.073,0.149,1,"AC009779.2"
0.186134763122218,0.933431282545409,0.17,0.136,1,"DCAF16"
0.158372818825978,0.933173718781434,0.127,0.091,1,"CPSF3"
0.0715418505932621,0.931463872890665,0.112,0.065,1,"LIN7A"
0.00387311182871928,0.931246920244251,0.219,0.117,1,"PCBD2"
0.000772750515016118,0.930850670225374,0.489,0.377,1,"CYBA"
0.328588375510461,0.930750353268947,0.139,0.117,1,"DUSP18"
0.116170450236775,0.929926965009351,0.104,0.065,1,"AC005332.6"
0.000615152014847465,-0.929237216387206,0.11,0.208,1,"RPS6KA4"
0.000146680753459668,0.927313682343351,0.57,0.506,1,"SUCLG1"
0.115511569895828,0.926674952349152,0.247,0.208,1,"FAM234B"
0.0136850181488559,-0.92628499331792,0.057,0.11,1,"ERI1"
0.115905437729446,0.925895319413407,0.147,0.104,1,"FAM229B"
0.117023652750337,0.924837994384811,0.179,0.136,1,"F8A1"
4.12231429253967e-05,-0.923209656510087,0.089,0.201,1,"BMP4"
0.0638292303942265,0.922001374359389,0.225,0.169,1,"SNUPN"
6.11427175951863e-05,-0.921967461192649,0.091,0.201,1,"CLIC4"
0.00629944661944845,-0.921691320974018,0.07,0.136,1,"CAPN15"
3.50338620785274e-05,-0.921556359984646,0.167,0.312,1,"FAM241A"
0.137335136401089,0.921537441860557,0.213,0.175,1,"ACYP1"
0.00146042526520756,-0.921403828933535,0.095,0.182,1,"N4BP1"
0.00569737371651575,0.921339517353789,0.191,0.097,1,"TMEM150C"
0.000558385105074502,-0.921115818888024,0.098,0.195,1,"KLC3"
0.0136443713863466,-0.921044496395392,0.096,0.162,1,"SNHG12"
0.00138573911429613,0.920468549361511,0.415,0.305,1,"WASHC3"
0.000364505700474837,-0.919771164118171,0.117,0.227,1,"GMDS"
0.0759291550710867,-0.919562096733048,0.069,0.11,1,"HOXC-AS3"
0.000170102582515765,-0.919358003857819,0.163,0.292,1,"RAB3IP"
0.0591487448187661,0.918709100951384,0.179,0.123,1,"TATDN3"
0.363795132012123,0.917251568105903,0.104,0.084,1,"PIGV"
0.0397624501949916,0.917026783894521,0.166,0.104,1,"FBXL7"
0.0500153818876079,0.917000472531712,0.161,0.104,1,"ZNF33B"
0.00711314985018232,0.916456984304947,0.338,0.253,1,"C17orf58"
0.00516681808413922,-0.914692795311211,0.069,0.136,1,"DCAF1"
0.249128211201395,0.91457060884917,0.138,0.11,1,"IFT74"
0.00971506642834791,-0.913901974255815,0.05,0.104,1,"AVIL"
0.00220107727079575,0.913804191522503,0.365,0.26,1,"PTPN18"
0.00375551639497419,-0.913732420415257,0.092,0.169,1,"BEX5"
0.000638392848262478,-0.913416224779092,0.081,0.169,1,"ERICH2"
0.0485779971391934,0.913333773411342,0.229,0.169,1,"MBD6"
0.00177515204280362,-0.912138668569739,0.132,0.227,1,"PHACTR4"
6.8144592634103e-05,0.911878125826241,0.497,0.37,1,"RPAIN"
0.0187391296513852,0.911700695767313,0.239,0.162,1,"IVD"
0.0392509604407368,0.911592011260303,0.288,0.227,1,"TMEM63B"
0.11503840932305,0.911152324459466,0.146,0.104,1,"CEP43"
3.66147297039708e-05,0.910976469801974,0.288,0.13,1,"AC008268.1"
0.022790845766948,0.910561612602426,0.276,0.208,1,"EEF1AKMT2"
0.00589349239024129,0.910522942716801,0.312,0.227,1,"STYXL1"
2.90009166238011e-05,-0.910338828060212,0.065,0.169,1,"TRAF3"
0.00948349728847432,-0.909716925756757,0.083,0.149,1,"EHBP1L1"
0.000282776340190116,-0.908788320580133,0.122,0.234,1,"CCDC88B"
0.0450543199599326,-0.90875274840465,0.06,0.104,1,"HLA-DPB1"
0.192848275576714,0.907522393618589,0.13,0.097,1,"ARHGEF10"
0.0106196373159032,0.907308769926089,0.411,0.338,1,"CCDC115"
0.000418980052433799,-0.907202190474118,0.087,0.182,1,"NUMBL"
0.41932787220595,0.90676321404524,0.135,0.117,1,"RTN1"
0.0502713607894665,-0.906329268420162,0.067,0.11,1,"CARMIL1"
0.0734684178995941,0.90625857548447,0.207,0.156,1,"SEPTIN10"
0.051476886505634,0.905551438683116,0.17,0.11,1,"TP53BP1"
0.0425524429617075,0.905042787827778,0.181,0.117,1,"TRIM3"
0.00603481931678492,0.904914865935102,0.352,0.266,1,"SAMM50"
0.00913812705106547,-0.904222266746799,0.073,0.136,1,"LPIN2"
0.011414442991286,0.90368782288296,0.372,0.299,1,"RNF14"
0.19057807027244,0.903640263328364,0.103,0.071,1,"TSKU"
0.149401374486954,0.90298561646321,0.163,0.123,1,"TMEM144"
0.0142823005260658,-0.901927753596347,0.08,0.143,1,"ITGB4"
0.000144856430430888,-0.901900565958628,0.199,0.338,1,"NFKBIB"
0.134455728360569,0.901722113184207,0.25,0.214,1,"TMEM97"
0.302279259188214,0.901451009579203,0.102,0.078,1,"NMI"
0.128220372028087,0.901435715285833,0.138,0.097,1,"ACOX2"
4.24876904002371e-05,0.90121678726406,0.593,0.494,1,"IDI1"
0.000906573552655711,-0.900959364027772,0.18,0.299,1,"ANKRD36C"
0.00308197914912465,0.900784046372844,0.421,0.338,1,"ADH5"
0.0454386798199543,0.900131518153586,0.198,0.136,1,"GSTA4"
0.0661054409315038,0.90010683153506,0.15,0.097,1,"PPOX"
0.0259261657339257,0.899034347600544,0.275,0.208,1,"KLC1"
0.000369643338517568,-0.898866174995577,0.073,0.162,1,"LCORL"
0.0342351540499318,0.898584365256673,0.163,0.097,1,"SLC22A17"
0.0442404138799429,0.898409562438206,0.164,0.104,1,"PRUNE1"
0.0283811181182367,0.897400110930034,0.178,0.11,1,"NNT"
0.139978596631033,0.897372125435396,0.175,0.136,1,"SENP2"
0.0263143109277029,0.896647562650987,0.151,0.084,1,"DSCAM-AS1"
3.48532492833221e-05,0.896290467081957,0.511,0.383,1,"PLGRKT"
0.000247106694813565,-0.895754606371749,0.078,0.175,1,"DGCR8"
0.128126923499691,0.895405451269864,0.103,0.065,1,"TANC1"
3.60276505766426e-05,-0.895155501776805,0.168,0.312,1,"TXNRD1"
0.018344479859879,0.894916079348971,0.323,0.253,1,"ACIN1"
0.0253525525651689,0.89488592609941,0.172,0.104,1,"MAN2C1"
0.0362841877677132,0.894394909229954,0.218,0.156,1,"MFSD14A"
0.000100658645597849,-0.894371228004494,0.144,0.273,1,"SNRNP48"
0.00027130233797842,-0.89431916733808,0.133,0.247,1,"XPO6"
0.0072112482041154,-0.893943028183201,0.057,0.117,1,"PUS7"
0.0240991503480131,0.893706143200311,0.179,0.11,1,"PRORP"
0.000970516080729921,0.893167342261631,0.485,0.396,1,"ZKSCAN1"
0.10960313362444,0.891911329065785,0.206,0.162,1,"MLLT10"
0.0836367520636425,-0.891893073861135,0.064,0.104,1,"PLEKHN1"
0.0670518401299021,0.891700571597064,0.274,0.227,1,"TUBGCP2"
0.041720188109709,-0.89163181419342,0.075,0.123,1,"PLXND1"
0.046457508209236,0.891516578124638,0.127,0.071,1,"PGPEP1"
4.39151678223511e-05,-0.890709806318902,0.163,0.305,1,"RNF6"
0.0220831605285602,0.890211117569615,0.262,0.188,1,"MINDY2"
0.0896870951039519,0.888894032465136,0.199,0.149,1,"TSEN54"
0.0950653332593935,0.8880735905782,0.22,0.175,1,"NFS1"
0.187900052771767,0.887885721551276,0.195,0.162,1,"PHYHD1"
0.0423152085707692,0.887822159846893,0.186,0.123,1,"DUSP28"
0.000281178563086338,-0.887497778798658,0.08,0.175,1,"BMPR1A"
0.00125986497905101,-0.88668763213391,0.053,0.123,1,"RORA"
0.000837291348167219,0.886044096698766,0.426,0.325,1,"HDGFL3"
0.00963325541129694,0.885635874171991,0.344,0.273,1,"SNX9"
0.148655908280776,0.885427220362871,0.193,0.156,1,"TYSND1"
0.00090517824432947,0.884833697873914,0.303,0.182,1,"DHRS2"
0.0232453490551641,0.884457084362386,0.182,0.11,1,"LONRF2"
0.00322295411021242,0.884170582911004,0.496,0.435,1,"RRAGA"
0.173528284725794,0.883861074178807,0.215,0.182,1,"TMED8"
0.0338013507329214,0.883679361365753,0.218,0.149,1,"EIF3J-DT"
0.000463958832959598,-0.883460162796172,0.096,0.195,1,"PPP2R5B"
0.000369933514499826,-0.883456112511858,0.133,0.247,1,"BAP1"
0.0646125854625607,0.882351497869166,0.199,0.143,1,"C17orf75"
0.0123387936939034,-0.882343064635984,0.085,0.149,1,"WDR24"
0.00492091678607405,-0.881095806745329,0.047,0.104,1,"ABO"
0.0179720573116134,-0.880575746102394,0.073,0.13,1,"ASB7"
0.220225547993064,0.880355519861663,0.108,0.078,1,"ARHGEF10L"
0.175038694991171,0.879369791964235,0.126,0.091,1,"RABGAP1L"
0.0108607790832236,0.878897427607196,0.154,0.078,1,"MTR"
0.0314610890381354,0.878861285936596,0.199,0.13,1,"C1orf115"
0.000123325054598919,-0.87840394611365,0.213,0.364,1,"FNBP1"
0.0881006389852303,0.877443330064254,0.159,0.11,1,"SORBS2"
0.00165460910153196,0.87678611830428,0.378,0.273,1,"DHRS4L2"
0.00173950486565831,0.876729579647241,0.48,0.409,1,"GASK1B"
0.05674287644228,0.875683518859844,0.373,0.344,1,"NET1"
0.00490159450533758,-0.875627639971665,0.055,0.117,1,"GTPBP2"
0.0260776601055441,0.875542752704691,0.23,0.162,1,"AC008124.1"
0.0739536896310015,0.875391977493399,0.173,0.123,1,"KAZN"
0.00537930057640797,-0.875159585987924,0.047,0.104,1,"RPTOR"
0.00963780584144856,-0.874652693467857,0.073,0.136,1,"MEX3A"
7.22140827162605e-05,-0.874054092002809,0.133,0.26,1,"SPATA5"
0.118754390889332,0.873874343318861,0.16,0.117,1,"MICU1"
0.00484115650125776,-0.873171494506098,0.064,0.13,1,"CCDC85C"
0.0169485191170225,0.872908014811619,0.283,0.201,1,"NBR1"
0.00128952816589006,-0.872132441424505,0.092,0.182,1,"CABLES1"
0.0397684581473703,-0.871957068192078,0.087,0.136,1,"CREB3L1"
0.310541180505128,0.871876775612165,0.108,0.084,1,"BBS7"
0.0619602198248119,0.871537190372296,0.115,0.065,1,"RFC4"
0.0429713661581623,-0.871415754408246,0.091,0.143,1,"ERCC5"
0.0181227886320027,0.871410474969786,0.229,0.149,1,"ZNF609"
0.000641776772105206,-0.87134465344815,0.071,0.156,1,"ZNF134"
0.00107289107831642,-0.870567066574544,0.17,0.279,1,"C5orf38"
0.0190307490261694,0.870466478544296,0.18,0.104,1,"MYL5"
0.0493421493818735,-0.869408474611113,0.067,0.11,1,"RAB43"
0.0373612052888212,0.86924367811761,0.371,0.338,1,"ISCA2"
0.00210808424143137,0.869115871091799,0.428,0.325,1,"ZNF32"
0.00193318410137517,0.86911460243795,0.146,0.052,1,"SYP"
0.000831048772749004,-0.868825532675605,0.095,0.188,1,"FANK1"
0.0213096471459601,0.868809407631297,0.24,0.162,1,"TULP4"
0.00291853105652352,0.868293859822941,0.249,0.143,1,"UCKL1"
0.00893924044384978,-0.868084569765466,0.083,0.149,1,"CHFR"
0.00752926036426918,-0.86790187106612,0.067,0.13,1,"POLE"
0.000208405253840088,-0.866508154700421,0.124,0.24,1,"ELF3-AS1"
0.0494750713053759,-0.86623916695576,0.06,0.104,1,"GABBR1"
0.130147060009664,0.866101865772229,0.131,0.091,1,"ABCC5"
0.19785006193551,0.864988548138705,0.163,0.13,1,"GSAP"
0.00114108450107991,-0.864714595999138,0.106,0.201,1,"KMT2D"
0.0142618467167352,0.864459873927256,0.317,0.24,1,"ALDH7A1"
0.0933816394559309,0.864339146436854,0.125,0.078,1,"SNHG21"
0.00766999044752305,-0.863707418190568,0.085,0.156,1,"PUDP"
0.0868017110349123,0.863424600527544,0.139,0.091,1,"PECR"
0.135912624092879,0.863154846804208,0.25,0.214,1,"HTRA2"
0.00087972356583839,-0.863048866399748,0.12,0.221,1,"NAIP"
0.00316335459274918,0.862744889276439,0.18,0.084,1,"RNF20"
9.77672909194963e-05,-0.862674713579693,0.17,0.305,1,"NR1D2"
0.00287709073965311,0.861965439532129,0.477,0.383,1,"HMGCS1"
0.00199915242201955,-0.861258117480334,0.06,0.13,1,"ZNF200"
0.120049812490994,0.861168331866803,0.14,0.097,1,"DNAJC16"
0.131682937704914,0.860738256420881,0.103,0.065,1,"WDR59"
0.00540366815127977,0.860041445465051,0.491,0.435,1,"TPRKB"
0.388903564293584,0.860011787557306,0.13,0.11,1,"YJU2"
0.000274169360997673,-0.859638186839955,0.111,0.221,1,"QSER1"
0.0236580585748736,0.859604809721746,0.295,0.221,1,"NFYC"
0.00354600718921697,-0.859527292672639,0.108,0.188,1,"PSMB9"
0.00010657370620045,-0.858700221413458,0.091,0.201,1,"SAP30L"
0.0962725400722023,0.858501548692565,0.537,0.76,1,"IFI27"
0.0774907805600945,0.85826426625938,0.254,0.208,1,"HOXC9"
0.295342253892132,0.857054685171451,0.13,0.104,1,"NUDT12"
6.82335977650159e-05,0.856022212431128,0.648,0.558,1,"ARFIP2"
0.00769898358097858,-0.85592968856038,0.058,0.117,1,"ANKMY2"
0.0898289085838252,-0.85531579119951,0.081,0.123,1,"RHBDD1"
0.00011725661783083,0.855309319104474,0.505,0.39,1,"TOM1L1"
0.342240317232975,0.855155753904558,0.255,0.24,1,"GATA3-AS1"
0.0242672978409521,0.854924627569964,0.32,0.26,1,"SNHG19"
0.144169612519494,0.854381701320689,0.102,0.065,1,"TSPAN10"
0.00109047992468253,-0.854332338249142,0.092,0.182,1,"MEX3D"
0.0181015148267272,0.854314680551556,0.319,0.24,1,"HOXB5"
0.011914408613023,0.854204853555112,0.289,0.208,1,"MTA3"
0.0135709134024564,-0.854025276749011,0.062,0.117,1,"COG6"
0.00073684533167759,-0.853906294529026,0.103,0.201,1,"ARRDC3"
0.0121322046827827,0.8537020363632,0.413,0.344,1,"PDE4DIP"
0.00249450563880334,-0.853460057166038,0.188,0.292,1,"MDFI"
0.183736613384032,0.853192747717582,0.104,0.071,1,"ABCC11"
0.0171739403651317,0.852738338507824,0.171,0.097,1,"METTL27"
0.0825956629341587,0.852659515821154,0.264,0.214,1,"TMEM243"
0.273297987090472,0.852422727169098,0.206,0.182,1,"DYM"
0.0406963129115884,0.85187275938016,0.104,0.052,1,"AC005076.1"
0.613189918630861,0.851233379239885,0.276,0.279,1,"SYT1"
0.00215350777119833,0.850937807996419,0.285,0.175,1,"OSBPL1A"
0.0107691475326996,0.850334227158539,0.105,0.039,1,"FMO5"
0.181638682304936,0.849235508842213,0.159,0.123,1,"ACADS"
8.37157759160631e-05,-0.849024590251345,0.405,0.571,1,"DST"
0.00413325379626753,0.847860659194321,0.338,0.234,1,"NIPSNAP1"
0.000695717526833909,-0.847106811019295,0.137,0.247,1,"CLCN7"
0.0354293159875854,0.84709621545265,0.282,0.221,1,"MNAT1"
0.000385250247999294,-0.847038548004694,0.099,0.201,1,"TRIM39"
0.0007483989789088,-0.84667696066826,0.068,0.149,1,"BIN1"
0.0171818611327117,0.84638641228221,0.249,0.169,1,"ZDHHC16"
0.00866737288674095,-0.846248837946168,0.058,0.117,1,"SETD1A"
0.0126185135265265,0.845578840838227,0.405,0.338,1,"ABHD2"
0.0196240813194813,0.845457938318346,0.194,0.117,1,"LMAN2L"
0.240611492513362,0.845403088515149,0.226,0.201,1,"STRADB"
0.0142442123615154,0.845245445608193,0.375,0.318,1,"CH17-340M24.3"
0.000587075161854759,-0.845208541138355,0.159,0.273,1,"CES2"
0.000127384755466542,-0.844806364895195,0.18,0.318,1,"EFR3A"
0.273857157276847,0.844662587852458,0.151,0.123,1,"PBX3"
0.00277247143533705,-0.844313751857278,0.065,0.136,1,"DYRK3"
0.134973862309003,0.843832965437574,0.11,0.071,1,"NXPE3"
0.544732066087642,0.843220379356674,0.12,0.11,1,"HOXD8"
0.000184416269788326,-0.843052919700767,0.175,0.305,1,"PXN"
0.0123002670298874,0.842200089643229,0.469,0.416,1,"MPC1"
0.025041569562207,0.842052866826567,0.414,0.357,1,"FARP1"
0.000522875544568305,-0.841727810837237,0.115,0.221,1,"TBRG1"
0.0193212850785014,-0.840740630092933,0.058,0.11,1,"EPHB4"
0.286763175987454,0.840419002008391,0.137,0.11,1,"CASTOR1"
0.552650436092296,0.840217629976301,0.102,0.091,1,"NEK8"
0.0822178710018771,0.839833445870283,0.103,0.058,1,"HACL1"
0.0008615837303127,0.839674557697995,0.478,0.396,1,"AP1M2"
0.00342482280455738,-0.838927146438663,0.071,0.143,1,"METRNL"
0.3591085135715,0.838809801728767,0.105,0.084,1,"MPDZ"
0.328250872894143,0.836476602679321,0.125,0.104,1,"ACAD9"
0.0392347721979392,0.836363388954445,0.283,0.221,1,"LIG3"
0.000556356822076409,-0.836330839133944,0.101,0.201,1,"ZNF654"
0.0675976601574128,0.836300515012989,0.261,0.208,1,"FBXO22"
0.0844949159419554,0.836051801936689,0.11,0.065,1,"NPAS1"
0.000358379990027206,-0.835366341393486,0.153,0.273,1,"LEMD2"
0.0253363660931621,0.834080935141677,0.24,0.169,1,"MRPL46"
0.00194835954121853,-0.833594758994352,0.115,0.208,1,"RNF169"
0.0802638255552475,0.833451400001055,0.126,0.078,1,"KLF13"
0.00493397647051,-0.833385689089313,0.055,0.117,1,"CTIF"
0.0473488787141645,0.832913327898405,0.213,0.149,1,"CNOT8"
0.000644152798809992,0.832039954475657,0.469,0.357,1,"EPN3"
0.000395639009061764,0.831379031802292,0.418,0.279,1,"ZBTB20"
0.087916219681922,0.83093705827892,0.179,0.13,1,"FAM198B-AS1"
0.0548169582602019,0.830890979001032,0.132,0.078,1,"PANK2-AS1"
0.257275129532139,0.830880961224129,0.125,0.097,1,"APH1B"
0.0139111743724083,0.830743692101022,0.456,0.409,1,"SUMF2"
0.239683732067552,0.8307249064379,0.208,0.182,1,"KIFBP"
0.000262996974592396,0.82968490995227,0.327,0.195,1,"LINC00963"
0.0233982219016485,0.829579326057212,0.244,0.169,1,"C20orf96"
0.0115369526049678,0.829466125187218,0.374,0.305,1,"YIPF4"
0.381334236193872,0.82913404829319,0.117,0.097,1,"HEATR5A"
6.81677793879454e-05,-0.828176574475521,0.214,0.37,1,"SLC66A3"
0.00288839363946323,0.82803700372771,0.435,0.351,1,"CYP51A1"
8.13442172832147e-05,-0.827630541292095,0.15,0.279,1,"LRRC8A"
0.371654491004914,0.827541756200449,0.111,0.091,1,"NRDE2"
0.00256568191504557,0.82725577952307,0.378,0.279,1,"ARID1B"
0.0696500800304182,0.82718813340798,0.179,0.123,1,"TMEM268"
5.43649284593911e-05,-0.827035760333259,0.182,0.331,1,"ARHGEF2"
0.180572986189245,0.826968790887398,0.145,0.11,1,"EXOC4"
0.00230352039183946,-0.826855166383677,0.136,0.234,1,"MAP2K4"
0.00181390540345202,0.826627740434899,0.285,0.162,1,"C20orf204"
0.0117832633957421,-0.826524840299374,0.06,0.117,1,"VAC14"
0.0100399010458141,0.826365385589568,0.268,0.175,1,"AC091271.1"
0.0171645715642361,0.826248378070556,0.143,0.071,1,"SLC17A9"
0.00123749631690028,-0.826080229266125,0.091,0.182,1,"DENND5A"
0.00333551463930394,-0.826071891533249,0.076,0.149,1,"SPACA6"
0.141447131788186,0.82601537027405,0.102,0.065,1,"CNBD2"
0.00256896426650381,-0.825922262752421,0.083,0.162,1,"CDADC1"
0.111606893593822,0.825723957435246,0.215,0.175,1,"MANSC1"
0.0406956674536291,0.824433704358779,0.26,0.195,1,"LIPA"
0.0103799044229811,-0.824282101253078,0.05,0.104,1,"ZBTB40"
0.141857622426033,0.823405706355918,0.158,0.117,1,"DNAL1"
0.0315030660084875,0.823161489847222,0.223,0.156,1,"ANKRD9"
0.000138123694113468,-0.822881633632701,0.085,0.188,1,"ATP2B4"
0.0328319658708552,0.822753375015813,0.343,0.286,1,"IMMT"
0.0728541043957554,0.822746399771781,0.23,0.175,1,"IFT52"
0.102477482789871,0.822688387101455,0.329,0.299,1,"FAM104B"
0.224225158270011,0.821884639571744,0.139,0.11,1,"ZBTB4"
0.00553318224939534,-0.820988845832589,0.075,0.143,1,"GAB1"
0.145018484359049,0.820903462524228,0.234,0.195,1,"SLC1A4"
0.000747477632903536,-0.820812143964029,0.075,0.162,1,"TEAD1"
0.000188006985387487,0.820654361063783,0.58,0.506,1,"NPEPPS"
0.000163118998272511,-0.820624084031029,0.119,0.234,1,"ZNF598"
0.00109200773143774,-0.820142870120865,0.108,0.201,1,"ZNRF1"
0.260769672601363,0.820131155004804,0.119,0.091,1,"TRAPPC11"
0.196392483589824,0.820022230072637,0.138,0.104,1,"ACBD5"
0.0566091806615326,0.819621450927487,0.258,0.201,1,"RCHY1"
0.0011147000720336,0.819509721910471,0.513,0.422,1,"RBBP4"
0.026199431076037,-0.81949071361143,0.071,0.123,1,"ANKS1A"
0.140567787156095,0.819213883067962,0.233,0.195,1,"LRIG1"
3.90492385377423e-05,-0.818373528060921,0.2,0.351,1,"IFTAP"
3.89547438894117e-05,-0.817779696325011,0.184,0.338,1,"ZBTB11"
0.0182383714403293,-0.817647077686258,0.077,0.136,1,"ZNF468"
0.00925472239094196,0.817577185211125,0.291,0.201,1,"NOSTRIN"
0.00287077256262449,0.817547199273028,0.482,0.396,1,"SPOP"
5.7487999944229e-05,0.817521441879452,0.637,0.552,1,"ACO2"
0.000285228640681598,-0.817334382851469,0.124,0.24,1,"UACA"
0.506270233704415,0.817223100469394,0.117,0.104,1,"LRRC73"
0.000575117360324284,-0.816873337028232,0.152,0.266,1,"PRKD2"
0.401880315758267,0.816493287002934,0.11,0.091,1,"BLMH"
0.00951669000880681,-0.81636876217343,0.074,0.136,1,"SLITRK6"
0.507336314769674,0.816134714343443,0.15,0.136,1,"CRYZ"
0.290911117042463,0.816108477768907,0.166,0.143,1,"TMEM175"
0.0150717424176316,0.815637218170892,0.274,0.182,1,"HOPX"
0.101607718497504,0.814418463872362,0.136,0.091,1,"ZFP14"
0.00474109928848235,0.81429180590093,0.313,0.221,1,"PGD"
4.91415904754511e-05,-0.813935825506646,0.184,0.331,1,"ST14"
0.399519138590073,0.813624373336133,0.142,0.123,1,"TRAPPC6B"
0.029374768763313,0.813478816863835,0.255,0.182,1,"RABEP2"
0.180641235655171,0.813462553677199,0.381,0.396,1,"OSBPL8"
0.000376727642780599,0.813321913041192,0.572,0.5,1,"TPD52L1"
0.00050735322551544,-0.813287944490535,0.049,0.123,1,"MPZL3"
0.0930934388743747,0.813135917520641,0.226,0.182,1,"GEMIN6"
0.00743772532617928,0.813055142179614,0.372,0.286,1,"NUMA1"
0.00577074624170246,-0.812736459970497,0.051,0.11,1,"ZNF641"
0.0825857445444391,0.812660529374627,0.249,0.201,1,"APBB2"
0.322896389288314,0.811821511269759,0.207,0.188,1,"GPD1L"
0.211470094827054,0.811499366733613,0.181,0.149,1,"PNMA1"
0.0265348527439856,0.81112254974013,0.316,0.253,1,"FAH"
0.000181869187201821,-0.810883954544392,0.199,0.338,1,"NIBAN2"
0.010205761098775,0.81007353405008,0.398,0.331,1,"RAB8A"
0.00941730135227172,0.809819789220146,0.36,0.286,1,"AIG1"
0.0212180943261451,0.809726760659463,0.29,0.214,1,"HNMT"
0.000126218468691102,-0.809336677903119,0.165,0.299,1,"CMIP"
0.240195607138419,0.808870249864658,0.208,0.182,1,"FAR1"
0.136081294395923,0.808853981588619,0.103,0.065,1,"ZNF669"
0.00122223756366768,-0.808788523480522,0.083,0.169,1,"ALKBH4"
0.0520324777069889,0.808663756546709,0.193,0.13,1,"TMEM116"
0.000399602722986666,-0.80849150572204,0.113,0.221,1,"CASK"
0.0300482434750333,0.808228803422848,0.413,0.39,1,"ARL2BP"
0.000604104517035461,-0.808163725145074,0.209,0.338,1,"TCF7L2"
0.000719056932359357,-0.806660524930793,0.054,0.13,1,"SNN"
0.155853090448252,0.806171009362725,0.201,0.156,1,"HOXC8"
0.00968919327742013,0.805740673145051,0.415,0.351,1,"NEMF"
0.00481345822351855,-0.805584193972033,0.098,0.175,1,"GPR137B"
0.0386932347572318,0.804722951091469,0.145,0.084,1,"SPOUT1"
8.53985585023467e-05,-0.804604724947692,0.187,0.331,1,"CRIM1"
0.255422000900141,0.804376569756116,0.105,0.078,1,"SLC49A4"
6.07192126051747e-05,-0.804184766830577,0.206,0.357,1,"CTBS"
0.00480332687436075,0.804085556837343,0.382,0.299,1,"ACY1"
0.000138996134275392,-0.803923676439462,0.119,0.24,1,"PPTC7"
0.111453389714351,-0.803616917326782,0.074,0.11,1,"BRPF1"
0.000168571454640286,0.803490075438886,0.585,0.487,1,"TCP1"
0.137610512291219,0.803014478178683,0.269,0.24,1,"UPF2"
0.0446101969366016,0.802877050963205,0.127,0.071,1,"ACOT2"
0.090006915336117,0.802862649383966,0.256,0.208,1,"HIBCH"
0.00182378701255023,0.802694975752057,0.455,0.364,1,"THAP4"
0.118933971651177,0.802151831593094,0.112,0.071,1,"ATP2B1-AS1"
0.021166127281981,0.801731687658262,0.189,0.117,1,"GABPB2"
0.0995546476083094,0.800843306584425,0.145,0.097,1,"CNNM3"
0.00152702675583704,-0.800460170420718,0.166,0.273,1,"PELO"
0.00245723537329222,-0.799444166798756,0.106,0.195,1,"RRP12"
8.07968721230697e-05,-0.799079320575293,0.104,0.221,1,"ERC1"
0.0127039973488301,0.798894835808841,0.26,0.182,1,"ERV3-1"
0.412446933930168,0.798886883090028,0.167,0.149,1,"SIRT3"
0.331297386009481,0.798667251271346,0.345,0.351,1,"TFPI2"
0.00222468444371893,0.79860531003217,0.419,0.318,1,"TLE3"
0.817763233976713,0.798087495263062,0.104,0.104,1,"ATRN"
0.46707549531852,0.797622639955125,0.15,0.136,1,"HIP1"
0.0048777396553205,-0.797498107282469,0.188,0.292,1,"RBM33"
0.0751732165562888,-0.79695732784771,0.069,0.11,1,"AKAP11"
0.489685475513098,-0.79661446240123,0.096,0.11,1,"RAB20"
0.360258446950624,0.796176293451088,0.164,0.143,1,"GTF2IRD2"
0.154887584545534,0.795643662574058,0.154,0.117,1,"TDRD3"
0.000317026318100754,-0.795528772725598,0.143,0.26,1,"FOXK2"
0.154885048935615,0.795516192972894,0.278,0.247,1,"ZNF518A"
0.0212611997923217,0.795133430053549,0.371,0.312,1,"PDHA1"
0.0104947304086299,0.794934101481864,0.311,0.221,1,"TMEM109"
0.00020937339778366,0.794928116215582,0.544,0.429,1,"PSMG2"
0.00763309832761706,0.794698875893967,0.442,0.377,1,"CCDC57"
0.0260439881290232,-0.79462824954924,0.105,0.169,1,"RHOQ"
0.0354978533762229,0.794420181129499,0.31,0.247,1,"FOXO3"
0.0705468337036766,0.794242065479269,0.216,0.162,1,"PCLO"
0.0288293392920255,0.793376926907076,0.313,0.247,1,"LTA4H"
0.126220179714399,0.79334624336041,0.153,0.11,1,"FBH1"
0.0997914902980532,0.793343087158928,0.101,0.058,1,"PRRT2"
0.0692543383186814,0.792978339365329,0.122,0.071,1,"INPP5J"
0.0659259945057751,-0.792868704062558,0.074,0.117,1,"RNF25"
0.0393963126119171,0.7928152775537,0.323,0.26,1,"CPE"
0.0022400869616573,-0.792734240109235,0.087,0.169,1,"GNA15"
0.28549524376303,0.792623458510863,0.168,0.143,1,"ABLIM3"
0.0748165282901718,0.792034112544259,0.296,0.247,1,"TRAK1"
0.0910514399812686,-0.791969055690938,0.076,0.117,1,"AGAP3"
0.25569485492257,0.791091466079349,0.152,0.123,1,"RNASEH1-AS1"
0.222769649273663,-0.790620284774396,0.115,0.149,1,"TEAD3"
0.00432990618432302,0.790619212606673,0.434,0.364,1,"SMIM10L1"
0.000254158077284905,-0.78962479592924,0.115,0.227,1,"PLSCR1"
0.0675651071874161,0.789029943751185,0.209,0.149,1,"DTWD1"
0.0223882410331237,-0.788689717256944,0.171,0.247,1,"CREB3L2"
0.138584067969465,0.787445200326835,0.248,0.214,1,"PES1"
2.9326345827815e-05,0.787317787258103,0.615,0.532,1,"OLA1"
0.0222524407008639,0.786757578319099,0.164,0.091,1,"MESP1"
0.133672179932561,0.786715014552301,0.205,0.162,1,"NTAQ1"
4.12872703379365e-05,-0.786505432920753,0.186,0.344,1,"SLC25A44"
0.107252893965026,0.786496799647086,0.249,0.208,1,"GATD3B"
0.191803122647181,0.78644116363482,0.117,0.084,1,"KANSL3"
0.00261306370108282,0.786306040817853,0.551,0.519,1,"ELP2"
0.00145437484738733,-0.785359436923952,0.18,0.292,1,"HOXB-AS1"
0.297058660257865,0.785160112297683,0.123,0.097,1,"SLC26A11"
0.00556270869375735,-0.785148564684377,0.064,0.13,1,"PLEKHM1"
0.000808524306117653,-0.784999789871767,0.154,0.266,1,"ZNF787"
0.0595924956442877,0.784997091096987,0.194,0.13,1,"PARM1"
0.0565834165679466,-0.784964896348384,0.115,0.169,1,"SNIP1"
0.0397756296468558,0.784913177374459,0.349,0.299,1,"TXNDC15"
0.410717027688131,0.784550661114532,0.109,0.091,1,"USP19"
0.135404697133373,0.784260760946566,0.35,0.338,1,"IFI27L1"
0.00178401120651403,-0.783924829614751,0.131,0.234,1,"MICA"
0.0967210967491192,0.783710215417218,0.331,0.299,1,"KIAA2026"
0.283228079883882,0.783406328136369,0.104,0.078,1,"DOLK"
0.000402693755216995,-0.782505187687817,0.118,0.227,1,"PBX2"
0.000100275013822217,-0.782094742918905,0.096,0.208,1,"BTBD2"
0.127623875572585,0.782083214893197,0.223,0.182,1,"ARID4A"
0.263270558924865,0.781844728999208,0.215,0.188,1,"CCDC90B"
0.000283460688705488,-0.781822733575235,0.152,0.273,1,"LUZP1"
0.298337357156688,0.780880326217836,0.156,0.13,1,"AASDH"
0.339087114069742,0.780655094478663,0.125,0.104,1,"DDI2"
0.00263508093881193,-0.779829685170713,0.117,0.208,1,"GRHL1"
0.00934201598227053,-0.779674581525483,0.073,0.136,1,"NLE1"
0.00499518558489844,-0.779201300265491,0.102,0.182,1,"ZNF579"
0.00107255130810304,-0.779144098065021,0.102,0.195,1,"LINC00342"
0.000399828642735601,-0.779126282650474,0.18,0.305,1,"NOM1"
0.394024821266212,0.779001321490659,0.156,0.136,1,"PER1"
0.0113908557094751,0.778831901750471,0.434,0.39,1,"SNX17"
8.05190840621501e-05,-0.778295839445688,0.064,0.162,1,"TRIO"
0.11352861955121,0.777930287068075,0.273,0.234,1,"AIMP2"
0.0245582402088078,0.777712545545306,0.326,0.253,1,"XPO1"
0.0643633158792389,0.777649562439092,0.284,0.234,1,"GRTP1"
0.00109874744497356,-0.777027603854559,0.077,0.162,1,"AC008969.1"
0.0220312800052608,0.776948660002907,0.324,0.253,1,"MRPL16"
0.15098536917821,0.776943125000241,0.189,0.149,1,"TST"
0.559995418911635,0.776847728928228,0.139,0.13,1,"ANAPC2"
0.00271667070822334,0.776237060227716,0.308,0.201,1,"CD320"
0.00515602148708004,-0.776187420033883,0.091,0.169,1,"IRAK3"
0.037304785569978,0.775367831402709,0.152,0.091,1,"SRGAP3"
0.0241651150805281,-0.774848143982316,0.247,0.325,1,"KATNBL1"
0.523605409328667,0.77402336718536,0.116,0.104,1,"MLH3"
0.0233670518225944,0.773908025112245,0.292,0.221,1,"GON7"
0.0002972465389194,0.773504174859621,0.563,0.468,1,"TCEA3"
0.0396641979348734,-0.773372529892704,0.08,0.13,1,"EFEMP2"
4.32475245388025e-05,-0.772859854629276,0.16,0.305,1,"WDR55"
0.0431449649946725,-0.772790081283996,0.078,0.13,1,"GPATCH1"
0.29907566652167,0.772377043363864,0.143,0.117,1,"TGFBR3L"
0.332006189580446,0.771917072916377,0.152,0.13,1,"UBXN2B"
0.0004927867061345,-0.771159464358465,0.115,0.221,1,"PRXL2C"
0.0345321744750895,0.770542297704313,0.276,0.208,1,"ATXN7L3B"
0.0207299069715622,0.770026655672145,0.161,0.091,1,"CELSR2"
0.105729134982582,0.769534220503283,0.282,0.24,1,"ZFYVE19"
0.164726026700442,0.769176985935503,0.225,0.188,1,"PWWP2B"
0.0581428820882049,0.769138295047633,0.296,0.24,1,"ENOSF1"
0.242896112737392,0.768793007706391,0.149,0.117,1,"PARD3"
0.045939064458889,-0.768791260597437,0.075,0.123,1,"ZNF71"
0.0511015935306282,0.768584397511012,0.147,0.091,1,"VPS8"
4.96636306332704e-05,0.767852251464053,0.588,0.5,1,"SMIM19"
0.0135933649467536,0.767852004618611,0.344,0.26,1,"MYB"
0.380159202860509,0.767823139272295,0.131,0.11,1,"BBS4"
0.00841886435574,-0.766627502886774,0.139,0.221,1,"EGR3"
0.00755768891231093,-0.766450444562047,0.081,0.149,1,"GNA12"
0.107520273101497,0.76629802598055,0.122,0.078,1,"RAD51-AS1"
0.0685350719689005,-0.766264728913206,0.071,0.117,1,"NFKBID"
0.0134706341356785,-0.76542229323072,0.081,0.143,1,"AC093673.1"
0.0550880812690752,0.765372963423854,0.14,0.084,1,"UBE2T"
4.08386721556176e-05,-0.765290188364291,0.533,0.708,1,"LYPD3"
0.00171499828114388,-0.764511526140412,0.095,0.182,1,"RAC2"
0.00226672457340164,0.764132925769236,0.491,0.416,1,"MDM4"
0.0624482047885702,0.763794627313758,0.32,0.273,1,"MAGI1"
0.00230938108116675,0.763540348757198,0.523,0.442,1,"RNASET2"
0.0389347997370399,0.762901749236946,0.257,0.195,1,"ALDH2"
0.10928620792739,-0.762686642302438,0.068,0.104,1,"AQR"
0.156395409986328,0.762371090938492,0.262,0.227,1,"CDC123"
0.0196895997935224,0.762181599377204,0.158,0.084,1,"PHF6"
0.000412575125923482,-0.761721544400862,0.149,0.266,1,"CBLC"
0.327104495758723,0.76134476176654,0.12,0.097,1,"TMEM250"
0.463825653369156,0.76102861046943,0.137,0.123,1,"ERCC6L2"
0.00010106789802062,0.760913359200007,0.677,0.669,1,"NDUFA10"
0.0982777917369263,0.760578030413222,0.32,0.286,1,"CFD"
0.0691433043371582,-0.760389986486595,0.069,0.11,1,"FIG4"
0.00891200284162128,0.759867107903458,0.45,0.377,1,"PFDN4"
0.0975562243248115,0.759656173194221,0.236,0.188,1,"TMEM80"
0.00305559582727168,-0.759178362963516,0.166,0.266,1,"FTO"
0.00428304720133102,0.759144564629845,0.351,0.253,1,"SNX10"
0.000537627948786064,-0.759001851398887,0.211,0.338,1,"EIF1AD"
6.57402048760815e-05,-0.758591384230569,0.218,0.364,1,"PIAS2"
0.0388370821129191,-0.758477709417305,0.14,0.201,1,"CDR2L"
0.00161007687331514,-0.758265571002052,0.132,0.234,1,"CSNK1G1"
0.000585159580305604,-0.758131249647612,0.177,0.299,1,"ABCG1"
0.045842185047932,-0.757630942259222,0.089,0.143,1,"AC124319.1"
0.00135880044863852,-0.757367756195306,0.125,0.227,1,"IL10RB"
0.0357366349859431,0.757353611661441,0.225,0.156,1,"PUM3"
0.310067519581409,0.756947247681055,0.157,0.13,1,"VPS13C"
0.0608485282261079,0.756784348436845,0.335,0.292,1,"FARSA"
0.12215164163008,0.756777838417345,0.214,0.169,1,"CREB1"
0.282841082442629,0.756640581995317,0.246,0.234,1,"LEO1"
0.0342033615193448,0.756403652894652,0.392,0.344,1,"PREX1"
0.417346132750009,0.756126133351991,0.253,0.253,1,"MRPL44"
0.132391341641938,0.756079678827322,0.159,0.117,1,"NOL12"
0.000110183174621791,-0.756059490244802,0.345,0.5,1,"ZNF148"
0.152781345106068,0.756053504697829,0.163,0.123,1,"CLASP2"
0.242699453226841,0.755879372162762,0.152,0.123,1,"PCBP1-AS1"
0.229054528107737,0.755868560526692,0.127,0.097,1,"TBC1D1"
0.00140953549130522,-0.75543287643853,0.146,0.253,1,"MBD1"
0.0946771316536149,0.754771045074975,0.316,0.279,1,"ZNF688"
0.170707139186711,0.754542535117613,0.223,0.188,1,"TTC39C"
0.0303046751172781,-0.754534510578714,0.082,0.136,1,"SHQ1"
0.210783814445167,0.754145745551934,0.242,0.214,1,"ZNF3"
0.0284485624971945,-0.754005634525454,0.076,0.13,1,"GMEB1"
0.00109255225362518,-0.753888295810358,0.096,0.188,1,"MCCC1"
0.00185734831806879,-0.753850048417057,0.05,0.117,1,"PDGFA"
0.431440190137093,0.753617924503305,0.116,0.097,1,"CPT2"
0.132943285540618,0.752941427589572,0.132,0.091,1,"SPIDR"
0.0960857679155008,-0.752933307628024,0.11,0.156,1,"SLC25A22"
0.00143007774620212,0.752673615196697,0.581,0.532,1,"RHBDD2"
0.0012997075759024,-0.752641701780798,0.117,0.214,1,"PNP"
0.00564504824891518,0.752051980878864,0.392,0.299,1,"INSIG1"
0.153821905561406,0.752008979930922,0.144,0.104,1,"LXN"
0.00317094209786443,-0.75197985491648,0.193,0.299,1,"H2AX"
3.39650355071064e-05,0.751315445838029,0.619,0.481,1,"SPINT1-AS1"
0.232549891652603,0.750956863922347,0.12,0.091,1,"ADAT1"
0.000342754455640811,-0.750811381616156,0.184,0.312,1,"EFNA3"
0.0058057012556818,0.750588644419403,0.296,0.188,1,"GREB1"
0.000242372388777483,-0.750201214028787,0.102,0.208,1,"TTYH3"
0.727626855865312,0.750190823796294,0.242,0.253,1,"EFHD2"
0.00651847688670383,0.749710363420248,0.257,0.156,1,"BCAS1"
0.18196170502525,0.749277776039179,0.212,0.175,1,"ICE2"
0.000277629072291861,0.748963114815999,0.556,0.455,1,"POLR2G"
0.00596322174272974,-0.748881573116198,0.074,0.143,1,"TMEM38B"
0.132913445633405,0.748047394546308,0.223,0.182,1,"CYB561A3"
0.0641800626612069,0.74800574063558,0.368,0.325,1,"CYB5B"
0.299773015131729,0.747906829424053,0.23,0.208,1,"PTGES"
0.00931140416625401,0.747881357090211,0.251,0.162,1,"ABCA5"
0.000124027959862223,-0.747504518663374,0.119,0.24,1,"GLS"
0.092882795979129,0.74724443175292,0.212,0.162,1,"ULK3"
0.00266361160289773,0.747140399337703,0.531,0.455,1,"HSBP1L1"
0.332715547998282,0.746278371297862,0.12,0.097,1,"GFM2"
0.232904316838047,0.746258149260049,0.108,0.078,1,"FBXO4"
0.0564058507897714,-0.74564513799239,0.071,0.117,1,"MOCOS"
0.0186932840210596,0.74552833689756,0.414,0.364,1,"RHOT2"
0.000939111755244302,-0.74503082329765,0.047,0.117,1,"STK17B"
0.00077756682957682,-0.744946496325506,0.158,0.273,1,"RASSF3"
0.488481476542222,0.744820125110388,0.218,0.214,1,"PGM1"
0.0023980200195773,-0.744391530845792,0.092,0.175,1,"APC"
0.127905243475419,0.744318091296269,0.131,0.091,1,"TARBP2"
0.35002377084558,0.743958728981356,0.166,0.143,1,"SLC25A45"
0.00312764707480605,-0.743802256123093,0.137,0.234,1,"SLC9A1"
0.00569644701311491,0.743781226295124,0.455,0.377,1,"KPNA2"
0.0022455184992648,-0.743522257985007,0.115,0.208,1,"PPM1H"
0.0641168328282837,-0.743422962738919,0.073,0.117,1,"NBAS"
0.257298638778102,0.743366034113604,0.215,0.188,1,"HEIH"
0.00268897991911668,0.742893169045992,0.422,0.325,1,"KLHDC2"
0.171012678494635,0.742715369225237,0.133,0.097,1,"ATP6V1B2"
0.0397583898625011,0.742684830601879,0.323,0.266,1,"LYRM2"
0.319990649744326,0.741932290786144,0.142,0.117,1,"GALK2"
0.107310661811065,0.74188740797452,0.192,0.143,1,"BPNT1"
0.03433510146105,0.741614830247536,0.395,0.338,1,"KDM4B"
0.504134090142391,0.741476164540002,0.154,0.143,1,"ARHGEF37"
0.000407468228200263,-0.741060802802528,0.145,0.266,1,"TRIM38"
0.125998560876265,-0.740183510096885,0.087,0.123,1,"CDK11B"
0.00566031827307407,0.739871531189662,0.804,0.851,1,"SRI"
9.70118239921129e-05,-0.739290849768898,0.126,0.253,1,"CCDC189"
0.00895330799625999,-0.739138697508671,0.068,0.13,1,"CCDC93"
0.099011706531334,0.739107131026003,0.159,0.11,1,"BX284668.5"
0.0115654461105888,-0.738672260609181,0.089,0.156,1,"RASA2"
0.0394642065066731,0.738451864429157,0.381,0.344,1,"TTC14"
0.220812508234521,0.738173804266685,0.115,0.084,1,"TBL1X"
0.0180167126248922,0.737976925902216,0.485,0.435,1,"MT-ND6"
0.364816142831057,0.737888919221727,0.283,0.286,1,"TMEM101"
0.00040425498493863,0.737761486946171,0.692,0.623,1,"CMTM6"
0.000145270249017103,-0.737076666989101,0.149,0.279,1,"KMT2B"
0.127793200794944,-0.736605072387261,0.15,0.195,1,"STRN"
0.000402300944250959,0.736576662392384,0.529,0.422,1,"AHCY"
0.077690096967793,0.736396792680831,0.303,0.253,1,"AHI1"
0.00271056083144839,-0.736157342183661,0.136,0.234,1,"HECTD4"
0.0245643846017359,-0.736019661114645,0.089,0.149,1,"CHRD"
0.0485946854214735,-0.735927094235982,0.06,0.104,1,"IRX2"
7.11060437214128e-05,0.73557724584869,0.64,0.584,1,"POLR2J3"
0.0320278762888677,0.735225087778979,0.35,0.286,1,"TTC39A"
0.107093711264663,0.735136674868377,0.159,0.11,1,"INTS13"
0.052656471639987,0.734960813410166,0.149,0.091,1,"NEK11"
0.340148108752217,0.734329385655686,0.263,0.253,1,"RHOT1"
0.0618881454331202,0.73393981738819,0.195,0.136,1,"WAC-AS1"
0.0254378249581817,0.733524655142368,0.363,0.299,1,"LYPLAL1"
0.453169869919309,0.733440875970584,0.132,0.117,1,"PTK7"
0.00115182359607819,-0.733259333665355,0.253,0.377,1,"BCL3"
0.0785864781520119,0.733185931954634,0.242,0.188,1,"HSDL2"
0.0655339860940693,-0.73278943471851,0.111,0.162,1,"TBC1D16"
0.0354747715343568,0.732590489315599,0.194,0.123,1,"ATP9A"
0.00103038605795204,0.732491808986304,0.606,0.604,1,"RABEP1"
0.000496493483264383,0.732409473490478,0.692,0.701,1,"DUT"
0.157070040975725,0.732258784951849,0.158,0.117,1,"OSGEP"
0.0192761452699417,0.731765238616047,0.271,0.188,1,"CDKN1C"
0.0704688486180063,0.731505922289353,0.309,0.26,1,"CBY1"
3.43765458016075e-05,0.731461192623359,0.661,0.604,1,"SIAH2"
0.000457046767183773,-0.731383173510868,0.139,0.253,1,"MGAT4B"
0.00513368570986531,-0.730952820898444,0.143,0.234,1,"TPRN"
0.000198619359897258,0.730746315674802,0.564,0.442,1,"TIMM10"
0.000136169457455844,-0.730363686930643,0.138,0.266,1,"ETV3"
0.000299968426314121,-0.730203006702038,0.091,0.195,1,"NEK1"
0.0268191744168801,0.730167320527121,0.378,0.325,1,"JKAMP"
0.00038126457393598,-0.730071959895917,0.207,0.344,1,"SH3GL1"
0.000122762141787936,-0.729979039072512,0.204,0.351,1,"GTF2E2"
8.13026497682681e-05,-0.72978430104239,0.17,0.312,1,"ZNF639"
0.122087809453838,0.729602856426601,0.174,0.13,1,"DXO"
0.000117615877793334,0.729432524805249,0.648,0.584,1,"APEX1"
0.00656990117159812,0.7286961531739,0.388,0.305,1,"OIP5-AS1"
0.440117086017673,0.728179343730934,0.17,0.156,1,"PPP6R2"
0.428539642107779,0.727616682828454,0.102,0.084,1,"B9D1"
4.43242545430051e-05,-0.727516965949444,0.228,0.39,1,"STARD3"
0.00626737308269423,0.727364745955094,0.488,0.422,1,"KAT6B"
0.238186662244825,0.72665011092991,0.269,0.247,1,"ILF3-DT"
0.184827605662463,0.726556734089667,0.145,0.11,1,"MPI"
0.0627069898634247,0.726516067608007,0.108,0.058,1,"ANKS1B"
0.0496515810667024,0.725928314971412,0.278,0.221,1,"ALDH6A1"
0.0114144858362024,0.725891162419713,0.37,0.286,1,"RPP25L"
0.193975711668243,0.725744299419684,0.199,0.162,1,"PRKAR2B"
0.20795939456166,0.725742601998931,0.146,0.11,1,"WDFY2"
0.00629896064372922,-0.725605559276022,0.099,0.175,1,"FAM98A"
0.478981330639508,0.725211197848605,0.219,0.214,1,"CCDC50"
0.000876660982737929,-0.725068856204306,0.215,0.344,1,"SLC7A5"
0.223304682108032,0.725012917372703,0.297,0.279,1,"APIP"
3.18925443321271e-05,-0.724930329408683,0.126,0.266,1,"ELMOD2"
0.000327516089467514,0.724703353923352,0.622,0.565,1,"TRAPPC1"
0.0376980180188143,0.724482448947052,0.177,0.11,1,"MMEL1"
0.0714949885485629,0.724450548239251,0.144,0.091,1,"MTHFD1"
5.37534625716691e-05,-0.724428943011962,0.113,0.24,1,"CDCA4"
0.014110847150056,-0.724329730913667,0.104,0.175,1,"UTP25"
0.00565355208110408,0.72418504808528,0.543,0.506,1,"HPN"
3.03485996058308e-05,-0.723871490815268,0.273,0.461,1,"TUBB3"
0.00737864467535774,0.723460997051196,0.427,0.357,1,"MAFB"
6.40832385257377e-05,-0.722929769304371,0.175,0.325,1,"MLXIP"
0.816768896003143,0.722640776735092,0.13,0.13,1,"TBC1D4"
0.208515902126942,0.722588734858614,0.103,0.071,1,"RIOK2"
0.455407470590718,0.722574158306859,0.158,0.143,1,"NUP160"
0.0258549499804112,0.722567206783445,0.349,0.279,1,"TMEM223"
0.154490467060731,0.72244956669513,0.137,0.097,1,"AC010168.2"
0.358575853092152,0.722072566323163,0.112,0.091,1,"CSTF2T"
0.00426141270922758,-0.721457256822301,0.243,0.351,1,"EPS8L1"
0.81238269362808,0.721456605729102,0.105,0.104,1,"ZYG11B"
0.000144191642338549,-0.721278279518245,0.14,0.266,1,"AMDHD2"
0.000140465106064965,-0.721139281282952,0.164,0.299,1,"DUSP3"
0.127944244654302,0.720551373077484,0.118,0.078,1,"STYX"
0.0264428049655662,-0.720467594558837,0.124,0.188,1,"FZD3"
0.427614291124833,0.719637171401625,0.135,0.117,1,"KLHL20"
0.00222081987426079,0.719525292090912,0.565,0.506,1,"CLK1"
0.104332145662007,0.71940195263568,0.144,0.097,1,"EML3"
0.0441996320155757,-0.719391784225537,0.09,0.143,1,"ZC3H3"
0.111302630921023,0.719310435095726,0.395,0.357,1,"RNASE4"
2.78267905894888e-05,-0.719217718392523,0.288,0.455,1,"CNOT4"
0.0165580960065689,-0.718930596437642,0.087,0.149,1,"BTBD3"
0.116872778770719,0.718813395765357,0.135,0.091,1,"C7orf25"
0.0993012145842751,0.718332200644344,0.199,0.149,1,"ARL14EP"
0.0399792766556499,0.718109651862291,0.345,0.292,1,"CINP"
0.00788890703200601,0.717830683774916,0.144,0.065,1,"CENPV"
0.0892331870141761,0.717771874653356,0.189,0.136,1,"UQCC1"
0.0359254423305655,0.717191830727751,0.267,0.195,1,"GRB14"
0.0197705620933263,-0.717096632433024,0.088,0.149,1,"C17orf67"
0.126936297467973,-0.716850004548421,0.074,0.11,1,"MEX3C"
0.0980626803929018,0.7167030214672,0.109,0.065,1,"SPATA17"
0.0086675299352645,-0.716406753980955,0.081,0.149,1,"ATAT1"
0.094884972242672,0.716217744818338,0.101,0.058,1,"TMEM198"
0.0423925314077225,0.716111501729526,0.399,0.37,1,"PSMA3-AS1"
0.190611777719606,0.715937747706454,0.198,0.162,1,"CAMK2G"
0.0157795078909895,-0.715870999954609,0.106,0.175,1,"TRERF1"
8.75066399430021e-05,-0.715852805437361,0.268,0.435,1,"SQOR"
0.0798951636537014,-0.715839753879505,0.111,0.162,1,"KDM3B"
0.174876021348694,-0.715698917042058,0.073,0.104,1,"PTK2B"
6.25044669072639e-05,-0.715678573848646,0.332,0.5,1,"LSM12"
0.0653537261174748,-0.71551848769086,0.068,0.11,1,"SSX2IP"
0.0156477016759551,0.715060467453233,0.352,0.273,1,"TRUB2"
0.00307692187428208,0.714691141969669,0.425,0.318,1,"AL035661.1"
0.486112593630152,0.714628418248135,0.105,0.091,1,"MED26"
0.000878112247350368,-0.714433834251168,0.102,0.201,1,"NOMO3"
0.000238609614445453,-0.713955394854664,0.268,0.416,1,"PACSIN2"
0.164948905562965,0.713946593260338,0.228,0.188,1,"ATE1"
0.553757252291675,0.713893586458145,0.235,0.24,1,"CCDC28A"
0.00349307604642128,-0.713295841217561,0.139,0.234,1,"YRDC"
0.0101421227773255,-0.712736413436004,0.063,0.123,1,"UTP15"
0.167245778414659,0.712501174392299,0.12,0.084,1,"METTL18"
0.000227919813519495,-0.712223432647118,0.082,0.182,1,"SLC7A1"
0.0132041238328745,-0.712029996666576,0.075,0.136,1,"CLASP1"
0.379298575721855,0.710919252689382,0.175,0.156,1,"FANCF"
0.338262982904527,0.710750854917123,0.115,0.091,1,"DELE1"
0.000149381351856505,0.710639417567338,0.644,0.558,1,"FOXP1"
0.0451947256182491,-0.710527882084098,0.244,0.331,1,"SERPINH1"
0.214790461808212,0.710443934591374,0.199,0.162,1,"DONSON"
0.000665742783822586,-0.71040024575369,0.174,0.299,1,"RAB40C"
0.0358953602058803,0.709896862040392,0.281,0.208,1,"NPRL2"
0.00149912182160762,-0.709071609699594,0.13,0.234,1,"ZFYVE16"
0.186896676371951,0.708943689901488,0.132,0.097,1,"TK1"
0.0304484039962198,-0.708852526838372,0.108,0.169,1,"CTU1"
0.375407945538936,0.708811686712281,0.248,0.24,1,"PDK3"
5.6096420402944e-05,-0.708767224742478,0.27,0.435,1,"GNPTG"
0.000255713585047691,0.708535903171788,0.551,0.448,1,"PCMT1"
0.0428016754180101,0.708393978173609,0.367,0.312,1,"FAHD1"
0.000116502736652316,-0.708373867736203,0.288,0.461,1,"MAP3K11"
0.121609189104285,0.708204507241866,0.349,0.318,1,"IMMP1L"
0.00793512164477077,0.707244778150482,0.656,0.675,1,"PHF14"
0.00214300549778467,-0.707144530987482,0.17,0.279,1,"TAP1"
9.16493655270988e-05,-0.706512289352853,0.268,0.422,1,"UBALD2"
0.0310304313743056,-0.706496754630028,0.112,0.175,1,"GM2A"
0.0830884765825571,0.706395338387462,0.271,0.221,1,"VKORC1L1"
0.00675224332092604,-0.706356255331916,0.07,0.136,1,"ATP11B"
0.169305599101534,0.705967674668707,0.106,0.071,1,"AS3MT"
0.0339207524599566,0.705907937946092,0.289,0.214,1,"ANKRD39"
9.53888461387859e-05,0.705894459794497,0.662,0.597,1,"TMEM9B"
0.0141049178088906,0.705611753907712,0.393,0.312,1,"PRPSAP1"
3.88820324595731e-05,-0.705428084031585,0.201,0.357,1,"GOLT1B"
0.000436062948166932,-0.704780516583137,0.157,0.279,1,"PAXBP1"
0.336490568562563,0.704759423639095,0.12,0.097,1,"TMEM8B"
2.74690714301518e-05,-0.704669195792479,0.207,0.383,1,"TMC6"
0.512109080292074,0.704353810920951,0.143,0.13,1,"PTPN9"
0.291423158109696,0.704321239513555,0.227,0.201,1,"BBIP1"
0.079570105378696,0.704110910349628,0.322,0.286,1,"PKIG"
0.0199241949734398,-0.703608224780744,0.219,0.305,1,"TTF1"
4.72836894408259e-05,-0.703595482798226,0.22,0.383,1,"KPNA1"
0.137633980430018,0.70354308222206,0.125,0.084,1,"TRMU"
5.07099745317642e-05,-0.703431799791082,0.347,0.539,1,"ARRDC1"
0.125996877869221,0.703054954143769,0.201,0.156,1,"CCDC117"
0.439253098984151,0.70281150180977,0.122,0.104,1,"ARHGAP45"
0.0260896574543309,0.702489829929423,0.427,0.37,1,"MAGED1"
0.0126581146747442,-0.702473806135469,0.112,0.188,1,"SLC12A7"
0.175088635431298,0.702406800495455,0.227,0.188,1,"CYP20A1"
0.159627538581024,0.70205535616759,0.2,0.162,1,"NDUFAF1"
0.312114655039364,0.701660619544693,0.163,0.136,1,"GFRA1"
0.261173916908235,0.701555035488453,0.2,0.175,1,"MAPK8IP2"
0.227984095634148,0.701535568646004,0.115,0.084,1,"NIF3L1"
0.00120435865524993,-0.701521643729788,0.074,0.156,1,"CMTM4"
0.134925123337154,0.701400554686332,0.111,0.071,1,"ZDHHC13"
0.54304537543345,0.700777410736676,0.153,0.143,1,"BANP"
0.0368868278269092,0.700189887385409,0.268,0.195,1,"KLHDC9"
0.000154888341673159,-0.700000169317891,0.092,0.201,1,"FBXO45"
0.0478115417835134,0.699967227760756,0.265,0.201,1,"PIGH"
0.000497326728039189,-0.69947234928607,0.481,0.656,1,"GPI"
9.1524963280075e-05,-0.69940507550401,0.254,0.409,1,"NARF"
0.259005313458958,0.699331666611168,0.147,0.117,1,"SLC25A51"
0.000811151728642421,0.6989778221577,0.596,0.532,1,"ANP32A"
0.0639608586513425,0.698445222264779,0.289,0.234,1,"SH3GLB2"
0.0591997773697271,0.697987523844404,0.262,0.201,1,"ZFHX3"
0.000835096395617608,-0.697678047298684,0.118,0.221,1,"EXD3"
0.198165258885358,0.697524173901408,0.153,0.117,1,"LRP6"
0.0598483722171884,-0.697314762591656,0.147,0.208,1,"CASP8"
0.00370989345239135,-0.697182600702539,0.168,0.279,1,"MICALL2"
0.109885087477859,0.696182601092478,0.158,0.11,1,"PRH1"
0.195409569756072,0.695520575426753,0.228,0.195,1,"EPB41L1"
0.0225416648397413,0.695245071760222,0.468,0.429,1,"CNPY3"
2.76412514535174e-05,-0.69516046824756,0.258,0.429,1,"TC2N"
0.464319300392466,0.695144601983949,0.168,0.156,1,"CHSY1"
0.00447994479028828,-0.695003976773404,0.101,0.182,1,"BCL9L"
0.000713347989834884,-0.694699195538307,0.153,0.273,1,"CDK7"
0.00189396250086419,-0.694695405954238,0.216,0.325,1,"MED30"
0.00936682311816877,-0.694377293783571,0.063,0.123,1,"TENT4A"
0.015986336985614,0.694024122667065,0.354,0.286,1,"STAMBP"
0.207023793738255,0.693852825025854,0.196,0.162,1,"B3GALNT1"
0.197337263930386,0.693780990056231,0.111,0.078,1,"DBT"
0.59648813999396,0.693722431863001,0.11,0.123,1,"APOD"
0.107276328726967,0.693494722888335,0.313,0.273,1,"CREM"
0.000584905552400541,0.693358926257327,0.615,0.552,1,"CREG1"
0.135663713512031,0.693340040845346,0.216,0.175,1,"FXN"
0.00841968157130901,0.693219142440733,0.358,0.266,1,"ZNF91"
0.436161980351796,0.693120170932452,0.195,0.182,1,"GABPB1"
0.00263566517008583,-0.693109032815153,0.122,0.214,1,"ENTR1"
0.00122005322160194,-0.693044616701257,0.218,0.344,1,"ZNF800"
0.376130797307663,0.692821124379811,0.105,0.084,1,"ZNF700"
0.000142490606476151,-0.692634380156559,0.165,0.299,1,"SLC16A3"
0.0155888003406723,-0.692536197011501,0.091,0.156,1,"SNX29"
0.104160070849903,0.692513662514763,0.208,0.156,1,"TCF7"
0.0937199688786683,0.692396709812682,0.287,0.24,1,"AFG3L2"
0.0222523996490904,0.692261628166441,0.391,0.338,1,"IRS1"
0.118778915559355,0.692220222442021,0.377,0.351,1,"SDHD"
0.328079498665915,0.69221092572462,0.34,0.344,1,"DMKN"
0.0461102749509044,0.691837014327067,0.18,0.117,1,"COL1A1"
0.141735834457503,0.691709477453031,0.164,0.123,1,"DYNLRB2"
0.361022362600029,0.690845781759318,0.213,0.195,1,"GTPBP3"
0.183282329158401,0.690738762900276,0.167,0.13,1,"CCDC51"
0.168394329140396,0.690025900158807,0.168,0.13,1,"LGALSL"
0.733174767447751,0.689570336028111,0.109,0.104,1,"ATP2C2"
0.59807098971094,0.689501694428754,0.163,0.156,1,"PIGK"
0.0296642751488361,0.689335252490069,0.439,0.403,1,"SPPL2A"
0.261559697701969,-0.689269858449219,0.088,0.117,1,"PRECSIT"
0.0202391877473011,-0.688827021207243,0.063,0.117,1,"FGD4"
0.00335739530184512,-0.688336032575953,0.118,0.208,1,"FOXJ3"
0.0623999819049571,0.688200901565057,0.347,0.299,1,"CBR1"
0.24804829915544,0.687244433460871,0.186,0.156,1,"SMIM27"
0.573913569087769,0.686600534682478,0.109,0.097,1,"RP9"
0.0120379685709393,-0.686489478200737,0.113,0.188,1,"COL9A2"
0.0120545672292872,-0.686264774594309,0.204,0.299,1,"INSR"
0.000241811159953214,-0.685808503426753,0.143,0.266,1,"TAF13"
0.0348511747975334,0.685798604431026,0.297,0.234,1,"CYB5D2"
0.00271344385396428,-0.685457969153008,0.08,0.156,1,"PEG10"
0.0100515434548357,-0.685433730420218,0.069,0.13,1,"AC130895.1"
0.00063275898397331,-0.68508461977981,0.158,0.279,1,"CIC"
0.00468033421332952,0.684748076366736,0.444,0.357,1,"BOLA1"
0.55523733406544,0.684723772471893,0.147,0.136,1,"TMEM131"
0.103208071605467,0.684591237244727,0.249,0.201,1,"AL118516.1"
0.0249137711014573,0.684206524491779,0.261,0.182,1,"NAGK"
0.0644158269212678,0.684129826859526,0.292,0.234,1,"STN1"
0.206189111847803,0.684096026027667,0.117,0.084,1,"OGG1"
0.0348796782475832,0.684059016119219,0.232,0.162,1,"MFSD11"
0.0122018170354804,0.683915857949142,0.411,0.344,1,"TRAPPC4"
0.00425908102043186,0.683908945462132,0.43,0.338,1,"AK3"
0.083197883491006,0.683815567800693,0.322,0.286,1,"C11orf1"
0.111909109422398,-0.683629886468278,0.159,0.208,1,"CMYA5"
0.0507005137972706,-0.683626336340147,0.133,0.195,1,"MTERF3"
0.000450370688079591,-0.683378697244545,0.237,0.377,1,"PNPLA8"
0.25290517793919,0.683312583054957,0.251,0.227,1,"UNC45A"
0.000421155945356108,-0.683295787529601,0.113,0.221,1,"TM4SF18"
0.00137007697370968,-0.682901004066337,0.065,0.143,1,"MPP7"
0.591790738449566,0.682879974185235,0.108,0.097,1,"TTLL3"
0.00113012488559931,-0.682748550863852,0.099,0.195,1,"NBPF19"
0.00115005704869091,-0.681944091757249,0.237,0.357,1,"ARL5B"
0.156467174879979,0.681354587615262,0.216,0.175,1,"MTMR4"
0.00261900614432533,0.681265111451915,0.377,0.273,1,"DNAJC30"
0.202326693987489,0.680729675340671,0.204,0.169,1,"MRTO4"
0.0577919355338397,0.680705513771418,0.229,0.169,1,"MTFP1"
0.0102487447068641,0.680274953536177,0.56,0.532,1,"SLC35B1"
0.187759031685118,0.6794028234766,0.205,0.169,1,"TMEM161B-AS1"
0.0458151094497813,0.679384032370506,0.335,0.286,1,"CUL4A"
5.19456059342331e-05,-0.679189622748008,0.291,0.455,1,"SPTY2D1"
0.000143233463321042,-0.679107641095021,0.275,0.435,1,"CDK13"
0.00042507413529506,-0.678812742598472,0.056,0.136,1,"EYA3"
0.0354958502475858,0.678538544806874,0.285,0.214,1,"TUSC1"
0.106083277213444,0.678517170322063,0.167,0.117,1,"BTD"
0.794045899371624,0.678380489041319,0.105,0.104,1,"ARHGAP21"
0.149705932765143,0.67784767376586,0.287,0.253,1,"OSTF1"
4.14611803129969e-05,-0.677776446976534,0.31,0.487,1,"SPNS1"
9.12217030584928e-05,-0.677719545220793,0.309,0.481,1,"SMAP1"
0.0008964825240014,-0.67759731291324,0.216,0.344,1,"PRRC1"
0.00364731529112564,-0.677535679127724,0.23,0.344,1,"FNBP1L"
0.0113641681615895,-0.677262544465517,0.109,0.182,1,"LMBRD2"
0.000165205634069578,0.677144295490886,0.671,0.61,1,"MRPL52"
0.0285487237821289,-0.677140144897574,0.082,0.136,1,"DHRS11"
0.200092118124307,0.676965411357883,0.387,0.377,1,"ZCCHC10"
0.00934859256440869,-0.676711550401311,0.063,0.123,1,"TET2"
0.126945827383862,0.676615929497942,0.434,0.435,1,"HSPB11"
0.0244092134588935,0.67654820794589,0.336,0.26,1,"FMC1"
0.026666174282724,0.676502964050432,0.207,0.13,1,"C1QTNF12"
0.0625073817087097,0.676192906252036,0.223,0.162,1,"CHDH"
0.000728414169115699,0.676189463953741,0.585,0.513,1,"SIGIRR"
0.471688203379183,0.675563724734559,0.235,0.227,1,"CIAO3"
0.000401114207832127,-0.675197462740938,0.094,0.195,1,"ZNF354A"
0.34000661396718,0.67485940047158,0.192,0.169,1,"C5orf63"
0.00473046628821093,0.674322988492335,0.453,0.37,1,"COA5"
0.475785754502352,0.67428487677598,0.158,0.143,1,"LINC01003"
0.00216433742589339,-0.673693072562854,0.112,0.201,1,"FOLR1"
0.51702381783751,0.673580274958903,0.2,0.188,1,"TRIM25"
0.0997686444121868,0.673399966349749,0.305,0.26,1,"IRF9"
0.0882352118538342,0.672883759414638,0.419,0.403,1,"SDHA"
0.0371365025379741,0.672836310819471,0.218,0.149,1,"RETSAT"
0.539062316794412,0.672517620202066,0.124,0.11,1,"SLC35A5"
0.344996131443418,0.672109565095103,0.142,0.117,1,"MYSM1"
0.147145334959118,0.671383562055333,0.143,0.104,1,"CCSAP"
0.453034651059357,0.671332459053696,0.575,0.766,1,"TFF3"
0.000100262942751003,-0.67133130052445,0.244,0.409,1,"ZNF322"
0.0112149702881176,0.671201952584635,0.32,0.227,1,"MT1F"
0.00578702240794071,-0.671117823886817,0.083,0.156,1,"ENDOD1"
0.000124219459655876,-0.671023545399749,0.154,0.292,1,"MAP1S"
0.00447052365358588,0.670851011025903,0.448,0.37,1,"SMARCB1"
0.477157587225906,0.670563138660699,0.221,0.214,1,"UXS1"
0.0517784951896118,0.670131099813838,0.305,0.247,1,"PHYH"
0.0676641906655624,-0.669894590510569,0.089,0.136,1,"RNF2"
0.0291138362836477,0.669865790639959,0.391,0.338,1,"CD27-AS1"
0.0826023551956276,0.669854939581922,0.234,0.182,1,"SORBS3"
0.000943750965645188,-0.66964990949348,0.257,0.383,1,"NAA15"
0.33820155977601,0.669077009422536,0.211,0.188,1,"KLHL42"
0.237468924209049,-0.668910364598631,0.081,0.11,1,"TERF2"
0.055403596979161,0.668815887849849,0.318,0.253,1,"MRPL35"
0.0016165507781839,-0.668758310249896,0.075,0.156,1,"NFRKB"
0.820883620538946,0.668756367880202,0.181,0.188,1,"EEF1A2"
0.00180068132122817,0.668715114233687,0.551,0.487,1,"EPHX1"
0.0163336927747658,0.668654272996529,0.384,0.305,1,"SPATS2L"
0.000421306467995441,-0.668262381901212,0.184,0.312,1,"TMEM184B"
0.00251462027213559,-0.66786027238952,0.101,0.188,1,"PHRF1"
0.0460135725018222,0.667857917688177,0.277,0.214,1,"AC245297.3"
0.041170410581183,0.667855440330879,0.332,0.273,1,"MAEA"
0.423298894420145,-0.667759991038031,0.113,0.136,1,"RFFL"
0.0169115402897826,-0.667653776795972,0.067,0.123,1,"ZNF600"
0.00817730799402311,-0.667520958201095,0.053,0.11,1,"SMYD5"
0.564039845141031,0.667246992350791,0.109,0.097,1,"FECH"
0.251800493733599,0.666138096617629,0.178,0.149,1,"ABCB8"
0.00744697998085148,-0.666048065601473,0.099,0.175,1,"TPCN1"
0.420231385137403,0.665521319319124,0.13,0.11,1,"DOK1"
0.591337617463712,0.664998177812252,0.249,0.253,1,"MARVELD3"
0.0240870096061556,-0.664790969763471,0.084,0.143,1,"MARF1"
0.506324253128849,0.664251168425633,0.221,0.221,1,"IGSF9"
0.521818358409548,0.664186447546383,0.14,0.13,1,"PRKACA"
0.22611392499417,0.664140255253333,0.116,0.084,1,"ECHDC3"
0.00240903304760015,-0.664117095883304,0.139,0.24,1,"VTA1"
0.146209398949345,0.663977891481157,0.198,0.156,1,"TNK2"
0.630153674680195,0.663520799465701,0.087,0.104,1,"RBM34"
0.00273493973363992,-0.663257261305247,0.127,0.221,1,"TULP3"
0.00110147914665784,-0.662870131652826,0.085,0.175,1,"AC004982.2"
0.322224678681493,0.662567783537158,0.185,0.162,1,"WASHC5"
0.0452514150245056,-0.662536137627823,0.074,0.123,1,"URB1-AS1"
0.0636573103397094,-0.662504154407573,0.073,0.117,1,"KCNF1"
0.107831369139025,0.66228200312058,0.361,0.325,1,"DYNC1LI1"
5.99467077600569e-05,-0.662097625516999,0.377,0.565,1,"NECTIN4"
0.143242395181646,0.662062846234344,0.146,0.104,1,"PLEKHA6"
0.399105425243141,0.661874270675214,0.156,0.136,1,"BTBD1"
0.132465071638873,0.661833772765841,0.29,0.24,1,"OLMALINC"
0.395414871799538,0.66154291495261,0.167,0.149,1,"ZC3H7B"
0.512535947944295,0.661282083001685,0.117,0.104,1,"AHCYL2"
0.0319718236866561,0.661176748290199,0.125,0.065,1,"DRAIC"
9.28263733749378e-05,-0.661018023719202,0.16,0.299,1,"SH3RF1"
0.136079132829661,-0.660653674645284,0.07,0.104,1,"CHAF1A"
8.67093996475073e-05,-0.66024259231805,0.32,0.506,1,"RAB22A"
0.233484229005255,0.660017336632375,0.218,0.188,1,"DHRS3"
0.0745071197956926,0.659898102710183,0.465,0.455,1,"ALG13"
0.0531519810897539,-0.659713691945523,0.061,0.104,1,"KMT2E-AS1"
0.131280780306663,0.659206044624658,0.111,0.071,1,"AC004556.3"
0.384929755807949,0.658886851087028,0.111,0.091,1,"OAS3"
0.332675197876098,0.658239355668992,0.108,0.084,1,"DHDDS"
0.000317508279850203,-0.657992998845365,0.202,0.338,1,"IRAK1"
0.000281661424250873,-0.657707238710838,0.17,0.305,1,"CBFB"
0.985773299953256,0.656849503021643,0.111,0.117,1,"BLOC1S3"
0.000319182561102253,-0.656827146484082,0.258,0.422,1,"SERTAD2"
0.0849130798200664,0.656722349411958,0.533,0.571,1,"ATP6V1H"
0.117273406755426,0.656448985016608,0.126,0.084,1,"MYO15B"
0.0163345421235429,-0.656385794515699,0.062,0.117,1,"TMEM104"
0.194714953689397,0.656369921293785,0.218,0.182,1,"RNF113A"
0.145488664342895,0.656300789266141,0.288,0.253,1,"PMM1"
0.109594985829945,0.655904352334681,0.349,0.312,1,"SPTLC1"
0.375424437386917,-0.655811444960539,0.083,0.104,1,"KTI12"
0.384545827044435,0.655481373541354,0.213,0.195,1,"RNASEH2B"
0.0345741797834912,-0.655392416990071,0.067,0.117,1,"MIGA2"
0.43927221419879,0.654873690711799,0.225,0.214,1,"MRPL1"
0.110420723285118,0.654852550402834,0.232,0.182,1,"TXNRD2"
0.597616035620778,0.654710782860252,0.133,0.123,1,"NADK2"
0.0461420046873744,0.654657863860811,0.182,0.117,1,"LDHB"
0.00325032235263356,-0.654116015951374,0.181,0.286,1,"POLR1G"
0.0107245356183498,0.653903009614114,0.463,0.39,1,"CDS2"
0.000259810118363553,-0.653882999042701,0.204,0.344,1,"H3C4"
0.145670589857158,0.653634175464458,0.324,0.299,1,"HIKESHI"
0.0579761365216028,-0.653610649910944,0.062,0.104,1,"GNG7"
0.0801643608302085,0.653523802653161,0.127,0.078,1,"SWSAP1"
0.00282746857143926,-0.653470814583608,0.222,0.331,1,"CD276"
0.0195884599226247,-0.653462028061865,0.068,0.123,1,"SRCIN1"
6.0024098010491e-05,-0.653213541145763,0.179,0.325,1,"S100G"
0.0370177585371398,0.652902712073393,0.359,0.305,1,"MDM2"
0.0362951571385758,0.652635309084499,0.223,0.156,1,"ARHGAP18"
0.211459187935831,0.652601401766123,0.395,0.39,1,"HPRT1"
0.154709141281639,0.652499709631441,0.275,0.24,1,"DDX27"
0.330953026088411,0.65243030887167,0.102,0.078,1,"METTL3"
0.586751092910972,0.652328638174748,0.108,0.097,1,"OPLAH"
0.0619003116265992,-0.652242968813517,0.103,0.156,1,"ZNF761"
0.366813221278165,0.65193082743518,0.165,0.143,1,"AASDHPPT"
0.00045610560502726,0.651094438979052,0.658,0.656,1,"PNKD"
0.00611467256281301,0.650487431613969,0.476,0.416,1,"CANT1"
0.00519528945663773,-0.65036351927859,0.123,0.208,1,"MOSMO"
0.0232383125688107,0.650186716293717,0.47,0.442,1,"POLR3K"
0.306721968969465,0.649471057393691,0.251,0.234,1,"HNRNPUL2"
0.0189172211286236,0.649417874658399,0.382,0.312,1,"SRP54"
0.000746235016794257,-0.649407987244498,0.13,0.24,1,"IKZF5"
0.202158163311782,0.649272105042069,0.116,0.084,1,"PAXIP1"
0.000354866062015477,-0.649003478878322,0.222,0.364,1,"SMAD5"
0.0126844516885612,-0.648841789138329,0.145,0.227,1,"SULF2"
0.000234263993014186,-0.648623601741901,0.178,0.318,1,"HERPUD2"
0.0224934830938338,-0.648273405644567,0.136,0.208,1,"N4BP3"
0.0415760108114071,0.648247784942021,0.385,0.318,1,"HID1"
4.66625120532832e-05,-0.647975489463874,0.312,0.494,1,"ABT1"
0.0140248137765526,-0.647768121137758,0.07,0.13,1,"KATNB1"
0.0120737520557804,0.647448419551003,0.487,0.448,1,"TIMM9"
0.0969521422752849,0.647285299473992,0.288,0.24,1,"NBN"
0.00715211071014992,-0.647053577671082,0.177,0.273,1,"ALAS1"
0.000182652229373326,0.646970726361099,0.604,0.494,1,"SNRPN"
0.346877263860271,0.646940806806806,0.234,0.214,1,"GARS1-DT"
0.00537583055068824,-0.646920674729305,0.087,0.162,1,"COG5"
0.000116643878822949,-0.646194252648198,0.058,0.149,1,"FAM214B"
0.0327044379190017,0.646084406927518,0.136,0.071,1,"SEMA3B-AS1"
0.00393951526211059,-0.645891433297638,0.08,0.156,1,"RHPN2"
0.00106932699162325,0.64577080094597,0.581,0.513,1,"WDR61"
0.627102593290005,0.645568532880238,0.303,0.318,1,"ZMYND8"
0.00324322362560359,0.645017268036105,0.377,0.266,1,"HPCAL1"
0.000975851119342596,-0.644993472214304,0.108,0.201,1,"PSCA"
0.018815004972769,0.644750091455807,0.47,0.409,1,"OCEL1"
0.0756661842576846,-0.644329504088425,0.094,0.143,1,"USP37"
0.110810545235662,0.64392440781975,0.187,0.143,1,"OAS1"
0.278088316819687,0.643798852500225,0.185,0.156,1,"TMEM218"
0.187505314402914,0.643258898972885,0.126,0.091,1,"SPIRE2"
0.0559637348542622,-0.643166523752711,0.07,0.117,1,"PHF8"
0.871229786301443,0.642932016030353,0.185,0.195,1,"DDB2"
0.375305277971002,0.642735847679215,0.144,0.123,1,"C15orf65"
0.0495543599658919,-0.642608889837863,0.064,0.11,1,"CDC25B"
0.0318620902361354,0.642327220767931,0.309,0.247,1,"CMC4"
0.0638357703282705,0.641811892156976,0.358,0.305,1,"QTRT1"
0.274501725486403,0.641702140613611,0.239,0.214,1,"NELFA"
0.609067622550658,0.64163362691096,0.144,0.136,1,"DIS3L"
0.00405016499694705,-0.641479546149389,0.076,0.149,1,"ITGA5"
0.0821279341945615,-0.641476591936952,0.111,0.162,1,"ZNF160"
0.000574900146553205,-0.640640903181913,0.213,0.351,1,"PPID"
0.0642435134221802,0.640290903174588,0.33,0.286,1,"PTPN1"
0.501500559914487,0.639996190183259,0.131,0.117,1,"SLC46A1"
0.000163253385564986,0.639781308286028,0.694,0.623,1,"NDUFS3"
0.0634216235167101,-0.639642292007023,0.094,0.143,1,"B4GALT2"
0.371986100861049,0.639215015431278,0.12,0.097,1,"THAP6"
0.00284769735359759,0.638933269826015,0.622,0.584,1,"PRLR"
0.00887980517509235,-0.638632483794253,0.12,0.201,1,"POMK"
0.745731092121157,0.638625960361933,0.247,0.266,1,"SLC25A29"
0.00224059379356852,-0.638474327430825,0.144,0.247,1,"KLHL18"
0.00416214692436266,-0.638285495518448,0.104,0.188,1,"AXIN1"
0.0107250434504838,0.638145293593439,0.594,0.552,1,"IGBP1"
0.101000174840607,-0.638053788022173,0.098,0.143,1,"LRRC28"
0.501008906467473,0.637600694043575,0.125,0.11,1,"RGN"
0.0763921577310105,0.637546821666281,0.302,0.247,1,"NIT1"
0.0144058152736777,-0.637538089686232,0.09,0.156,1,"EHBP1"
0.000268610297324931,0.637230542902571,0.635,0.565,1,"HMGN3"
0.00491195834982701,-0.636774531714825,0.058,0.123,1,"KATNIP"
0.0122026930972913,-0.636359097536316,0.178,0.26,1,"CYP27A1"
0.272465283390039,0.636238910590412,0.319,0.299,1,"ARL4A"
0.515083716212892,0.63589325480979,0.173,0.162,1,"FLVCR1"
3.77331893574018e-05,-0.635457185723371,0.48,0.656,1,"MRPS6"
0.505349173647675,0.63537942770356,0.136,0.123,1,"TSC1"
0.0650829031649802,-0.634590648472364,0.071,0.117,1,"ATG9A"
0.000250218614024948,-0.634285996630388,0.161,0.292,1,"SF3B3"
0.140909907032298,0.63409674054964,0.16,0.117,1,"OGDH"
0.00727235129636442,-0.633888007896282,0.056,0.117,1,"C14orf28"
0.633550179406246,0.633627454405028,0.112,0.104,1,"WDFY3"
0.0514903691651687,0.633588308299109,0.261,0.195,1,"KIAA0319L"
0.370062888659606,0.633572654680781,0.225,0.208,1,"MRPS22"
8.91037620099049e-05,-0.63356353080832,0.354,0.539,1,"GSK3B"
0.000819176459610878,-0.633203977144842,0.256,0.396,1,"TMA16"
0.00131448223472096,-0.632705978077253,0.146,0.253,1,"IRF2"
0.3133428434899,0.632350015119711,0.212,0.188,1,"SLC25A17"
0.21088783668601,0.632291004464599,0.178,0.143,1,"LMF1"
0.000637975714788684,-0.631867155475388,0.44,0.597,1,"UBE2S"
0.000121713582667307,0.631863097746078,0.62,0.545,1,"METTL5"
0.074727386436016,-0.631656170787209,0.11,0.162,1,"ERO1B"
0.163129015000507,0.63133201744144,0.494,0.669,1,"TFF1"
0.875375197535327,0.631021936580171,0.103,0.104,1,"IRF1-AS1"
5.2733637940671e-05,-0.630568638418916,0.27,0.448,1,"VOPP1"
8.54139056500923e-05,0.630492651154772,0.812,0.786,1,"CD46"
0.0232061992950473,0.629637219534815,0.298,0.214,1,"AC018521.5"
4.04974493015886e-05,-0.629369790581248,0.228,0.396,1,"ZNF217"
0.238564064143303,0.629002180874744,0.35,0.325,1,"HOXB6"
0.000926352913510567,0.628893282163378,0.619,0.578,1,"CHMP4A"
0.00154666505876706,-0.628794792849577,0.147,0.26,1,"AC005921.2"
0.00307237006039954,-0.62862943056242,0.048,0.11,1,"PHETA1"
0.884995715033372,0.628489995616519,0.228,0.247,1,"CCDC126"
0.404257725185486,0.62835284145714,0.168,0.149,1,"RPAP2"
0.000258571348060247,-0.628340870705721,0.532,0.708,1,"ETHE1"
0.244272846830305,-0.628224671260377,0.368,0.409,1,"SOD2"
0.000192838723967992,-0.627992899803947,0.213,0.364,1,"RRP1"
0.117819605401686,0.627016797594456,0.382,0.364,1,"LINC00467"
0.147834200072132,-0.626934826934397,0.07,0.104,1,"GTPBP10"
0.0187630483399813,0.626798669924333,0.426,0.37,1,"TMX2"
0.0446975320933246,0.626666775887541,0.38,0.331,1,"USP32"
0.0326504394291809,0.626062992909209,0.143,0.078,1,"LGR4"
0.304142573800086,-0.625871826136488,0.101,0.13,1,"NDST1"
0.0381350825318766,0.625828731539456,0.352,0.286,1,"RDH11"
0.152212285254913,-0.62500735970127,0.326,0.396,1,"TRIB3"
0.00011197072517272,-0.624404673237375,0.201,0.351,1,"GALNT3"
0.210622663797983,0.624202110495279,0.297,0.273,1,"ZNF326"
0.00615407671210517,0.624045153463929,0.454,0.39,1,"ICA1"
0.396368770183112,0.624044087813038,0.182,0.162,1,"DZIP3"
0.774199373866937,0.623963394232138,0.108,0.104,1,"PLCB4"
0.00127572404955248,-0.623791035566118,0.232,0.364,1,"IWS1"
0.0309165680337154,0.623522707030495,0.349,0.279,1,"BMI1"
0.00902358083397804,-0.623243012043985,0.123,0.201,1,"SFMBT1"
0.00467110410717887,-0.622412441619301,0.149,0.24,1,"MAGEH1"
0.0533320865507965,-0.622270131665584,0.065,0.11,1,"NUP93"
0.168342186125456,0.622236365796024,0.15,0.11,1,"KIZ"
0.00505003395971887,0.621585800502363,0.535,0.474,1,"RTF2"
0.00108071528252905,-0.621455791908041,0.146,0.26,1,"TIMP2"
0.239615415761451,0.62101673566079,0.212,0.182,1,"TRMT12"
0.00513685200064886,0.620976031992866,0.435,0.331,1,"SCAMP4"
0.361752046979175,0.620672854522569,0.172,0.149,1,"DTX3"
0.00290581726383432,0.62051416611206,0.57,0.494,1,"HDDC2"
0.2913976227878,0.620481943699226,0.11,0.084,1,"RNF38"
0.602581207742936,0.620238047287802,0.146,0.136,1,"OMA1"
0.0395707494832445,-0.620210059488743,0.058,0.104,1,"TBC1D22B"
0.565443018497076,0.620038887315997,0.234,0.234,1,"KAT7"
0.00229995592947932,-0.619954799390499,0.125,0.221,1,"TBC1D23"
0.14890784198714,0.619444357306238,0.2,0.156,1,"UFL1"
0.0499824049545502,0.619396654327541,0.499,0.474,1,"PQBP1"
0.361193093383936,0.619156699033505,0.126,0.104,1,"HGH1"
0.000748451250785974,0.61909336112349,0.561,0.461,1,"BOLA3"
0.326996206722139,0.619003229119519,0.116,0.091,1,"DGKE"
0.206068739663131,0.618987547371242,0.104,0.071,1,"MAPK8IP1"
0.322330021492462,0.618402095744388,0.274,0.26,1,"FRG1"
0.00061643462580056,0.61829672174418,0.618,0.571,1,"COA6"
0.704315035108507,0.618217422696905,0.127,0.123,1,"WDR77"
0.212334436778228,0.618136724066559,0.123,0.091,1,"GGT7"
0.00114905677773887,0.61783170021218,0.627,0.565,1,"SRSF10"
0.0544807942281708,-0.617609584630405,0.07,0.117,1,"NAF1"
0.0311636348948274,0.61750521825943,0.404,0.344,1,"TMEM251"
0.0251231346035318,0.617462834054132,0.412,0.344,1,"QDPR"
4.72560457788856e-05,-0.61705730525147,0.294,0.468,1,"EGFL7"
0.0329070923597733,0.616825023407777,0.494,0.468,1,"PAGR1"
0.105834343656677,0.616814738978772,0.35,0.312,1,"DERL2"
0.0265563850489321,-0.616746808346722,0.08,0.136,1,"LNX2"
0.0716784238956174,0.616692389951918,0.373,0.338,1,"COQ7"
2.95687834641636e-05,-0.616682648304779,0.485,0.675,1,"LRRFIP2"
0.082913221363881,-0.616546843631044,0.112,0.162,1,"NKAPD1"
0.104657083425418,0.616331081569773,0.433,0.416,1,"TSPYL1"
0.842317489967659,0.616267291013132,0.129,0.13,1,"SP2"
0.00035599218228348,-0.616235926496443,0.092,0.195,1,"CCNY"
0.000186124366581333,0.616228612293932,0.706,0.688,1,"PPCS"
0.449191467175951,0.616110629838501,0.168,0.149,1,"WARS1"
0.337436066742146,0.615367680305684,0.127,0.104,1,"MRPS31"
0.261616934147198,0.615337727994151,0.404,0.416,1,"DHX30"
0.0268685142783882,-0.614984417295725,0.131,0.201,1,"RNF185"
0.00275917110778118,0.614811794937631,0.554,0.5,1,"COQ4"
0.000491123091994989,-0.614786588315097,0.191,0.325,1,"GNA11"
0.134983283696747,0.61468344751958,0.265,0.221,1,"MBOAT2"
0.0744286035741155,-0.614272205821321,0.101,0.149,1,"FAM110C"
0.0223560794459721,0.614010366722941,0.13,0.065,1,"CPB1"
0.434452860908556,0.613882803845514,0.168,0.149,1,"THUMPD2"
0.213791994391679,0.613852873767759,0.325,0.305,1,"RAB4B"
0.0348572988985727,-0.613716051391763,0.12,0.182,1,"PRKCZ"
0.0267709302592963,-0.613703040300593,0.294,0.39,1,"RUNDC1"
0.0738121437585729,0.613382481270721,0.456,0.435,1,"SPR"
0.926930685746556,0.613264715680021,0.108,0.11,1,"DNAJC3-DT"
0.0183362683627156,-0.61271738988875,0.138,0.214,1,"GALE"
0.419831833023761,0.612547912183957,0.211,0.195,1,"MBOAT1"
0.00878464536446249,-0.612429105225829,0.084,0.156,1,"STING1"
0.00573135148302129,-0.612351235569899,0.177,0.279,1,"CREBZF"
0.37869802085691,-0.611896807660092,0.468,0.539,1,"MYL9"
0.083644366279075,0.611634008605043,0.126,0.078,1,"EXOC6"
0.610244815162357,0.611449965272713,0.205,0.201,1,"MRM2"
0.295013067819479,0.611448632936876,0.15,0.123,1,"ZNF618"
0.00620020108060784,0.611275058669976,0.357,0.26,1,"ITPK1"
0.00470024121358021,-0.611163085956427,0.22,0.325,1,"TLCD1"
0.112035494601002,0.611095394935029,0.216,0.169,1,"CLUAP1"
0.00256393200607144,-0.610485736572792,0.113,0.208,1,"EIF4G3"
0.363431610036357,0.610386467446367,0.129,0.104,1,"BNIP1"
0.00147998392620783,0.610223185551061,0.644,0.604,1,"POLE4"
0.491398952804954,0.610057387402437,0.118,0.104,1,"EXD2"
0.0228821566230674,0.609952627837667,0.18,0.11,1,"ATF7IP2"
0.535888611921427,0.609905720933414,0.216,0.214,1,"ATG4D"
0.744231993250272,0.609745563168517,0.132,0.13,1,"PLXNB1"
0.000510337595552168,-0.609698444819722,0.064,0.149,1,"LRFN4"
0.309088009502236,0.60959087289263,0.178,0.149,1,"FHIT"
0.0254501694292205,0.608959060407571,0.317,0.24,1,"NSUN5"
0.0012907439794794,-0.608921345270814,0.118,0.221,1,"DUSP16"
0.001673737962797,-0.608684792309864,0.084,0.169,1,"PWWP2A"
0.0828247934354799,0.608467273149581,0.52,0.539,1,"SMARCE1"
0.0266310622742037,-0.608052925037862,0.133,0.201,1,"DMPK"
0.00877183429407354,-0.607847893597287,0.237,0.344,1,"PLEC"
0.000310679066391515,-0.607755764932467,0.2,0.338,1,"NUP50"
0.0534586344396981,0.607646254606506,0.509,0.513,1,"MTX2"
0.00300074857786818,-0.607370380277469,0.181,0.286,1,"RRP8"
0.578864180557102,0.607362894884428,0.116,0.104,1,"TMEM187"
0.0342450089553108,0.607292350170052,0.361,0.305,1,"PDCD2"
7.64029360692933e-05,-0.60695002584873,0.467,0.649,1,"ABRACL"
0.0113129688167691,-0.606716426565829,0.166,0.26,1,"SENP5"
0.198298934315899,0.606520348432369,0.172,0.136,1,"SMARCA1"
0.000285798269046153,-0.606510046244745,0.432,0.597,1,"GDE1"
0.0170169371706026,0.605952369334199,0.495,0.448,1,"SLC25A36"
0.00487691905318554,0.60570998840101,0.566,0.513,1,"ADI1"
0.362215319948812,0.605301283526291,0.222,0.201,1,"CDK5"
0.836267211058001,0.605269123992175,0.129,0.13,1,"IQSEC1"
0.00171754850409259,0.605264092580235,0.578,0.5,1,"NT5C"
0.000148978258558337,-0.605246994036475,0.347,0.526,1,"MAP3K20"
0.0529695104064044,-0.605081521046079,0.168,0.24,1,"MATN3"
0.690074651545705,0.604932704536517,0.146,0.143,1,"CAPN13"
0.565653674393111,0.604920313097384,0.178,0.169,1,"CCDC32"
0.00295103723175932,-0.604555500753122,0.105,0.195,1,"SBNO2"
0.351304880298179,0.604444430169179,0.333,0.338,1,"FBXL5"
0.00429396353935405,-0.60405991861753,0.081,0.156,1,"NPIPB5"
0.0716626319135274,-0.603920758157763,0.095,0.143,1,"AP1AR"
0.339276000845272,0.603894005040162,0.101,0.078,1,"CATSPER2"
0.0763799874013781,0.603784902203441,0.242,0.182,1,"PRR15"
0.00106893096415654,-0.603552832936732,0.095,0.188,1,"EDC4"
0.0241834763030874,0.6032783524378,0.465,0.416,1,"VBP1"
0.707721244219205,0.602989776224395,0.158,0.156,1,"PPIP5K2"
0.185360348509458,0.602775062605754,0.133,0.097,1,"FN3K"
0.0679831641919728,-0.602368199109865,0.193,0.253,1,"AQP3"
0.00412838360199381,-0.601995489676593,0.222,0.331,1,"MAP3K8"
0.111633209350846,-0.601857683325988,0.132,0.182,1,"ACOX3"
0.0528342007107908,0.601813360972689,0.612,0.591,1,"DNAJC1"
0.31313615255341,0.601289207877799,0.175,0.149,1,"CHST15"
0.598934835554972,0.600823923058827,0.17,0.162,1,"PARVB"
0.298726708352726,0.600707499916501,0.243,0.221,1,"DNTTIP1"
0.360770420424184,0.60043198238827,0.184,0.162,1,"ARMC8"
0.436136106888824,0.600374950196463,0.28,0.273,1,"TMEM69"
0.600917196861679,0.600259802702533,0.184,0.175,1,"AC005670.3"
0.00911470370576299,0.600172946298061,0.244,0.149,1,"BASP1"
0.025482319710054,0.600104932524293,0.356,0.286,1,"HSD17B12"
0.000431604236212144,0.599753866292032,0.658,0.61,1,"ZNF428"
3.44917965855589e-05,-0.599726848852423,0.406,0.578,1,"GOLPH3"
6.57616505610766e-05,-0.599632663738051,0.192,0.351,1,"FAF2"
0.124867628517649,0.599492326720682,0.333,0.299,1,"TMEM35B"
0.00464342947801757,-0.599405095127666,0.062,0.13,1,"CEMIP2"
0.0418890874415749,0.59918027998989,0.253,0.182,1,"TKFC"
0.798327085740607,-0.598803841229101,0.099,0.104,1,"CAPS"
0.00742433377497654,-0.59827335923011,0.25,0.351,1,"KCNK15"
4.27234525378832e-05,-0.598196422483809,0.27,0.448,1,"KHSRP"
0.000557816558443705,-0.598021501263756,0.073,0.162,1,"AFAP1"
0.00867946529496412,-0.597989649841045,0.144,0.234,1,"GPR107"
0.0869900371149032,0.597674831914167,0.2,0.143,1,"DEAF1"
0.0138753545388908,-0.597643028305475,0.07,0.13,1,"SLC25A32"
0.000772893841411721,-0.597498046590757,0.17,0.292,1,"POMGNT2"
0.00234812262386079,0.597172038995202,0.592,0.552,1,"LSM2"
4.9902114592308e-05,-0.596826486385143,0.282,0.461,1,"GPATCH8"
0.615912491596683,0.596615798194422,0.199,0.195,1,"ITGA3"
0.000490384795308604,-0.596239623304295,0.364,0.526,1,"POLR1H"
0.278639460868397,0.595924182531325,0.336,0.318,1,"EIF2AK2"
0.00616889056788175,-0.595887388551374,0.108,0.188,1,"GBP3"
0.024646277731175,-0.595135932539387,0.064,0.117,1,"LMNB2"
0.0119949540699888,0.594972652818988,0.568,0.558,1,"TERF2IP"
0.028464601452763,0.594901984955682,0.428,0.37,1,"ZNF385A"
0.00090063909175253,-0.594775099112216,0.094,0.188,1,"RALGAPA2"
0.0185423037525436,-0.594533935802084,0.062,0.117,1,"LINC00672"
0.0323391352791925,-0.594487695755598,0.097,0.156,1,"SEC22A"
0.00463184138349796,-0.594241921294931,0.119,0.208,1,"ZNF264"
0.950605316686973,0.594185376288377,0.228,0.253,1,"PPP3CA"
0.0111982709062036,0.593999784469897,0.482,0.422,1,"IDH3G"
3.63271048281953e-05,-0.593950958762258,0.349,0.526,1,"PRPF4B"
0.308705177953547,0.593928134505083,0.223,0.201,1,"GBA"
0.0495778084466645,0.593656487110851,0.337,0.273,1,"CBX5"
0.783790414784188,0.59343799727199,0.119,0.117,1,"TAPT1"
0.00504767836914376,-0.593429902505853,0.087,0.162,1,"ATAD3C"
0.0216502622987477,-0.593383116747422,0.108,0.175,1,"RPS6KA5"
0.565145577394351,0.593325761995644,0.12,0.11,1,"ZFAND2A-DT"
0.310669867980517,0.592968528116075,0.177,0.149,1,"MKNK1"
0.382748313915021,0.592111743754304,0.33,0.325,1,"AUTS2"
0.00241494006915807,-0.591847240447329,0.254,0.377,1,"PGM3"
0.00469771843392309,-0.591552258228301,0.166,0.266,1,"PTDSS1"
0.50193140464966,0.591505955935176,0.156,0.143,1,"MAP4K4"
0.0816213503971198,0.591260039591663,0.104,0.058,1,"SLC25A14"
0.107085223369742,0.590887527402607,0.393,0.357,1,"RAB17"
0.0172711704842976,-0.590623547141366,0.146,0.227,1,"POLG"
0.481120166720274,0.590290268563029,0.157,0.143,1,"C12orf29"
0.240908874144157,-0.590276496213689,0.076,0.104,1,"FCHO2"
0.020502594113256,0.590238395089001,0.449,0.396,1,"FAM110A"
0.652155813846051,0.590231676013298,0.132,0.156,1,"MUL1"
0.000837994229108191,-0.590145199989672,0.18,0.305,1,"RCOR1"
0.187327160994282,0.590095087142394,0.167,0.13,1,"EEF1AKMT1"
0.550560578127216,0.590014183078264,0.103,0.091,1,"KATNA1"
0.0464204591294117,-0.589990609017571,0.08,0.13,1,"FHOD1"
0.000309166253402972,-0.589700320690573,0.151,0.279,1,"VARS1"
0.0261231804295755,-0.589370459610592,0.249,0.338,1,"STX12"
0.000928594413594939,-0.58908767704754,0.189,0.312,1,"RALB"
0.000176436768694577,-0.588990829982225,0.143,0.273,1,"SLC5A3"
0.0521874308089826,0.588805360485089,0.461,0.422,1,"ALCAM"
0.644909361270678,0.588751711349922,0.105,0.097,1,"EXOSC9"
5.90858182639754e-05,0.588393527938003,0.841,0.857,1,"SLC25A5"
0.0016494541413808,0.587988606400806,0.129,0.039,1,"LY6G6C"
0.114895949578388,-0.587966973739922,0.077,0.117,1,"PRSS16"
0.028160512670271,-0.587674125514292,0.118,0.182,1,"UBE4A"
0.897508818178407,0.587475366957793,0.257,0.279,1,"B3GNT2"
0.557501517870126,0.587425493598659,0.165,0.156,1,"PPP1R9A"
0.098526634889441,0.586991839067236,0.289,0.234,1,"ORC4"
0.00179533341741362,-0.586960068021687,0.164,0.279,1,"SRFBP1"
0.000234042731236587,-0.586735207223187,0.396,0.571,1,"BAZ1A"
0.534991458127969,0.586503013072087,0.123,0.11,1,"HHAT"
0.0744766163189004,0.586292927038141,0.49,0.487,1,"USF2"
0.342514232265701,0.586275295194067,0.264,0.247,1,"TCTN3"
0.00132166988396568,-0.586233103945243,0.343,0.481,1,"ANKHD1"
0.0249093843664858,-0.585957248348662,0.419,0.513,1,"PDIA4"
0.000224095231168234,-0.585906124437854,0.622,0.753,1,"SPINT1"
0.152063283961498,0.585900440451183,0.345,0.312,1,"PCNA"
0.172329672778296,0.585791398736022,0.284,0.253,1,"AARSD1"
3.73457744367246e-05,-0.585738028840701,0.084,0.195,1,"FSTL3"
0.0257323391892732,-0.585342866219715,0.055,0.104,1,"GPATCH3"
0.00168574746793132,0.585288901465419,0.609,0.539,1,"CCT7"
0.00016906459234345,-0.585220230900005,0.285,0.455,1,"CTDSP2"
0.0414781682408232,-0.584595765469759,0.068,0.117,1,"STRIP1"
0.00864928128505097,0.584454676867718,0.556,0.506,1,"CLPP"
0.0200717924152022,-0.584354979633408,0.068,0.123,1,"ZNF717"
0.0595759944975217,0.584261196375869,0.264,0.201,1,"PSEN2"
0.00469016765121925,-0.583618349765179,0.076,0.149,1,"RNF31"
0.000264008856316286,-0.583493578963282,0.17,0.305,1,"KIF2A"
0.916942412874992,0.583233755747983,0.154,0.162,1,"METTL17"
0.193217273042775,0.583222555306405,0.131,0.097,1,"NUP133"
0.05690790701652,-0.582815808119702,0.071,0.117,1,"ZMYND19"
0.000838434026261976,-0.582685724202006,0.13,0.24,1,"CDC42SE2"
0.0576787236315017,0.582598110903477,0.17,0.11,1,"PCNX4"
0.772391643857269,0.58232863988231,0.18,0.182,1,"ZNF335"
0.000427464860506733,-0.582310604505109,0.281,0.429,1,"CEP350"
0.0264052433304738,-0.582272013338622,0.055,0.104,1,"NUP188"
0.000257761724917996,-0.581891704688805,0.199,0.344,1,"CCND3"
0.0075353794141779,-0.581731624427716,0.241,0.351,1,"NACC1"
0.12144687861171,-0.581429948365026,0.078,0.117,1,"ANKRD27"
0.0572338398100165,-0.581095306425262,0.109,0.162,1,"PROSER3"
0.0256414568942048,-0.580848632682062,0.06,0.11,1,"HYAL3"
0.251610078378848,0.580752713774539,0.409,0.422,1,"ECSIT"
0.00656084257036159,-0.580677276910214,0.133,0.221,1,"TRAF5"
0.00178824824481448,-0.580612698428159,0.4,0.545,1,"SUCO"
0.277802391988732,0.580485454671701,0.173,0.143,1,"AP3M1"
0.00469510792556081,-0.580368623156182,0.13,0.221,1,"GARRE1"
0.0105109210666083,-0.580184349629782,0.16,0.247,1,"SMIM13"
0.0523104847371935,0.580159904231075,0.352,0.292,1,"ABHD16A"
0.0012963763171446,-0.58005158651949,0.409,0.558,1,"JAK1"
0.0491049288313463,0.579814115885273,0.413,0.39,1,"SLC25A11"
0.0592849127627322,-0.579720612374893,0.081,0.13,1,"NSMAF"
0.0368434707011837,-0.579625207050288,0.082,0.136,1,"RIPK1"
0.0978381375973599,0.578781948552289,0.415,0.383,1,"CCDC91"
0.787212400256234,0.57862372344505,0.101,0.097,1,"RIMKLB"
0.133352505133447,0.578518068324293,0.381,0.357,1,"TMEM18"
0.00186078454123616,-0.578511095071847,0.152,0.26,1,"AC022137.3"
0.247208107194429,0.578472355788689,0.249,0.221,1,"PPIE"
0.0649996578360025,0.578352439735557,0.547,0.552,1,"CYB5R1"
0.00102368036389098,-0.578213010616944,0.143,0.253,1,"NRAS"
0.066681212479322,0.577918203660305,0.361,0.318,1,"HIBADH"
0.195613578493995,0.577849834052063,0.194,0.156,1,"USP5"
0.00223947320450905,-0.577749206242777,0.291,0.422,1,"DAG1"
0.177301089180375,0.577692291142782,0.368,0.351,1,"GFM1"
0.00427551820153216,-0.577619165490441,0.067,0.136,1,"CDK5RAP2"
0.0289005565363109,0.577510258500355,0.437,0.383,1,"VPS25"
0.377471949303021,0.577456833240394,0.281,0.273,1,"COQ9"
0.056857695691603,0.577291545253161,0.43,0.396,1,"TESMIN"
0.0128633538944891,0.576937017062309,0.49,0.416,1,"MAGEF1"
0.0120973282019855,0.576388170270354,0.558,0.513,1,"TSNAX"
0.679610415579848,0.576384553773633,0.249,0.26,1,"COX19"
0.0021127866315067,0.576231996249866,0.622,0.571,1,"PSME2"
0.107301262275375,-0.576001531367999,0.076,0.117,1,"AC015912.3"
4.92854136174291e-05,-0.575687833433801,0.407,0.571,1,"PAK2"
0.0624834967672957,-0.575456215345297,0.124,0.182,1,"PRPF4"
0.585433219350483,0.575265481033317,0.23,0.227,1,"MRPS27"
7.35458857339343e-05,0.574988349804639,0.727,0.682,1,"DNAJC19"
0.16553506813779,-0.574825351727579,0.094,0.13,1,"OSBPL5"
0.0111476946858803,-0.574672581710379,0.222,0.325,1,"PLEKHA1"
0.00682765250358489,-0.574074951909509,0.056,0.117,1,"MGAT5"
0.077525593388479,0.574045929136296,0.228,0.169,1,"NUPR2"
0.0218876296205523,0.573674602989553,0.551,0.519,1,"ANXA7"
0.00063450224915371,-0.573629616278991,0.298,0.448,1,"UBN1"
0.616890832528886,0.573214649974913,0.151,0.143,1,"UBIAD1"
0.124057704067587,-0.572380186010618,0.084,0.123,1,"RBM15"
0.0741883733115528,0.572216019964636,0.268,0.208,1,"PUS7L"
0.149437641836449,0.572167465290363,0.205,0.162,1,"SLC31A2"
0.000601859850946838,-0.571962876966477,0.127,0.24,1,"CORO2A"
0.413373827441903,0.571500830662521,0.185,0.169,1,"KCTD1"
0.0189540090478049,-0.57141696610964,0.144,0.221,1,"ALYREF"
0.979324800083912,0.571263033393847,0.118,0.123,1,"CLBA1"
0.160358336398537,-0.571223202420707,0.076,0.11,1,"ZNF286A"
0.312987836719584,0.571202651579851,0.147,0.123,1,"WDR54"
0.00218632627034486,-0.57110771666437,0.152,0.26,1,"TMEM43"
0.208789745096792,0.571097074449135,0.329,0.312,1,"TMEM25"
0.407918276302287,0.57079760496701,0.185,0.169,1,"NAA35"
0.00346122428499552,-0.570707463392988,0.177,0.279,1,"MAPK9"
0.561097731394856,0.570662883778679,0.292,0.299,1,"LETMD1"
3.47779500814925e-05,-0.57061810069566,0.309,0.494,1,"RAD9A"
0.0343920505490237,0.570487572534565,0.372,0.305,1,"LRBA"
0.219382785438282,0.570328859761699,0.502,0.539,1,"LRRC26"
0.972537166011431,0.569990360586167,0.106,0.11,1,"OSBPL9"
0.162859626501406,-0.569676655347521,0.106,0.143,1,"SDHAF3"
0.210017426745739,0.569200993254313,0.306,0.279,1,"NEIL1"
0.00130575223897548,-0.569099758258368,0.109,0.208,1,"HECA"
0.0902489020822916,0.568809496715697,0.498,0.5,1,"TM7SF2"
0.00251642611601621,0.568741457681921,0.563,0.5,1,"ITPA"
0.0878275621806344,-0.568644697029204,0.127,0.182,1,"CSRNP2"
0.018629377966998,-0.568597422796825,0.181,0.266,1,"RHBDF1"
3.49937983016642e-05,0.568583861143279,0.694,0.643,1,"PIN1"
0.170870861989354,0.568338988812472,0.164,0.123,1,"RABGGTA"
0.00092671703926252,0.568313511208977,0.848,0.851,1,"CYC1"
0.593995834546276,0.568229824790703,0.357,0.377,1,"YPEL2"
0.0150126803960496,0.568140299761835,0.323,0.24,1,"MAVS"
0.26492256824088,0.568045282925075,0.174,0.143,1,"TMEM161A"
0.0854582200067153,-0.567960753963257,0.101,0.149,1,"SMKR1"
0.11295019274546,0.567746907936515,0.235,0.182,1,"PPIL1"
0.0258358627852751,-0.56757356452297,0.614,0.656,1,"NFKBIA"
0.0169748659789838,-0.567189978316642,0.153,0.234,1,"FBXW9"
0.015026578940411,-0.56667022579723,0.109,0.182,1,"FURIN"
0.0108172033229673,-0.566621142618574,0.105,0.182,1,"ZNF561"
0.0331630748803423,-0.56648130361136,0.057,0.104,1,"SNX30"
0.0656561644891088,0.566290886708664,0.138,0.084,1,"PGS1"
0.799848131948964,0.566259029628768,0.119,0.117,1,"SETD4"
0.175495816088742,0.56624862262936,0.228,0.188,1,"WDR73"
0.503839941852248,0.565883180418316,0.144,0.13,1,"FBXL6"
0.356993158310613,0.565622965609769,0.305,0.292,1,"KIF21A"
0.209249238211128,0.565559519847671,0.44,0.409,1,"C1orf56"
0.000244077883279485,-0.565088498780058,0.412,0.591,1,"ERBB2"
0.127685374151568,0.564543845431591,0.157,0.11,1,"ZNF621"
0.494421117587683,0.564540898727577,0.113,0.097,1,"ANKRD46"
0.274348290129318,0.564403278833372,0.18,0.149,1,"MCM3AP"
0.0054745523131464,-0.564268164832727,0.147,0.24,1,"ATXN1L"
0.00443255505718857,-0.564265508573527,0.113,0.201,1,"FLYWCH1"
0.22585252400095,0.564160912834387,0.216,0.182,1,"GNL3L"
0.000751314904501772,-0.563838927825991,0.284,0.429,1,"CEP20"
0.019527089074376,0.563668586493197,0.368,0.292,1,"TUSC3"
0.00597927832501835,-0.563576589895592,0.345,0.461,1,"PUM1"
0.00354547608074956,-0.563408348922729,0.164,0.266,1,"TYRP1"
0.326518467872898,-0.563345347226238,0.139,0.169,1,"PXDN"
0.110692744668297,-0.56323607797195,0.082,0.123,1,"FBXO34"
0.0864586760784477,-0.563072327663467,0.064,0.104,1,"PCAT18"
0.00534700843849838,-0.563017696597015,0.111,0.195,1,"GORASP1"
0.0998942854418405,0.563010472118068,0.45,0.435,1,"SNW1"
0.00553624272754667,-0.562974783096997,0.142,0.234,1,"PPP4R1"
0.858796875087031,0.562622431605817,0.117,0.117,1,"TMEM67"
0.0118041633281043,0.562522226759648,0.598,0.591,1,"RAB18"
0.00087827634151709,-0.562520411962068,0.278,0.422,1,"UBE2D1"
0.0560391549550456,0.562515346830726,0.271,0.201,1,"SDHAF1"
0.0287436345732288,0.562471723236999,0.419,0.357,1,"HAGHL"
0.305687051990505,0.562436408320222,0.177,0.149,1,"BX255925.3"
0.00247841112716891,0.562192155350856,0.179,0.084,1,"MX1"
0.123213708247916,0.561807153966063,0.416,0.396,1,"MYL6B"
0.0131857121177212,0.5613967816994,0.474,0.39,1,"PYCR2"
9.05331526297864e-05,-0.561388066220659,0.277,0.455,1,"PRKAR2A"
3.10948064226168e-05,0.561028697547968,0.823,0.818,1,"ANAPC16"
0.000154311099041635,-0.560957496178292,0.351,0.519,1,"STX10"
0.00165079085402261,-0.560173152278102,0.159,0.273,1,"MEIS3"
0.00152526404855228,-0.560168758958039,0.199,0.325,1,"UBAP2"
0.02140562064863,-0.560165039120472,0.115,0.182,1,"GPX8"
0.288958043349785,0.560123555259308,0.354,0.351,1,"TXNDC9"
6.33014610689248e-05,-0.560014457071718,0.432,0.61,1,"RNF11"
0.907933591459968,0.559994104879266,0.156,0.162,1,"MAP4K3"
0.00102986676989297,-0.559751535656443,0.64,0.753,1,"BNIP3"
0.0329703694379083,0.559625414699318,0.289,0.221,1,"ZNF33A"
0.493960503016802,0.559514442692294,0.182,0.169,1,"ANKRA2"
0.416008114736831,0.559482643867738,0.305,0.305,1,"UBL7"
0.272827559850645,0.559224281930631,0.37,0.37,1,"ANXA4"
0.000516617346948697,-0.559223214364143,0.234,0.377,1,"SCYL2"
0.00166480728108775,-0.55878340904707,0.145,0.253,1,"MAP3K1"
0.0111092522993807,0.558705530212894,0.523,0.474,1,"HEXIM1"
0.0348984405234458,-0.558278525835668,0.127,0.195,1,"SLC10A3"
0.357936689810674,0.558191694057169,0.179,0.156,1,"DMAC2L"
0.153202805533636,0.557687886564809,0.254,0.214,1,"GLI4"
0.000259696495912533,-0.557431908141912,0.236,0.39,1,"ELF2"
0.00294863614529369,0.557347976548731,0.623,0.565,1,"PNPLA2"
0.0854760540955894,0.557026326845353,0.446,0.429,1,"IDH3B"
0.282593068600519,0.556630555341544,0.172,0.143,1,"FPGS"
0.247585445561989,0.556320035827013,0.301,0.266,1,"GALNT7"
0.00260986890588386,-0.556024061331807,0.191,0.305,1,"CC2D1A"
0.137068903231605,0.555878071843769,0.331,0.292,1,"CCNDBP1"
0.002474859696885,0.555876878940934,0.243,0.136,1,"KCNE4"
0.0511770109983422,0.555772421813048,0.225,0.156,1,"CCDC24"
0.000518393551010543,-0.554870986472172,0.577,0.734,1,"CCDC85B"
0.0310603233014953,0.554773770849549,0.529,0.513,1,"CYHR1"
0.0624806216966452,0.554414166504663,0.426,0.383,1,"SLC20A1"
2.78853928364191e-05,-0.55418640620973,0.499,0.669,1,"ATP1A1"
0.343972592952473,0.554054289005307,0.142,0.117,1,"ELP4"
0.0191121447823746,-0.553869819566406,0.193,0.279,1,"PYGB"
0.0986369727834687,-0.553392614328875,0.088,0.13,1,"TMEM184C"
0.000273347115184334,-0.553336805210031,0.226,0.383,1,"BCAR1"
0.0107990135535382,0.552975440978279,0.586,0.532,1,"MRPL42"
0.00369949212245284,-0.552959600353976,0.092,0.175,1,"MAML1"
0.0446912278429893,-0.55292233975098,0.103,0.162,1,"DPH2"
0.772734549585828,0.552921633266977,0.18,0.182,1,"NOL8"
0.524152345262129,0.552800993612746,0.139,0.123,1,"SHPRH"
0.30147926247215,0.552638284746815,0.228,0.201,1,"BRAT1"
0.128098578526496,0.552385134632169,0.253,0.201,1,"INTS14"
0.575688684048129,0.552277854888995,0.152,0.143,1,"AC005562.1"
0.00377022585958205,-0.551972809017553,0.152,0.253,1,"TSR1"
0.154565052535926,-0.551534039670557,0.07,0.104,1,"SH3PXD2A"
0.000704648992707323,0.551505542064958,0.677,0.643,1,"SEPTIN2"
0.103078727177347,0.55126542212859,0.393,0.364,1,"FEZ2"
0.00015695996696527,-0.551134125534393,0.233,0.39,1,"CRTAP"
0.461866001858325,0.550639602609347,0.232,0.221,1,"DERA"
0.000697023882515493,-0.550437318853195,0.317,0.468,1,"TMEM41A"
0.0137408871093669,-0.550370098761552,0.142,0.227,1,"SGMS1"
0.84052916647269,0.550182620007758,0.184,0.188,1,"OGFOD2"
0.0421165776723206,0.549967497372067,0.585,0.584,1,"CYB561"
0.00696436920469372,-0.549940612530696,0.083,0.156,1,"DNAAF5"
0.0114389936181792,-0.549940272041126,0.149,0.234,1,"IMPA2"
0.00611069237706687,-0.549880399249467,0.133,0.221,1,"PVR"
0.297430705831762,0.549424720837123,0.117,0.091,1,"METTL14"
0.129774908237121,-0.549409869184834,0.084,0.123,1,"ZNF785"
0.74542539136682,0.549362461603899,0.225,0.234,1,"NAPRT"
0.0478463236324684,-0.549221236822414,0.123,0.182,1,"BAK1"
0.903824420232439,0.548911181523888,0.133,0.136,1,"DGUOK-AS1"
0.211762158941687,0.548713802748378,0.165,0.13,1,"RPA2"
0.169882504759104,-0.547893850334926,0.122,0.162,1,"ZMYM4"
0.273170947234687,0.547834342923383,0.182,0.149,1,"LPCAT3"
0.0504917798476103,0.547805178733016,0.462,0.429,1,"C8orf82"
4.93815833843749e-05,-0.547532564130841,0.408,0.584,1,"MARK3"
0.00431159053237447,-0.547379910567874,0.28,0.396,1,"ARHGAP35"
0.11497370317036,0.547357099257407,0.372,0.331,1,"ACP5"
0.224275236887904,0.54726478594515,0.331,0.312,1,"ZFX"
0.0193479723132261,-0.547170742718577,0.132,0.208,1,"SMAP2"
0.0294366655723685,0.547132463972501,0.531,0.5,1,"DECR1"
0.532457393232354,0.547039638358249,0.137,0.123,1,"ACD"
0.567488033926261,0.546962737151424,0.146,0.136,1,"BMPR1B-DT"
0.235241280132495,0.546859548732059,0.211,0.175,1,"TMEM138"
0.0290152035449933,-0.546604519104855,0.056,0.104,1,"CYSRT1"
0.000638097119851266,-0.546555711067243,0.278,0.442,1,"MAGT1"
0.058538440616996,-0.546351935921905,0.149,0.208,1,"NEPRO"
0.000130980558761435,0.546240823939659,0.694,0.61,1,"IRX3"
0.595922131435,0.546219295290074,0.188,0.182,1,"C11orf52"
0.0991084703878586,0.546214093627488,0.301,0.247,1,"C12orf75"
0.0465120818911451,-0.546085857102256,0.142,0.208,1,"UBTD2"
0.141729592397924,0.545877460443121,0.227,0.188,1,"DDX59"
0.227595680904052,0.545703906497579,0.413,0.422,1,"DRG1"
4.45693852805002e-05,-0.545290471909675,0.544,0.708,1,"CHD2"
0.0302014246790069,0.545182510246186,0.332,0.253,1,"ADPGK"
0.000135237447477708,-0.544537910495957,0.455,0.623,1,"SF3B4"
0.00430958038711,-0.544338067576592,0.142,0.24,1,"OXSR1"
0.26821841762024,0.543652983568553,0.237,0.208,1,"HEMK1"
0.977193889608438,0.543519979739312,0.118,0.123,1,"POGLUT1"
0.00165580428880945,-0.543238992410111,0.191,0.312,1,"STARD3NL"
0.0138999263609614,-0.543167474774029,0.123,0.201,1,"ZNF420"
9.45035158304599e-05,-0.543022807030447,0.158,0.305,1,"ZNF770"
0.586539272985073,0.542748409282285,0.298,0.312,1,"HIPK2"
0.0132032417281832,-0.542691358771264,0.117,0.195,1,"ABHD13"
0.954141370582681,0.542525594012236,0.194,0.214,1,"CDK17"
0.41765008261949,0.542443446133344,0.256,0.247,1,"PIAS1"
0.108778274570125,0.542362848336857,0.461,0.442,1,"COX11"
0.0802844636152406,-0.542220884071094,0.068,0.11,1,"ZBED4"
0.47385298254101,0.542187273217241,0.331,0.344,1,"VPS26A"
0.526026944463322,0.541977111990592,0.322,0.409,1,"MAPT"
0.258776210457979,0.541806146665425,0.249,0.221,1,"RANBP9"
0.00236518769746367,-0.54149817061751,0.198,0.312,1,"XPOT"
0.724615521342851,0.541300327791174,0.11,0.104,1,"SMC6"
0.67486308124649,0.540890452036426,0.161,0.156,1,"PDCL"
0.00320974703776772,-0.54079383490809,0.126,0.221,1,"IFNGR1"
0.0734059846917364,0.540737826422029,0.425,0.403,1,"C15orf40"
0.000345386999954185,-0.540630078170421,0.081,0.175,1,"NPW"
0.00150164044655493,-0.540503663257966,0.404,0.532,1,"CPD"
0.505712283572283,0.540458968907773,0.125,0.11,1,"LIN7B"
0.202484645606963,0.540387877703656,0.168,0.13,1,"TENT4B"
0.886359570969314,0.540318351374862,0.116,0.117,1,"DMXL1"
0.35659855078952,0.54025094729876,0.153,0.13,1,"GP1BB"
0.805439198586681,0.540116668584719,0.154,0.175,1,"UMPS"
0.00101578405863058,-0.539930818813688,0.451,0.591,1,"SUDS3"
0.771810524619758,0.539898250404222,0.109,0.123,1,"PIGA"
0.0142721020591665,-0.539540519310679,0.15,0.234,1,"TRNAU1AP"
0.000283859678499427,-0.539449220019333,0.294,0.448,1,"COMMD2"
0.0821748851868673,-0.539103675096271,0.26,0.325,1,"VAMP5"
0.274068231605765,0.53904301690758,0.387,0.39,1,"MRPL15"
0.0719896209975149,-0.538644923925882,0.124,0.182,1,"FRMD8"
0.23348924229598,0.53862128537114,0.311,0.286,1,"FAM174B"
0.1562293619203,0.538485644053717,0.208,0.162,1,"CUEDC1"
0.859374538077609,0.538402785881279,0.18,0.201,1,"GALNT10"
0.0193398435599088,-0.538265359364247,0.135,0.208,1,"PKNOX1"
0.000463442260552532,0.538093184778933,0.633,0.532,1,"GDI2"
0.0454651334115904,0.538089851608649,0.35,0.279,1,"HDDC3"
6.17493549511864e-05,-0.538020057349624,0.316,0.519,1,"DICER1"
0.143423734742773,0.538008505424665,0.23,0.188,1,"DHRS1"
0.757110493913659,0.537950445495685,0.108,0.104,1,"DLAT"
0.0331611324850855,0.53792896546605,0.464,0.409,1,"TATDN1"
0.81327574009098,0.537763832264445,0.124,0.123,1,"MARCHF8"
0.495738592820153,0.536959621073491,0.119,0.104,1,"NT5C2"
0.135736869484879,0.53695548737135,0.323,0.279,1,"MDP1"
0.477925832732636,0.536873034217328,0.188,0.175,1,"OBSL1"
0.00317400794632052,-0.536223716825504,0.288,0.409,1,"EEA1"
0.00150575148319672,-0.53602480445477,0.283,0.416,1,"USP34"
0.00859336082918836,0.535915038798336,0.485,0.403,1,"EAPP"
0.114886509956216,0.535509520063613,0.531,0.558,1,"PDCD10"
0.155030945772026,0.535445719607281,0.131,0.091,1,"GHDC"
0.205052946599548,0.535260051508429,0.28,0.247,1,"D2HGDH"
0.414522135467277,0.535142197914165,0.505,0.545,1,"DNAJA4"
0.000613827935124901,-0.535020967081722,0.188,0.325,1,"AC092338.3"
0.786120301181609,0.534792344119704,0.113,0.11,1,"AC091607.2"
0.583466282170292,0.53475645531665,0.282,0.286,1,"RERE"
0.0497708078827952,0.534629777258546,0.522,0.526,1,"APMAP"
0.0999583568083633,-0.534355496493198,0.07,0.11,1,"SKAP2"
0.387267209990423,0.533892468026718,0.271,0.26,1,"TMEM126A"
0.334541228668796,0.533790681588573,0.219,0.195,1,"TIMM44"
0.0016704177597519,-0.533766751038725,0.14,0.247,1,"ZNF12"
0.00261169640333432,0.533593626154854,0.551,0.455,1,"CTSH"
0.0307430595132098,-0.533511672911809,0.117,0.182,1,"B3GALT6"
0.000810976951127326,0.533501853861011,0.678,0.63,1,"CHURC1"
0.0773129482086099,0.533386956923805,0.212,0.156,1,"ACOT4"
0.456978368213311,0.53335437628886,0.294,0.292,1,"PARVA"
0.175806748882128,0.533252491357538,0.164,0.123,1,"GSTT2B"
0.00172363027823807,0.533054725564923,0.664,0.617,1,"WBP1"
0.238876018137582,0.533043367006115,0.291,0.26,1,"VPS26B"
0.0680118864741933,-0.532595891093249,0.737,0.864,1,"SOX4"
0.0583170131449546,-0.532551545636923,0.147,0.208,1,"MBD3"
0.263489338796157,0.532353814821684,0.313,0.292,1,"NECAP1"
0.0256735638619628,-0.532347137964158,0.069,0.123,1,"RANBP10"
0.00109201031082736,-0.532121795894426,0.402,0.565,1,"TAF10"
0.00718916782625293,-0.531997409684873,0.126,0.214,1,"ZNF143"
0.136388760774416,0.53199037126392,0.103,0.065,1,"TBCE"
0.000181064403817576,-0.53197770744274,0.188,0.338,1,"FAM91A1"
0.00049154389484263,0.531852628435544,0.665,0.565,1,"GTF3C6"
0.0448351507461792,-0.531841150708715,0.089,0.143,1,"ZNF316"
0.230313569554189,0.531129137735366,0.273,0.24,1,"ABCD3"
0.15897331880829,-0.531039890475463,0.126,0.169,1,"LEMD3"
0.590662131893495,0.530917005477842,0.146,0.136,1,"YLPM1"
0.618754871515179,0.53089563853883,0.146,0.136,1,"LRRC61"
0.00273411681327967,-0.53070076963518,0.163,0.266,1,"SPART"
0.378311076858078,0.530649450906578,0.168,0.143,1,"CCDC88C"
0.0205440877254184,0.530337771668794,0.614,0.656,1,"ZNF281"
0.967060471721106,0.529913040262844,0.117,0.123,1,"GTF3C1"
0.00159129312061242,0.529822155933186,0.63,0.558,1,"MGMT"
0.769790249914283,0.529719369975425,0.618,0.74,1,"MDK"
0.944397082450082,0.529624920729616,0.119,0.123,1,"SLC4A1AP"
0.171418234429378,0.52940671633003,0.241,0.201,1,"PARP9"
0.0735692686765611,0.529269445726087,0.568,0.591,1,"EVL"
0.506688999016718,0.529107063254299,0.144,0.13,1,"MAGIX"
0.00805305152588867,0.528969857218962,0.587,0.552,1,"ZNF24"
0.000191677267133739,0.528919614562941,0.758,0.747,1,"NDUFS7"
0.252982527548347,0.528507342997273,0.349,0.325,1,"FAM107B"
0.695113133868444,0.528443584091525,0.13,0.123,1,"ASPHD1"
0.0141976989092863,-0.528419344015264,0.167,0.253,1,"C8orf76"
0.489843393926357,0.528386943872009,0.184,0.169,1,"STIM1"
0.987262090566098,0.528323585235841,0.202,0.221,1,"TMEM42"
0.407732058795436,0.528032692566584,0.195,0.175,1,"RGS12"
0.372801605080719,0.527715999950938,0.182,0.162,1,"REPS2"
0.0969813210892158,0.527422390443003,0.475,0.474,1,"USE1"
0.00115805350482757,-0.527380655831129,0.251,0.383,1,"CREBBP"
0.0984493053388694,-0.527335486550555,0.137,0.188,1,"HES6"
0.21653074479237,0.527241114492155,0.187,0.149,1,"ACOX1"
0.0128059670197922,-0.527189707899945,0.186,0.273,1,"POM121C"
0.132397706670489,0.526810101983224,0.411,0.377,1,"EFHC1"
0.500409568337098,0.526554053129582,0.161,0.149,1,"PPCDC"
0.653247116577007,0.526387377623939,0.137,0.13,1,"IGF2R"
0.0109066177132599,0.526358058940284,0.62,0.597,1,"CCT6A"
0.467229880535269,0.526237161838893,0.14,0.123,1,"THAP3"
0.00219911962097738,-0.52612767507189,0.206,0.325,1,"RAD1"
0.071964734168924,0.525971043588358,0.441,0.416,1,"AC010642.2"
0.000120861378863869,-0.525900667901601,0.308,0.481,1,"UBE2G2"
0.128666863344111,0.525506725724338,0.449,0.448,1,"OXA1L"
0.308016025597794,0.525396221640591,0.193,0.169,1,"ING4"
0.106377472810586,0.525383094190088,0.474,0.448,1,"ZNF703"
0.253408821425795,0.525078188554321,0.271,0.247,1,"YIPF1"
0.00695913401152854,-0.525034606887262,0.225,0.331,1,"PDPK1"
0.000447129957918499,0.524821571292671,0.732,0.695,1,"CENPX"
0.161825591891062,0.524519989412932,0.303,0.266,1,"SNX1"
0.000974470335506317,0.524074044175506,0.69,0.649,1,"SSB"
0.740617780628787,0.523896466214882,0.103,0.097,1,"EMC1"
0.798298853277352,0.523361424029915,0.131,0.13,1,"NUP88"
0.00144071336195586,-0.523294049593057,0.241,0.37,1,"LMCD1"
0.000170321932282554,0.523043581530839,0.697,0.643,1,"C4orf48"
0.00903854919124171,-0.522933240482435,0.17,0.26,1,"SPRED2"
3.15056445342307e-05,-0.522877488818374,0.407,0.597,1,"SPAG9"
0.0206217450391485,-0.522778333617578,0.123,0.195,1,"NR1D1"
0.00409465671371233,-0.522774183432946,0.213,0.325,1,"AC018816.1"
0.00117716253661521,-0.522689745650157,0.439,0.578,1,"ELF1"
0.0417263649558464,-0.522463820001003,0.073,0.123,1,"LRRC8B"
0.0469978049000094,-0.522452094463039,0.089,0.143,1,"BIN3"
0.0525684710340477,-0.52241503949287,0.133,0.195,1,"ELK4"
0.00464257314244033,-0.522226763041561,0.278,0.396,1,"POLR3E"
0.490726701729633,0.521658118840151,0.127,0.11,1,"WDR12"
0.127494151041488,-0.521461711697479,0.084,0.123,1,"SAMD12"
0.134439882772945,0.521424463304999,0.47,0.455,1,"PNRC2"
0.353509391476295,0.521384062707582,0.122,0.097,1,"CLPSL2"
0.509175511210454,0.52120973855119,0.22,0.208,1,"SMURF2"
0.000943738440009127,-0.521201845285036,0.282,0.429,1,"TXLNG"
0.849538032492293,0.521149861865608,0.146,0.143,1,"PDK4"
0.381957771290701,-0.52112640273498,0.082,0.104,1,"AL391832.2"
0.526921761795125,0.521086439612615,0.201,0.247,1,"R3HDM2"
0.569463799307516,0.521077631874321,0.213,0.208,1,"CSTF3"
4.43809316573891e-05,-0.520776935630509,0.656,0.825,1,"CEBPB"
0.500395177733185,0.520738904329631,0.192,0.182,1,"NUP210"
0.0042973866171947,-0.520686903673219,0.094,0.175,1,"REPS1"
0.0137852275922958,-0.520640581659993,0.193,0.286,1,"TNNI3"
0.00289805795404127,-0.520488096543642,0.073,0.149,1,"ZNF592"
0.00516176874027161,-0.520425028843942,0.257,0.377,1,"KDM5C"
0.685021705917261,0.520023111250431,0.139,0.136,1,"ST6GALNAC4"
0.00205116170912477,-0.520003418580099,0.225,0.351,1,"ARFGEF1"
0.325991272491878,0.51997691998349,0.149,0.123,1,"DOP1B"
0.000465229539757517,-0.519672082874845,0.157,0.279,1,"MFSD12"
0.238855109978558,0.519373046058467,0.324,0.299,1,"ATAD1"
0.00149412165345756,-0.519111354042729,0.088,0.175,1,"AVPI1"
0.37116956223565,0.518804793881089,0.251,0.234,1,"SNX4"
0.0994248835542858,0.518790629731718,0.476,0.468,1,"MOB4"
0.00405249395205162,-0.51869799799942,0.256,0.37,1,"CDKN2AIP"
0.0322476017430036,-0.518663971051642,0.056,0.104,1,"PORCN"
0.000127187705107125,-0.518662318751568,0.319,0.5,1,"SLC44A4"
0.340807016440337,0.518638748113278,0.161,0.136,1,"THAP5"
0.774109602919719,0.518447398740021,0.133,0.13,1,"YAE1"
0.000705721556166122,-0.518228311108092,0.222,0.364,1,"CASP7"
0.0196519817848055,-0.518018886193899,0.194,0.286,1,"TBL3"
0.420071597602478,0.51773194827344,0.442,0.481,1,"MRPS30"
0.17767714101223,0.517728749394572,0.24,0.318,1,"GRB7"
0.0536707294956589,0.517709016194262,0.413,0.351,1,"OARD1"
0.925703180496703,0.517651177644772,0.271,0.312,1,"PRAF2"
0.00305256591346105,-0.517413236184864,0.064,0.136,1,"TAF5L"
0.584405097842787,0.51731178206068,0.103,0.091,1,"POLR3F"
0.296265812063952,0.517106171130392,0.305,0.286,1,"GSS"
0.0716080765278199,-0.517069139228608,0.077,0.123,1,"ZNF227"
0.487683823353887,0.516719657375711,0.108,0.091,1,"ZSCAN2"
0.00131000769180052,-0.516616242755976,0.22,0.351,1,"SPESP1"
0.0485766743721665,-0.516593009323093,0.089,0.143,1,"KIF13A"
0.0287153671419621,0.516495314855083,0.513,0.468,1,"KRCC1"
0.0728111124692617,0.516202329871024,0.43,0.403,1,"STRBP"
0.825107756974384,0.516183200990346,0.124,0.123,1,"PPAT"
0.0131736494607342,0.515984843185776,0.553,0.494,1,"TXNL4A"
0.0359495291272555,-0.515949830552012,0.087,0.143,1,"TMTC2"
0.0528908065851471,0.515925810115385,0.103,0.052,1,"ATG16L2"
0.085960877635722,0.515828257188598,0.209,0.156,1,"IKBKB"
0.0117454180544762,-0.51577102325236,0.137,0.221,1,"DUSP8"
0.000440515322503233,-0.515192687747275,0.136,0.253,1,"SPDYC"
0.0118666405155562,-0.515054425192643,0.138,0.221,1,"CUL5"
0.108736340189223,0.514983190723484,0.18,0.13,1,"ERMP1"
0.0623405000080641,-0.514911499863457,0.112,0.169,1,"SNRK"
0.0515990579078796,-0.514692446519505,0.075,0.123,1,"PNPLA6"
0.253298807103106,0.51439768715128,0.257,0.227,1,"PSMD10"
0.676358807168237,0.514184918469422,0.124,0.117,1,"ZNF174"
0.0225775919085552,-0.514174129105749,0.102,0.169,1,"FNDC3A"
0.000217351706886697,-0.514123363721287,0.354,0.532,1,"SUPT5H"
0.802443456516041,0.514073976164761,0.138,0.136,1,"DCK"
0.384190390448126,0.513986454873403,0.255,0.247,1,"STAT6"
0.120381022913436,0.513909818237786,0.558,0.597,1,"TNFSF10"
0.0480463474400772,-0.513601949270718,0.16,0.227,1,"CDC40"
0.000134302081190742,0.513506003893893,0.738,0.636,1,"SPDEF"
0.0590019446240613,0.513112935470197,0.437,0.383,1,"NUDT14"
0.0807530841311044,-0.512975041389125,0.119,0.169,1,"ITSN1"
0.459744947077131,0.512921167830711,0.196,0.182,1,"RBFA"
0.386301897461891,0.512390824038704,0.204,0.182,1,"IFT122"
0.899897736398949,0.512358855034352,0.196,0.208,1,"TASOR"
0.127081731207434,0.512349450010487,0.251,0.201,1,"PTPN2"
0.000542568587014161,0.512172298562642,0.657,0.604,1,"HMG20B"
0.0289874906028958,-0.512076785920785,0.132,0.201,1,"SMAD1"
0.00316079754214301,-0.511998454993726,0.285,0.422,1,"DLGAP4"
0.547258955948782,0.511900527250314,0.304,0.312,1,"ZNF638"
0.52086058116643,0.51179741843721,0.254,0.247,1,"CBX6"
0.176833405992062,-0.511750098891958,0.116,0.156,1,"RAI1"
0.0908397089258449,-0.511077798247101,0.087,0.13,1,"PPARD"
0.0907582383643996,0.511056607960493,0.407,0.364,1,"THAP7"
0.89890629021779,0.510983637023388,0.144,0.156,1,"PI4KA"
0.0189830260055092,-0.510925952231634,0.087,0.149,1,"GTF2IRD1"
0.0949009285371435,0.510818304167656,0.247,0.188,1,"AP3S2"
0.0490163695500094,-0.510505274193638,0.102,0.156,1,"ADGRV1"
0.288256307253303,0.51037538983147,0.126,0.097,1,"CCDC71"
0.0620140610913629,-0.510282806489325,0.082,0.13,1,"RAB27A"
0.715832898611794,0.510275037872991,0.157,0.156,1,"MYO9A"
0.00100030867546959,-0.510270776392694,0.31,0.461,1,"PHF3"
0.711298501503214,0.510136043432935,0.117,0.11,1,"TMEM91"
0.165615155273732,0.509950513705815,0.101,0.065,1,"BCOR"
0.0191775525701178,-0.509210240270255,0.193,0.279,1,"WDR43"
0.00285403689509393,-0.50919433142885,0.297,0.429,1,"SRF"
0.16336433126339,0.509090379657097,0.159,0.117,1,"ITFG2"
0.253135874414312,0.508880688945462,0.309,0.286,1,"OAZ3"
0.244380637067367,0.508786379826365,0.13,0.097,1,"NAAA"
0.294710864021097,0.508742013587272,0.14,0.11,1,"SLX4IP"
0.00774026259757159,0.508560991989073,0.736,0.701,1,"RBMX"
0.315621698316423,-0.508559551207997,0.08,0.104,1,"TLCD2"
0.00505285473214442,0.508438348258096,0.644,0.591,1,"LASP1"
0.077199495742676,0.50839411431682,0.368,0.318,1,"PCGF5"
0.292957558939358,0.508100309263146,0.315,0.299,1,"NDUFS1"
0.00795538310419622,0.508028131062474,0.558,0.506,1,"BORCS7"
0.00217231523637019,-0.507799228638246,0.227,0.351,1,"PRR14"
0.246185949931757,0.507749557862239,0.225,0.195,1,"SNAPC2"
8.6560102129461e-05,-0.507581085106698,0.443,0.623,1,"TOR1AIP2"
0.722953392024272,0.507304240908472,0.136,0.13,1,"TMTC3"
0.0669353023080906,0.507270173775288,0.455,0.429,1,"SEZ6L2"
0.000565165041684206,-0.507210068153449,0.29,0.442,1,"LIMA1"
0.00676039353808472,-0.507081391488436,0.149,0.247,1,"ORAI2"
0.0230969483154555,-0.506936287989186,0.118,0.188,1,"MORC3"
0.000185766630172069,-0.506858929586061,0.437,0.623,1,"RAB1B"
0.573009813853744,0.506770486737082,0.324,0.344,1,"GPS2"
0.02612941999129,-0.50664518445755,0.193,0.273,1,"SETD7"
0.496564420285455,0.506634905622362,0.242,0.234,1,"KAT8"
0.147295149073542,0.506408880483959,0.313,0.273,1,"SHTN1"
0.0291361338603354,-0.506306948366542,0.07,0.123,1,"HSD17B1"
0.299300294734476,-0.506052838307932,0.097,0.123,1,"MPP5"
0.00653184082317937,-0.50573325485301,0.184,0.292,1,"DBNDD1"
0.000218926075431941,-0.505114507472094,0.13,0.253,1,"AEBP2"
0.00342006971245928,-0.504920856807274,0.255,0.377,1,"DNM1L"
0.0381695651773553,-0.504654247453213,0.133,0.195,1,"LIPH"
0.00323241767078664,-0.50458980744079,0.136,0.234,1,"CERT1"
0.858455066801477,0.503814499257282,0.152,0.156,1,"BTBD10"
0.0773980577765739,0.50373516842755,0.353,0.299,1,"C22orf39"
0.00027804224129067,-0.503667558141095,0.214,0.364,1,"TWF2"
0.0219679832893477,-0.503640613110351,0.063,0.117,1,"ABCB9"
0.185205792758142,0.503304813548891,0.378,0.351,1,"YBEY"
0.0202658963038811,-0.503288896063962,0.24,0.331,1,"CMC2"
0.170345430765052,0.502890361965341,0.277,0.24,1,"NUTM2B-AS1"
0.000313844400914112,-0.502799407958018,0.172,0.312,1,"RPF2"
0.161819452283289,0.502768391044702,0.299,0.26,1,"APTX"
0.00396170690536718,-0.502264023822629,0.487,0.604,1,"SURF4"
0.000211596019140251,-0.50223066719354,0.276,0.435,1,"PTEN"
0.00108345008423042,-0.502102935068804,0.089,0.182,1,"TFE3"
9.09867592780317e-05,-0.5020324855797,0.778,0.89,1,"PERP"
0.00636202352204353,-0.501872884720031,0.116,0.201,1,"DIP2B"
0.00385260446238933,0.50173167937679,0.669,0.597,1,"H1-10"
0.00801700218400091,-0.501541360904175,0.108,0.188,1,"ZNF548"
0.0284726057655566,0.501383012338393,0.62,0.649,1,"COA4"
0.00210029107667431,-0.501360987154633,0.263,0.39,1,"ZFP91"
0.662546958111558,0.5013518033268,0.124,0.117,1,"AC004148.1"
0.571389543889301,0.501186121200922,0.129,0.117,1,"ASB3"
0.258415767028491,0.500993689934455,0.281,0.253,1,"YEATS4"
0.00581689059306115,-0.500965040671044,0.116,0.201,1,"CEP170B"
0.0453967070598273,0.500893380297858,0.51,0.494,1,"SNAPIN"
0.000953361671166188,-0.50065516403561,0.757,0.831,1,"TUBB4B"
0.659570388798726,0.500637962992196,0.208,0.208,1,"MMUT"
0.193438745614921,0.500614344821695,0.237,0.201,1,"UPF3B"
0.142174091705352,-0.500561255652103,0.091,0.13,1,"DNAJC13"
0.312833288997228,0.500535639895394,0.145,0.117,1,"PAAF1"
0.00012187019420533,-0.500052913921665,0.381,0.571,1,"PVT1"
0.0415347839016563,-0.499779926597059,0.173,0.247,1,"ADGRG1"
0.390843850029639,0.49973041878871,0.308,0.39,1,"WWOX"
0.00137228061570336,-0.499567430123176,0.165,0.286,1,"ATG2A"
0.0962843776766996,0.499487554449838,0.372,0.318,1,"SYNJ2BP"
0.044826680842,0.499449796098529,0.504,0.487,1,"GSTO1"
0.0247850612998371,-0.49905860834287,0.069,0.123,1,"PARP4"
0.43429203583807,0.499018816008562,0.143,0.123,1,"NOXA1"
0.72262751540573,0.498938392440533,0.221,0.227,1,"HLTF"
0.00882911846815894,-0.498794264231839,0.429,0.545,1,"DEGS1"
0.000152990367911924,0.4987764045311,0.861,0.877,1,"MT-ND4L"
0.0197842662399108,-0.498696369455508,0.187,0.266,1,"AC023157.2"
0.0339464267728185,-0.498472356047718,0.056,0.104,1,"ZNF516"
0.00476382797320602,-0.498341828177754,0.099,0.182,1,"METTL22"
0.000129934691280992,0.498231511077405,0.825,0.779,1,"GHITM"
0.0214951298617686,-0.498079969131252,0.165,0.247,1,"CCDC112"
0.00299373444927061,-0.498006701492265,0.298,0.429,1,"NR2F2"
0.070633964502593,-0.497958447495722,0.068,0.11,1,"ZBTB22"
0.0982785417265458,0.49752012489565,0.502,0.5,1,"SWI5"
0.000197547940791919,-0.497518091400067,0.458,0.636,1,"JPT2"
0.70362596478388,0.497284379823967,0.235,0.24,1,"STX8"
0.0184175936766865,-0.497035760944363,0.067,0.123,1,"EBLN2"
0.234188754337623,0.496960377881739,0.239,0.208,1,"KIDINS220"
0.401349259225596,0.496704469489536,0.191,0.169,1,"AAAS"
0.115449475322921,0.496700294823854,0.425,0.403,1,"YME1L1"
0.0781336041136759,-0.496624426517605,0.098,0.149,1,"TTPAL"
0.141964126938874,0.496488410352873,0.254,0.208,1,"NUDT8"
0.0829580845185489,0.49640020268492,0.49,0.474,1,"C1orf35"
0.448870364849947,0.496271535857737,0.117,0.097,1,"LINC00992"
0.237468930050668,-0.496089990179566,0.081,0.11,1,"POLR3D"
0.47811694967421,0.495964138814029,0.122,0.104,1,"HMBS"
0.292175637749668,0.495906222390754,0.202,0.175,1,"GNPDA1"
0.0228536423763489,-0.495878868947794,0.054,0.104,1,"KLHL15"
0.000418238048766949,-0.49584545747536,0.296,0.455,1,"COQ10B"
0.0555986665570155,0.495648492087363,0.527,0.519,1,"RNPEP"
0.136812671149147,-0.495292690449069,0.129,0.175,1,"SIK3"
0.313691301935281,0.494962873435268,0.291,0.273,1,"UBTF"
0.284467067361171,0.494779662756094,0.119,0.091,1,"ENTPD5"
0.0105366905502249,-0.494729899445716,0.105,0.182,1,"STBD1"
0.434119776700369,0.494563459813612,0.109,0.091,1,"SETBP1"
0.591526436392382,0.494531545773682,0.103,0.091,1,"ABRAXAS1"
0.321719324342629,0.494294638320904,0.123,0.097,1,"PCSK6"
0.000506594389641197,0.494094719104234,0.722,0.662,1,"UQCC3"
0.000395943516117351,0.493942144243158,0.739,0.675,1,"DBNDD2"
0.115304357854211,0.493926484580579,0.173,0.123,1,"EFCAB2"
0.576180096382978,0.493833468643802,0.136,0.123,1,"AAR2"
0.571666030480703,0.49378319131044,0.326,0.338,1,"SNRNP27"
0.00146239484993564,0.493755598277303,0.759,0.779,1,"EID1"
0.127483847012837,0.493740818349881,0.47,0.461,1,"ECHDC2"
0.765602434557129,0.493511774281426,0.113,0.11,1,"CNNM4"
0.451827285275283,0.493483521392291,0.263,0.253,1,"TFDP2"
0.643714861839274,0.493480236217424,0.186,0.182,1,"GTF3C5"
0.453788932581638,0.493342972029009,0.166,0.149,1,"AC245407.2"
0.00229967600654464,-0.493319062884797,0.251,0.377,1,"PACSIN3"
0.526949018018806,0.493269520389093,0.202,0.182,1,"ECM1"
0.0148742336234034,-0.493105539734217,0.125,0.201,1,"MYPOP"
0.0363413434016945,0.492925312586543,0.481,0.429,1,"UPF3A"
0.00870852696609726,-0.492865462482955,0.256,0.37,1,"HACD2"
8.56682939240009e-05,-0.492631408405958,0.275,0.461,1,"CTDNEP1"
0.0156210156114454,-0.492523921194447,0.157,0.24,1,"FKBPL"
0.97426889692527,0.492492890924018,0.192,0.201,1,"USP48"
0.314550013075793,0.492225688195981,0.298,0.279,1,"RAD51C"
0.260705901282675,0.492149040853633,0.43,0.448,1,"GNPAT"
0.000479332091650226,-0.49207949144091,0.27,0.429,1,"RBMX2"
0.0532937613120041,-0.491763164830586,0.089,0.143,1,"XPO5"
3.59816945360017e-05,-0.491552259742824,0.998,1,1,"HSPB1"
0.482114666318908,0.491431050998243,0.327,0.331,1,"TFAM"
0.000270305670605147,-0.491340962854372,0.208,0.351,1,"SFXN1"
0.000232792659001264,0.491118321447753,0.83,0.844,1,"RAB11A"
0.00380023659691573,0.491004945446933,0.63,0.571,1,"CREB3L4"
0.000123289083237101,-0.490878661763509,0.331,0.513,1,"PAFAH1B2"
0.45780658872457,0.490569531984206,0.122,0.104,1,"RNF139-AS1"
0.183844900488345,-0.49054602880977,0.099,0.136,1,"TMEM107"
0.380152314553896,0.490459105018527,0.223,0.208,1,"TBC1D10A"
0.145015753097409,-0.4904462697506,0.08,0.117,1,"FAM71E1"
0.00492950849420974,0.490402880141527,0.605,0.526,1,"HNRNPD"
0.0147136257941027,0.490342051441452,0.615,0.61,1,"DDX39B"
0.775120642452942,0.490210553745019,0.102,0.097,1,"TRMT1L"
0.0132566436050301,0.490054694029467,0.508,0.442,1,"TMEM106C"
0.21522695501584,0.490048504375045,0.251,0.214,1,"ST20"
0.289426674551148,0.489935831181431,0.111,0.084,1,"SLC25A13"
0.384525116454369,0.489851986699978,0.153,0.13,1,"PSMD5"
0.000952932034871073,-0.489757502432955,0.237,0.37,1,"HCG18"
0.0194169021493596,0.489566745949903,0.518,0.461,1,"AK1"
0.00124698668039338,0.489475304416574,0.749,0.721,1,"NDUFA8"
0.00873618804542296,-0.489129828589505,0.174,0.273,1,"SPEN"
0.492903890402811,0.489031570422806,0.146,0.13,1,"KIAA1217"
0.431915705825354,0.489024563083749,0.282,0.273,1,"DACH1"
0.739298336260845,0.488952243302152,0.175,0.201,1,"SNTB2"
0.000610536621559728,-0.488946903042586,0.188,0.318,1,"RNF168"
0.732887571962628,0.488441009246372,0.158,0.156,1,"RARG"
0.118566884720222,0.488406223766178,0.37,0.331,1,"PYM1"
0.227245421073351,0.488379422756392,0.346,0.318,1,"TCEA2"
0.00754858270052053,-0.488154426262568,0.24,0.351,1,"CLINT1"
0.00240672839719764,-0.488040330145857,0.138,0.24,1,"ATG16L1"
0.15817366930636,0.488026731124334,0.331,0.299,1,"SAE1"
0.00284371321061298,-0.487980660875588,0.206,0.325,1,"MIPOL1"
0.0258961666010083,-0.487866962140046,0.083,0.143,1,"TCF3"
2.92227264340003e-05,-0.487721305160876,0.67,0.838,1,"SH3BGRL3"
0.993499212937856,0.487642676158923,0.186,0.201,1,"FTSJ3"
0.961416253417593,0.487484672456511,0.098,0.104,1,"SLC25A16"
0.000111527564194755,-0.487234527015959,0.574,0.734,1,"CAP1"
0.146038344464241,0.487028935738722,0.111,0.162,1,"GPAT3"
0.00713955143938794,-0.486986671773672,0.235,0.351,1,"LPIN1"
0.00292594394000935,-0.486784822818556,0.16,0.266,1,"TNPO3"
0.0259805190172419,0.486529626259765,0.537,0.526,1,"TIMMDC1"
0.218090256296755,0.486465798538473,0.352,0.331,1,"FUNDC1"
0.000893693266878468,-0.486267602447321,0.263,0.409,1,"ABHD17A"
0.277528661345851,0.486107905998863,0.168,0.136,1,"MVK"
0.424108193830573,0.485758110307367,0.187,0.169,1,"SERGEF"
0.00341687410042607,-0.485557862737155,0.398,0.552,1,"TRIM28"
0.0131640997690576,0.48554573651844,0.658,0.636,1,"P4HTM"
0.000183569920959684,-0.484957662167972,0.353,0.532,1,"FAM207A"
0.689050331031034,0.484918797809569,0.312,0.331,1,"COIL"
0.189776580417085,0.484619245495545,0.462,0.455,1,"DCAF10"
0.180827343012113,0.48460032707616,0.377,0.357,1,"ZMPSTE24"
0.357840780342212,0.484524087977149,0.22,0.195,1,"SPRYD3"
0.000217694278801576,-0.48434095157328,0.263,0.416,1,"TXNDC5"
0.44054433655358,0.484097788295092,0.157,0.136,1,"TELO2"
0.301957702183784,0.484053277328347,0.27,0.247,1,"SUGT1"
0.251832075946724,0.483969077259307,0.228,0.195,1,"KIF16B"
0.228503343984257,0.483904505337906,0.416,0.403,1,"NDUFA9"
0.0349858910269664,-0.483781874715867,0.096,0.156,1,"CUL7"
0.1236630101667,-0.483525304149953,0.122,0.169,1,"SC5D"
0.121451176785072,0.483481977985791,0.338,0.299,1,"GABPB1-AS1"
0.0607965438075155,0.483426457445027,0.421,0.377,1,"ZDHHC4"
0.50842430360003,0.483305519829953,0.119,0.104,1,"BRF1"
0.831734514317808,0.483290550902595,0.255,0.266,1,"RAP2C"
0.538308013083935,0.483086043081699,0.127,0.117,1,"EID2"
0.000434844676768478,-0.482873393027423,0.435,0.591,1,"MRPS10"
5.55356721508854e-05,0.482284338900171,0.807,0.753,1,"NDUFA5"
0.0349048316618682,0.481978852190089,0.407,0.338,1,"SLC2A4RG"
0.941594646709948,0.481772206751747,0.216,0.234,1,"BRI3BP"
0.00196472758544671,-0.481745365515888,0.309,0.455,1,"EPS8L2"
0.00942296033232992,-0.48158486727072,0.329,0.455,1,"ELOVL1"
0.174329504415321,0.481557035503775,0.216,0.175,1,"CEP290"
0.710079975801706,0.481516515977318,0.14,0.136,1,"AC008915.2"
0.163544033687223,0.481241433640817,0.532,0.545,1,"COPS5"
0.0971325460701798,0.481076775866397,0.405,0.364,1,"PIGC"
0.00426766163947285,-0.4805367486382,0.137,0.234,1,"FZR1"
0.427763501755539,0.480451242462017,0.278,0.273,1,"PDK2"
0.451789395692632,-0.480410913864731,0.213,0.247,1,"MT1X"
0.741287838103634,0.480280354464287,0.227,0.234,1,"NDUFAF4"
0.721738711230117,0.479328742617015,0.136,0.156,1,"CIPC"
0.000173015705298835,-0.479324300334664,0.502,0.695,1,"FAM120A"
0.0286028025017188,-0.479124417003552,0.109,0.175,1,"EPB41"
0.530109784790318,0.479042154709821,0.236,0.227,1,"SNHG11"
0.000162639985620315,-0.479027824690331,0.271,0.448,1,"RGS10"
0.00149097437409681,-0.478858600179553,0.517,0.656,1,"PPP1R11"
0.176786477336214,0.478609347255717,0.384,0.364,1,"G6PC3"
0.0532701844801637,-0.478600295716921,0.07,0.117,1,"C1RL"
0.00657073017400277,-0.478381502007116,0.126,0.214,1,"LMBR1"
0.688587170994749,0.478365722325,0.16,0.156,1,"KIAA0930"
0.083365735542087,-0.478246295801467,0.069,0.11,1,"CYP4V2"
0.410640935163337,0.478158422963605,0.223,0.201,1,"TMEM68"
3.23556502773132e-05,0.478046485906408,0.861,0.831,1,"PCBD1"
0.0002217129358572,-0.477836401284169,0.435,0.597,1,"TCEAL9"
0.00278719855618982,0.477768425149073,0.664,0.597,1,"RCN2"
0.000208908059036074,-0.477745843373491,0.198,0.351,1,"PRKCI"
0.226177732996472,0.477313858186463,0.274,0.247,1,"TINF2"
0.000260920806112963,-0.47713839802743,0.311,0.474,1,"RALGPS2"
0.0369481432705775,-0.477122461208443,0.057,0.104,1,"MED23"
0.382481190422779,0.477016574416816,0.14,0.117,1,"CHAMP1"
0.494916524640732,0.477015348810174,0.178,0.162,1,"MLH1"
9.54576141861642e-05,-0.476901027507064,0.495,0.714,1,"NSD3"
0.000707222969028888,-0.476894446124398,0.309,0.461,1,"GNS"
0.440884517769751,0.476472015803033,0.29,0.279,1,"HDHD2"
0.778724447475606,0.476360198004068,0.187,0.214,1,"SMPD4"
0.33545190822806,0.476274455469204,0.337,0.325,1,"TMEM128"
0.000156053286737227,0.476004387911128,0.812,0.773,1,"HNRNPA3"
9.7550205934684e-05,-0.475964850951076,0.185,0.344,1,"PAM"
0.612923794495352,0.475863280605625,0.127,0.117,1,"HOXD-AS2"
0.236291624722991,0.475222970931451,0.393,0.39,1,"LEPROTL1"
6.12179703792949e-05,0.47506948431099,0.806,0.773,1,"SPCS2"
0.00390431816479639,-0.475069210170269,0.132,0.227,1,"RNF216P1"
0.0212794397738815,0.474956504814724,0.542,0.5,1,"AHSA1"
0.0013466011993977,-0.474838099022974,0.558,0.714,1,"GNL3"
0.281282060316553,0.474829029763343,0.227,0.195,1,"DMAP1"
0.825658774408964,0.474609200640823,0.105,0.117,1,"TMEM94"
0.00152996437460234,-0.474442768790061,0.273,0.409,1,"USP7"
0.00190389164902153,-0.474322151721996,0.215,0.344,1,"GALNT2"
0.0131806050735562,-0.474285638731623,0.131,0.214,1,"SP1"
0.0877442516359114,0.474198261401849,0.547,0.545,1,"MRPS18B"
0.193981825428772,0.474150776311308,0.346,0.312,1,"GSTZ1"
0.00233821565606952,0.474134089650825,0.72,0.714,1,"NFIC"
0.0595816780147826,0.474122425103957,0.385,0.325,1,"PRPF6"
0.0262498749742417,-0.474092883279999,0.299,0.396,1,"RRP15"
0.0133443265267735,-0.473859376198232,0.18,0.273,1,"EFNA4"
0.00168981080855169,-0.473587024426182,0.225,0.364,1,"OGT"
0.110626964246983,0.473231709814932,0.419,0.39,1,"WWP1"
0.169466985837471,0.473082375158246,0.201,0.156,1,"CERCAM"
0.115294810668007,0.473046463714462,0.373,0.325,1,"DLG5"
0.352118407032897,0.472907225491278,0.378,0.383,1,"NCOA4"
0.0108776234157736,-0.472685450463957,0.208,0.305,1,"ZNF263"
0.116788861253884,0.472439478215195,0.378,0.351,1,"STX16"
0.459657882984946,0.472332982077942,0.226,0.208,1,"FN3KRP"
0.508467633984025,0.472254204180928,0.106,0.091,1,"FAN1"
0.988584930409311,0.471993283165987,0.131,0.136,1,"UVRAG"
0.000530126627731879,-0.47180887779975,0.708,0.831,1,"IGFBP2"
0.00140208811769731,-0.471738722847078,0.17,0.286,1,"RYK"
0.00128579277391854,0.471632617075882,0.655,0.604,1,"TXN2"
0.115101889701007,0.471551409311809,0.51,0.494,1,"PSMC6"
0.165873805358637,0.471259148851602,0.356,0.318,1,"TERF1"
0.00405397471925796,0.471094714895078,0.749,0.721,1,"PLP2"
0.23486124053128,0.471082713120318,0.304,0.279,1,"ZMAT5"
0.186993351616714,0.470270437174231,0.368,0.351,1,"PPP2R5C"
0.333274701850565,0.470168596920882,0.304,0.286,1,"POMGNT1"
0.0676213414788968,-0.469970350067041,0.092,0.143,1,"CBLL1"
0.476629096982779,0.469928958145658,0.214,0.201,1,"FBXW4"
4.53665735080169e-05,0.469779340072071,0.862,0.857,1,"HNRNPDL"
5.58986529509008e-05,0.469580061313261,0.913,0.922,1,"EIF4A1"
0.0892664104182536,0.469378668696701,0.147,0.097,1,"SAMD8"
0.00344939851905678,-0.469340147329682,0.248,0.37,1,"LINC01116"
0.0139478794789884,-0.469338520280717,0.112,0.188,1,"GLCCI1"
0.0751979822905205,-0.468900492198604,0.099,0.149,1,"HS2ST1"
0.422632380751311,0.468876411373997,0.22,0.201,1,"DNAH14"
0.559411039199036,0.468807138567323,0.344,0.357,1,"RBM14"
0.204646038605899,0.468741407355831,0.168,0.13,1,"CHADL"
0.00702372308496499,-0.468683842438201,0.232,0.344,1,"DCUN1D1"
0.0298278227887681,-0.468566384245823,0.212,0.299,1,"SRPRA"
0.00159833064221132,-0.468472870523281,0.171,0.286,1,"CAB39"
0.322384576001612,0.468411112160064,0.255,0.227,1,"FAAH"
0.367177724121473,0.468351608403934,0.205,0.182,1,"PRCP"
0.151740067853545,0.468269083193323,0.212,0.162,1,"MYEF2"
0.0146892365380475,-0.468055928853788,0.144,0.227,1,"SLC30A7"
0.000259122748483092,-0.468051426514576,0.488,0.662,1,"USP16"
0.788014846255207,0.468021539901991,0.225,0.234,1,"SETD3"
0.0245261572599653,-0.468002280958529,0.178,0.26,1,"ATG5"
0.311330901136711,0.467882016000986,0.435,0.461,1,"STARD7"
0.297521394414411,0.467868321995512,0.118,0.091,1,"ASF1A"
0.526164350043054,0.467845716691615,0.247,0.24,1,"PISD"
0.365733342850626,0.467844916583371,0.388,0.39,1,"MLST8"
0.445290839034278,-0.467842657063779,0.084,0.104,1,"HRCT1"
0.233233543862287,0.467775906175018,0.138,0.104,1,"CACNA1D"
0.00259770174167887,-0.467459124838953,0.081,0.162,1,"TMPRSS13"
0.001155646906814,-0.467399882358131,0.422,0.597,1,"PLEKHF2"
0.304169857540079,0.467257463735364,0.124,0.097,1,"LMX1B"
0.157823313178718,-0.467049177256197,0.07,0.104,1,"DHODH"
0.141356384069653,-0.466959227433088,0.075,0.11,1,"TEX9"
0.268409814370695,0.466937185591575,0.481,0.519,1,"GSDMD"
0.0140635720492282,-0.466790695697218,0.187,0.279,1,"HOMER3"
0.0917205804003956,0.466755376092857,0.386,0.344,1,"AAMDC"
0.00268556424735538,-0.466686918689842,0.282,0.409,1,"PPFIA1"
0.361152773753326,0.466650968529567,0.306,0.286,1,"CCPG1"
0.028521819671311,-0.4666242819009,0.167,0.247,1,"SMC5"
0.16051091946442,-0.46659554290062,0.16,0.208,1,"NIP7"
0.000101866696341288,-0.46658576304655,0.533,0.727,1,"SEC61A1"
0.441981463558177,0.466550906443744,0.207,0.188,1,"TTLL12"
0.182690620955883,0.466538955154118,0.236,0.188,1,"AC110619.1"
0.00733845650823415,-0.466433743551538,0.297,0.409,1,"VPS4A"
0.215047593907016,-0.466119243842243,0.13,0.169,1,"DIP2A"
2.73643076184403e-05,-0.466043529598697,0.467,0.701,1,"PDXDC1"
0.918570953996977,0.465740319588414,0.115,0.117,1,"SNX7"
0.614126233275028,0.465710265746158,0.207,0.201,1,"NCLN"
0.144462759430518,-0.465471722026119,0.084,0.123,1,"BTN2A1"
0.0020057791554725,-0.465404897124336,0.234,0.37,1,"UBQLN4"
0.279002027021106,0.465216763892333,0.34,0.318,1,"THNSL2"
0.584203246108541,0.465077142537474,0.276,0.279,1,"APOO"
8.10193202200374e-05,0.464993307173307,0.174,0.331,1,"PIP"
0.648259032656464,0.464926863416551,0.211,0.208,1,"NOA1"
0.447979072291365,0.464920398992733,0.281,0.273,1,"EPS15L1"
0.568076178305852,0.464830374573276,0.249,0.253,1,"PODXL2"
0.105701345703405,0.464762592248825,0.372,0.331,1,"HMGB2"
0.000727717149844052,-0.464639676701157,0.373,0.532,1,"PTGR1"
0.435955979460064,0.464615972042479,0.178,0.162,1,"LRCH4"
0.000712456101784477,-0.464455709715444,0.265,0.422,1,"RNF40"
0.407479268739548,0.464289967583751,0.101,0.13,1,"STK26"
0.00196613574971175,-0.464210132309503,0.167,0.286,1,"FMR1"
0.219040467808587,0.463771704207407,0.478,0.487,1,"GRSF1"
0.00305054378522472,0.463527577542532,0.758,0.76,1,"SCP2"
0.75098172073547,0.463336039810273,0.215,0.221,1,"GOLGA5"
0.167737701489735,0.462936322794696,0.326,0.299,1,"FDX2"
0.000952732380382083,-0.46282215638149,0.346,0.506,1,"STT3B"
0.0356671045020616,-0.462668632430949,0.22,0.299,1,"KMT5C"
0.556127898565565,0.462365449557689,0.104,0.091,1,"KLHL28"
0.00018198703222129,-0.462327644190538,0.247,0.416,1,"SSH3"
0.930366805485557,0.46224870814307,0.103,0.104,1,"TAF8"
0.00406962344948237,-0.462173990432376,0.07,0.143,1,"RGS9"
0.088338720727623,-0.461997675511444,0.08,0.123,1,"CSGALNACT2"
0.0118596805264477,-0.461789752739744,0.2,0.299,1,"NR2C2AP"
0.900513331077459,0.461781899887554,0.113,0.123,1,"LARP4B"
0.185205181117895,-0.461778396315667,0.124,0.162,1,"COX15"
0.314757077272804,0.461715503606895,0.477,0.487,1,"IGF1R"
0.783379794837113,0.46171461168871,0.135,0.13,1,"SH2D4A"
0.12708016805351,0.461309335462559,0.393,0.37,1,"PTBP3"
0.0874901380612901,0.461238187825399,0.28,0.214,1,"SYNGR1"
0.000536827815046759,-0.461206538340762,0.226,0.37,1,"TMEM127"
0.0371669612576085,0.461163857514783,0.496,0.435,1,"ERG28"
0.000648330632598936,-0.460988510186816,0.174,0.305,1,"MYNN"
0.0150941279610458,-0.460923941523649,0.164,0.247,1,"PITPNA"
0.331925275014723,0.460841862142503,0.164,0.136,1,"MAPRE3"
0.455275438294554,0.460649541919931,0.163,0.143,1,"TNFSF13"
0.489446018718486,0.460544146782928,0.207,0.195,1,"CLN6"
0.31283535337219,0.460366948834202,0.297,0.279,1,"OSBPL2"
0.00355191330655622,-0.460307910716912,0.125,0.221,1,"ZNFX1"
0.337432988463306,0.459988749274203,0.24,0.214,1,"SNHG30"
0.810741434516489,0.459967290687889,0.16,0.162,1,"SRRM3"
0.596570865290277,0.459814448748671,0.159,0.149,1,"KIFAP3"
0.787274193548433,0.459767787157286,0.299,0.318,1,"DYNC2I1"
4.92232733965687e-05,-0.459666426606567,0.642,0.805,1,"ARPC1A"
0.316428933484352,0.45952797416465,0.146,0.117,1,"ENTPD3-AS1"
0.124176603829747,0.459496556212302,0.453,0.435,1,"PPP1R7"
0.0999666776527606,0.459414857866314,0.487,0.461,1,"C9orf78"
0.00327170157262518,-0.459280511963646,0.389,0.539,1,"MKNK2"
0.197339967732697,0.459131834622009,0.453,0.448,1,"TMEM99"
0.0673047542283913,-0.459011386923739,0.098,0.149,1,"OPHN1"
0.584967001936885,0.459008816524372,0.204,0.195,1,"FAM219B"
0.303204145920926,0.458892831213255,0.26,0.234,1,"TMEM203"
0.0253076320024352,-0.458860536116954,0.055,0.104,1,"CDC42EP5"
0.045639148321226,0.458835150866359,0.599,0.578,1,"CDC42SE1"
0.0116927970983591,-0.458791641859535,0.154,0.24,1,"USB1"
0.434284846940914,0.458655462879672,0.111,0.091,1,"C1orf174"
0.0692283994173866,-0.458590961665478,0.062,0.104,1,"GPSM1"
0.336709853443012,0.458538262028085,0.385,0.37,1,"AGTRAP"
0.0538858478500372,0.458463054663346,0.621,0.649,1,"SERINC3"
0.96326323707057,0.458321982242184,0.098,0.104,1,"TAF1B"
0.612124454634861,0.458239550357273,0.142,0.13,1,"RILPL2"
0.71160022583198,0.458151106637783,0.158,0.156,1,"PLA2G4C"
0.595789961439929,0.458132749639434,0.142,0.13,1,"XYLT2"
0.000122714866366289,-0.458088812309846,0.496,0.669,1,"GALNT1"
0.000132469975617762,-0.457957843976634,0.665,0.825,1,"TAF7"
0.956692310340336,0.45794927401581,0.119,0.123,1,"RCCD1"
0.27690995643118,0.457625483518178,0.168,0.136,1,"RREB1"
0.0159722603107766,-0.457584740866739,0.136,0.214,1,"TMEM135"
0.247045517643709,0.457458652334784,0.249,0.221,1,"LAMA5"
0.000759953491969945,-0.457366165162191,0.12,0.234,1,"ZNF626"
0.0304104389693924,0.457337414997728,0.536,0.513,1,"NIT2"
0.00215787592128037,-0.45722212500043,0.342,0.487,1,"RELA"
0.167046847389339,-0.457069475796972,0.071,0.104,1,"SH3D19"
0.0219373133440515,0.45706544606265,0.746,0.786,1,"MRPS12"
0.00219476302354321,-0.456870523711786,0.071,0.149,1,"ZMAT3"
0.583984265413043,0.456732671934639,0.208,0.201,1,"PEDS1"
0.00238404586713076,0.456644607840334,0.746,0.701,1,"PSMA4"
0.0102105593908986,-0.456633231399558,0.222,0.325,1,"WDR82"
0.00213946065821879,0.456506677434098,0.815,0.825,1,"MICOS13"
0.886842844302779,0.456433812436111,0.146,0.149,1,"MCM3"
0.759333656769336,0.456365022166858,0.102,0.097,1,"ZDHHC20"
0.00012888097015791,-0.45621680237367,0.402,0.591,1,"ARMC10"
0.448906113545574,0.456167006698355,0.278,0.266,1,"C11orf49"
0.155091479334312,0.456151126488773,0.139,0.097,1,"ARHGEF9"
0.465180032696209,0.456083842978011,0.147,0.13,1,"UVSSA"
0.00850746890661252,-0.456003262844954,0.103,0.182,1,"BICRAL"
0.0490216141126125,0.455793924567332,0.646,0.623,1,"CRACR2B"
0.0570698587549945,-0.455407540022864,0.147,0.214,1,"MIOS"
0.427222893152477,0.455302238547912,0.36,0.377,1,"TMEM254"
0.660951573044498,0.45523403454406,0.126,0.117,1,"INPP5F"
0.094290954495422,0.454276086343942,0.518,0.506,1,"MMADHC"
0.00056554075702293,-0.45424991390302,0.305,0.468,1,"CFAP97"
0.000156624191804716,-0.453934669431682,0.346,0.532,1,"AMD1"
0.0163728469759085,-0.453931312202462,0.164,0.247,1,"TOP1MT"
0.000205431189093134,-0.453666023196183,0.358,0.539,1,"PPP1R15B"
0.000306011066286396,0.453538697034538,0.908,0.909,1,"SLC25A3"
0.145790214670265,0.453278622961499,0.149,0.104,1,"ZNF528-AS1"
0.595573686668523,0.453183982104618,0.277,0.279,1,"SIGMAR1"
0.90336258061582,0.453134926722587,0.127,0.13,1,"KLHL9"
0.00483214253541802,-0.453109022116458,0.211,0.325,1,"SNHG17"
0.0193374186485484,0.453047744469901,0.637,0.61,1,"CETN2"
0.000174044094492085,-0.452817845379506,0.722,0.818,1,"GNG10"
0.00379475593763355,-0.45265708394793,0.389,0.532,1,"RARA"
0.0126623068770561,-0.452620038256625,0.15,0.234,1,"SH3BP4"
0.00194683990543118,-0.45244074508648,0.413,0.565,1,"CYRIB"
0.732540854628161,0.452297031827039,0.282,0.292,1,"SDCCAG8"
0.000435329493697962,-0.452008456865164,0.292,0.468,1,"B3GALNT2"
0.0752398213856161,-0.451965808178885,0.074,0.117,1,"ZBTB21"
0.921109247617334,0.451849540313899,0.17,0.182,1,"PPM1D"
0.0174131720515185,0.451829048308267,0.628,0.61,1,"ERLEC1"
0.00542964991037408,0.45171411807466,0.661,0.623,1,"MRPS23"
0.00663797452906035,-0.451435141007928,0.998,1,1,"RPL19"
0.986557817783948,0.451303206723623,0.136,0.143,1,"ZNF350"
0.211834961573087,0.450753357782392,0.364,0.344,1,"PANK3"
0.36217865273449,0.450712989133822,0.357,0.351,1,"HYI"
0.00169568571299641,0.450473634209421,0.736,0.721,1,"HOOK2"
0.290044701656106,0.450300785702674,0.248,0.227,1,"TPMT"
0.245980378485539,0.450256610575988,0.504,0.545,1,"CTNND1"
0.0911081988113158,0.450198583448444,0.399,0.351,1,"ITGAE"
0.465105800547986,0.450161343206946,0.187,0.169,1,"ALG12"
0.0866218874543643,0.450151110023984,0.44,0.409,1,"SPAG7"
0.00164925138718444,0.450071322713447,0.667,0.61,1,"TLE5"
0.00696285002126691,0.449921691027881,0.74,0.753,1,"CALM3"
0.271321292015407,0.449837455434732,0.309,0.286,1,"LTBP4"
0.620971304805934,0.44982212105605,0.246,0.24,1,"CPTP"
0.00221498944335619,0.449670898176018,0.732,0.708,1,"H2BC21"
5.54150983775582e-05,0.449530032478736,0.807,0.76,1,"NDUFA3"
0.000502672113024245,-0.449521417863736,0.296,0.455,1,"MTA1"
0.645463661883017,0.449223852308969,0.269,0.273,1,"C6orf226"
0.591981957684922,0.448855248620203,0.439,0.539,1,"AFTPH"
0.000377309198057326,-0.448825326943754,0.628,0.792,1,"SBDS"
0.00141658709878937,0.448784637563153,0.723,0.682,1,"MCRIP2"
0.40495354253818,0.44870068912421,0.125,0.104,1,"RUFY2"
0.000653961310903436,-0.448559405124233,0.258,0.416,1,"DLG1"
0.16785047705815,-0.448467773015772,0.076,0.11,1,"RTL6"
0.202339390970504,0.448458807292377,0.415,0.396,1,"TM2D3"
0.0253089249207891,-0.448356730263887,0.157,0.234,1,"CASD1"
4.14139311478607e-05,0.448332746203903,0.808,0.76,1,"MRPL57"
0.00541990157005177,-0.44829626008783,0.295,0.429,1,"NUTM2A-AS1"
0.148307168268339,-0.448153702030966,0.12,0.162,1,"TYW1"
0.142879574294737,-0.448045221853481,0.166,0.214,1,"AATK"
0.321421563354524,0.448006359464886,0.333,0.325,1,"KEAP1"
0.0121149188596817,-0.447839912103359,0.091,0.162,1,"OTULIN"
0.0012964576828169,-0.447800183025446,0.317,0.481,1,"ZBTB7B"
0.390819181789219,0.447678409475171,0.181,0.162,1,"NAPG"
0.917446740504208,0.447456731433518,0.153,0.156,1,"DYRK4"
0.00123293688717431,-0.447345665889907,0.32,0.487,1,"C16orf91"
0.0457150080541603,0.447272323046133,0.526,0.494,1,"PGP"
0.00413817835258608,-0.447195972844002,0.198,0.312,1,"GATAD2A"
0.00025742581552533,-0.447190952881166,0.413,0.604,1,"TSR3"
0.0385654842461403,-0.446628017000944,0.32,0.403,1,"SPTBN1"
0.499000453118616,0.44652111164095,0.126,0.11,1,"LRWD1"
0.0611490358263861,0.446414435503029,0.45,0.416,1,"RAB6A"
0.0996105753502799,0.446342616387184,0.384,0.338,1,"TMX4"
0.416757531039504,0.446241484674745,0.137,0.117,1,"NLK"
0.00137782564731194,-0.446036188034511,0.274,0.422,1,"PPP1R13L"
0.658818448969379,0.445900396133854,0.374,0.396,1,"MRPS25"
0.000162496886874088,0.445898746475302,0.764,0.766,1,"DDRGK1"
0.145000060106873,-0.445893164075528,0.069,0.104,1,"ARHGEF35-AS1"
0.104683130888735,0.445620132611513,0.385,0.338,1,"NOP58"
0.00254537002659308,-0.445503286845798,0.206,0.325,1,"NEK7"
0.572868169813617,0.445354928806085,0.249,0.24,1,"TACC2"
0.0532496246174224,-0.445270316032099,0.065,0.11,1,"PCOTH"
0.00804559926797063,-0.445203953727878,0.163,0.26,1,"MARCHF2"
0.00011813444205342,-0.445174064825876,0.344,0.545,1,"SCYL1"
0.037799776008257,-0.445158167982371,0.184,0.26,1,"REXO4"
0.285201769492974,0.445146063951087,0.263,0.24,1,"ATG4B"
0.623654727953044,0.445139503674703,0.129,0.117,1,"SLC35D2"
0.0581649845582527,-0.444995158710826,0.07,0.117,1,"LRRC6"
0.0174303865980144,-0.444914116250633,0.329,0.435,1,"MED21"
0.281075147851139,0.444849707304799,0.199,0.169,1,"ARHGEF1"
0.0587994396065744,-0.443957961499839,0.204,0.273,1,"IMPDH1"
0.000738815176069146,-0.443951514868924,0.497,0.656,1,"DNAJB11"
0.377369344188164,0.443904688566675,0.281,0.273,1,"GINM1"
0.191278864017893,0.443510065315808,0.12,0.084,1,"TTC38"
0.485153825478074,0.443436129134707,0.229,0.214,1,"PPIL3"
0.0222954250037617,-0.443388685957426,0.175,0.26,1,"C16orf87"
0.481805566397659,0.443304067435631,0.166,0.149,1,"SOX12"
0.0435925811981061,-0.443201334398704,0.211,0.286,1,"NUP153"
0.567407278067333,0.443192187620659,0.33,0.338,1,"AMFR"
0.00333896459196879,-0.44311341780145,0.189,0.305,1,"CIAPIN1"
0.994576228995151,0.442979880998451,0.16,0.169,1,"FAM228B"
0.0188777868293713,-0.442976965053952,0.124,0.201,1,"C19orf12"
0.857024619160281,0.44294516417554,0.221,0.234,1,"EIF2B4"
0.688414116839377,0.442707529322131,0.166,0.162,1,"SORL1"
0.182432328664561,0.442549564589051,0.368,0.344,1,"PDHX"
0.571306030026675,0.442549104934256,0.124,0.11,1,"ATPSCKMT"
0.0540035199468458,-0.442456920826397,0.222,0.292,1,"ARID1A"
0.322321265997097,0.442449989039506,0.414,0.422,1,"ENDOV"
5.90372916074846e-05,0.442447141140485,0.799,0.721,1,"MRPL27"
0.0097490335685177,0.442237868834913,0.691,0.675,1,"DPP7"
0.118111246994063,0.442218690991649,0.458,0.435,1,"KNOP1"
0.0118528172339448,-0.441949464226582,0.102,0.175,1,"RBM28"
0.00290271689799974,-0.44181311068606,0.413,0.565,1,"HES4"
0.0549773800971444,-0.441721247596394,0.122,0.182,1,"HACD4"
0.00109700277647222,-0.441687128382954,0.306,0.448,1,"FGFR1OP2"
0.000223285852567428,-0.441683044386877,0.359,0.545,1,"CCDC186"
0.0687870364880779,-0.441232236014347,0.18,0.253,1,"GTF2B"
0.0259810996887063,0.440695643485473,0.731,0.825,1,"UQCRC2"
0.725467586853901,0.440636864007615,0.102,0.117,1,"MTFMT"
0.0118502327007578,0.440601673072625,0.627,0.578,1,"MRPL18"
0.000137045703354156,-0.44048937205712,0.657,0.799,1,"TRPS1"
0.973201769223459,0.440327722754859,0.101,0.104,1,"GGA3"
0.000253230035409379,-0.44002884758417,0.264,0.429,1,"EIF4EBP2"
0.823108315069758,0.440021069247129,0.101,0.11,1,"TPT1-AS1"
0.805095375021884,0.439965356882875,0.113,0.11,1,"LRRC14"
0.00070035699478828,-0.439709172300065,0.087,0.182,1,"PML"
0.28709915810637,0.439424396203254,0.296,0.273,1,"SEMA3B"
0.0233214816488083,-0.439331331294008,0.22,0.312,1,"NUBP1"
0.000528339222052365,-0.43922828235392,0.408,0.604,1,"CKAP4"
0.00494874744254105,0.43907000273741,0.676,0.643,1,"DAP3"
0.000163770811521916,0.438960450566788,0.836,0.786,1,"SEC11A"
0.244037129636355,0.43892555943512,0.349,0.331,1,"AKAP1"
7.05915781131448e-05,-0.438870268052318,0.67,0.825,1,"TAX1BP1"
0.000130004701710465,-0.438818934741622,0.372,0.558,1,"TMCO3"
0.354343307808758,0.438586631923545,0.257,0.234,1,"AIFM1"
3.72418874424594e-05,-0.438453293456755,0.422,0.623,1,"UBA2"
0.0100175435942575,-0.438327566957832,0.243,0.351,1,"WDR46"
0.00928334192595526,-0.438180454458748,0.269,0.383,1,"MAP7D1"
0.0173475014853922,0.438016607324876,0.294,0.201,1,"CGA"
0.0218765489333612,0.437994591495293,0.664,0.649,1,"NINJ1"
0.500695941234807,0.43797742995741,0.269,0.266,1,"NSF"
0.897904290995787,0.437935939907683,0.262,0.279,1,"ACTR1A"
0.460698096364648,0.437873023426571,0.201,0.182,1,"IL17RE"
0.115712537541141,0.437820381382012,0.428,0.39,1,"CCDC34"
0.265013424904152,0.43777612686885,0.215,0.182,1,"RANBP2"
0.00277026509267118,-0.437747992470831,0.219,0.338,1,"HDAC3"
0.193417940330211,-0.437707386329583,0.084,0.117,1,"SPACA9"
0.788811817216009,0.437476737660474,0.108,0.104,1,"RECQL"
0.0349435464664524,-0.437205249094095,0.188,0.266,1,"PUSL1"
0.0868069514723813,-0.437133369408144,0.108,0.156,1,"NBPF11"
0.0320437055912788,-0.437045275182104,0.143,0.214,1,"EPS8"
0.97707435286422,0.436723513857474,0.212,0.221,1,"TMEM214"
0.281460280529633,0.43667539513236,0.188,0.156,1,"PREPL"
0.220737406946576,0.436632952259168,0.214,0.175,1,"FARSB"
6.4492584469657e-05,-0.436284811107029,0.388,0.591,1,"PPIC"
0.279974888974564,0.436088938448176,0.309,0.279,1,"MPV17"
0.410666961691699,0.435761061629278,0.446,0.455,1,"PPM1A"
0.00169004247580976,-0.435688087240128,0.237,0.377,1,"UTP23"
0.143935624618867,-0.435646249928339,0.453,0.552,1,"CTNNB1"
0.715949284263745,0.435568654533947,0.166,0.162,1,"TOR2A"
0.782645531925097,0.43546390511221,0.796,0.922,1,"VMP1"
0.00974394493009386,-0.435456209523549,0.182,0.279,1,"DMWD"
0.426150088072664,0.435233581523897,0.225,0.208,1,"LZTFL1"
0.00280543079054096,0.435223491596388,0.725,0.753,1,"MRPL23"
0.566278589535364,0.435124234860384,0.117,0.104,1,"MPP1"
0.118311724152313,-0.434862381493909,0.076,0.117,1,"AC103706.1"
0.293795293179008,0.434826010917627,0.161,0.13,1,"GPD2"
0.0119172652222748,-0.434800098627142,0.068,0.13,1,"QKI"
0.038934804217568,-0.434726900348533,0.081,0.136,1,"THAP12"
0.269780590021974,0.434647299436882,0.4,0.409,1,"GRPEL1"
0.0133907012387652,-0.434612360037531,0.149,0.234,1,"MED17"
0.000765462110866383,-0.434593326752788,0.709,0.805,1,"CD99"
0.0214962748779243,-0.434575696663541,0.232,0.325,1,"SLAIN2"
0.471868125054894,0.434558389077441,0.407,0.422,1,"MORN2"
0.154851768083969,0.434543319536307,0.171,0.13,1,"ARHGEF26"
0.000981293231767831,-0.43431431564083,0.602,0.753,1,"S100A16"
0.434705991938916,0.434306622433133,0.181,0.162,1,"PTCD3"
0.575823746855618,0.434300244679112,0.211,0.201,1,"VPS36"
0.321093586995627,0.434281342755872,0.088,0.117,1,"CCL28"
0.97299225536407,0.434209215736129,0.123,0.13,1,"PLPPR3"
7.05335270395267e-05,-0.434189773120425,0.354,0.565,1,"GFER"
0.0167319227334999,0.434052096437404,0.669,0.669,1,"SMIM7"
0.166477948659683,0.433930291123632,0.408,0.383,1,"TNRC6B"
0.176209663822106,-0.433861568708784,0.076,0.11,1,"PAFAH2"
0.00798540793795383,-0.433816146794581,0.475,0.61,1,"CD81"
0.0198660543826003,-0.433769911970643,0.076,0.136,1,"GCC1"
0.00168534026417327,0.433764314626509,0.878,0.864,1,"SSR3"
3.93352871230604e-05,0.433726898835783,0.884,0.883,1,"PCBP1"
0.630404858411382,0.433669420642829,0.108,0.097,1,"HSF4"
0.481701592343417,0.433571049817146,0.336,0.344,1,"ATIC"
3.67624905708051e-05,0.433427847470786,0.857,0.864,1,"SMDT1"
0.563717794474103,0.433305117306572,0.132,0.117,1,"TRMT10A"
0.0582510646687765,-0.433287940087308,0.07,0.117,1,"AMMECR1L"
0.00224006090601297,-0.433247574737393,0.343,0.487,1,"NIPBL"
0.611949109013023,0.43314731017426,0.179,0.169,1,"DLST"
0.018489582326021,-0.43301393784557,0.085,0.149,1,"SIN3B"
0.000753978298298421,-0.433009732937469,0.703,0.812,1,"TMEM134"
0.0597041674911492,0.432877443024492,0.618,0.61,1,"CAMTA1"
0.011084686884923,-0.432843403920256,0.204,0.305,1,"LGMN"
0.791653211815259,0.432840200129442,0.098,0.11,1,"ZNF90"
0.295804557690658,0.432820551598229,0.381,0.37,1,"ENOPH1"
0.0153045146276749,-0.432811223422702,0.175,0.273,1,"CPEB2"
0.171020346376089,-0.432519866060904,0.098,0.136,1,"NACC2"
0.91973469496824,0.432453952317264,0.116,0.117,1,"CLSTN3"
0.373460433876136,0.432100992652736,0.323,0.305,1,"E4F1"
0.000855335750233582,-0.432063233510339,0.308,0.468,1,"TRADD"
0.0257463500672131,-0.43195495889775,0.241,0.331,1,"GLTP"
0.544677670059963,0.431754929707533,0.104,0.091,1,"DHX34"
0.00120625913445242,-0.431741377051156,0.221,0.357,1,"ZNF274"
0.876982731635823,0.431732355764946,0.147,0.149,1,"ME2"
0.156752234903251,-0.431662211896632,0.161,0.208,1,"GRHL2"
0.0312132193352018,-0.431648433914132,0.09,0.149,1,"ENGASE"
0.162660745007518,0.431598778318369,0.477,0.474,1,"NUDT16L1"
0.00895723501066642,0.431520642984356,0.701,0.701,1,"VPS29"
0.566690092960739,0.431287216041329,0.109,0.097,1,"SLC27A4"
0.987501372501659,0.431226115565535,0.161,0.169,1,"ARHGEF7"
0.00528601546326483,-0.431211522126966,0.248,0.37,1,"GTF2F2"
0.0225943875585883,-0.431157861807505,0.151,0.234,1,"MISP"
0.192080025543447,-0.430940140296052,0.078,0.11,1,"TACC1"
0.180251934566168,0.430819651280503,0.299,0.26,1,"GLOD4"
0.00384609173374017,-0.430764858002886,0.173,0.279,1,"STRN4"
0.0563192779046074,-0.430628735698118,0.144,0.208,1,"SLC25A43"
0.642683072986157,0.430255334621273,0.133,0.156,1,"CNOT6"
0.00261019106828009,-0.429970813608983,0.242,0.37,1,"LYPLA2"
0.126099046065923,0.429797204367752,0.543,0.552,1,"CNIH1"
0.115347738846518,-0.429552651717925,0.094,0.136,1,"GIT1"
0.33442384771105,0.429450492293785,0.124,0.097,1,"IFT172"
0.0499618851802827,-0.429218725630788,0.165,0.234,1,"NSUN2"
0.394738318580967,0.429124716604719,0.208,0.188,1,"JMJD4"
0.0778697067195264,-0.429109865639723,0.167,0.227,1,"KIAA2013"
0.00105264137169699,-0.428954441541368,0.335,0.494,1,"BOLA2"
0.0246866685669487,-0.428855760970935,0.2,0.292,1,"NPLOC4"
0.504940435773274,0.428854016636591,0.288,0.279,1,"RBM26"
0.345160178522404,0.428625683518814,0.297,0.279,1,"WDR18"
0.0720567544641468,-0.428202276631255,0.11,0.162,1,"BCL2L11"
0.000121397607489992,-0.428093690180851,0.509,0.721,1,"SKIL"
0.983415214700217,0.428083453801464,0.233,0.253,1,"PABPN1"
0.141334341324533,0.428063938352386,0.508,0.532,1,"COA1"
0.0176890222339423,-0.428023100262785,0.188,0.286,1,"SIPA1L2"
0.820142992506655,0.427990114972957,0.119,0.117,1,"MTRR"
0.000113722050852898,0.427913304476957,0.912,0.883,1,"EIF3K"
0.000192119809651167,-0.427761699866592,0.273,0.442,1,"EIF2D"
0.108147979315335,0.427725908954605,0.415,0.383,1,"IRF2BPL"
0.276905790408633,0.427666787965718,0.24,0.208,1,"CYFIP1"
0.000837272994412006,-0.427593519954784,0.298,0.468,1,"PABPC4"
0.292289334672849,0.427449781692057,0.336,0.318,1,"LAP3"
0.0703442258511453,-0.427429743572647,0.078,0.123,1,"PRKAB1"
0.177312896827906,0.427340146824709,0.433,0.396,1,"DDX1"
0.00410208976424603,-0.427272770360369,0.319,0.448,1,"SUZ12"
0.191821102913849,0.427161748049246,0.379,0.351,1,"METTL23"
0.453934281622539,0.427160168529217,0.18,0.162,1,"PIAS4"
0.47981736165739,0.427137348216537,0.312,0.305,1,"TSPYL2"
0.0235581459250855,-0.4270920158294,0.109,0.175,1,"HSPA13"
0.621542450692353,0.427048406700455,0.212,0.208,1,"WDR20"
0.0133117775934934,-0.426865049283141,0.06,0.117,1,"FAM20C"
0.108969604904885,0.426654471296045,0.392,0.357,1,"GET1"
0.0012083461949783,-0.426488333072266,0.269,0.409,1,"MTF2"
0.124751608040332,0.426482615229559,0.678,0.701,1,"RSL24D1"
0.163474421752955,0.426347863167436,0.102,0.065,1,"MTHFR"
0.0646170950070101,0.426132628777388,0.646,0.675,1,"EWSR1"
0.000147031102192079,-0.425844801499883,0.37,0.558,1,"TUG1"
0.190902113740737,-0.425769900475313,0.146,0.188,1,"MSTO1"
0.0316159191265382,0.425641631514853,0.127,0.065,1,"GPRIN3"
0.867775701665754,0.425403227191266,0.136,0.136,1,"BRD8"
0.0818747283447098,-0.425161015483097,0.192,0.26,1,"BPGM"
0.000314062847253526,0.425124135187442,0.795,0.76,1,"LAMTOR1"
0.816377414410501,0.424897107555085,0.213,0.221,1,"SNX13"
0.00132961632842547,-0.424796317474523,0.163,0.279,1,"DCP2"
0.00366930097732162,-0.424756398223084,0.336,0.468,1,"MSL1"
0.00357430233981556,0.424655916442829,0.719,0.727,1,"PAIP2"
0.04684170219273,-0.424609360005156,0.104,0.162,1,"CLUH"
0.61633147678346,0.424425361763827,0.174,0.169,1,"UFSP2"
0.401930495461333,0.424278480917143,0.227,0.208,1,"ZNF280D"
0.00206838970488578,-0.424260973971585,0.317,0.468,1,"SMAD2"
0.0109004261546726,-0.424181909661581,0.166,0.26,1,"NKIRAS2"
0.0330749377047796,-0.424062185823601,0.144,0.214,1,"CCNB1IP1"
0.189672485211404,0.424060355764091,0.221,0.182,1,"GMFB"
0.0158820101187427,-0.423943918992716,0.133,0.214,1,"KPNA3"
0.837328362133938,0.423399594401084,0.351,0.403,1,"GALNT6"
0.0182502373893381,-0.423384767028044,0.142,0.221,1,"LTO1"
0.156398843431243,0.423230783593047,0.267,0.227,1,"DNAJB14"
0.794467274922258,0.423229767284127,0.281,0.299,1,"GABPB1-IT1"
0.125114697540092,0.422969873504331,0.359,0.318,1,"CHD9"
0.376289148483099,0.422433802473674,0.281,0.26,1,"C1orf131"
0.00613046985014697,-0.422329463549466,0.202,0.312,1,"SCAF1"
0.0335744165907354,-0.422286516885036,0.15,0.221,1,"FAM126B"
0.00478384665549449,-0.422262732821906,0.216,0.331,1,"ABL2"
0.0382670455467714,-0.421627470139609,0.122,0.188,1,"SMARCD1"
0.00848317772743992,-0.421604681236907,0.291,0.409,1,"DNAJA2"
0.754169343192131,0.421497662885382,0.27,0.279,1,"GMPS"
0.0027255429309373,-0.421496183605147,0.23,0.357,1,"FDX1"
0.0140605412041064,0.421397314066309,0.661,0.643,1,"ATP6V1E1"
0.618032346568361,0.421220358764588,0.194,0.188,1,"ATF2"
0.00619563756970536,0.421119547989859,0.675,0.649,1,"CAPZB"
0.447722784911602,0.421093120794384,0.448,0.487,1,"MRPL37"
0.0397160404860795,-0.420901789715654,0.179,0.253,1,"PLPPR2"
0.00164037911283159,-0.420605289441577,0.385,0.526,1,"REL"
0.692204890825882,0.420579520525261,0.173,0.201,1,"RPP30"
0.00213741420423932,-0.420336767506866,0.345,0.494,1,"SAMD4B"
9.54597234382022e-05,0.420293962634427,0.788,0.721,1,"ALKBH7"
0.81255566496186,0.420198926184587,0.137,0.136,1,"AC007325.4"
0.0129592754011509,-0.420157621144166,0.261,0.37,1,"BOP1"
0.744059662534855,0.420076027724783,0.263,0.273,1,"MPPE1"
0.80876430454703,0.419886632877391,0.275,0.318,1,"POLR2A"
0.0498628999378769,0.419868329791178,0.598,0.604,1,"IAH1"
0.9793717386867,0.419675245314649,0.105,0.11,1,"TTLL1"
0.0924091876376526,-0.419566823589422,0.145,0.201,1,"THRA"
0.317136990424798,0.419522501467497,0.158,0.13,1,"PTPN6"
0.00333544467976438,-0.419507104078074,0.662,0.805,1,"HDLBP"
0.123421498597494,0.419337753510515,0.543,0.532,1,"SERINC1"
0.913782149359854,0.419161781671514,0.223,0.234,1,"FRS2"
0.453487911300244,0.419111190956886,0.137,0.117,1,"SHFL"
0.632159899328798,0.418707975820204,0.187,0.175,1,"NUP42"
0.00314630456326682,-0.418567721899523,0.137,0.24,1,"BNIP2"
0.901024566015416,0.418466656235043,0.312,0.357,1,"RPS6KB1"
0.560854474811077,0.418449265416657,0.262,0.26,1,"MAN1B1"
0.730758770818222,0.418161739564036,0.233,0.234,1,"IREB2"
0.931717961519885,0.418015058843946,0.174,0.188,1,"FAM114A2"
5.66046114837905e-05,-0.417958641595699,0.325,0.526,1,"RRP7A"
7.03020798545033e-05,0.417819284641498,0.888,0.844,1,"PRDX6"
0.00768193425130498,-0.417810078498299,0.117,0.201,1,"CCDC125"
0.0785864745023773,-0.41770829300499,0.124,0.182,1,"ARHGAP12"
0.000368159031550909,0.417686561902957,0.864,0.812,1,"PAFAH1B3"
0.381637838281673,0.417630260818666,0.405,0.403,1,"ZNF587"
0.383371353441458,0.417599552704527,0.199,0.175,1,"RGS14"
0.572798157669085,0.41742784817491,0.437,0.468,1,"DCAF8"
0.0198375036960957,0.417225259676178,0.515,0.461,1,"RAB11B"
0.774206927248623,0.41721039281451,0.194,0.195,1,"CRAT"
0.240001817819472,0.41720741751646,0.38,0.364,1,"PIGF"
0.679886905594851,0.417005090823013,0.143,0.136,1,"ESRP2"
0.246992348267105,0.416774298834492,0.269,0.24,1,"AAGAB"
0.759043895267967,0.416773019265577,0.103,0.097,1,"COPG2"
0.235123791734178,0.416723349010621,0.23,0.195,1,"RABEPK"
0.627335747421685,0.416598513953463,0.319,0.338,1,"RPF1"
0.0552181151492702,-0.416591015350646,0.07,0.117,1,"LINC00847"
0.534316850307476,0.41658178319015,0.17,0.156,1,"GTF2H2"
0.877885522478659,0.416550323432918,0.263,0.279,1,"PRPF38A"
0.97646173852866,0.416413150739955,0.17,0.182,1,"DDAH1"
0.0731380663677448,-0.416342381593031,0.131,0.188,1,"METTL6"
0.0299055012951343,0.416331216267795,0.619,0.604,1,"MRPL9"
0.00170119463660406,0.41631230157693,0.785,0.779,1,"PSMB7"
0.919525751637292,0.416233486120782,0.2,0.208,1,"GLMP"
0.13871188160743,0.416201767764442,0.126,0.084,1,"PIK3IP1"
0.0052268564246515,0.416125986646965,0.882,0.857,1,"RHOB"
0.132278952714263,0.416114674633608,0.554,0.591,1,"PSMA3"
0.125443119022659,0.416022315798471,0.564,0.584,1,"SRSF6"
0.119224756753764,0.416014905338014,0.184,0.26,1,"ITPRID2"
0.0177184105552996,-0.415960282818946,0.106,0.175,1,"TRIP4"
0.690427947396166,0.415904683143402,0.15,0.143,1,"UBN2"
0.215234835125028,-0.41574143079089,0.125,0.162,1,"POFUT2"
0.778602440103289,0.415612902120346,0.198,0.201,1,"TIA1"
0.662630933020131,0.415576494980539,0.317,0.331,1,"USP22"
0.00264842181630859,-0.415500875024879,0.389,0.532,1,"IRF7"
0.000324473096433542,0.415350184618643,0.981,0.994,1,"H2AJ"
0.37157252286,0.415217471127318,0.345,0.331,1,"NSD1"
0.00024809200763478,0.415122225285917,0.836,0.818,1,"SF3B5"
0.00331130893855521,-0.415112733235887,0.233,0.357,1,"TRIM56"
0.00205744031590316,0.415063413709714,0.771,0.74,1,"MRPS21"
0.0955607502623695,-0.414845224978832,0.106,0.156,1,"SETD1B"
0.0455480485236442,-0.414776382800995,0.607,0.675,1,"SLC3A2"
0.414259663642048,0.414464665289709,0.125,0.104,1,"BBS2"
0.0399009084000319,0.414099966728445,0.625,0.643,1,"GAMT"
0.00496293124914383,-0.414096104027857,0.211,0.325,1,"SETD2"
0.024517980229561,-0.413918456521656,0.073,0.13,1,"GK"
0.77972770590202,0.413879004162435,0.227,0.26,1,"ATP8B1"
0.00210371497236468,-0.413878208015992,0.621,0.727,1,"SRP19"
0.111743748050177,-0.413713523421085,0.109,0.156,1,"UGGT2"
0.239693082951904,-0.413623728555895,0.081,0.11,1,"MAN1B1-DT"
0.0232105545124269,-0.413611354576728,0.278,0.37,1,"TNIP2"
0.440725655964487,0.413227283471406,0.26,0.247,1,"OGFOD3"
0.0554878661527709,-0.412961248740044,0.335,0.422,1,"DDOST"
0.603690711700989,0.412940305354896,0.097,0.117,1,"PRDM4"
0.0178671014766673,-0.412855530918524,0.14,0.221,1,"NUDT19"
0.000939350959470782,-0.412852223769975,0.278,0.435,1,"KPNA6"
0.130081387599202,-0.412838039762416,0.084,0.123,1,"ANKRD42"
0.000253461975834769,-0.412674236903085,0.406,0.597,1,"MRPL28"
0.283130615814153,-0.412548059628778,0.078,0.104,1,"CCDC191"
0.313753285023038,0.412400049080227,0.284,0.26,1,"TIMM23"
7.85453446883095e-05,0.412347770888201,0.981,0.994,1,"COX7C"
0.0640813902501863,-0.4120632450974,0.082,0.13,1,"IPP"
0.000143818941473865,-0.411830634609471,0.556,0.727,1,"LSM14A"
7.28774263868106e-05,-0.411609272786176,0.378,0.571,1,"RALA"
0.117743712215585,0.411590538727664,0.454,0.422,1,"WAC"
0.0259014228354649,0.411381148306365,0.604,0.578,1,"TMC4"
0.226640582444502,-0.411286040744011,0.096,0.13,1,"AC092803.1"
0.3089797670201,-0.411084452726773,0.109,0.136,1,"MRM3"
0.134246670125742,0.411052326761676,0.381,0.357,1,"LAMTOR3"
0.00628772830419663,-0.411033985517749,0.25,0.364,1,"NTAN1"
0.0597153056988995,-0.410929220447033,0.145,0.208,1,"NOP14"
0.0350586588559097,-0.410915452483407,0.163,0.24,1,"B4GALT4"
4.62598435436918e-05,-0.410540801399873,0.876,0.942,1,"ARL6IP1"
0.0511817934414344,-0.410372971079239,0.136,0.201,1,"P4HA2"
0.0596698646224805,-0.410341980795017,0.061,0.104,1,"NGEF"
0.00174536134275653,-0.410307260094403,0.42,0.578,1,"YTHDF2"
4.73536640433345e-05,0.410298836280865,0.958,0.974,1,"NDUFB4"
0.606963772194429,0.410170059123778,0.247,0.24,1,"TMPO"
0.000958204562597814,-0.410101183480168,0.418,0.571,1,"NTMT1"
0.48750972673288,0.409977867053055,0.199,0.182,1,"COMMD8"
0.00294841026184207,-0.409964271813381,0.18,0.292,1,"ECE1"
0.000267223692456592,-0.409767678380185,0.444,0.643,1,"ATP6V0D1"
0.676788113419949,0.409495391492208,0.106,0.097,1,"CTPS1"
0.245959923947475,0.409475639793638,0.458,0.468,1,"MRPS28"
0.844645247058038,0.409162559055992,0.221,0.227,1,"PET117"
0.675603203226275,0.409091317083508,0.178,0.169,1,"MAT2B"
0.236542450371785,0.408863856771145,0.502,0.539,1,"CUEDC2"
0.00368661925506664,-0.408772871764124,0.327,0.474,1,"ZC3H13"
0.946461114083847,0.408750818022867,0.151,0.156,1,"OPA3"
0.597279357201532,0.408737443099464,0.196,0.188,1,"KLHL12"
0.14474132112496,0.408669736610069,0.489,0.474,1,"PRKRA"
0.727543905303763,0.408610252716683,0.109,0.123,1,"SLC5A6"
0.781197681691889,0.408354624796289,0.206,0.234,1,"EIF2B3"
0.505272945162313,0.408276801848706,0.364,0.37,1,"C14orf119"
0.514483321162922,0.408158119807207,0.101,0.123,1,"LRRC57"
0.0675863578557634,-0.408113660141037,0.18,0.247,1,"DGAT1"
0.0744163359593735,-0.40795176552454,0.068,0.11,1,"EEF1AKMT3"
0.550491131097933,0.407697871811269,0.296,0.292,1,"GAK"
0.374146091418878,0.40751493373159,0.209,0.182,1,"FCMR"
0.0223933651440161,-0.407379552309766,0.171,0.253,1,"NFYA"
0.86533989309029,0.407015334323578,0.211,0.221,1,"MCAT"
0.0124291701837046,0.40666890267333,0.763,0.799,1,"LUC7L3"
0.699985461239395,0.406609302078918,0.221,0.221,1,"KMT5B"
0.0841696383421663,0.405924786024198,0.582,0.604,1,"SELENBP1"
0.787509810782543,0.405880305524709,0.207,0.208,1,"QPRT"
0.0115379077738953,-0.405677909336295,0.271,0.377,1,"PCGF2"
0.404349717518866,-0.405530118160786,0.089,0.11,1,"SMAD3"
0.00314966091529312,-0.40529295053378,0.171,0.286,1,"ZPR1"
0.807551484043348,0.404687111888514,0.408,0.5,1,"ZNF830"
0.997904759913803,0.404675715822022,0.189,0.201,1,"SMAGP"
0.0195833981589983,-0.404436131896029,0.228,0.325,1,"FBRS"
5.60864499221624e-05,-0.404429613161342,0.593,0.786,1,"TMEM208"
0.000201468060677955,-0.40441319504979,0.297,0.481,1,"MTUS1"
0.130549893833851,-0.404391660139786,0.127,0.175,1,"PAK1"
0.0692765601902372,-0.40432141407137,0.088,0.136,1,"ZNF317"
0.0213610029650181,-0.404194438871823,0.179,0.266,1,"KMT5A"
0.793585686337646,0.404059597560892,0.106,0.104,1,"NDUFAF5"
0.0299625350941542,-0.404055844984537,0.294,0.39,1,"SIPA1"
0.778974398863835,0.403975085167945,0.158,0.156,1,"PGM2"
0.315516200647305,0.40375987279203,0.138,0.11,1,"POLH"
0.306693192979021,0.403675197134769,0.42,0.409,1,"MRPS18C"
0.266557795699581,0.403539005996151,0.4,0.409,1,"RUVBL2"
0.0114271522587569,-0.40353509573678,0.096,0.169,1,"ATAD3A"
0.00284155012326841,-0.403522733877093,0.118,0.214,1,"EVI5"
0.000297436045834623,0.402808003128045,0.782,0.786,1,"NDUFC1"
0.000252657061942161,-0.402762169767751,0.196,0.344,1,"DEF8"
0.892299204196758,0.402720175820684,0.343,0.383,1,"BRAF"
0.0217043518298374,-0.402382507167073,0.213,0.312,1,"DEXI"
0.255095080673562,-0.402296463470655,0.196,0.24,1,"A4GALT"
0.0286251157813838,0.402249227751944,0.605,0.617,1,"CMC1"
0.0017540362109231,-0.402203030062189,0.248,0.39,1,"PRKDC"
0.000731703977513331,0.401851935011203,0.77,0.721,1,"ATP5IF1"
0.430830580695354,0.401801548798698,0.118,0.097,1,"AC044849.1"
0.514940587402493,0.401590710265681,0.165,0.149,1,"CYBRD1"
0.506441346833546,0.401531176312287,0.186,0.169,1,"TMEM186"
0.675962519650684,0.401499615815708,0.106,0.097,1,"MRPL39"
0.437517958305292,0.401067842180738,0.656,0.721,1,"CCND1"
0.590692274181589,0.401063248882361,0.205,0.195,1,"SLC25A10"
0.627999121274721,0.401021519763298,0.577,0.649,1,"BPTF"
0.02957684213888,0.401008401951452,0.503,0.461,1,"TAF15"
0.00269879582260671,-0.400947861276154,0.401,0.532,1,"C6orf132"
0.0238148979698295,-0.400818785887811,0.269,0.37,1,"RHOV"
0.971751007061918,0.400795612930153,0.105,0.11,1,"U2AF1"
0.00548536603542943,-0.400671903535283,0.168,0.273,1,"UBE3C"
0.00111914298465592,0.4006536350831,0.947,0.948,1,"DDX5"
0.396312258041106,0.400560005578472,0.146,0.123,1,"ARMC6"
0.346017332337762,0.400389796702003,0.188,0.162,1,"C12orf76"
0.0694478695605778,-0.400141170634753,0.45,0.539,1,"CRELD2"
0.562617489834055,0.400091870629725,0.091,0.11,1,"EXOG"
0.585937294043686,0.400068180184677,0.159,0.149,1,"SMYD3"
0.230119729994573,0.400022062418369,0.326,0.292,1,"ASL"
0.00333843243281014,-0.399975182364932,0.196,0.312,1,"DOHH"
0.000874729911658364,-0.39989267433894,0.38,0.558,1,"CRB3"
0.691219833256554,0.399736944620346,0.228,0.227,1,"AGGF1"
0.00291430058638595,-0.39966405030214,0.323,0.474,1,"STK24"
0.155231309455706,0.399069566727328,0.153,0.11,1,"GCHFR"
0.0272061171404587,-0.398990107580482,0.198,0.286,1,"VAT1"
0.282195575108475,-0.398987478703927,0.985,0.994,1,"UBC"
0.00732981267182801,0.398436946522861,0.787,0.766,1,"HIGD2A"
0.0352391239131105,0.398359467853828,0.506,0.442,1,"PDZD11"
0.000218806111705081,0.398344419210214,0.761,0.74,1,"EGR1"
0.0850690853549352,-0.398234003260369,0.16,0.221,1,"ZNF7"
0.0249626544206485,-0.397796922426733,0.135,0.208,1,"CDC42BPB"
0.0365946814677926,-0.397663817821905,0.209,0.292,1,"SMAD7"
0.269906110536316,0.397635740718107,0.315,0.292,1,"P2RX4"
0.000186355165370309,0.396966236627126,0.823,0.779,1,"SNRPG"
0.510628905141529,0.396901556303808,0.158,0.143,1,"GPKOW"
0.488037872682647,0.396876063359224,0.108,0.091,1,"ZNF766"
0.0228637811239426,-0.396858402619201,0.18,0.266,1,"RAB35"
0.415509351938481,-0.396618085491744,0.084,0.104,1,"MYH14"
0.13476348987009,-0.396443877093414,0.106,0.149,1,"UBTD1"
0.0977554726948945,-0.396310723440452,0.076,0.117,1,"GCH1"
0.707141566218697,0.396275183327769,0.218,0.221,1,"FAM241B"
0.00110870728030133,-0.395711170419121,0.587,0.747,1,"DDX21"
0.0171738920965064,0.395569827659553,0.667,0.649,1,"TRAPPC6A"
0.355951520648204,0.39528030401959,0.249,0.234,1,"C12orf73"
0.00857679466606319,-0.395099416208605,0.194,0.299,1,"TAF6"
0.522812230748263,0.395053670700361,0.192,0.175,1,"RRM1"
0.000463500001604619,-0.394892924214381,0.392,0.597,1,"ATF6"
0.494785013215719,0.394880351759915,0.147,0.13,1,"SLC35A1"
0.00318792453476245,-0.394603436783464,0.368,0.513,1,"TMEM50B"
0.00720852431155443,-0.394476959153472,0.275,0.396,1,"DCP1A"
0.0148646997010723,-0.394334299352707,0.158,0.247,1,"BOK"
0.000512687938578039,-0.394289921887624,0.283,0.448,1,"CBX4"
0.51680447042796,0.393952632127473,0.159,0.143,1,"ODF2"
0.111220743667475,-0.393935859059634,0.236,0.299,1,"ANO10"
0.00826018464189017,-0.393681538410171,0.07,0.136,1,"AF117829.1"
0.000117087630547094,-0.393655243499583,0.427,0.636,1,"BAX"
0.322607464722584,0.393490426507753,0.412,0.422,1,"ETFRF1"
0.112262604691908,-0.393323024940706,0.13,0.182,1,"WASL-DT"
0.0196509646336941,-0.393232882560016,0.085,0.149,1,"CCDC157"
2.76980288131266e-05,-0.393108760246003,0.77,0.903,1,"SRSF9"
0.00119838274699665,-0.393054309341892,0.192,0.325,1,"PTPN11"
0.0279377408212829,-0.392972694478433,0.171,0.253,1,"ZNF121"
0.289600830835176,0.392572151419829,0.177,0.149,1,"LYRM7"
0.853249524656202,0.392419637339895,0.199,0.221,1,"FKBP2"
0.990488848729955,0.392382621069864,0.204,0.214,1,"SMIM1"
0.00209463732034792,-0.392266045371933,0.11,0.208,1,"LMBR1L"
0.0809834598585562,-0.392246900656034,0.089,0.136,1,"ZNF668"
0.00902567060139393,-0.392105929768621,0.592,0.701,1,"HCFC1R1"
0.000120120718717731,-0.391942453438166,0.315,0.513,1,"PAFAH1B1"
0.257326134765454,0.391789542029567,0.402,0.383,1,"GOT2"
0.00146336449915929,-0.391532947130892,0.591,0.74,1,"CDK2AP2"
0.000133957279632193,-0.391371788841591,0.683,0.831,1,"TTC3"
0.0107575883846171,0.391098309582794,0.655,0.649,1,"NAPA"
0.0453908253690186,-0.391039546577998,0.13,0.195,1,"SCRIB"
0.792048576142896,0.390794722273478,0.127,0.123,1,"LINC02245"
0.143036607519226,-0.390692957827905,0.144,0.195,1,"PDS5B"
0.163453703262685,-0.390550203228194,0.253,0.305,1,"PIGQ"
0.293106284316523,0.390464409396888,0.478,0.481,1,"CFAP36"
0.0157485567559019,0.390394052724973,0.609,0.578,1,"ANAPC13"
0.729221007547785,0.390227124704479,0.204,0.201,1,"ARL6IP6"
0.837287838662984,0.390108128855,0.394,0.435,1,"MAT2A"
0.778470065836118,0.38994644060821,0.15,0.169,1,"ALDH18A1"
0.433458999471239,0.389794841330929,0.229,0.208,1,"CDK10"
0.358921776000918,0.389715900914881,0.244,0.221,1,"LDLRAD3"
0.327622222378792,-0.389282746798757,0.084,0.11,1,"ANKFY1"
0.0155645467620971,-0.389225110614167,0.381,0.513,1,"RING1"
0.0179542649292824,-0.389081488170217,0.154,0.24,1,"FAM122A"
0.0470306124375705,-0.389006614045556,0.255,0.351,1,"SEMA4B"
0.00823398327363841,-0.388931905675684,0.112,0.195,1,"CSNK2A2"
0.541500918094594,0.388881616325709,0.105,0.091,1,"PPP1R21"
0.384119909338703,0.388823511924252,0.34,0.338,1,"PSME3IP1"
0.209705800014712,0.388787384448908,0.549,0.578,1,"POLD2"
0.357820344759627,0.38875509635436,0.301,0.286,1,"POLR3H"
0.0280437630560879,-0.388669152080146,0.124,0.195,1,"RAD54L2"
0.00028308954360162,-0.388538967238334,0.501,0.662,1,"SEC31A"
0.161458718529143,0.388425480421901,0.108,0.071,1,"LATS1"
0.776872897233566,0.38829294596446,0.194,0.195,1,"DPH5"
0.00493728819020978,-0.388245085329822,0.242,0.37,1,"KCNS3"
0.000317932153715347,0.387813827625019,0.851,0.812,1,"SF3B6"
0.37918936986162,0.387650942042671,0.327,0.325,1,"AFDN"
0.00399388320543933,0.387607122695878,0.729,0.721,1,"NAA38"
0.0227497040831249,-0.387510237501705,0.159,0.24,1,"DYRK1A"
0.250710381053423,0.387434575315398,0.202,0.169,1,"TRPM4"
4.54656996351228e-05,-0.387229043473067,0.589,0.799,1,"GOLGB1"
0.198908284979648,0.386941913394297,0.545,0.539,1,"PLEKHJ1"
0.00416050527820606,-0.386904404403751,0.443,0.578,1,"TSSC4"
0.000239390568414873,-0.386779121117152,0.53,0.727,1,"SLC39A1"
0.0273987747101054,0.386511055269626,0.678,0.708,1,"BSCL2"
0.607040895699438,-0.386507766690595,0.108,0.123,1,"AGPAT5"
0.247997444023512,0.386492326416215,0.416,0.396,1,"REXO2"
0.0913649784973091,-0.38619890261604,0.112,0.162,1,"PGAM5"
0.0791043464028377,0.38610729985039,0.496,0.701,1,"MGST1"
0.763055423658194,0.385799914793296,0.257,0.26,1,"PTRH2"
0.660151771828362,0.38579682165939,0.378,0.403,1,"DBNL"
0.207546417904063,0.385494682332241,0.316,0.286,1,"TMEM120A"
0.164557457542351,-0.385418069829498,0.098,0.136,1,"PPP2R5D"
0.177844825045481,0.385374274453442,0.194,0.149,1,"STRADA"
0.140610674499304,0.385071262523204,0.412,0.383,1,"ZNF652"
0.555410621457708,-0.384712417978808,0.127,0.143,1,"POLB"
0.0112343485304874,0.38466511336578,0.616,0.558,1,"CISD2"
0.0255980125728113,-0.384626228783854,0.139,0.214,1,"DHX16"
0.487441280255559,0.384482465802637,0.12,0.149,1,"PHF21A"
0.458795456789989,0.38445356682733,0.297,0.286,1,"PEX19"
0.808210823823067,0.384340166383638,0.246,0.253,1,"NFYB"
0.484438282152228,0.384024435534384,0.122,0.104,1,"BRAP"
0.0049753049095458,-0.384022098205622,0.409,0.552,1,"SCNM1"
0.62497789211984,0.383844196984104,0.236,0.234,1,"SEL1L"
0.963365939066033,0.383489856170468,0.482,0.545,1,"KRR1"
0.727757417921658,0.383425412647931,0.104,0.097,1,"MPV17L2"
0.325330164725096,0.383227631467577,0.399,0.39,1,"FBXL15"
0.0654113378519989,-0.383082011334886,0.208,0.279,1,"UBFD1"
0.7653360860044,0.382923851559104,0.251,0.26,1,"AKIP1"
0.0163434278404336,-0.382766517659301,0.34,0.455,1,"DNAJB2"
0.66095157585926,0.382734206321267,0.126,0.117,1,"USP46"
0.591812680978174,0.382663327694666,0.218,0.208,1,"RGS11"
0.360145224615832,0.382621690183894,0.263,0.247,1,"PAQR4"
0.0476558410041789,-0.382599468184535,0.115,0.175,1,"CNKSR1"
0.0603732113306909,-0.382562174937944,0.485,0.584,1,"CTSA"
0.000726597107172834,-0.382286280763439,0.668,0.805,1,"ZNHIT1"
0.000666822871964316,0.382129694798957,0.784,0.747,1,"FIS1"
0.130696031288659,-0.382090110420533,0.084,0.123,1,"HGD"
0.951595148601672,0.38166852766039,0.113,0.117,1,"ABR"
0.00202157740209427,-0.3815606841486,0.306,0.455,1,"CRK"
0.0817611282424447,-0.381432773175552,0.195,0.266,1,"TFAP2C"
0.669615635108484,0.381274473418687,0.303,0.305,1,"RELL1"
0.164883325849812,0.380988628087939,0.63,0.695,1,"TMEM50A"
0.00331746083049891,0.380827758034001,0.779,0.786,1,"MRPL24"
0.197481357676368,0.38081131640432,0.481,0.481,1,"C20orf27"
0.00335949457822363,-0.380636570672387,0.568,0.721,1,"CAMLG"
0.130429915686934,0.380509643549097,0.509,0.487,1,"AIMP1"
0.37178445746043,-0.380262023262149,0.124,0.149,1,"CLPX"
0.468427322788564,0.38021169768338,0.422,0.455,1,"QARS1"
0.118988898555,-0.380008734337313,0.094,0.136,1,"ZZEF1"
0.824551528863052,0.379902200044871,0.208,0.234,1,"RBM10"
0.513018725246912,0.379630903206457,0.101,0.084,1,"AC026979.2"
0.0309619150001776,-0.379359806645507,0.227,0.312,1,"NAA25"
0.195978904820322,0.379355421707379,0.247,0.201,1,"CLASRP"
0.000165181846756818,-0.379081314895035,0.653,0.76,1,"METRN"
0.53170728681488,-0.379041731734849,0.088,0.104,1,"SEC24B"
0.591967246461966,0.378990361655605,0.344,0.364,1,"POLE3"
0.576972440767531,0.378912583065631,0.117,0.104,1,"DCAKD"
0.226527189346302,-0.378773575761533,0.119,0.156,1,"MIEF1"
0.33052712985858,0.378714673946841,0.346,0.331,1,"SMARCA2"
5.68404607161529e-05,-0.378701648944726,0.612,0.87,1,"S100P"
0.758549141588754,0.378664161846892,0.181,0.182,1,"TRAPPC12"
0.0490408736396353,-0.378436463661346,0.11,0.169,1,"INO80D"
0.780524655373246,0.378377520326674,0.145,0.143,1,"WDSUB1"
0.422629634552813,-0.378117250578961,0.109,0.13,1,"TNIK"
0.405783368788639,0.37790810116041,0.214,0.195,1,"RCAN3"
0.0487077345045471,-0.377648148614624,0.269,0.364,1,"GNL2"
0.0279850388740029,-0.377323721937399,0.261,0.357,1,"SHMT2"
0.029956408832741,-0.377284317887542,0.145,0.221,1,"ITPRIPL2"
0.00779676460084771,-0.377255282244452,0.212,0.325,1,"COP1"
0.0448692046179547,-0.377254064002626,0.125,0.188,1,"DHX38"
0.000629267485205136,-0.377141300000817,0.579,0.753,1,"RAP1B"
0.759355081908583,0.377018538253464,0.221,0.221,1,"CAPN8"
0.388053270276082,0.377017701235224,0.12,0.097,1,"ZNF687"
0.00962149287062043,-0.376971106975213,0.185,0.286,1,"STRN3"
0.401976074209939,0.376721105624648,0.159,0.136,1,"RFT1"
0.0411625323231184,0.376644289727378,0.454,0.409,1,"IFT27"
0.0442723820369026,-0.376535719798877,0.104,0.162,1,"TMPRSS3"
0.659115467787524,0.376209184662656,0.106,0.123,1,"MGAT4A"
0.705369837358767,0.37608784953785,0.331,0.344,1,"ASXL1"
0.14033766123465,-0.375974533061719,0.09,0.13,1,"C16orf70"
0.00410592099918033,-0.375908203575848,0.115,0.208,1,"EHD2"
0.000189002585178495,-0.37584953078728,0.763,0.89,1,"PSMB3"
0.858726415062435,0.375812640695151,0.202,0.208,1,"TMEM185A"
0.0480612598952909,-0.375526442070712,0.137,0.201,1,"TESK1"
0.0654536021718204,-0.375461770829967,0.146,0.208,1,"KCTD13"
0.00363435598055023,-0.375269626702513,0.471,0.61,1,"WNK1"
0.0162917136481892,-0.375231676788752,0.323,0.429,1,"TNRC6A"
0.652769975849666,0.375182212195322,0.184,0.175,1,"NFX1"
0.426152900843902,0.375044903051696,0.265,0.247,1,"ISYNA1"
0.0232471385086148,0.374889062315285,0.718,0.747,1,"TIMM17A"
0.998854561457496,0.374718451757989,0.101,0.104,1,"FKBP15"
0.0421619635922979,0.374718394897061,0.863,0.896,1,"VDAC2"
0.964297821401855,0.374498598564831,0.558,0.643,1,"RAP1A"
0.0186982604115929,-0.374483323863354,0.071,0.13,1,"NSMF"
0.528830080027249,0.374283284597036,0.173,0.156,1,"FRYL"
0.165654866953561,0.374241396868705,0.522,0.539,1,"GGPS1"
0.0400011232484577,-0.374212367453205,0.113,0.175,1,"ZNF567"
0.557280215855074,0.374147220526467,0.178,0.162,1,"PAPSS1"
0.0190118778665068,-0.374082719821531,0.225,0.325,1,"ZFAND2B"
0.710165927695487,0.373976596755177,0.198,0.195,1,"GNPTAB"
0.298863497233541,0.373862424155505,0.412,0.403,1,"AR"
0.0937338312340947,-0.373724051572208,0.106,0.156,1,"KIAA1328"
0.986721623078527,0.373522222710291,0.16,0.169,1,"RNF170"
0.0331725137843085,-0.373411456369181,0.213,0.299,1,"PSPC1"
0.827743353524661,0.373213285608894,0.138,0.136,1,"GPN1"
0.929989356408657,0.373200296532044,0.132,0.136,1,"EGR2"
0.28638310273438,-0.373050048167662,0.112,0.143,1,"UPF1"
0.0187818708035768,-0.373044153217434,0.08,0.143,1,"SLC26A2"
0.197342621002073,0.372977433501126,0.189,0.149,1,"LRP11"
0.00393087735447494,-0.372826207772466,0.552,0.688,1,"JOSD2"
0.0461737375188806,-0.372535599333956,0.14,0.208,1,"ELK1"
0.0239527898720414,0.372519582695456,0.668,0.63,1,"ECHS1"
0.947269585667741,0.372454278445931,0.317,0.344,1,"SNRPA"
0.104181297359645,-0.372452847938655,0.115,0.162,1,"TEX30"
0.684845703897334,0.372318570753465,0.236,0.234,1,"PPM1J"
0.00241267153922393,-0.372252896697087,0.277,0.416,1,"AP1S2"
6.50582266872361e-05,-0.372061491314842,0.752,0.896,1,"KDELR2"
0.767094954246175,0.371961563511488,0.188,0.188,1,"MCOLN1"
0.0039023966750559,0.371859549710857,0.92,0.929,1,"C11orf58"
0.022567951364411,-0.371743168114364,0.202,0.292,1,"MYCBP2"
0.935653780901132,0.371705193994301,0.139,0.149,1,"POLM"
0.638378383271174,0.371703711028251,0.099,0.117,1,"SYCP2"
0.026467401763797,-0.371601596143571,0.199,0.279,1,"DDX41"
0.000972949890355851,-0.371600596616942,0.787,0.909,1,"EZR"
0.0427488326395543,-0.371577451239389,0.504,0.604,1,"PSMD7"
0.000817737565340561,-0.371501896664651,0.471,0.649,1,"GLRX3"
0.0544646492174148,-0.370826239983974,0.246,0.325,1,"ACACA"
0.000300922643067898,0.370697005175947,0.894,0.896,1,"SEC62"
0.00360292950622823,-0.370531381468675,0.185,0.299,1,"C1orf198"
0.31315815627248,0.370419168362039,0.736,0.792,1,"SMS"
0.44254549206743,0.370397447669204,0.323,0.312,1,"SDHAF2"
0.043219220292975,0.370392792777727,0.599,0.545,1,"ETFA"
0.0313654004633879,-0.369916629291436,0.309,0.416,1,"SNRNP200"
0.0111246747446828,-0.369861777569487,0.559,0.708,1,"SCAF11"
0.477950893274655,0.36980165489767,0.216,0.201,1,"ZMIZ1"
0.796858046929484,0.369418097416115,0.12,0.117,1,"OGFOD1"
0.0570142915767975,-0.369391893223067,0.117,0.175,1,"FAM131A"
0.630167999689268,0.369348395395729,0.212,0.201,1,"XPNPEP3"
0.453032165882125,0.369340377255779,0.164,0.143,1,"B9D2"
0.324597953401974,-0.369306154757278,0.115,0.143,1,"ABL1"
0.575621383832336,0.369257063608932,0.338,0.344,1,"MRPL49"
0.322027797644498,0.369242759386653,0.47,0.494,1,"PIGX"
9.78388724615784e-05,0.369195717302537,0.841,0.805,1,"MRPL55"
0.0110386392955189,-0.368788462423626,0.687,0.786,1,"EFNA1"
0.00202445064856064,-0.368659873679887,0.505,0.656,1,"HSF1"
0.138168389095296,0.368634169247624,0.195,0.149,1,"MIA2"
0.77772458058212,0.368500695645327,0.156,0.175,1,"METTL21A"
0.199203191436758,0.368466689378314,0.556,0.591,1,"CDK5RAP3"
0.772223633211222,0.368169826598872,0.213,0.214,1,"IQGAP2"
0.082138987015248,0.36807088556841,0.483,0.442,1,"MGST2"
0.564787103271905,0.367873815999436,0.302,0.305,1,"NPEPL1"
0.0207190748206711,0.367677625077611,0.685,0.695,1,"REX1BD"
0.0282734577956836,0.367667428735658,0.694,0.74,1,"EIF3I"
0.0672121965246049,-0.367564485093841,0.124,0.182,1,"C2orf49"
0.781066202824014,0.367492618346144,0.108,0.104,1,"REXO1"
0.677490151347065,0.367450503572393,0.135,0.156,1,"ZDHHC21"
0.445663054997586,0.36744195221045,0.476,0.513,1,"DDX18"
4.73926807128088e-05,0.36742267780713,0.964,0.974,1,"TOMM7"
0.395987844284748,0.367327379176019,0.458,0.468,1,"POGZ"
0.175687128769006,0.367280885330556,0.558,0.578,1,"ABHD11"
0.00011658415770926,0.367258200949273,0.881,0.883,1,"NAXE"
0.048562654517135,-0.367123020638735,0.247,0.338,1,"B4GALT7"
0.00294415678134814,-0.367030833202912,0.367,0.513,1,"SLU7"
0.617170588844667,0.367000403139339,0.261,0.26,1,"SLC29A1"
0.430184204158352,0.366752847475984,0.117,0.097,1,"LMNTD2"
0.00019308546367562,-0.366735190868784,0.57,0.747,1,"BRI3"
0.889485884262238,0.366721236018461,0.24,0.266,1,"KIF3A"
0.214052268227562,0.366691838485353,0.153,0.117,1,"STIMATE"
0.000228147959835133,0.36668356761731,0.896,0.896,1,"PTGES3"
0.0852273523443486,-0.366678749251787,0.179,0.24,1,"GLB1"
0.195568662515588,-0.366398487938136,0.077,0.11,1,"ZNF623"
0.641694909435311,0.366373039241344,0.156,0.182,1,"CHKA"
0.00211077863179957,-0.366266844766585,0.304,0.448,1,"KIAA1522"
0.0827101970763817,-0.366232359061769,0.133,0.188,1,"TNFAIP2"
0.00800272281359176,-0.36614133068265,0.492,0.617,1,"RAB5A"
0.288876136381546,0.366044930310428,0.345,0.325,1,"BCKDHA"
0.00867899845498413,0.365785951226954,0.608,0.565,1,"AMZ2"
0.530194627099882,0.365779176685766,0.595,0.649,1,"LDLR"
0.598074677034535,0.365749639570111,0.27,0.266,1,"MTERF2"
0.066587526063021,0.365680480937398,0.639,0.649,1,"MRPS33"
0.189150991891008,0.365474299952436,0.506,0.487,1,"STXBP2"
0.00180083323898861,-0.365324576157625,0.396,0.545,1,"POLR2C"
0.0596485905869746,-0.365266153815627,0.133,0.195,1,"AC097376.3"
0.000242540393766939,0.365258607862017,0.42,0.273,1,"BATF"
0.00193684822074826,0.365125153922253,0.774,0.734,1,"ATP6AP1"
0.795571091409992,0.365082447479772,0.317,0.331,1,"MVP"
0.970127217530428,0.365020361006292,0.102,0.104,1,"CADPS2"
0.744883250926445,0.364997259466651,0.156,0.149,1,"EXOC5"
0.000480819893608392,0.364837682353313,0.91,0.909,1,"COX17"
0.961793160646952,0.364560798366359,0.215,0.227,1,"ENPP1"
0.0940108636764491,-0.36451454292886,0.08,0.123,1,"CRAMP1"
0.491671807673019,0.36451101715411,0.513,0.545,1,"BCLAF1"
0.672684718542901,0.364391187624878,0.244,0.286,1,"CCDC106"
0.584536878453683,0.364197022136533,0.202,0.24,1,"MFSD5"
0.0437436736055369,0.364108301342855,0.206,0.143,1,"KCNMA1"
0.898131378239589,0.363984180440315,0.144,0.156,1,"ZNF875"
0.682865106277134,0.363768250818294,0.204,0.201,1,"UCP2"
0.0172665906752289,-0.3637379759068,0.276,0.383,1,"PCYOX1"
0.0508442503149797,0.363546026074588,0.587,0.539,1,"NR2F6"
0.558402340526243,0.363518351697951,0.179,0.214,1,"AP3B1"
0.419721018822164,0.363468709496741,0.269,0.247,1,"ERAL1"
0.222514018099615,0.36320746651377,0.391,0.37,1,"IFT43"
0.104688341663604,0.363057883217465,0.423,0.383,1,"DCAF7"
0.0229978601828873,-0.363020032154942,0.351,0.474,1,"LARP1"
0.254176030648733,-0.362942258240714,0.082,0.11,1,"GALNS"
0.171968763689744,-0.362841295041146,0.11,0.149,1,"ACSF3"
0.994902508026545,0.362837894027765,0.119,0.123,1,"MED7"
0.964085850199142,0.362781744284266,0.146,0.156,1,"DNAJC24"
0.394665759083355,0.362771085589273,0.164,0.143,1,"PHTF2"
0.0488776141363719,-0.362761993794466,0.089,0.143,1,"CTBP1-DT"
0.0318828118767521,0.362725351630086,0.654,0.63,1,"CISD3"
0.498579383692257,0.362272920606809,0.411,0.429,1,"RXYLT1"
0.0710764037440994,-0.362155812637657,0.218,0.292,1,"DPF2"
0.745899950378628,0.36210255409648,0.104,0.117,1,"GCFC2"
0.671209744661415,0.36203464142038,0.178,0.208,1,"PKP4"
0.0713270193114568,0.361909911804115,0.712,0.734,1,"TBCB"
0.0903674682181722,-0.361854037091047,0.175,0.234,1,"NUP98"
0.00352752774908313,-0.361847738742382,0.254,0.39,1,"KIAA1143"
0.204037762338373,0.361810561396231,0.697,0.753,1,"FCGRT"
0.947203885527149,0.36179439022509,0.509,0.591,1,"ISG15"
0.00265990559073353,-0.361734539759885,0.139,0.247,1,"RNF44"
0.177839184865228,-0.361723287547997,0.07,0.104,1,"RPUSD4"
0.00347121460835872,-0.361613587918351,0.418,0.558,1,"ATP1B3"
0.0232026967791429,-0.361381897793073,0.133,0.208,1,"PAN3"
0.730522967752858,0.361273974196758,0.294,0.305,1,"ICAM3"
0.373263449501555,0.361074811902615,0.467,0.591,1,"FASN"
0.467616170160561,0.360847496420958,0.168,0.149,1,"DRG2"
0.184759805728222,0.360760567099315,0.163,0.123,1,"AP5S1"
0.0808878841534391,-0.360643219313288,0.137,0.195,1,"PRPF18"
0.0199752540678187,-0.360398069471192,0.446,0.565,1,"MKRN1"
0.830707383181378,0.360286659215143,0.243,0.253,1,"ADSL"
0.00141623364224333,-0.36025577328753,0.373,0.539,1,"AIP"
0.673508121761963,0.360065827858455,0.126,0.117,1,"DDHD2"
0.100967608808671,-0.359938800293874,0.123,0.175,1,"LIMK2"
0.00758006299530275,-0.359763390863148,0.262,0.383,1,"TRAF7"
0.0146807134033807,-0.359635695401542,0.253,0.351,1,"CCDC18-AS1"
0.00484555830665141,-0.35949688696114,0.285,0.422,1,"EMC8"
0.465890322541034,0.359354211745385,0.195,0.175,1,"ALG8"
0.0728207030506739,-0.359295112384529,0.068,0.11,1,"AMOT"
0.71863725901812,0.359262710165734,0.274,0.279,1,"APEH"
0.000320113297306697,-0.359230037469765,0.517,0.721,1,"STAU1"
0.110742855889071,0.359219584250581,0.35,0.312,1,"HSPA6"
0.0160709131346451,-0.359121221445833,0.322,0.435,1,"LUC7L"
5.69522708899315e-05,0.358934810311512,0.987,0.961,1,"FXYD3"
0.9725819149132,0.35884083038003,0.161,0.169,1,"PCIF1"
0.0112725005977991,-0.358837024560189,0.374,0.513,1,"TRMT10C"
0.724335216049098,0.358632157879484,0.229,0.227,1,"INIP"
0.760555773990721,0.358543519952154,0.35,0.422,1,"MYOF"
0.941802723903647,0.358508502909599,0.139,0.143,1,"NPM3"
0.00385456401383094,-0.35833644860101,0.101,0.188,1,"ZFP62"
0.0930247174759013,-0.358072297033045,0.123,0.175,1,"GTF2H4"
0.0991320296732576,-0.358021704013444,0.118,0.169,1,"TUT7"
0.536172683007461,0.357987360031417,0.152,0.136,1,"WDR5"
0.22373851910788,-0.357916284271952,0.085,0.117,1,"ERLIN1"
0.000639695095337188,-0.357900223954854,0.458,0.643,1,"LEPROT"
0.00469071654945667,-0.357869706622249,0.434,0.591,1,"EBPL"
0.197836436665525,-0.357853159624452,0.129,0.169,1,"SMG5"
0.00436527138193144,-0.357741331138499,0.475,0.636,1,"SEPTIN9"
0.00787067775471781,-0.357590495569366,0.182,0.286,1,"ZNF720"
0.00249752894587597,-0.357234849364297,0.182,0.305,1,"NISCH"
0.00111569247845012,0.357215138118792,0.801,0.812,1,"DUSP1"
0.321947009396192,0.357069777785706,0.182,0.156,1,"SYBU"
0.200151067553132,-0.35691989478078,0.088,0.123,1,"BCR"
0.866673471881877,0.356800187627502,0.167,0.169,1,"STXBP3"
0.281743072781214,0.356772504651014,0.186,0.156,1,"ACP2"
0.00396645184824177,-0.356768902132293,0.201,0.318,1,"CCNK"
0.00925542854613756,-0.35666385022118,0.356,0.481,1,"SMARCC1"
0.292641619847179,0.356607943343277,0.105,0.143,1,"FBXO46"
0.0105282266561441,-0.356517297534035,0.175,0.273,1,"RAPH1"
0.588888068687371,0.356487392152264,0.329,0.338,1,"MRPL2"
0.0138371999260678,-0.356396337065817,0.126,0.208,1,"SPATA2L"
0.0346964413958848,-0.356213174146921,0.164,0.24,1,"UBR2"
0.00551227656525978,-0.356124854169771,0.26,0.383,1,"KAT5"
0.0255642810227156,-0.356098842099024,0.553,0.662,1,"PNRC1"
0.659605539268737,0.356038129164172,0.135,0.156,1,"LARP6"
0.60966451998144,0.355971836034312,0.132,0.156,1,"MID2"
0.150953352451889,-0.355771661504551,0.091,0.13,1,"NPHP3"
0.000515984602850727,0.355766504920284,0.888,0.883,1,"SDHC"
0.0131445149785956,-0.355556116229935,0.316,0.429,1,"TAF11"
0.0118102483561445,-0.355358072857877,0.058,0.117,1,"RAPGEF1"
0.0045873078355704,-0.355310634487535,0.289,0.429,1,"ARFGEF3"
0.5817013930501,0.35521562633565,0.705,0.766,1,"TIMP1"
0.00626798761862234,-0.354659679931883,0.57,0.727,1,"PPP1CB"
0.0384981323603543,0.35451929405259,0.67,0.649,1,"SRSF1"
0.00476840698626048,0.35433320757987,0.757,0.708,1,"TOMM5"
0.473847923334707,0.354320107755558,0.113,0.143,1,"SMG9"
0.498013613781325,0.354234807901496,0.292,0.286,1,"ZNF131"
0.00829393805163708,-0.354124624484082,0.471,0.591,1,"SLC39A7"
0.547394262183047,0.354104258434355,0.152,0.136,1,"UNG"
0.857915146768362,0.354092895700425,0.143,0.143,1,"OLFM1"
0.239227716220078,-0.354061046033629,0.097,0.13,1,"TMEM209"
0.0712290069382088,-0.354000150676313,0.523,0.656,1,"HOXB2"
0.420735661124548,0.353765070994892,0.332,0.325,1,"TSC2"
0.0227138279136749,-0.353579177729304,0.108,0.175,1,"GLI3"
0.0207136425165104,0.353313831165281,0.232,0.149,1,"PLAT"
0.000929696124628449,-0.353189159747807,0.347,0.526,1,"MAPK1IP1L"
0.876861906548998,0.353187812690663,0.144,0.156,1,"WDR11"
0.999373967914889,0.353110866405329,0.124,0.13,1,"KIN"
0.852064578422107,0.35299421350932,0.199,0.201,1,"ARHGAP32"
0.0611822521449187,-0.352954930794513,0.108,0.162,1,"FAAP100"
0.682443313852519,0.352816190564776,0.096,0.11,1,"COG3"
0.00169013722560825,0.35254243673213,0.861,0.87,1,"CD151"
0.00366493066649897,-0.352528274805421,0.411,0.558,1,"PPA2"
0.156755289764427,0.352317338491984,0.446,0.429,1,"CHPT1"
0.0128975077442297,-0.352139220434255,0.144,0.234,1,"KLHL36"
0.00310927106493879,0.352030954064276,0.815,0.844,1,"MRPL20"
0.000219957929318161,-0.351849690483987,0.201,0.357,1,"STK3"
0.0270680562595177,-0.351667718969305,0.139,0.214,1,"TCOF1"
0.0023304128120392,0.35166273847816,0.842,0.864,1,"RHOC"
0.00387445638330431,-0.351424238418693,0.457,0.63,1,"UBE2R2"
0.0722748247203418,0.351361587688652,0.752,0.786,1,"PPIG"
0.44210824161525,0.3510472748672,0.152,0.13,1,"TCAIM"
0.42501756667717,0.350949707840008,0.375,0.39,1,"PPP1R35"
0.697715382972802,0.350816099860341,0.212,0.208,1,"LYSMD2"
0.027595301160974,-0.350667105713572,0.153,0.234,1,"FBXW11"
0.675865267387283,0.350634351344484,0.219,0.214,1,"THEM4"
0.0409965993433703,-0.350617534010456,0.226,0.312,1,"CRTC3"
0.993333454787739,0.350588911492357,0.257,0.286,1,"MPDU1"
0.597478934954969,0.350422276363086,0.473,0.5,1,"RETREG2"
0.00678489974684066,0.350376806297117,0.779,0.74,1,"SNRPD1"
0.000326034338558388,-0.350273267858314,0.284,0.455,1,"SLC39A11"
0.467831750372944,0.350175457853236,0.209,0.188,1,"CLGN"
0.615448039880005,0.349907177692696,0.215,0.208,1,"RAB3D"
0.624405862362339,0.349829967409922,0.132,0.156,1,"MBD5"
0.00785631105430276,-0.349763425792476,0.178,0.279,1,"DNAJC25"
0.138433104747177,0.349648619830684,0.567,0.591,1,"GRHPR"
0.639490574461981,0.349635972487857,0.101,0.091,1,"ZNF254"
0.230958941542527,0.349483448630393,0.196,0.162,1,"ERLIN2"
0.00212664741691615,-0.349298184106069,0.117,0.214,1,"NF2"
0.0677280952511371,-0.349270360831702,0.085,0.136,1,"FAM219A"
0.720168111590434,0.349119686660396,0.115,0.13,1,"KLHDC8B"
0.00596105168260704,0.349115781763905,0.863,0.87,1,"CCT3"
0.172845000040726,-0.349063348247534,0.156,0.201,1,"TMEM150A"
0.0099600134108961,0.349050911356986,0.829,0.844,1,"HNRNPF"
0.0763545087903823,-0.348972648921176,0.142,0.201,1,"WASHC1"
0.546648515140821,0.348844489354213,0.218,0.201,1,"PPP3CB"
0.952250906115588,0.348796372557939,0.215,0.221,1,"SLC16A6"
0.0025683664444666,-0.348469390735286,0.178,0.299,1,"HIPK1"
0.116285696063841,-0.348411423685639,0.103,0.149,1,"UBE2O"
0.181265315969851,-0.348162428529398,0.094,0.13,1,"MADD"
0.511484160918639,0.348134585913202,0.481,0.506,1,"SNRPA1"
0.543670160572809,-0.348101567558077,0.089,0.104,1,"GPCPD1"
0.0423230209466286,-0.348101315752828,0.28,0.377,1,"C12orf45"
0.000195285967538909,-0.34793913472027,0.414,0.617,1,"SH3GLB1"
0.30630451992933,0.347873243099752,0.138,0.11,1,"DHTKD1"
0.271696492049459,-0.347605312177316,0.106,0.136,1,"HMGN5"
0.0683965296556438,-0.347563414285987,0.146,0.208,1,"DSTYK"
0.316312001331649,0.347527968993944,0.267,0.24,1,"SFXN4"
0.364894870548955,0.347498931172857,0.18,0.227,1,"GIHCG"
0.0223087420737308,0.347307094972478,0.719,0.727,1,"ZG16B"
0.0255235261008013,-0.347289329775083,0.189,0.279,1,"PDE12"
0.91013081433529,0.347277453943342,0.356,0.403,1,"EIF2S1"
0.864410451492583,0.347212305675002,0.214,0.221,1,"EOLA2"
0.00215906870997557,-0.347183842951266,0.386,0.545,1,"DHRSX"
0.560115337174111,0.347102291217552,0.196,0.182,1,"THOC3"
0.0542931527582451,0.347018208146181,0.65,0.669,1,"MRPS14"
0.00458422820259584,-0.3468553023996,0.329,0.481,1,"SLC35B2"
0.567083780493303,0.346439113855583,0.156,0.143,1,"UNC93B1"
0.431535080387955,0.346317605036697,0.508,0.545,1,"COA8"
0.0699520078953614,0.346263908343882,0.719,0.773,1,"EIF3L"
0.230680571552299,0.346188787540746,0.588,0.636,1,"PAIP1"
4.77865382359827e-05,-0.346130520311938,0.161,0.318,1,"PPP6R1"
0.531299334723711,0.346040518183786,0.125,0.11,1,"C9orf64"
0.422347505934805,0.346003886064819,0.342,0.331,1,"BAMBI"
0.27054951280886,-0.345895174401521,0.184,0.221,1,"BET1L"
0.0691689098141153,-0.345771217932946,0.168,0.234,1,"MCUB"
0.0722170515155788,-0.345763693698371,0.187,0.26,1,"VEGFB"
0.674728042765551,0.34543171257138,0.204,0.201,1,"PITPNA-AS1"
0.934165168240997,0.345373738626847,0.218,0.227,1,"UBAC1"
0.0202213488812033,-0.345353691169085,0.261,0.364,1,"MIR4458HG"
0.102400225743419,-0.345317150417995,0.187,0.253,1,"UNK"
0.037812712121783,-0.345106370168526,0.201,0.286,1,"CNOT1"
0.741598267123825,0.345094451309527,0.091,0.104,1,"SLC30A6"
0.382756408325466,0.344899017213077,0.543,0.558,1,"ING2"
0.19844798424213,0.344881885701278,0.421,0.403,1,"PAICS"
0.025364822004383,-0.344822880647781,0.106,0.175,1,"GATD1"
0.0303190331709037,-0.344780198362706,0.13,0.201,1,"UTP4"
0.0775300478028163,0.344771075316646,0.333,0.273,1,"VAPB"
0.0721833127498266,-0.344760516324527,0.168,0.234,1,"POLR3C"
0.713596046110186,0.344743927130212,0.297,0.305,1,"CRELD1"
0.235671199240543,-0.344540656659513,0.147,0.188,1,"TIMM8A"
0.592164221151317,0.344378923190334,0.175,0.208,1,"STAT2"
0.0101641947819268,-0.344313595913357,0.218,0.325,1,"PCSK7"
0.136458973055607,-0.344218076663475,0.074,0.11,1,"CTU2"
0.675181068957292,0.343934864781583,0.322,0.325,1,"PEX16"
0.919525121178771,0.343610017837695,0.517,0.636,1,"PKIB"
0.0936552830987895,0.343554404930506,0.611,0.623,1,"OS9"
0.00581279609685479,0.343531959000208,0.785,0.805,1,"SELENOP"
0.594668287602644,0.343324245197991,0.29,0.292,1,"EDEM3"
0.0721711746897149,0.343323969937982,0.737,0.792,1,"RANBP1"
0.644141016947604,0.34320495583718,0.133,0.123,1,"KHNYN"
0.0176803149798247,-0.343138707788292,0.89,0.942,1,"PKM"
0.0940203589182396,-0.342923768906741,0.075,0.117,1,"GPSM2"
0.584388635241469,0.342832964913458,0.246,0.292,1,"BEX2"
0.0276624613515559,-0.342713343073213,0.18,0.266,1,"CARS1"
0.010419610328793,-0.342559033367295,0.674,0.786,1,"VKORC1"
0.107698848159302,-0.342507180931017,0.175,0.234,1,"DCTN4"
0.0238642836318151,-0.342445623813881,0.273,0.383,1,"GPR137"
0.062480366108988,0.342349658583331,0.744,0.786,1,"RNF181"
0.55694315023898,0.342088549387465,0.395,0.416,1,"NDUFAF2"
0.252200886659965,0.342076032890633,0.449,0.435,1,"NFE2L1"
0.604985430988117,0.34207309348899,0.297,0.299,1,"GBF1"
0.00849014397352584,-0.341958477633598,0.189,0.292,1,"KLHL24"
0.0497860514236842,-0.341809163317665,0.211,0.292,1,"SEC24D"
0.116372453844748,0.34170632162948,0.595,0.61,1,"BUD23"
0.700468267541734,-0.34157060081766,0.545,0.571,1,"MT2A"
3.131093657864e-05,-0.341496456919286,0.995,0.994,1,"MT-ND5"
0.724874927502396,0.341432044292783,0.478,0.532,1,"EPRS1"
0.374977926662325,0.341297445487177,0.435,0.435,1,"M6PR"
0.269915004232603,0.34099844781215,0.201,0.169,1,"HTT"
0.358496341427768,0.340861062104777,0.122,0.156,1,"ADGRL1"
0.344740660216112,0.340592136617266,0.153,0.123,1,"SNX11"
0.101375229642503,-0.340477031530872,0.102,0.149,1,"ZC3H4"
0.000420923556171614,-0.340464216351654,0.201,0.351,1,"ODF2L"
0.0160346473184456,-0.340415485215657,0.26,0.364,1,"CFLAR"
0.824539294058009,0.340044450601602,0.361,0.409,1,"SMC3"
0.0569165583505471,-0.339964208294419,0.297,0.383,1,"SGTA"
0.696163854815778,0.339952211770105,0.205,0.201,1,"MAD1L1"
0.000781539277965065,-0.339942858849442,0.209,0.351,1,"TLN1"
0.0122046466261449,-0.339926874714095,0.435,0.552,1,"DEDD2"
0.00641546035156449,-0.339882900408468,0.263,0.39,1,"SLK"
0.0176222590914255,-0.339812447136174,0.135,0.214,1,"SETD6"
0.139771692708778,0.339677300080126,0.643,0.675,1,"ARMCX3"
0.535238999863805,0.339617498122865,0.138,0.123,1,"PPP1R8"
0.081875697929534,-0.339509191000446,0.147,0.208,1,"MARCHF9"
0.00011118621992123,-0.339493553247602,0.632,0.792,1,"RBIS"
0.0299771995089302,-0.339224694608375,0.23,0.325,1,"GALNT11"
0.700010268994043,0.339142576536242,0.139,0.13,1,"GIGYF1"
0.222860964831133,0.339051069517823,0.595,0.617,1,"MARCHF6"
0.946560214546877,0.338875264313669,0.29,0.312,1,"ZNF655"
0.0649269190469377,-0.338669067979167,0.062,0.104,1,"TRMT61B"
0.842685763336976,0.338571234254926,0.209,0.214,1,"TMEM185B"
0.00138455766562542,-0.338475362689877,0.404,0.571,1,"TMEM33"
0.629940618497408,0.338464536779115,0.501,0.571,1,"DHPS"
0.0759852511095142,-0.338409798567429,0.103,0.156,1,"FAM160B2"
0.0122537232242319,0.338395223369511,0.737,0.779,1,"PIGT"
0.000289656939879608,-0.338356397102583,0.449,0.649,1,"MOB1A"
0.657449838445218,0.338345609085651,0.111,0.13,1,"UHRF2"
0.140555870448703,0.338127512778565,0.228,0.182,1,"FGD3"
0.0162205137516901,0.33787291654458,0.726,0.714,1,"C1QBP"
0.836435318636339,0.337853111942649,0.163,0.162,1,"SCRN1"
0.546530376992277,0.337748462699918,0.382,0.39,1,"BCAS2"
0.150907715446886,-0.337624904754912,0.075,0.11,1,"MMS19"
0.0317519711035611,-0.337597668235248,0.229,0.325,1,"CEBPZ"
0.000986408771823427,-0.337587674950067,0.434,0.61,1,"ETNK1"
0.0136074356589643,-0.337582247835981,0.495,0.623,1,"OFD1"
0.325644131804889,0.337566318427974,0.116,0.091,1,"LPIN3"
0.823557771192655,0.337493130355605,0.175,0.175,1,"SPG11"
0.00682662010173376,-0.337216892296856,0.129,0.221,1,"PYROXD1"
0.969148067431308,0.337014231327157,0.16,0.169,1,"HNRNPA1P48"
0.00709239772293062,-0.336989111428691,0.337,0.474,1,"RAB21"
0.0593320673854015,0.336956904152615,0.719,0.766,1,"NQO1"
0.269169813025835,-0.336887593592849,0.127,0.162,1,"CPT1A"
0.080691492120448,-0.336768081702025,0.136,0.195,1,"PLBD2"
0.968469918413065,0.336730091901943,0.191,0.201,1,"SEC23IP"
0.0112271916747747,-0.336428456053628,0.156,0.247,1,"DBN1"
0.625145169617539,0.33641451957821,0.173,0.201,1,"DIMT1"
0.562432214769751,-0.336349230369733,0.105,0.123,1,"SND1-IT1"
0.908794223727671,0.3363214684761,0.393,0.448,1,"EXOSC5"
0.215487791184684,-0.336273836583707,0.117,0.156,1,"HOXC11"
0.859023942684172,0.336215119982135,0.421,0.455,1,"DDX42"
0.529814846612301,0.336110842744229,0.311,0.299,1,"FAM98C"
0.0610211182108437,0.335997868985395,0.727,0.714,1,"TUBA1A"
0.0093305705535052,-0.335963109113433,0.325,0.435,1,"KDSR"
0.731780549095905,0.335914943138712,0.179,0.175,1,"SEC23A"
0.863172912201666,0.335839851477753,0.143,0.156,1,"BDH2"
0.116987156344394,0.33579853494899,0.547,0.565,1,"ELAPOR1"
0.905895725202661,0.335784674064538,0.349,0.377,1,"INTS11"
0.00581244574046101,-0.335505988445043,0.168,0.273,1,"FOXP4"
0.0555056692664951,-0.335440316945831,0.127,0.188,1,"PARD6G-AS1"
0.016749022792151,-0.335257742005611,0.178,0.273,1,"VIRMA"
0.751187086214478,0.335129140792094,0.167,0.188,1,"NVL"
0.000277347391849045,-0.334975219320336,0.779,0.883,1,"RAB7A"
0.156199106890707,-0.334959626128797,0.106,0.149,1,"ZNF140"
0.00194045291784271,-0.334909847588485,0.268,0.416,1,"FBXO3"
0.66525818925223,0.334880582616138,0.175,0.169,1,"RANGRF"
0.479494988801253,0.334721732667148,0.518,0.565,1,"C1D"
0.944837645448163,0.334686367164022,0.261,0.292,1,"C2orf76"
0.564962755272399,0.334638737665397,0.305,0.292,1,"TMEM192"
0.147065960024435,0.334323661919757,0.643,0.649,1,"MCTS1"
0.0187399156594188,-0.334297785706783,0.144,0.227,1,"CCM2"
0.00790480108377653,-0.334245394217939,0.58,0.701,1,"RALY"
0.048939099852191,-0.334237671101703,0.13,0.195,1,"TBC1D8"
0.800696262611756,0.334065149871841,0.29,0.299,1,"SKA2"
6.32968565100218e-05,0.333912645984926,0.91,0.883,1,"TSPO"
0.0354731506727203,-0.333713456277335,0.212,0.305,1,"ABI1"
0.107553286309002,-0.333608375805881,0.187,0.247,1,"TPRA1"
0.378423684480604,0.333312841576433,0.464,0.494,1,"SMIM30"
0.0143503726753589,0.333186751448312,0.75,0.721,1,"UXT"
0.778365349511683,0.333167696024972,0.142,0.136,1,"DHRS13"
0.793963680888989,0.333125809279533,0.163,0.162,1,"ABTB1"
0.571510590945158,0.333077515705562,0.131,0.117,1,"IQCG"
0.374255984336946,0.332852057298459,0.277,0.357,1,"MCRS1"
0.0548916819054602,-0.332847517507475,0.08,0.13,1,"DDX28"
0.000628524077177834,-0.332504662814614,0.297,0.461,1,"HELZ"
0.00371744584835953,-0.332426912542915,0.317,0.461,1,"SIRT2"
0.013678761525944,0.332412518152922,0.823,0.818,1,"NGRN"
0.62766447276795,0.33238796550284,0.105,0.123,1,"SETDB1"
0.00327609931544616,-0.332112919949568,0.249,0.377,1,"TNPO1"
0.00848997810681648,0.332026837190877,0.855,0.896,1,"ZFP36"
0.130798334538562,-0.331974960835377,0.073,0.11,1,"GMEB2"
0.652478944886756,0.331772665262779,0.189,0.182,1,"ZNF692"
0.0910391528567614,-0.331664238232969,0.132,0.188,1,"STK11"
0.169880116108618,0.33165510742439,0.6,0.61,1,"ATP6V1D"
0.010464020889584,-0.331559120657683,0.315,0.448,1,"HADH"
0.98134643165706,0.331489656206426,0.165,0.175,1,"TGIF2"
0.282368943095677,0.331467841320273,0.559,0.578,1,"DCTN2"
0.460813643525624,0.331382684344245,0.103,0.13,1,"PHKG1"
0.0382858887563744,-0.331359500173093,0.25,0.338,1,"CWC27"
0.280351817612892,0.331258693378848,0.122,0.162,1,"ALOX12-AS1"
0.108659590444238,-0.331076040765647,0.119,0.169,1,"KDM3A"
0.836319513703957,0.330931738983958,0.17,0.169,1,"ZSCAN16-AS1"
0.410198338354051,0.330806379922208,0.422,0.422,1,"MAPK13"
0.0526771411153831,-0.330744723691396,0.099,0.156,1,"ANKZF1"
0.975313816533629,0.330743552418326,0.166,0.175,1,"GS1-124K5.4"
0.0834976340765565,-0.330566563115561,0.229,0.299,1,"ESRRA"
0.586530362332212,0.330477906464355,0.295,0.286,1,"HEXA"
0.000192423094384885,0.330389171774165,0.676,0.604,1,"SNHG25"
0.301718719814992,0.330378063643666,0.237,0.208,1,"EMC9"
0.806473153702362,0.330359624938002,0.206,0.208,1,"CCDC127"
0.0365852138375904,-0.330191459087408,0.412,0.519,1,"CACUL1"
0.000635997689706929,0.329992131688936,0.84,0.844,1,"MRPL41"
0.00357737901792584,-0.329907219610506,0.539,0.688,1,"PSMD11"
0.514756597112608,0.329844277558025,0.112,0.097,1,"PIGU"
0.171213099964038,0.329814134553498,0.592,0.643,1,"SHARPIN"
0.669955335884624,0.329757446236799,0.364,0.377,1,"SLC25A1"
0.0084235402670101,-0.329738380513218,0.306,0.435,1,"BLZF1"
0.0484786482439673,-0.329565373958091,0.074,0.123,1,"ZNF526"
0.753293534754602,0.329524577272298,0.392,0.416,1,"AP2A1"
0.0376177590666034,-0.329471589422992,0.331,0.442,1,"PRRC2A"
0.593775807855782,0.329458027193093,0.205,0.24,1,"NECAP2"
0.0911095563970284,-0.329352353709425,0.174,0.234,1,"ATXN3"
0.361743562779153,0.328961361622347,0.177,0.149,1,"FRAT2"
0.360006713666927,0.32872850203774,0.233,0.208,1,"ARFRP1"
0.0536128175252506,-0.328727081280426,0.084,0.136,1,"IMPA1"
0.179788658676834,0.328571811521752,0.439,0.435,1,"ORMDL1"
0.155675579803173,0.328480599667538,0.518,0.519,1,"MFF"
0.114724127365387,-0.328358004705789,0.153,0.208,1,"MIB1"
0.752008454652017,0.328308328350775,0.191,0.188,1,"UBE2D4"
0.54420881834492,0.32830113510214,0.509,0.578,1,"MACF1"
0.994709196154225,0.328270965252883,0.12,0.123,1,"NUP107"
0.314334204054858,-0.328241897628134,0.143,0.175,1,"TARS3"
0.855096570345046,0.328140957732399,0.28,0.318,1,"EIF2AK4"
0.762934821940223,0.328069553126191,0.251,0.26,1,"NPRL3"
0.612087668302778,0.328061639159938,0.335,0.331,1,"TARS1"
0.564483792495084,0.327879616885479,0.287,0.286,1,"UBA3"
0.175079230493891,-0.327723331401875,0.077,0.11,1,"AC097448.1"
0.0506179263295658,-0.327678736442945,0.115,0.175,1,"NFKB2"
0.00312480399838216,-0.327518609629306,0.416,0.571,1,"PPP1R12A"
0.036646630029383,-0.32725913497159,0.311,0.416,1,"PURA"
0.174436959759023,-0.327244232870713,0.082,0.117,1,"FAM160B1"
0.000515135442510052,-0.327188480727811,0.563,0.786,1,"ITM2B"
0.00238209250103162,-0.327033748946109,0.302,0.448,1,"FAM53C"
0.565040382842574,0.326973747741334,0.15,0.136,1,"UEVLD"
0.674679786080757,0.326920749227334,0.249,0.247,1,"PRPF8"
0.979147304433387,0.326596917662629,0.271,0.299,1,"LETM1"
0.917627914784889,0.326595168615347,0.136,0.136,1,"LZTS2"
0.0396244567569335,-0.326567441665979,0.127,0.195,1,"ING5"
0.673178532456119,0.326485810519944,0.198,0.195,1,"CCDC66"
0.0518732423279098,-0.326430253129168,0.253,0.331,1,"SMPD1"
0.0360689448481096,-0.326162449095512,0.212,0.299,1,"CYB5R4"
0.00296629489594076,-0.326148589794637,0.415,0.584,1,"LTBP3"
7.72757054164991e-05,0.326087068188552,0.991,0.968,1,"SRP14"
0.732834377031112,0.326079410947038,0.185,0.182,1,"RPP38"
0.283021355131271,0.326034588583131,0.345,0.325,1,"SKAP1"
0.550116921036621,0.325945446575075,0.185,0.169,1,"ANGEL2"
0.00014548561897683,0.325827007545804,0.943,0.942,1,"SRP9"
0.913233336606446,0.32543555868075,0.194,0.208,1,"C1GALT1C1"
0.159546380917457,0.325393662965222,0.415,0.37,1,"OGFR"
0.00468373205635331,-0.325356044666918,0.214,0.331,1,"GOLGA3"
0.0023350940484015,-0.325279058925172,0.595,0.753,1,"NEU1"
0.000269180696543423,-0.325096382822658,0.751,0.883,1,"STUB1"
0.845431271405796,0.324791722842159,0.101,0.097,1,"CCDC30"
0.324689223064624,0.324288599793712,0.297,0.273,1,"CNFN"
0.0447825065422602,0.324204827493585,0.779,0.812,1,"NDFIP1"
0.839090609900213,0.324115558936049,0.136,0.149,1,"PUS1"
0.00646538015363789,-0.32402570256214,0.352,0.481,1,"BFAR"
0.000156116359908952,-0.323906322815977,0.806,0.903,1,"SRRM2"
0.29152782285218,0.323757719492752,0.139,0.182,1,"ZZZ3"
0.013558944647621,-0.323746496674776,0.551,0.682,1,"PRSS8"
0.934989976919069,0.323503502364499,0.201,0.208,1,"LAS1L"
0.00573161271656566,-0.323493516416538,0.189,0.299,1,"MED24"
0.0431963965469118,-0.323493498116334,0.181,0.26,1,"YES1"
0.00992186242015916,-0.323460673012917,0.56,0.701,1,"ZNF593"
0.0737975746862115,-0.323394681942871,0.181,0.247,1,"KCTD5"
0.0190970501849405,0.323309410635359,0.777,0.825,1,"PSMD4"
0.257655180725254,0.323270658392292,0.274,0.24,1,"RXRA"
0.0696480919963885,-0.323270333044511,0.076,0.123,1,"PHKA1"
0.000173728401280885,-0.323197390666218,0.711,0.877,1,"AHNAK"
0.0325124601974166,-0.323100568253793,0.367,0.487,1,"C8orf33"
0.576870546458133,0.323075281543145,0.137,0.123,1,"ABCF3"
0.0100373676999451,-0.322949729561765,0.386,0.519,1,"MBOAT7"
0.171430279325905,0.322942487433227,0.77,0.818,1,"TUBB"
0.773124608619633,0.322829514803383,0.395,0.474,1,"GUSB"
0.00102822823133739,0.322802516943836,0.978,0.981,1,"UQCRQ"
0.0364858890365096,-0.322662276176006,0.194,0.279,1,"TLK2"
0.00691719115636722,-0.322391120907033,0.349,0.481,1,"RSRC1"
0.993197116972077,0.322347089603186,0.157,0.162,1,"TTC28-AS1"
0.75150515658098,0.322253282839299,0.23,0.266,1,"CLEC11A"
0.0502526877318789,-0.322149489084441,0.181,0.253,1,"SLC11A2"
0.00683425447010655,-0.322048791885476,0.661,0.779,1,"TAPBP"
0.000279869670695676,-0.321879111340665,0.784,0.922,1,"JUND"
0.0210674117986663,-0.321859460082705,0.276,0.383,1,"ANKLE2"
0.00588392590354669,-0.321783611852414,0.168,0.273,1,"HOOK3"
0.141010300464551,0.321733911223316,0.581,0.61,1,"PLD3"
0.000251533669484718,-0.32121104004466,0.621,0.786,1,"MRPL21"
0.436154027326079,0.321128793629914,0.209,0.188,1,"STX18"
0.928283975522197,0.321095608879124,0.28,0.312,1,"MRPL48"
0.00614083942740199,-0.320994043897014,0.276,0.403,1,"SMARCA5"
0.663607270912147,0.320820664175693,0.126,0.117,1,"IMMP2L"
0.0856011250426522,-0.320667219944357,0.074,0.117,1,"KLF11"
0.0238778516156747,0.320662723013283,0.864,0.929,1,"LAMTOR5"
0.0724013013432307,-0.320585789594189,0.202,0.273,1,"SNRNP40"
0.66737633165128,0.320579527507003,0.138,0.13,1,"DNAJC17"
0.00296827001972369,-0.320540637220328,0.289,0.442,1,"NOP16"
0.0227756781152378,-0.320526503906177,0.198,0.286,1,"MTMR14"
0.0233581158439101,-0.320351341056394,0.292,0.403,1,"AGPAT1"
0.561343165237371,0.32023303260497,0.392,0.409,1,"MRPS5"
0.827187142955232,-0.320200950535956,0.099,0.104,1,"RTL8B"
0.126037057662023,0.32018120183695,0.351,0.299,1,"EPC1"
0.113790480679154,0.320159520077976,0.165,0.117,1,"TMEM120B"
0.989650785209455,0.320111354133151,0.402,0.455,1,"C5orf15"
0.0348507766776644,0.319962023050652,0.883,0.89,1,"HSPA8"
0.128288157176397,-0.319787087563329,0.105,0.149,1,"EDC3"
0.00171317493762365,-0.319633332999514,0.451,0.61,1,"CSNK2A1"
0.647378904835387,0.319318845513544,0.237,0.247,1,"MVD"
0.10396351442504,-0.31928384075734,0.106,0.156,1,"XRN1"
0.00592050498808142,-0.31923562122169,0.269,0.39,1,"KDM5A"
0.796753806950606,0.319116029140601,0.153,0.149,1,"RETREG3"
0.0548376102927318,-0.319100468977889,0.161,0.234,1,"PLOD3"
0.201012163605962,0.319081818496932,0.447,0.422,1,"NELFCD"
0.185826524031278,-0.31889371471135,0.071,0.104,1,"TMEM238"
0.488140445780856,0.318628626010606,0.326,0.325,1,"MED19"
0.934962546195363,0.318586737788213,0.336,0.37,1,"SMIM12"
0.0263534638702105,-0.318354418269918,0.208,0.299,1,"NCK1"
0.247279302459595,0.318282317538247,0.232,0.195,1,"THYN1"
0.682449612918741,-0.318271659532169,0.609,0.688,1,"WFDC2"
0.00241595871754019,-0.318150438774602,0.468,0.643,1,"PEA15"
0.110088392463186,-0.318011061554655,0.152,0.208,1,"SCO1"
0.416941014384227,0.317981113680826,0.344,0.331,1,"ACADSB"
0.832943734536175,0.317894666824284,0.201,0.221,1,"NOL11"
0.598217637713203,0.317857785580785,0.165,0.195,1,"EXT2"
0.63859146330179,0.317849778942392,0.142,0.13,1,"ORAI1"
0.0980915525192037,0.317666162217869,0.508,0.455,1,"AKR7A2"
0.282282852143376,-0.317598861947539,0.161,0.201,1,"LSM14B"
0.0404137822713613,-0.317540803360016,0.156,0.234,1,"RABGEF1"
0.173687788644551,0.317498299110781,0.68,0.734,1,"LRPAP1"
0.512291526046139,0.317484893435222,0.101,0.123,1,"PEX5"
0.00187303494397388,-0.317348459001802,0.456,0.643,1,"NSFL1C"
0.00710173614581748,-0.317309221575025,0.408,0.539,1,"ARF5"
0.0255659206810573,-0.317284715333007,0.269,0.37,1,"DESI2"
0.946426731879342,0.31720348066012,0.099,0.104,1,"SLC7A8"
0.0872721399620969,0.317093134174066,0.571,0.552,1,"MTIF3"
0.155530916737634,-0.317089892694454,0.469,0.552,1,"PLK2"
0.00469244422740274,-0.317051781120599,0.495,0.649,1,"RNF10"
0.00543941922663615,-0.316813693490873,0.517,0.675,1,"EI24"
0.00235251440836487,-0.316738578026039,0.284,0.435,1,"CHCHD7"
0.623479980499879,0.316567205931557,0.182,0.175,1,"IFI35"
0.140035773099081,0.316477972251535,0.143,0.097,1,"MFN2"
0.0129345590665007,-0.316437348307868,0.125,0.208,1,"CADM4"
0.0171738373008432,-0.316421032184498,0.228,0.331,1,"STK19"
0.81500512442081,0.316418362398454,0.278,0.292,1,"DNAJB12"
0.728739272544262,0.316168526956589,0.16,0.182,1,"CERS5"
0.00187647516486199,0.31616208402398,0.906,0.883,1,"SRSF2"
0.0347002793238981,-0.316154393267328,0.099,0.162,1,"UIMC1"
0.677707681958123,0.316043671095279,0.356,0.422,1,"TTC19"
0.175476360601141,-0.315817247483315,0.112,0.156,1,"AMOTL2"
0.866393633598293,0.315369012689431,0.333,0.351,1,"DKC1"
0.879363538149873,0.31535764255682,0.215,0.234,1,"HMBOX1"
0.381163748259018,-0.315112388290732,0.122,0.149,1,"MSH3"
0.597731317300505,0.315018705513081,0.196,0.188,1,"GPC1"
0.389275464875269,0.314840443165019,0.216,0.188,1,"HERC2"
0.085377370689099,-0.314658342152135,0.111,0.162,1,"CEP57"
0.0173257324553284,-0.31465407783061,0.159,0.247,1,"MIGA1"
0.0855440085405784,-0.314632623501525,0.11,0.162,1,"CASP8AP2"
0.0656384922130662,-0.314607910166901,0.081,0.13,1,"P2RY2"
0.409848098825648,-0.314478263815729,0.157,0.182,1,"ZBED1"
0.00333165297525175,-0.314427526335684,0.365,0.513,1,"IFRD2"
0.0535024789473507,-0.314258646284774,0.322,0.422,1,"PATJ"
0.131638269227045,0.314194052984368,0.465,0.435,1,"FAM200B"
0.0026741299934148,-0.314176218053159,0.565,0.753,1,"SEPHS2"
0.540967356060799,0.314096849633674,0.331,0.331,1,"EXOSC1"
0.0125276624756998,0.313979850300325,0.736,0.727,1,"ISCU"
0.113788772279806,0.313954263978541,0.647,0.669,1,"TMEM9"
0.656899993420466,0.313793215391422,0.158,0.182,1,"TOGARAM1"
0.667307197982975,0.313783982500074,0.119,0.11,1,"MED27"
0.824923249702026,0.313666599528645,0.358,0.383,1,"TSN"
0.848691134557826,0.313627204137743,0.278,0.286,1,"DCTN1"
0.0689138434908298,0.313498238159807,0.711,0.76,1,"ASAH1"
0.438824033218101,0.3133572904243,0.294,0.279,1,"UBE2W"
0.0039439336205712,-0.313072756009001,0.37,0.532,1,"ISG20L2"
2.94863286163228e-05,0.313062819909597,0.982,0.974,1,"TXN"
0.455000713000928,0.312786842022862,0.47,0.481,1,"SARS1"
0.000282683760322301,-0.31278412920861,0.712,0.864,1,"JPT1"
0.680748782391459,0.312597378174205,0.108,0.123,1,"GCNT1"
0.921541174088984,0.312103062397753,0.339,0.364,1,"ARID5A"
0.579999841029872,0.311901835909095,0.356,0.37,1,"AZI2"
0.430020510088727,0.311781904274834,0.274,0.253,1,"SNAPC5"
0.502856020689228,0.311777135533551,0.449,0.461,1,"MYG1"
0.00852937732932686,-0.311659617530577,0.622,0.766,1,"SCD"
0.00372864366430945,-0.31161640862967,0.254,0.383,1,"PURB"
0.18914400754581,-0.311540085101343,0.094,0.13,1,"TFIP11"
0.215440506919355,0.31149611769752,0.629,0.669,1,"SLTM"
0.412912799030351,0.311412176095002,0.36,0.344,1,"ZNF444"
0.000774005059645787,-0.311386777627285,0.357,0.545,1,"WDR26"
0.980658094703311,0.311079286609917,0.291,0.312,1,"STAP2"
0.00696097352926052,-0.310727531999608,0.754,0.851,1,"NCL"
0.0317679181781087,0.310618620983229,0.747,0.786,1,"GTF3A"
0.134347895680596,0.310515818075938,0.147,0.104,1,"PCED1A"
0.843525271090399,0.310313585774575,0.108,0.117,1,"CHMP7"
0.376652297692765,0.310194637693384,0.487,0.494,1,"GRB2"
0.413022422801033,0.310010161253873,0.373,0.383,1,"C19orf25"
0.384101163992083,0.30999057068785,0.52,0.539,1,"TRA2A"
0.0546871885960691,-0.309733140372443,0.166,0.24,1,"HERC1"
0.389786307943296,0.309699958122455,0.229,0.214,1,"RALGAPA1"
0.0270399851775966,0.309525169836406,0.732,0.773,1,"DNPH1"
0.153816066326392,0.309377085588353,0.727,0.74,1,"KIF5B"
0.919377804713556,0.309216193000936,0.323,0.364,1,"PITHD1"
0.67021205856526,0.309213154141518,0.421,0.461,1,"NCBP2AS2"
0.586897627620951,0.308952458155457,0.202,0.195,1,"ERICH1"
0.715615679644217,0.308917338641132,0.251,0.253,1,"API5"
0.721816679965062,0.308893055560826,0.204,0.195,1,"TMEM181"
0.0200835565504747,0.308875346855085,0.939,0.968,1,"MORF4L2"
0.00775378540851335,-0.3088454128388,0.249,0.37,1,"RNASEH1"
0.491706931270858,0.308716601289647,0.262,0.247,1,"DGKZ"
0.220731574102301,-0.308531941138871,0.099,0.136,1,"MNX1-AS1"
0.0560768837168216,0.308451041551256,0.76,0.792,1,"SUPT4H1"
0.209672329672388,0.308294623923176,0.644,0.753,1,"PA2G4"
0.0971939448513895,-0.308150330638677,0.315,0.383,1,"SNAP23"
0.770688726244829,0.308030200573139,0.395,0.481,1,"REEP6"
0.956767925202552,0.307889817824437,0.295,0.318,1,"ACOT8"
0.000162131234854518,0.307821492578351,0.985,0.987,1,"ATP6V1G1"
0.670967044094416,0.307680259578247,0.375,0.39,1,"SCAMP2"
0.0347155742308168,-0.307577014342829,0.105,0.169,1,"DIS3"
0.000259132883498564,0.307448391265311,0.93,0.935,1,"NDUFA11"
0.722916065901282,0.307096717221103,0.204,0.234,1,"MKLN1"
0.90059920471866,0.306962267552845,0.227,0.234,1,"MTERF4"
0.891639939128758,0.306959303636236,0.44,0.519,1,"TMEM98"
0.985394059199042,0.306936303535577,0.204,0.214,1,"GOPC"
0.768216798622675,0.30690722421893,0.388,0.409,1,"DDX39A"
0.0192754060359774,-0.306530103421378,0.288,0.39,1,"HECTD1"
0.933010536619193,0.306516904111978,0.325,0.357,1,"TFDP1"
0.0143571855030251,-0.306481889317428,0.509,0.63,1,"CMPK1"
0.0108935265250049,-0.30641332131087,0.36,0.494,1,"ADSS2"
0.00567464583253392,-0.306300432173911,0.684,0.799,1,"PRDX4"
0.698105142678501,0.306288680099067,0.131,0.149,1,"NSD2"
0.00366262363905577,-0.306119298460773,0.184,0.305,1,"LONP1"
0.722669913278196,0.306115068678443,0.294,0.299,1,"LINC00623"
0.56894000122885,0.306006902043897,0.132,0.117,1,"HSD3B7"
0.0813285873959445,-0.305918178057456,0.151,0.214,1,"KDM6A"
0.583130888691466,0.305910167769597,0.378,0.39,1,"MAGOHB"
0.0184700117811256,-0.305754299030892,0.283,0.39,1,"ABCE1"
0.00368802075577822,-0.305517667448228,0.218,0.344,1,"TBC1D20"
0.907385090514,0.30549206583373,0.152,0.162,1,"ABCA3"
0.00646022247478993,-0.305434031249809,0.129,0.221,1,"MSH6"
0.72851343580284,0.305407435647603,0.13,0.149,1,"CSTF1"
0.821854696825845,0.305377982947128,0.16,0.175,1,"CSNK1G3"
0.00212821871968679,0.305298695946892,0.894,0.929,1,"COPE"
0.449215906430892,0.30503300439614,0.329,0.318,1,"ZBTB8OS"
0.657159947599443,0.305018931253663,0.342,0.351,1,"PJA2"
0.0773160502125752,-0.305018008383382,0.177,0.247,1,"CRKL"
0.00169372395753783,0.304993179488769,0.919,0.929,1,"NENF"
0.0176901012118839,-0.304972587129708,0.392,0.513,1,"CSNK1E"
0.0214251668890917,-0.304850948502484,0.482,0.61,1,"PHIP"
0.640060910665779,0.304790737536264,0.484,0.519,1,"CCDC47"
0.258742300297794,0.304481615970203,0.611,0.63,1,"NIPSNAP2"
0.0843222216364175,-0.304479028465224,0.277,0.37,1,"UBR5"
0.0461485988231203,-0.304410507429635,0.294,0.383,1,"IFT57"
0.516697497574917,0.304399986876026,0.241,0.227,1,"ZGPAT"
0.00260988932593051,0.304392234994078,0.794,0.831,1,"PHB"
0.00448043125793805,0.304313061842078,0.753,0.766,1,"NDUFAF8"
0.748758947670613,0.304286140482794,0.14,0.156,1,"LINC00513"
0.0771570242222843,-0.304063448271634,0.256,0.331,1,"LSM6"
0.591720348374691,0.304012285020119,0.295,0.351,1,"CCDC25"
0.496278837663238,0.303936489442231,0.127,0.156,1,"RBM41"
0.107400212210915,-0.30354574092251,0.085,0.13,1,"GGACT"
0.654238986419449,0.303512996395956,0.115,0.104,1,"CKMT1B"
0.421397740755407,0.303485892961034,0.287,0.273,1,"ADCY1"
0.531569653658712,0.303418644365786,0.264,0.253,1,"TLK1"
0.00339361488786793,-0.303247901147208,0.525,0.695,1,"HSPH1"
0.00306844726361574,-0.303211477588299,0.421,0.578,1,"VPS35"
0.215185390341865,0.303064320754757,0.077,0.11,1,"MELTF"
0.0316238491687924,-0.303055292005777,0.346,0.455,1,"RASSF7"
0.112617392432312,-0.30298789409026,0.082,0.123,1,"IGFLR1"
0.336093543305268,0.302817871145601,0.495,0.487,1,"ISCA1"
0.0184507864723594,-0.302784594255847,0.43,0.584,1,"CHP1"
0.0791748078547867,-0.302745467929879,0.254,0.325,1,"THAP9-AS1"
0.018995066140717,-0.30212975489528,0.45,0.565,1,"DHX36"
0.543900299025164,0.301968950954684,0.113,0.136,1,"LINS1"
0.351789969038535,-0.301818696658267,0.085,0.11,1,"CDKN2B"
0.283796580690731,-0.301568980747002,0.088,0.117,1,"INTS8"
0.606401113885526,0.301486789026713,0.22,0.26,1,"ZNF451"
0.0268807243880935,-0.301473991348284,0.398,0.519,1,"CD2BP2"
0.995632830272529,0.301448370151137,0.125,0.13,1,"TNS3"
0.179969202454522,-0.301266062812394,0.113,0.156,1,"EP400"
0.0708402952943903,-0.301032644410929,0.061,0.104,1,"PDK1"
0.761915901616155,0.300946888025148,0.33,0.344,1,"ASPSCR1"
0.472097341925633,0.300893696704474,0.406,0.422,1,"CRIPT"
0.471269719476917,0.300788315933188,0.596,0.656,1,"MRPS36"
0.021109861492647,-0.300694355578078,0.101,0.169,1,"SART3"
0.0859088636947954,-0.300478881246828,0.218,0.286,1,"MXI1"
0.663510999295214,0.300199889737742,0.46,0.545,1,"NUDT4"
0.755157941722674,0.300143849136701,0.215,0.214,1,"PCCB"
0.37356748080781,0.300034137384979,0.52,0.526,1,"EIF2A"
0.0214233325920748,0.29981581922564,0.684,0.656,1,"SSNA1"
0.00375806407759928,-0.299693512129377,0.285,0.435,1,"LYRM4"
0.550719522234364,-0.299657319665927,0.206,0.227,1,"IER5L"
0.796961578029964,0.299196824694312,0.103,0.097,1,"FAM98B"
0.298376736009664,-0.298560052944024,0.123,0.156,1,"ACAD8"
0.175132534079975,-0.298538930701194,0.098,0.136,1,"MAP4K5"
0.622071443487504,0.298287366852583,0.199,0.188,1,"ZNF493"
0.00774157689738502,-0.298127685315581,0.264,0.39,1,"MAP3K2"
0.199732956442199,-0.29796648069015,0.088,0.123,1,"PARP3"
0.941496551764351,0.297857814121171,0.226,0.24,1,"TNRC6C"
0.131180240225035,-0.297804450277272,0.196,0.253,1,"ZNF205"
0.806775383883281,0.297769474227538,0.205,0.208,1,"PEX11A"
0.441693155049177,0.297715576743657,0.239,0.221,1,"THEM6"
0.00928715435562965,-0.297711439437894,0.187,0.299,1,"SLC33A1"
0.235092828760378,0.297705988502064,0.567,0.604,1,"FAM162A"
0.834435059168087,0.297635010889528,0.243,0.253,1,"PANK2"
0.00508427172388267,-0.297492917768484,0.084,0.162,1,"TMEM65"
0.00980765064232755,-0.297470016486515,0.713,0.838,1,"UBE2B"
0.847531140880881,0.297386744409731,0.133,0.13,1,"FRK"
0.843844063401324,0.29730765839579,0.132,0.13,1,"MROH1"
0.00329831099586938,-0.297105731641938,0.414,0.591,1,"DAXX"
0.270613650304453,-0.297053703773662,0.109,0.143,1,"CEPT1"
0.801718056881466,0.296997330008694,0.187,0.188,1,"HOOK1"
0.0122830283467877,-0.296710665608127,0.288,0.409,1,"TRIM27"
0.75401067672071,0.296708070610792,0.189,0.188,1,"PPFIA3"
0.781614216770776,0.296661279627047,0.234,0.266,1,"MEF2A"
0.000223922386102002,-0.296623384380135,0.733,0.89,1,"ERGIC3"
0.0573270931661511,0.296601593614124,0.653,0.643,1,"MRPL54"
0.215718157366755,-0.296574508092828,0.073,0.104,1,"RGS3"
0.00665193730311705,-0.29621840150696,0.133,0.227,1,"MIR200CHG"
0.0406036245973663,0.29593259534108,0.655,0.617,1,"ANXA5"
0.0728772499257288,-0.295907451584627,0.358,0.442,1,"THBS1"
0.0020857219287364,-0.295667776513025,0.351,0.513,1,"ATF7"
0.00869359772919826,-0.295664479314132,0.113,0.195,1,"INTS1"
0.00143335619618749,-0.295623640215054,0.565,0.734,1,"DDX46"
0.435486148894217,0.295591907133327,0.122,0.149,1,"THAP2"
0.90137255081747,0.295269578037221,0.289,0.312,1,"NDUFAF6"
0.800946893865668,0.295248212321114,0.14,0.156,1,"SMC2"
0.00822509127298658,-0.295225982475235,0.621,0.74,1,"YWHAG"
0.00626506729670093,-0.295147011459832,0.291,0.422,1,"C9orf116"
0.544981061064918,0.295090994086831,0.152,0.182,1,"PJA1"
0.373969964980624,0.295029381051393,0.518,0.526,1,"GLUD1"
0.312366027786282,-0.295025763093234,0.078,0.104,1,"GGT6"
0.744662352548318,0.29492453756624,0.139,0.156,1,"ZNF605"
0.0461727934099185,-0.294855923146651,0.174,0.253,1,"OPA1"
0.90750084102964,0.294655860381382,0.423,0.494,1,"DDB1"
0.271036681699692,-0.294641005243369,0.076,0.104,1,"NOL6"
0.330771139020892,0.294614711954494,0.45,0.448,1,"AK6"
0.642230045302936,0.294579158890489,0.288,0.286,1,"GMPPB"
0.644019745800738,0.294354873141372,0.178,0.201,1,"HELZ2"
0.77953520459846,0.294338099939293,0.174,0.195,1,"ALDH16A1"
0.0221317589992688,-0.294311202569856,0.085,0.149,1,"STK38"
0.87201194404839,0.294273910454492,0.23,0.26,1,"CSE1L"
0.00132927832469782,-0.294136812701282,0.579,0.74,1,"AP2B1"
0.0327749198369478,-0.294117454078167,0.325,0.429,1,"PCGF3"
0.936520709479294,0.294110989758531,0.325,0.351,1,"STK25"
0.170555778238668,-0.293882125860445,0.199,0.253,1,"PRPS1"
0.00420670747775871,-0.293853771199867,0.759,0.851,1,"RAB5IF"
0.00213536300673657,-0.293791352312819,0.216,0.351,1,"ARCN1"
0.156249393464132,-0.2937085870909,0.118,0.162,1,"LIN37"
0.69730332287839,0.293562897604936,0.471,0.506,1,"MAGOH"
0.0401810293256822,-0.293422810106356,0.067,0.117,1,"DAB2IP"
0.00644627017514607,-0.29340203366795,0.225,0.344,1,"KLC2"
0.016739688605078,-0.293331652787419,0.118,0.195,1,"COLGALT1"
0.981511318819569,0.293266552477882,0.132,0.136,1,"SURF6"
0.523579445522744,0.293262369753334,0.354,0.364,1,"ZSWIM7"
0.000629844711119231,0.29320102322958,0.929,0.903,1,"NDUFB10"
0.35783838651881,-0.293194520586515,0.092,0.117,1,"MTMR12"
0.00956107018851304,-0.292892185462236,0.374,0.513,1,"SPCS3"
0.00857222341373488,-0.292670403286392,0.356,0.506,1,"COPS2"
0.00958932955214231,-0.292624743814315,0.399,0.532,1,"BCL7B"
0.00310327510910193,-0.292432363936675,0.22,0.338,1,"SSH2"
0.455249563760307,-0.292415314903817,0.122,0.143,1,"MECR"
0.828088157173172,0.292048298556097,0.297,0.312,1,"ANKRD40"
0.592671282881302,0.291953193445865,0.232,0.273,1,"UCHL5"
0.025228608989971,-0.291910816549793,0.188,0.279,1,"CCDC137"
0.0810554471910953,-0.291824346282674,0.195,0.266,1,"METTL15"
0.0254071006673245,-0.291806672268556,0.299,0.403,1,"IRF3"
0.829711504595991,0.291803491767233,0.34,0.364,1,"SEC22C"
0.00742336370726294,-0.291715638858001,0.573,0.74,1,"MRPS35"
0.248065693392777,-0.291665465267332,0.075,0.104,1,"TPRG1L"
0.555497599109806,0.291463471485617,0.234,0.214,1,"NR4A2"
0.146348369207213,-0.29125769514938,0.168,0.221,1,"SPATC1L"
0.924343911565753,0.29116456030226,0.263,0.286,1,"PGGHG"
0.027037221049902,-0.290961681560614,0.568,0.656,1,"SSR1"
0.382515216171476,0.29080102417351,0.325,0.39,1,"GPRC5C"
0.469167830675465,0.290773078072323,0.178,0.156,1,"RNF152"
0.810701463404202,0.290587490396164,0.258,0.292,1,"COMMD9"
0.800749237275713,0.290564389881853,0.099,0.11,1,"CCNO"
0.745451813549469,0.2905554451961,0.308,0.351,1,"GSE1"
0.146193473575617,-0.290528421362022,0.095,0.136,1,"INPP5K"
0.0953726014573949,0.290453731835273,0.814,0.851,1,"SELENOS"
0.00874935133764626,-0.290429388828406,0.522,0.662,1,"TRAPPC3"
0.000554034936100029,-0.290241406254966,0.717,0.851,1,"SF3B2"
0.477447113141795,0.290232141303884,0.207,0.188,1,"IPO5"
0.0553128259541048,-0.290220339746902,0.175,0.247,1,"SIAH1"
0.0455046919111506,0.290169847804599,0.718,0.727,1,"TOMM22"
0.00867865678969627,0.290134561499802,0.753,0.734,1,"CHMP5"
0.582042235638875,0.290114135134233,0.477,0.519,1,"RTN2"
0.361140331111581,-0.290071811987882,0.204,0.24,1,"POLR1C"
0.399880720951603,0.289935517775624,0.377,0.377,1,"MRPL19"
0.656570031268658,0.28992129567411,0.127,0.117,1,"MRPL20-AS1"
0.0151828331245526,-0.289896551752407,0.425,0.558,1,"TMEM248"
0.000445410808289218,-0.289729830089724,0.575,0.779,1,"ARPC4"
0.547845073162353,0.289433228361676,0.206,0.247,1,"PINK1"
0.567242947599594,0.289417572553931,0.138,0.162,1,"AC023043.1"
0.00538624658327419,-0.289349137785585,0.343,0.494,1,"FAM234A"
0.0373520484829548,-0.288921330983971,0.84,0.909,1,"ARF4"
0.00533537309170338,-0.288489618107988,0.483,0.649,1,"LLPH"
0.00720472151225468,-0.288419794532432,0.215,0.331,1,"ARHGAP5"
0.0970422846757441,-0.288363388763958,0.145,0.201,1,"KIAA0100"
0.361185366482571,0.288195734423648,0.273,0.24,1,"SYT7"
0.00695567056301691,-0.288107569155451,0.33,0.474,1,"CDC73"
0.156708183116804,-0.288060988033247,0.118,0.162,1,"N6AMT1"
0.636171827120022,0.287965487484669,0.37,0.377,1,"FAM210B"
0.0379974522669012,-0.287960945959266,0.154,0.234,1,"NADK"
0.0358402580962616,-0.287802805303889,0.402,0.519,1,"RAD50"
0.000373128003851536,-0.287730021954963,0.802,0.909,1,"DRAP1"
0.156257982831482,-0.287614845102939,0.284,0.357,1,"SPPL3"
0.550053553283288,0.287559872507757,0.621,0.701,1,"HM13"
0.0443526213305429,-0.287466099279378,0.56,0.649,1,"RNASEH2C"
0.437677905610481,0.287415095168496,0.146,0.123,1,"CENPS"
0.983490334075733,0.287382151109143,0.509,0.591,1,"SARNP"
0.730378383229267,0.287352470783924,0.185,0.208,1,"AGAP2-AS1"
0.00944391972216257,-0.287253913481967,0.291,0.422,1,"CCNL2"
0.118656917397788,-0.28720579603362,0.098,0.143,1,"TLCD4"
0.0771798235856574,-0.287194884921834,0.125,0.182,1,"BMS1"
0.0920394597089589,-0.287099940660299,0.101,0.149,1,"TAF4"
0.830806548682084,0.287087598078459,0.33,0.351,1,"ERP44"
0.52859395236964,0.287020084545933,0.296,0.286,1,"SF3A2"
0.0103342746351193,-0.28701039920208,0.441,0.597,1,"CFDP1"
0.014614925630229,0.286913877760005,0.935,0.929,1,"CYCS"
0.244612703927524,-0.286896613540304,0.091,0.123,1,"PTPN3"
0.803777160905683,0.286802019763273,0.274,0.273,1,"XPA"
0.00851822107745471,-0.286781729871401,0.457,0.61,1,"EMD"
0.00866160734747226,-0.286755969528088,0.494,0.662,1,"CCDC124"
0.809631273782766,0.286675131036707,0.232,0.24,1,"TRIQK"
0.0212848388325222,-0.286669163412168,0.198,0.292,1,"TRAPPC2"
0.00201000314125675,-0.286475591145574,0.518,0.695,1,"TMEM167A"
0.00060810574752715,-0.286253022192046,0.381,0.565,1,"STX5"
0.0339216891068078,0.286219898025293,0.798,0.805,1,"CBX3"
0.129167285693324,0.286099743663605,0.735,0.786,1,"DDX17"
0.161191178142303,-0.286019896669528,0.146,0.195,1,"CTXN1"
0.0164439799514654,-0.286016030088776,0.284,0.403,1,"XIAP"
0.676849198478909,0.28598156613858,0.175,0.169,1,"MGME1"
0.707952650422897,0.285785373051362,0.296,0.292,1,"LRRC41"
0.0801259388967887,-0.28568155599599,0.11,0.162,1,"ELP3"
0.16904793279928,-0.285626157538394,0.228,0.286,1,"SOWAHC"
0.00789428433459435,-0.285558539850074,0.55,0.682,1,"PSMC4"
0.793606373544131,0.285493615980388,0.354,0.39,1,"NT5C3B"
0.413861760384372,-0.285354991052391,0.089,0.11,1,"MTMR6"
0.274412803275244,-0.285236079029845,0.094,0.123,1,"REV3L"
0.0813270078888257,-0.285114995385448,0.142,0.201,1,"GRK2"
0.150607207773803,0.285053605719774,0.585,0.571,1,"CCT5"
0.972587708865815,0.285017607472236,0.344,0.39,1,"DNALI1"
0.626099521527064,0.284750759705282,0.195,0.227,1,"LRRC42"
0.184831207024847,0.284742668941675,0.523,0.5,1,"ESD"
0.837960643680043,0.28470801520566,0.119,0.13,1,"MITD1"
0.0498134416167384,-0.284569832480856,0.64,0.734,1,"CYTH2"
0.566342377200858,0.284469706608355,0.12,0.143,1,"UBXN2A"
0.0712371409234964,-0.284465249821541,0.215,0.292,1,"INPP4B"
0.000765086073809147,-0.284392332388381,0.731,0.877,1,"SON"
0.780458576709057,0.284288280868339,0.103,0.097,1,"MTPAP"
0.110993786192644,-0.284119069988058,0.223,0.292,1,"ZNF562"
0.165417136398261,-0.284092870851894,0.406,0.481,1,"SLC9A3R2"
0.687174010274824,0.284021147405311,0.45,0.494,1,"CYB5R3"
0.0779094497156868,0.283962300407817,0.835,0.844,1,"H1-0"
0.0090883830624649,-0.283927925242367,0.681,0.805,1,"SELENOM"
0.0601474879573421,-0.283850748119561,0.338,0.429,1,"FBXO9"
0.26933456006252,-0.283822010134516,0.094,0.123,1,"KCTD9"
0.267444926791898,0.283789966992067,0.599,0.623,1,"AAMP"
0.0739135666010908,0.283749154078517,0.719,0.74,1,"SNRNP70"
0.257224874419442,0.283671151880661,0.153,0.117,1,"DDX19B"
0.0715083843212835,-0.283656317017158,0.214,0.292,1,"TBRG4"
0.0111772323600156,0.283503177411659,0.931,0.974,1,"TMEM59"
0.724340059138468,0.283260877821748,0.104,0.097,1,"C6orf120"
0.985047772550318,0.283187974402424,0.146,0.156,1,"ZNF827"
0.525442578362315,0.283136540579509,0.119,0.143,1,"NEK9"
0.833227569824143,0.283047983893297,0.095,0.104,1,"ZNF747"
0.616738961523181,0.283016985295562,0.152,0.175,1,"HIVEP3"
0.00563185866040543,-0.282990884356042,0.275,0.409,1,"ZNF83"
0.000342297785113152,0.282972186981652,0.888,0.883,1,"TMEM230"
0.906096646032754,0.282779971381735,0.471,0.545,1,"MPHOSPH8"
0.881986692110818,0.282775431710335,0.237,0.247,1,"RNF34"
0.0072971877631641,0.282758363963768,0.97,0.987,1,"ZFAS1"
0.60513312759237,0.282623424248018,0.213,0.201,1,"HDAC10"
0.021289197330831,-0.282621395537813,0.076,0.136,1,"WWP2"
0.957068073995304,0.282517189673856,0.112,0.117,1,"C18orf25"
0.059331367622574,-0.282364072707301,0.381,0.487,1,"TMUB1"
0.0163525814755696,-0.282335877692005,0.402,0.539,1,"PDCD6IP"
0.291100180793369,0.282223115719665,0.106,0.078,1,"LINC02762"
0.8848414921931,0.282118720914173,0.179,0.182,1,"HIRIP3"
0.921864221389353,0.282071379744259,0.241,0.26,1,"SLC25A38"
0.0784964533484193,-0.282002110217078,0.269,0.351,1,"TSPAN31"
0.53281635430085,-0.281602511451528,0.194,0.214,1,"WFS1"
0.171231969744432,-0.281601590105025,0.081,0.117,1,"NEO1"
0.0394387873184337,-0.281572092136065,0.244,0.338,1,"UBA5"
0.0065001862626434,-0.281309037533249,0.51,0.662,1,"ACBD3"
0.902922853634677,0.281053923406775,0.139,0.149,1,"SAMD1"
0.0185918975274197,0.281012693057512,0.827,0.812,1,"MRPS34"
0.113251222170025,-0.280904483148016,0.213,0.273,1,"OXR1"
0.0260161804400477,-0.280900039173995,0.178,0.266,1,"NOC4L"
0.0152790413418379,-0.280825052598604,0.264,0.377,1,"ACAP2"
0.819574408972003,0.280750697176784,0.161,0.175,1,"TRIOBP"
0.994731019134549,0.280684723071391,0.101,0.104,1,"ABCB6"
0.801193083273632,0.280581500003496,0.099,0.11,1,"STK32C"
0.000173516459537393,0.280547152411767,0.895,0.903,1,"HSPD1"
0.793026158477976,0.280441847813175,0.132,0.13,1,"PPIL4"
0.00824519439121344,-0.280194616389334,0.658,0.812,1,"PSMB4"
0.660401221641083,0.280103836649516,0.247,0.286,1,"PNO1"
0.821529030123803,0.279919153601883,0.308,0.325,1,"GATAD1"
0.812960189173175,0.279776689714789,0.215,0.24,1,"PCYT1A"
0.0209090910677211,0.279745489020115,0.87,0.877,1,"CNBP"
0.691526058731155,0.279709414446402,0.308,0.318,1,"MZT1"
0.738425266842529,0.279693902384211,0.248,0.247,1,"NAE1"
0.0783361146934949,-0.279554507614974,0.324,0.416,1,"POP5"
0.0219994285169002,-0.279456904786651,0.11,0.182,1,"ZNF586"
0.433188194306091,0.27940907771549,0.524,0.539,1,"DGUOK"
0.0234193102041121,-0.279371991275519,0.308,0.416,1,"MED13"
0.435330138048913,0.279328454525,0.199,0.175,1,"NSDHL"
0.00983274099217563,-0.279296331352476,0.708,0.792,1,"SNX3"
0.0142070300712166,-0.279292857087465,0.421,0.545,1,"YIPF2"
0.8152100982783,0.279187853099884,0.143,0.156,1,"NAA30"
0.000191052481128095,-0.279171303541741,0.725,0.857,1,"ARID4B"
0.0219046796157303,-0.27904442117433,0.219,0.318,1,"BOD1L1"
0.431134988094748,-0.27879908493646,0.179,0.208,1,"HERC4"
0.00265209848861112,-0.278642643537441,0.64,0.799,1,"LYPLA1"
0.66417010673404,0.27836631364685,0.273,0.318,1,"DECR2"
0.29823450474127,-0.278185073538924,0.166,0.201,1,"AGO3"
0.000649057747126611,-0.278128644236082,0.813,0.935,1,"ELOC"
0.00276746052375375,-0.278100669672213,0.234,0.37,1,"CTCF"
0.0353959643608291,-0.278090693781707,0.353,0.474,1,"DPCD"
0.0412015690252854,-0.278053058504699,0.208,0.292,1,"MUS81"
0.506666337504014,0.278046362859407,0.142,0.123,1,"CNOT10"
0.0121546732950355,-0.277968408341863,0.329,0.455,1,"C1orf52"
0.00211165223743195,-0.277937778131846,0.35,0.513,1,"PPP1R37"
0.730881827351855,0.277908677574049,0.267,0.266,1,"CNP"
0.698831747444652,0.277236397272153,0.386,0.409,1,"TIMM10B"
0.0237453962600041,-0.276997545762046,0.097,0.162,1,"OSBPL11"
0.442399524845926,0.276812489538028,0.109,0.136,1,"MAU2"
0.110147059352443,-0.276696322391031,0.132,0.188,1,"FOXK1"
0.00801425485552413,-0.276255787716957,0.564,0.714,1,"CAPZA2"
0.98015823216614,0.276156369366634,0.102,0.104,1,"BLOC1S5"
0.00517348039925166,-0.276107357087842,0.443,0.61,1,"PHF20L1"
0.0226768899688829,-0.276104443739196,0.322,0.448,1,"SLC1A5"
0.0105999158403142,0.276040041866015,0.966,0.974,1,"UQCRB"
0.491318848507849,0.275879291439184,0.157,0.188,1,"FKBP9"
0.0694220112719318,-0.275763422182474,0.361,0.461,1,"ACLY"
0.00879884457004695,-0.275696863532414,0.44,0.604,1,"SAR1B"
0.000810671816673622,-0.275630027836255,0.763,0.883,1,"H2BC5"
0.0252691312198754,-0.275595532091578,0.219,0.312,1,"MBNL2"
0.391725433791311,-0.275551361821107,0.241,0.273,1,"ZHX1"
3.84567848602179e-05,-0.275477949523457,0.744,0.864,1,"AP2S1"
0.0595081120808624,-0.275049957090333,0.164,0.234,1,"ZNF574"
0.0462150521919757,-0.27502634802881,0.232,0.318,1,"HPS1"
0.0246099368619941,-0.274983965644808,0.384,0.494,1,"ZCCHC17"
0.603291377438291,0.27489927389586,0.262,0.312,1,"TBL2"
0.0910383412531399,-0.274879750852587,0.288,0.364,1,"YTHDF1"
0.194265764756898,-0.274782057759152,0.077,0.11,1,"RNF166"
0.420940269360705,-0.274757545155494,0.136,0.162,1,"EXOC2"
0.0100583298178526,-0.273975210792083,0.277,0.396,1,"BPNT2"
0.181557112455598,-0.273970900972031,0.229,0.279,1,"GLG1"
0.672979383180699,0.273828510256359,0.101,0.091,1,"SPA17"
0.0177174595512616,-0.273756126027478,0.618,0.753,1,"CORO1B"
0.259509937532276,-0.273725391223535,0.116,0.149,1,"DNAJC22"
0.372826276603067,-0.273674201993564,0.207,0.24,1,"NCOA1"
0.994499072854293,0.273640585577005,0.168,0.175,1,"SPHK2"
0.0991059592837113,-0.273527681534999,0.075,0.117,1,"MSRA"
0.483787424917409,0.273356358853782,0.211,0.253,1,"INSIG2"
0.14689607907042,0.273232680838912,0.206,0.156,1,"EEF1AKNMT"
0.257702929683808,0.273088936739225,0.519,0.519,1,"FAM174A"
0.107347800411734,0.273015508407969,0.363,0.331,1,"LINC00662"
0.146080064980457,-0.272617390204234,0.14,0.188,1,"HMGXB3"
0.269746049016565,0.272567195482239,0.418,0.383,1,"BCAS4"
0.00883500370566056,-0.272558650785685,0.285,0.422,1,"SHKBP1"
0.149923574414983,-0.272351218388952,0.184,0.24,1,"GATC"
0.421042910741847,0.272272102082504,0.408,0.403,1,"COPS7A"
0.467247804993566,0.272252308704829,0.523,0.558,1,"SERTAD3"
0.16868996965268,0.272188608074067,0.168,0.123,1,"PDE6D"
0.921519259507831,0.272094507673993,0.137,0.143,1,"TARS2"
0.125552367669922,-0.272091004816935,0.115,0.162,1,"NUP214"
0.558943948387141,0.272073065628474,0.205,0.24,1,"FCRLB"
0.00232432870939342,-0.27183775717666,0.781,0.896,1,"MYDGF"
0.187475259210811,-0.271736548200228,0.378,0.455,1,"ZNF622"
0.10869476356915,-0.27162738457019,0.129,0.182,1,"PHF12"
0.219659677664405,-0.271591217582821,0.096,0.13,1,"MSANTD3"
0.563374499025495,0.271552205786876,0.317,0.39,1,"CNOT2"
0.0122453242917018,-0.271500092665254,0.45,0.578,1,"TIPRL"
0.714877744989048,0.27146616225984,0.243,0.279,1,"DCAF12"
0.809756589587411,-0.271345444552905,0.104,0.11,1,"NMB"
0.000249548803037573,0.271323340009573,0.968,0.968,1,"UBL5"
0.0240531399998409,-0.271166947286451,0.384,0.506,1,"U2AF2"
0.251322354911,0.271045940096131,0.453,0.442,1,"PPM1G"
0.532413115802852,0.271041303294662,0.243,0.292,1,"ARFIP1"
0.0395693786325065,-0.270832941786422,0.076,0.13,1,"TAB3"
0.0277240499170781,-0.270794207004084,0.204,0.299,1,"RNF19A"
0.164343283053515,0.270737735332716,0.665,0.662,1,"MRPL40"
0.0475719959176659,0.270717594740777,0.742,0.786,1,"SYNGR2"
0.0840524289926099,-0.270492847138901,0.274,0.357,1,"CLK3"
0.0942844601444172,-0.270418208496045,0.221,0.286,1,"VAMP7"
0.699902154733189,0.270368213957073,0.137,0.156,1,"KANSL2"
0.0892371918190953,-0.270346064071519,0.152,0.214,1,"VPS45"
0.0934368910697108,-0.270243051732896,0.149,0.208,1,"CCDC22"
0.98932501919499,0.270184813283372,0.25,0.266,1,"ARSA"
0.0116887915921373,-0.26997535395442,0.236,0.351,1,"UTP11"
0.632638276702076,0.269943932302798,0.153,0.175,1,"ADAM10"
0.248107638740479,-0.269784462507423,0.277,0.325,1,"GOLPH3L"
0.0313481881708298,-0.269686403526851,0.069,0.123,1,"TMEM51"
0.0191968654651925,-0.269612671694768,0.221,0.325,1,"GTPBP4"
0.543580865399882,0.269454092340647,0.174,0.208,1,"WBP1L"
0.599351678627387,0.269408608375806,0.374,0.377,1,"GPBP1L1"
0.754363872070765,0.269331110735346,0.157,0.175,1,"RGS19"
0.00549772465684064,-0.268954430204004,0.524,0.682,1,"SAR1A"
0.0356823947094504,-0.268862920641058,0.12,0.188,1,"MARCHF3"
0.666752912147198,0.268437401997019,0.443,0.448,1,"GGA1"
0.108257489404264,-0.2684094229393,0.15,0.208,1,"UBXN7"
0.0258814673328482,-0.268376602238968,0.566,0.675,1,"TRAM1"
0.532135907768614,0.268086942947495,0.187,0.169,1,"ELMO3"
0.976530804327929,0.267918337932623,0.387,0.448,1,"MVB12A"
0.0066473421867108,0.267807391859949,0.865,0.909,1,"MRPL14"
0.971553427446709,0.267637270990739,0.113,0.117,1,"PTGR2"
0.163926016241547,0.267614738149952,0.52,0.481,1,"EBLN3P"
0.704122984815744,0.267605800034613,0.206,0.201,1,"SIN3A"
0.752008277894557,0.267537788909969,0.248,0.279,1,"SVBP"
0.238952986134666,-0.267484805801691,0.154,0.195,1,"ADCK2"
0.118912472875971,-0.267407917950796,0.142,0.195,1,"ST3GAL4"
0.661843004782549,0.267324477073424,0.191,0.221,1,"ORAI3"
0.0628319340291733,-0.267002757578584,0.15,0.214,1,"MBD2"
0.470867460916727,-0.266953463229551,0.145,0.169,1,"ANKRD37"
0.987906302301393,0.266897941977345,0.157,0.162,1,"TAF9B"
0.00714770693404532,0.266861236130104,0.882,0.857,1,"TMCO1"
0.836118017611553,0.266635492965428,0.113,0.11,1,"OTUD1"
0.00423488049322076,-0.266608405801877,0.618,0.766,1,"ZNF207"
0.00663897681992015,-0.266481776093393,0.394,0.552,1,"KANSL1"
0.726699016137677,0.266421160149859,0.333,0.351,1,"RUVBL1"
0.799462125258394,0.266345663338231,0.215,0.24,1,"CRYL1"
0.473273427183095,0.266300108758843,0.144,0.123,1,"STMND1"
0.344150950102705,0.266057488850818,0.565,0.584,1,"TIMM17B"
0.131398385558359,-0.266002370688107,0.305,0.377,1,"KIAA1191"
0.0053444409297645,-0.265965622873983,0.378,0.539,1,"KARS1"
0.00738666313758784,0.265914776316315,0.853,0.87,1,"TMEM258"
0.675941993018371,0.265909062843863,0.101,0.091,1,"CCHCR1"
0.817933678868962,0.265822947855649,0.387,0.416,1,"NEDD4L"
0.130587711425566,-0.265821139458515,0.138,0.188,1,"UTP6"
0.981992230412961,0.265708227160403,0.147,0.156,1,"PPP2R3C"
0.165431466273292,-0.265698105973486,0.188,0.24,1,"RASSF1"
0.858132500635179,0.265492659280318,0.364,0.416,1,"YAF2"
9.1254762053662e-05,0.26542327486734,0.993,0.994,1,"RPL12"
0.044667493268098,-0.265384491893761,0.234,0.318,1,"CDC34"
0.952514397312,0.265306292285695,0.139,0.143,1,"DNASE1"
0.952105078014171,0.265305890427689,0.235,0.26,1,"RBM22"
0.00726916488109243,-0.265159205366544,0.329,0.461,1,"LRATD2"
0.725232421532388,0.265112065920859,0.426,0.468,1,"SAYSD1"
0.222152914691103,0.265023661975368,0.676,0.734,1,"BAG1"
0.439656288034566,0.264796764102281,0.103,0.13,1,"C1orf109"
0.117760329045649,-0.264662301996536,0.206,0.266,1,"THAP11"
0.00590441370568168,-0.264633564235658,0.754,0.857,1,"PPA1"
0.77096083338697,0.2645642097592,0.283,0.286,1,"VRK3"
0.0701319403953748,-0.264508977099239,0.076,0.123,1,"BRWD3"
0.121258568749361,0.264398315483311,0.696,0.721,1,"MRPL12"
0.00117261463106748,-0.264374672303307,0.379,0.565,1,"SLC25A4"
0.898691009864459,0.264269812593642,0.48,0.558,1,"DNASE2"
0.688708350364457,0.264231303013376,0.178,0.201,1,"RAB27B"
0.140261640008649,0.264192422924733,0.531,0.519,1,"PXMP2"
0.628820336270886,0.264167290914949,0.214,0.247,1,"NME6"
0.01293895253038,-0.264165989946771,0.33,0.461,1,"DR1"
0.121402618209978,0.264153300019293,0.135,0.195,1,"LSS"
0.778533380987984,0.264056261117222,0.147,0.162,1,"RHNO1"
0.956014342246823,0.264036892299233,0.208,0.227,1,"AL451165.2"
0.286169960511935,0.263985638593187,0.545,0.578,1,"RO60"
0.00479905537726404,-0.263981086089165,0.343,0.494,1,"TRIAP1"
0.394415084355918,0.26393055860162,0.561,0.597,1,"SDF2"
0.00216398597482118,-0.263527803580381,0.171,0.292,1,"PSMG1"
0.564311412427655,0.263301702643503,0.468,0.513,1,"BEX4"
0.0413723590567529,-0.263080390632517,0.113,0.175,1,"SLC4A2"
0.159634973030435,-0.262864468856444,0.14,0.188,1,"MEN1"
0.592764861956613,0.262751883950757,0.457,0.5,1,"HNRNPH2"
0.982148199381461,0.262726342590461,0.407,0.442,1,"GOLGA7"
0.60944991327885,0.262668755988854,0.327,0.39,1,"BRD3"
0.526145457714007,0.262593984897946,0.166,0.149,1,"SLC22A5"
0.666579883621969,0.262522037855197,0.212,0.24,1,"KAT2A"
0.086071816679455,-0.26247831480209,0.193,0.26,1,"CHST12"
0.33177033657971,0.262330653337167,0.808,0.864,1,"CDC42"
0.991932047093828,0.262290530443159,0.168,0.175,1,"HPF1"
0.202619940058764,-0.262133552628737,0.089,0.123,1,"LHPP"
0.0357326960051767,-0.262086242424593,0.198,0.279,1,"R3HCC1"
0.00876337711211497,0.261942465056008,0.604,0.539,1,"BUB3"
0.0254981485004506,-0.261914760324036,0.212,0.305,1,"BMPR1B"
0.252985799660334,0.26182346471326,0.882,0.896,1,"LGALS1"
0.0514893675216389,-0.261803944166335,0.34,0.442,1,"ESF1"
0.0250793714173202,-0.261766167685693,0.584,0.714,1,"SNHG16"
0.63786047728086,0.261700255502858,0.185,0.214,1,"E2F6"
0.82067206730873,0.261598477204839,0.346,0.357,1,"ABI2"
0.0643936872007716,-0.261531457031403,0.216,0.292,1,"MBNL1"
0.625087061622769,0.261416779753435,0.363,0.364,1,"TCTA"
0.299185608350017,0.261412030158414,0.405,0.377,1,"CALCOCO2"
0.133510083954732,-0.261294896078145,0.116,0.162,1,"INO80B"
0.00298950404021293,-0.261242496708877,0.495,0.682,1,"MRPL11"
0.0914230206856535,-0.261136100070482,0.492,0.604,1,"PPP1R10"
0.882186055833583,0.260959831450593,0.186,0.201,1,"C2orf68"
0.164739803973884,-0.260898863078197,0.189,0.247,1,"MAPK14"
0.942087232930432,0.260847521917571,0.327,0.37,1,"GLT8D1"
0.871149349270653,0.260776949274386,0.375,0.429,1,"POP4"
0.00783238726560753,-0.260770788747881,0.269,0.403,1,"STX4"
0.93920483613056,0.260765977224836,0.336,0.37,1,"SPTAN1"
0.874062940417727,0.260747869141244,0.281,0.299,1,"ASCC2"
0.00057744751061847,-0.260528325852058,0.865,0.948,1,"SARAF"
0.441029750883909,-0.260452540138352,0.161,0.188,1,"PRKRIP1"
0.95339376278588,0.260436795361195,0.28,0.299,1,"GNAQ"
0.716988890274598,0.26019316767266,0.663,0.747,1,"RBBP7"
0.0474886766122895,0.259919049242826,0.952,0.974,1,"SLC25A6"
0.961253052664387,0.25991475044744,0.287,0.305,1,"SMIM20"
0.793950384341693,0.259874417246965,0.106,0.117,1,"AC015871.6"
0.832509008055986,0.259603539675688,0.102,0.11,1,"COX18"
0.00228364669908823,-0.259603328657347,0.31,0.468,1,"TANK"
0.167123464932192,-0.259506247495002,0.075,0.11,1,"H4C5"
0.85388613910728,0.259411289847042,0.185,0.188,1,"PEMT"
0.828653286339712,0.259300803725629,0.156,0.156,1,"ASAP1"
0.533648968441423,0.259129455456683,0.161,0.143,1,"SPATA33"
0.904700292626333,0.259117273379141,0.435,0.519,1,"TM9SF1"
0.105070636086475,-0.259034336997655,0.117,0.169,1,"ZNF701"
0.00185162236532907,-0.258936179474618,0.671,0.799,1,"UGCG"
0.0411713062841795,-0.258285487102311,0.146,0.221,1,"CDK5RAP1"
0.30141195103619,0.258231470187607,0.126,0.097,1,"CTDSPL2"
0.0251889706888814,-0.257575657109259,0.106,0.175,1,"KIF1B"
0.605921530742791,0.257567044357085,0.116,0.136,1,"SMARCD3"
0.723409608369028,0.256906381929579,0.137,0.13,1,"PTDSS2"
0.562442514648169,0.256828112455032,0.131,0.156,1,"KIAA1671"
0.57648549233763,0.256792261167019,0.511,0.545,1,"CITED2"
0.658670489019592,0.256717668757914,0.202,0.234,1,"CCDC174"
0.595615474971619,0.256663940722141,0.473,0.494,1,"NAP1L4"
0.0388523223004028,-0.256660154835065,0.29,0.39,1,"NT5C3A"
0.142171180995667,0.256576104979833,0.604,0.623,1,"RNF5"
0.134318905978415,0.256539355038461,0.641,0.708,1,"GCSH"
0.681664738281637,0.256480961187104,0.119,0.136,1,"CEP68"
0.0780519317423197,-0.256467764911692,0.109,0.162,1,"MSL3"
0.855292798280679,0.25635764650759,0.346,0.37,1,"ADD1"
0.050925644255402,0.256290995804942,0.97,1,1,"RPL4"
0.389216695026155,0.256261785200414,0.108,0.084,1,"TRAPPC9"
0.599719164732444,0.256213716996156,0.428,0.494,1,"RAB31"
0.10386078573352,-0.256139186320063,0.151,0.208,1,"SMPD2"
0.632232365815317,0.256137583692803,0.244,0.234,1,"EHMT1"
0.596846369875484,0.256088588595974,0.439,0.468,1,"JPX"
0.127866544159109,-0.256055600232238,0.073,0.11,1,"FBXL19-AS1"
0.0972726910091319,0.255930208182543,0.663,0.714,1,"DCTN3"
0.00474328661182024,0.255915839269585,0.939,0.948,1,"TOMM20"
0.940716067702139,0.255842337298367,0.196,0.201,1,"MED11"
0.923119191887996,0.255812998368939,0.191,0.195,1,"LINC01184"
0.549446217837178,-0.255790004810957,0.101,0.117,1,"ARHGEF16"
0.421929366741136,0.255742462047916,0.275,0.331,1,"TSPAN3"
0.81621279520385,0.255726617311613,0.206,0.227,1,"DPP9"
0.0359201783769783,-0.25567926801116,0.382,0.506,1,"EIF3B"
0.739815749584966,0.255516781283175,0.192,0.214,1,"TFB2M"
0.160537439245787,-0.255458388281029,0.168,0.221,1,"TIMM22"
0.405935105256747,-0.255449497049746,0.125,0.149,1,"FAHD2A"
0.0463553363616113,-0.255440265184956,0.359,0.468,1,"NUDT21"
0.00603358572199082,-0.255418116642975,0.193,0.305,1,"GABARAPL1"
0.70630557754378,0.255381154818915,0.302,0.344,1,"SRP68"
0.96909820740817,0.25537654477246,0.215,0.227,1,"CASZ1"
0.830378815067336,0.25525690056704,0.127,0.143,1,"GTF2H3"
0.422293086429119,-0.255243481216605,0.138,0.162,1,"LRRC75B"
0.0247042425141417,-0.254926994013861,0.481,0.61,1,"ACADVL"
0.198248484416167,-0.254874270701083,0.28,0.344,1,"IARS1"
0.0229447889864233,-0.254801436085026,0.071,0.13,1,"ZNF528"
0.84741896209718,0.254760488470465,0.221,0.24,1,"STK39"
0.95824829553266,0.254679711074146,0.339,0.364,1,"STK16"
0.194789978096453,-0.254661859743668,0.104,0.143,1,"ZNRF2"
0.46755938266399,0.25460977049594,0.412,0.416,1,"MAP2K2"
0.669879474974784,0.254377251645469,0.395,0.403,1,"HMGXB4"
0.348867229501491,-0.254341925275779,0.103,0.13,1,"UTP14A"
0.00890317115035461,-0.254128984829038,0.53,0.701,1,"UBE2A"
0.3991140206847,0.254096701278901,0.552,0.571,1,"MRPS18A"
0.97226701596389,0.25409484371646,0.531,0.597,1,"BTF3L4"
0.00805839017976159,-0.254058121649984,0.892,0.935,1,"H2AZ1"
0.946551577369206,0.254042740898366,0.117,0.123,1,"TCF20"
0.329965475578562,0.253941377826455,0.461,0.442,1,"RSRP1"
0.162142230480327,0.253867858825289,0.64,0.675,1,"IMPDH2"
0.272879334385261,-0.25383274064487,0.082,0.11,1,"EMSY"
0.663046340407452,0.253702680891762,0.432,0.461,1,"PTS"
0.210838706052656,-0.253429488821472,0.111,0.149,1,"TATDN2"
0.453161172795753,0.253382726444927,0.199,0.24,1,"DGCR2"
0.0909137620432115,0.253304673949832,0.698,0.701,1,"EIF5A"
0.906362460736046,0.253207519452669,0.331,0.357,1,"UTP18"
0.943357509712802,0.253141286579182,0.132,0.136,1,"NPNT"
0.6988115646413,0.253068759897946,0.232,0.227,1,"CREBL2"
0.206853494750561,-0.252829762981925,0.089,0.123,1,"AP000547.3"
0.640081932837994,0.252421259320076,0.205,0.234,1,"TBC1D7"
0.869505156844203,0.252178205375323,0.226,0.227,1,"ADPRS"
0.0613044789696943,-0.251889516010912,0.112,0.169,1,"KDM7A"
0.667256833786665,0.25185976578532,0.139,0.162,1,"HIF1AN"
0.0911818324262397,-0.25183725266929,0.101,0.149,1,"RNF111"
0.0152858880557962,-0.251825573100802,0.444,0.578,1,"NAA50"
0.0372883020805449,-0.251651778088922,0.209,0.299,1,"RCE1"
0.396340599111557,0.25158039447799,0.178,0.221,1,"WDR41"
0.0359099185667605,0.251559897085618,0.819,0.864,1,"BCAP31"
0.434284435922934,0.25150622644766,0.45,0.461,1,"LINC00665"
0.00745060595468736,-0.251369290469018,0.292,0.429,1,"EMG1"
0.0106170117609309,-0.251296403874143,0.791,0.903,1,"RAD23A"
0.000190259924107742,0.251258901964533,0.985,0.987,1,"SUMO2"
0.59655888370908,0.251154554951012,0.12,0.143,1,"COL27A1"
0.718470085556503,0.251042210471133,0.123,0.117,1,"ZFYVE27"
0.0591261334524628,-0.250890529406687,0.243,0.331,1,"STK4"
0.0505278024623831,-0.250738009576483,0.501,0.63,1,"BRMS1"
0.0086362293554145,-0.250702737459624,0.361,0.5,1,"MED28"
0.327701894152954,0.250581903450195,0.526,0.565,1,"DNPEP"
0.928448669949165,0.250411504119892,0.339,0.364,1,"TACO1"
0.310981449668814,0.250274049240157,0.088,0.117,1,"ASB6"
0.00528991563421849,0.250094110656808,0.993,0.994,1,"RPL37"
0.0191468386960942,-0.250080248313907,0.437,0.571,1,"SECISBP2"
