"p_val","avg_log2FC","pct.1","pct.2","p_val_adj","gene"
4.46777479612461e-274,4.85877746111597,0.566,0.04,1.6363671968286e-269,"PVALB"
6.93739542677712e-243,3.70794803881521,0.547,0.05,2.54089044901139e-238,"KCNJ3"
9.96866200410899e-213,1.81269487925189,0.966,0.633,3.65112214562496e-208,"H1-2"
3.72283415658114e-204,-1.18556386171429,0.992,0.976,1.36352523818941e-199,"RPL34"
1.03845493182075e-201,-4.88529723796274,0.179,0.716,3.80344503328667e-197,"AREG"
3.2312838040923e-199,1.60456313653701,0.983,0.788,1.18349000608685e-194,"H2AJ"
4.02947850634771e-195,8.99348231770605,0.347,0.003,1.47583679773491e-190,"ALB"
4.08622913903354e-195,1.64592916886974,0.912,0.475,1.49662228446243e-190,"SLC9A3R1"
4.07440841805922e-194,-1.15030398218016,0.99,0.961,1.49229282719837e-189,"RPS25"
5.12891971962594e-193,2.67024984721513,0.564,0.097,1.8785181365102e-188,"RETREG1"
1.92673468248838e-191,10.2499970119177,0.337,0.001,7.05685844808195e-187,"CST5"
8.87876112477537e-178,1.0635670206572,0.981,0.807,3.25193504956023e-173,"COX8A"
7.23828481881748e-174,-1.06641558758796,0.997,0.974,2.65109419774009e-169,"RPL11"
7.50319687369369e-170,1.01758133315525,0.996,0.909,2.74812088695905e-165,"COX6A1"
7.88866585360937e-169,8.35306459039041,0.3,0.001,2.88930275554297e-164,"NEFH"
2.14888472101612e-163,1.9968838993186,0.527,0.097,7.87050517919364e-159,"TIMP3"
3.83557486545496e-163,1.47413732569993,0.951,0.666,1.40481765022153e-158,"HSBP1"
3.5267294901952e-161,-1.11172858033375,0.997,0.978,1.2916999430789e-156,"RPL26"
1.51225322817161e-159,1.43758584763086,0.889,0.522,5.53877867350134e-155,"FKBP4"
9.53350744232018e-152,0.869681078697609,0.992,0.867,3.49174243582419e-147,"COX4I1"
7.52619200054638e-149,2.37194040602517,0.452,0.074,2.75654308212012e-144,"EPN3"
1.10646646819808e-148,4.939207916625,0.304,0.012,4.0525440864223e-144,"SYT13"
4.32484733889954e-146,1.49208263727042,0.99,0.851,1.58401858634534e-141,"SOD1"
1.15919652677069e-145,0.926822912943061,0.985,0.789,4.24567319895033e-141,"MZT2B"
1.50029237125269e-141,-1.0299283732732,0.993,0.97,5.49497083895011e-137,"RPS3"
9.12839344143716e-140,4.6207331130913,0.313,0.021,3.34336538186077e-135,"AGTR1"
3.19411647029733e-136,2.19875890360774,0.468,0.089,1.1698770984111e-131,"GASK1B"
6.89599442412511e-135,1.60572394008108,0.966,0.693,2.52572691778006e-130,"DBI"
1.10011603143848e-134,1.65428518900144,0.965,0.739,4.02928497674659e-130,"MPC2"
6.34671732423368e-132,-4.06819579393938,0.205,0.612,2.32454868717383e-127,"TCIM"
9.72851205215685e-132,6.44247866989662,0.237,0,3.56316482422297e-127,"GRIA3"
1.59142972522356e-130,1.77872368025893,0.993,0.848,5.8287705116038e-126,"NDUFA4"
4.20748976836004e-130,1.38518150129729,0.651,0.215,1.54103520255955e-125,"ETFB"
7.96113417382136e-130,2.04788098238135,0.717,0.31,2.91584500250381e-125,"GLRX5"
3.60346486361879e-129,-2.23278297153618,0.862,0.911,1.31980504094902e-124,"SAT1"
6.83421760388149e-127,1.461839802477,0.708,0.292,2.50310053959763e-122,"FCGRT"
1.00401262258379e-126,2.32419990656709,0.397,0.064,3.67729663147538e-122,"CHAD"
3.92766194885025e-126,0.815374533391467,0.961,0.555,1.43854546538589e-121,"HSPA1A"
4.60704320216644e-126,0.884879893947905,0.987,0.846,1.68737564322548e-121,"COX6B1"
2.07816895841629e-125,1.0298049727488,0.963,0.691,7.6115016270955e-121,"HSPE1"
3.76696828222507e-125,1.29734359086644,0.765,0.349,1.37968980304775e-120,"TBC1D9"
6.8888595207416e-124,1.98223851845253,0.818,0.471,2.52311368806682e-119,"CHCHD10"
9.86814270964705e-124,0.79515798412684,0.996,0.909,3.61430594883533e-119,"HSP90AB1"
2.6347477282182e-123,-0.814303175854326,0.995,0.98,9.65002702937199e-119,"RPL21"
3.04013558497423e-123,2.47270294181761,0.465,0.107,1.11348005935266e-118,"KIF12"
4.32210698399394e-121,0.95303418932739,0.92,0.602,1.58301490395762e-116,"NDUFAB1"
3.65927394204643e-120,1.92552734646048,0.5,0.132,1.34024567401392e-115,"TM7SF2"
8.08058807199546e-119,4.97119293273542,0.259,0.014,2.95959618724906e-114,"CYP4B1"
3.45014876171286e-118,1.5252539157301,0.8,0.398,1.26365148546495e-113,"TMEM160"
9.86824677441008e-118,0.813706142433191,0.99,0.882,3.61434406359544e-113,"COX7A2"
2.53267957743524e-115,2.83576948033119,0.443,0.112,9.27619222031431e-111,"RBP1"
3.95473305509855e-115,-1.7644983735764,0.797,0.951,1.4484605287604e-110,"TMSB4X"
4.95845797406116e-115,3.09674057779831,0.305,0.032,1.81608481757964e-110,"HOXB5"
5.88898906793358e-115,1.11092520465223,0.839,0.442,2.15690113602135e-110,"HERPUD1"
1.35445204314877e-114,0.983201735280551,0.887,0.534,4.96081605323668e-110,"TMEM230"
3.33436805831595e-113,1.16990318412537,0.899,0.577,1.2212456450388e-108,"NUCB2"
3.28989400936642e-112,1.57640748655421,0.739,0.378,1.20495657987054e-107,"PRSS23"
6.2388619368694e-112,5.50187965512474,0.227,0.008,2.28504557299779e-107,"PAQR5"
9.12052271701692e-112,2.05207205532322,0.624,0.279,3.34048265033462e-107,"SUSD3"
3.56653951580094e-111,0.996524496988474,0.941,0.605,1.30628076305725e-106,"GATA3"
7.45510145238582e-111,-0.746167172867645,0.996,0.967,2.73050545795083e-106,"RPL36"
1.06062813586261e-110,4.43100914662802,0.357,0.069,3.88465661041038e-106,"SERPINI1"
5.22537933248447e-108,-2.34791649945146,0.399,0.74,1.91384743431576e-103,"S100A14"
9.28431383077243e-108,3.24843333089166,0.306,0.04,3.40047278365871e-103,"FGF2"
2.07463683775527e-107,2.12030008959823,0.279,0.026,7.59856488196244e-103,"HOXB-AS3"
3.00008410948418e-106,1.18129195356569,0.84,0.481,1.09881080593968e-101,"STARD10"
5.26006294224309e-106,1.28295746684836,0.699,0.307,1.92655065322595e-101,"CKS2"
5.50033654744428e-106,3.66988755885992,0.367,0.076,2.01455326386694e-101,"NFATC4"
6.8501192963253e-106,3.12756462259232,0.419,0.105,2.5089246934721e-101,"ISOC1"
1.49025300346534e-105,1.31662602974096,0.8,0.416,5.45820065049216e-101,"PBX1"
3.14522816578376e-105,5.25103658831944,0.234,0.014,1.15197126799996e-100,"RBM24"
1.0219801945554e-104,1.13542760222441,0.963,0.75,3.74310466057861e-100,"ATP5MC3"
1.41156259823271e-104,2.02250841108622,0.389,0.078,5.16998917228713e-100,"TRH"
2.2697713884963e-104,2.33693319006476,0.318,0.044,8.31326468750655e-100,"ELOVL2"
6.64593965236415e-104,5.50596450835211,0.212,0.007,2.43414185707489e-99,"PPP1R3C"
6.66191552560751e-104,1.16186121332608,0.737,0.351,2.43999318040901e-99,"DNPH1"
1.71397470264239e-103,3.1480830037799,0.322,0.051,6.27760374589803e-99,"ENPP5"
4.76628424228605e-103,0.977485207260803,0.895,0.559,1.74569926657969e-98,"GPX1"
8.41591056320477e-103,0.805333605796455,0.979,0.854,3.08241140287938e-98,"PPDPF"
1.67215124782777e-102,6.43153756614194,0.187,0,6.12442116029399e-98,"CSAG1"
2.8332544350787e-102,1.42231854451359,0.6,0.23,1.03770776939192e-97,"AMZ2"
6.84132629957398e-102,1.6129402681664,0.666,0.305,2.50570417048197e-97,"SNHG25"
3.47714240382836e-101,1.35146942289897,0.789,0.418,1.27353817682617e-96,"SELENOP"
1.26639087350013e-100,6.61329061091221,0.197,0.004,4.63828321328156e-96,"RTBDN"
1.59709508210382e-100,2.28051257611067,0.393,0.089,5.84952044771344e-96,"NFIX"
4.15104045174189e-100,0.921313318816309,0.853,0.522,1.52036007585499e-95,"GABARAPL2"
4.81003493189181e-100,-4.06431691544732,0.201,0.56,1.76172339415469e-95,"PIP"
6.50170442587972e-100,-0.899692923994523,0.973,0.923,2.38131426302271e-95,"RPL27"
1.20179397223327e-99,0.896406325038166,0.986,0.811,4.40169060270159e-95,"COX5B"
9.36782656445836e-99,1.46283463610125,0.573,0.207,3.43106015749852e-94,"CMBL"
1.04186843467645e-98,1.1335331417296,0.709,0.323,3.81594732884595e-94,"TNNT1"
6.44176522285337e-98,5.04744895794886,0.328,0.069,2.35936093052228e-93,"SLC27A2"
9.19258522147558e-98,0.837334688748328,0.727,0.315,3.36687626321765e-93,"NQO1"
1.32911466757339e-97,0.900552820573711,0.848,0.471,4.86801538145428e-93,"BEX3"
2.31778712396193e-97,0.983117977407135,0.805,0.448,8.48912712022295e-93,"NDUFAF3"
3.47630377042568e-97,1.00083939334084,0.939,0.625,1.27323101895611e-92,"CLDN3"
6.45266138255719e-97,-1.35666602807488,0.641,0.926,2.3633517579754e-92,"S100A11"
2.86527368219242e-96,1.49739238693144,0.529,0.18,1.0494351388398e-91,"PXMP2"
3.07692433650535e-96,1.40847090196759,0.677,0.313,1.12695430748845e-91,"RBBP7"
3.87409395606642e-96,1.59718327609151,0.707,0.37,1.41892565234889e-91,"DCAF6"
6.5784438963374e-96,1.03817833275683,0.783,0.426,2.40942086147254e-91,"H2BC5"
6.78396728892441e-96,0.865754722004458,0.93,0.676,2.48469585924146e-91,"ATP5PD"
8.48255968825224e-96,1.35430307286093,0.618,0.247,3.10682231141926e-91,"ESR1"
1.882075647002e-95,1.56380763946051,0.539,0.182,6.89329026470953e-91,"HPN"
2.60977232741931e-95,0.755110018852341,0.975,0.754,9.55855212640596e-91,"PEBP1"
6.08811587486678e-95,1.1220758555907,0.955,0.821,2.22983332032871e-90,"SLC25A6"
1.37297119053658e-94,1.37515265893596,0.559,0.207,5.02864428245928e-90,"TPD52L1"
1.51049940029784e-94,1.76149162877114,0.544,0.204,5.53235510353087e-90,"SKIL"
1.73033916578137e-94,0.821737929885207,0.91,0.649,6.33754022859085e-90,"DYNLRB1"
1.81723381979337e-94,9.74155746065738,0.174,0.001,6.6558005883752e-90,"C7"
4.71454972815944e-94,1.36007919561788,0.484,0.146,1.72675098343568e-89,"RTN2"
5.11743628106195e-94,1.59103228990571,0.647,0.299,1.87431221230175e-89,"SCD"
6.19679870316029e-94,2.72474626626942,0.623,0.3,2.26963949301949e-89,"CKB"
1.19111991111093e-93,1.46060794870201,0.653,0.307,4.36259578643489e-89,"S100P"
6.46577431448989e-93,1.58853090854773,0.513,0.178,2.36815450042507e-88,"DNAJA4"
6.62409927960518e-93,1.62932214511696,0.598,0.242,2.42614260214819e-88,"RERG"
6.79444872600755e-93,1.76366370378781,0.51,0.18,2.48853479038753e-88,"KCNC2"
1.36045374315669e-92,1.9638362985405,0.346,0.067,4.98279787968569e-88,"HOXB6"
4.58932630952406e-92,1.73477228689096,0.37,0.079,1.68088665412628e-87,"STC1"
7.97352975343895e-92,3.99921371764095,0.246,0.028,2.92038500749455e-87,"IGSF21"
8.13370496995302e-92,0.72534130134918,0.731,0.329,2.97905078229499e-87,"H2BC21"
1.3999360621292e-91,4.46612648561065,0.181,0.004,5.12740582115441e-87,"TYRP1"
1.83280296465394e-91,1.26410097414455,0.679,0.318,6.71282413834153e-87,"IGFBP4"
5.1697186568177e-91,2.34000339106903,0.394,0.104,1.89346115524605e-86,"IDH3A"
7.68119364486113e-91,-0.814211381199315,0.997,0.967,2.81331398436684e-86,"RPL36A"
1.28391280344209e-90,3.0984282188749,0.358,0.086,4.70245903388699e-86,"RGS16"
1.68963190568419e-90,4.62077795434202,0.243,0.028,6.18844581775891e-86,"SPARC"
3.5796785384067e-90,5.4077542340636,0.199,0.011,1.31109306147684e-85,"NELL2"
3.58030028800939e-90,1.19080890163795,0.813,0.472,1.31132078348632e-85,"GTF2I"
1.4874062359471e-89,7.38380075180867,0.176,0.004,5.44777407977983e-85,"OLFML3"
3.29612106506274e-89,0.857666728192954,0.897,0.612,1.20723730128988e-84,"HSPD1"
5.87225405848002e-89,9.35768715669428,0.161,0,2.15077177145889e-84,"WDR72"
9.44132252127324e-89,2.92667052138197,0.299,0.052,3.45797878664154e-84,"CXCL17"
1.03159334775986e-88,6.60243554765823,0.173,0.003,3.77831379550527e-84,"MT1M"
1.24136309749487e-88,1.73424519429637,0.57,0.229,4.54661648088473e-84,"MAST4"
1.25932189740408e-88,-1.06600134621086,0.915,0.897,4.6123923814322e-84,"EIF4A1"
1.37201102486892e-88,1.09387484004392,0.784,0.466,5.0251275796849e-84,"NDUFB5"
3.52599464006688e-88,1.13804664983769,0.971,0.808,1.2914307968709e-83,"CST3"
4.54871877854534e-88,-2.46589991283219,0.271,0.582,1.66601373983002e-83,"CNN3"
4.88703544023668e-88,-4.12383289744353,0.05,0.378,1.78992560034109e-83,"UBE2E3"
1.0991068332888e-87,0.667097405331723,1,0.982,4.02558868760355e-83,"MT-CO2"
1.85682630429041e-87,0.825810758407108,0.982,0.784,6.80081202209405e-83,"FXYD3"
1.89823131165871e-87,-2.17048943994658,0.35,0.618,6.95246200208119e-83,"C1orf21"
2.67688963948768e-87,0.944859899925304,0.821,0.478,9.80437599358759e-83,"COX14"
2.68231180182109e-87,1.89863155754591,0.476,0.166,9.82423520534992e-83,"GGA2"
5.20688405163651e-87,0.854833366208147,0.882,0.569,1.90707335275239e-82,"CLU"
9.31093075363179e-87,3.91632311324933,0.238,0.028,3.41022149782518e-82,"DIO1"
9.49277814281396e-87,-2.12621936809756,0.548,0.748,3.47682492258704e-82,"ANKRD30A"
1.56880246695514e-86,0.986408103295816,0.652,0.282,5.7458959154699e-82,"GCSH"
1.68982294094032e-86,1.11491404439855,0.703,0.346,6.189145503488e-82,"TEX264"
7.61577908412744e-86,1.39868222124903,0.624,0.287,2.78935524735252e-81,"ACO2"
7.84220888355352e-86,0.606571771271693,1,0.982,2.87228742569031e-81,"MT-CO1"
7.84408761880851e-86,11.5376851435272,0.157,0,2.8729755312648e-81,"CST2"
8.0762508262775e-86,4.69835922482819,0.202,0.014,2.9580076276324e-81,"SIX2"
9.33771748712114e-86,1.05798518750939,0.768,0.425,3.42003240683299e-81,"ATP6AP1"
1.08968638365499e-85,-0.652149751230791,1,0.989,3.99108534877475e-81,"RPS27"
1.44609629220075e-85,1.49743169461185,0.572,0.24,5.29647227981445e-81,"CTSF"
2.11164221869014e-85,1.42051109065144,0.48,0.159,7.73410079017451e-81,"C20orf27"
9.0160499718577e-85,0.946569437537409,0.745,0.392,3.3022184626926e-80,"MRPS7"
1.02999732132058e-84,4.6509597434645,0.199,0.014,3.77246818906876e-80,"FGF12"
1.38526781546891e-84,-2.66885556070509,0.498,0.741,5.07368190093643e-80,"S100A10"
1.63760621620721e-84,10.4174381743737,0.153,0,5.99789652748051e-80,"HDC"
1.8118426479706e-84,1.02175577956207,0.725,0.364,6.63605488245711e-80,"HINT2"
2.8601778271519e-84,2.12597677533072,0.469,0.159,1.04756873097266e-79,"GADD45G"
3.50157241845599e-84,1.93692936318467,0.34,0.077,1.28248591398369e-79,"ITPK1"
4.54473963290252e-84,4.00301355371905,0.202,0.014,1.66455633794688e-79,"S100G"
4.72044537018254e-84,1.00667975294758,0.729,0.392,1.72891032128306e-79,"SNF8"
8.35058826834983e-84,1.13909918583198,0.957,0.753,3.05848645916581e-79,"COX7B"
2.00479789449806e-83,1.12033703727027,0.451,0.129,7.34277276838859e-79,"SEZ6L2"
5.58301768744961e-83,3.67357251807724,0.213,0.02,2.04483605820529e-78,"RBP5"
5.98397409110276e-83,0.973018743366619,0.569,0.21,2.1916903506073e-78,"IFI27"
7.06026767681519e-83,1.15402123127247,0.645,0.289,2.58589363931033e-78,"CSAD"
1.05252798220321e-82,1.80166258857721,0.356,0.085,3.85498898761747e-78,"SERPINA5"
2.0002949926289e-82,1.37416419717077,0.522,0.199,7.3262804400026e-78,"GALNT1"
2.60461959682571e-82,1.15176151349166,0.604,0.261,9.53967973533386e-78,"CCDC167"
4.22081706003006e-82,3.55110796575543,0.219,0.023,1.54591645640661e-77,"HOXB8"
4.48479210156191e-82,1.11322114724514,0.777,0.449,1.64259995511806e-77,"PRKAR1A"
4.74791494448297e-82,1.09654078240759,0.655,0.32,1.73897132756633e-77,"MRPS23"
6.06385191878925e-82,1.77521873003108,0.582,0.269,2.22094640377575e-77,"RWDD4"
1.47822890872787e-81,1.48451017689686,0.41,0.115,5.41416120110671e-77,"IRF2BPL"
1.6912241066993e-81,4.59289578945622,0.153,0.001,6.19427741319684e-77,"SPDYC"
1.71896542526654e-81,0.904803282832616,0.759,0.405,6.29588276658124e-77,"HACD3"
2.91838334019445e-81,1.1865295532583,0.619,0.273,1.06888708217962e-76,"DGCR6L"
3.81643218523307e-81,0.751085981773012,0.925,0.66,1.39780645216347e-76,"NDUFB10"
3.86992156735076e-81,0.787710049901196,0.97,0.772,1.41739747325789e-76,"NDUFB9"
7.16270359064569e-81,1.25946293022263,0.577,0.237,2.62341181710989e-76,"NR2F6"
1.49557826440916e-80,1.05901833699299,0.618,0.263,5.47770495122498e-76,"PRLR"
2.57694382769628e-80,5.69159452461797,0.161,0.004,9.43831446332038e-76,"ASB9"
2.28350967341689e-79,1.4015123397886,0.443,0.144,8.3635825298567e-75,"SPATA20"
2.38208064480366e-79,2.0793499829434,0.416,0.134,8.7246085696579e-75,"MAFB"
3.76527974227296e-79,1.03680919260106,0.896,0.649,1.37907135840489e-74,"C18orf32"
4.21292216964775e-79,0.778021734693648,0.961,0.716,1.54302487385519e-74,"PRDX2"
8.71116142655538e-79,-8.29199409194651,0.009,0.296,3.19054998409017e-74,"PTHLH"
1.70099103714545e-78,1.27135691263594,0.562,0.232,6.23004977264893e-74,"PDHB"
1.95032185528356e-78,0.896314103304911,0.619,0.292,7.14324882716155e-74,"WFDC2"
2.18025103325032e-78,1.67816463918405,0.778,0.587,7.98538743438261e-74,"TSPAN13"
2.38014656458526e-78,3.89371926836814,0.159,0.004,8.71752480744997e-74,"ABHD12B"
5.12929877021383e-78,1.24617034165665,0.546,0.223,1.87865696757852e-73,"RNF139"
6.74628104243142e-78,-6.92728507193771,0.023,0.313,2.47089289460093e-73,"LAMB3"
7.11457226005602e-78,-6.79381256284809,0.022,0.313,2.60578323596812e-73,"ANGPTL4"
1.40781170180463e-77,6.85753072177303,0.145,0.001,5.15625113902964e-73,"VTN"
2.32473612690602e-77,0.682347355545644,0.912,0.66,8.51457853840597e-73,"TOMM6"
2.82752631571039e-77,0.827825072195108,0.944,0.749,1.03560978839209e-72,"MORF4L2"
3.04333282370711e-77,2.09430453417566,0.259,0.043,1.11465108001096e-72,"PSIP1"
6.19950453219926e-77,0.899326858087485,0.785,0.461,2.2706305299633e-72,"MRPL27"
8.33646897635161e-77,2.43228152494316,0.362,0.102,3.05331512727854e-72,"CEACAM6"
9.57895019455254e-77,2.76671388715444,0.409,0.143,3.50838629825681e-72,"HAUS1"
1.06752226760455e-76,-0.97618427483072,0.97,0.923,3.90990705732844e-72,"GAS5"
1.16618406359902e-76,0.74224228221405,0.931,0.651,4.27126575133778e-72,"NDUFB7"
4.94055776044029e-76,0.692548930106864,0.954,0.765,1.80952868533886e-71,"VAMP8"
5.45850026834321e-76,1.40729936378277,0.46,0.16,1.99923030828338e-71,"OCEL1"
6.62032693708834e-76,4.4185005900825,0.169,0.009,2.42476094397798e-71,"SOWAHA"
1.10566013843739e-75,1.11848679907978,0.657,0.323,4.04959082304077e-71,"P4HTM"
1.14361139646284e-75,2.07108552900923,0.241,0.035,4.1885911006848e-71,"SPESP1"
2.456037287952e-75,0.808822146652075,0.94,0.713,8.99548217085299e-71,"COPS9"
3.51026623592616e-75,0.89964539799516,0.764,0.431,1.28567011157031e-70,"MRPS26"
3.90681078978102e-75,1.66619277090303,0.327,0.079,1.4309085198652e-70,"PCMTD2"
4.11931599648673e-75,2.3932457633857,0.228,0.03,1.50874067687323e-70,"ATP1A2"
5.35397840737486e-75,2.22386077335781,0.321,0.079,1.96094813148511e-70,"WWOX"
1.40507710766761e-74,0.751617797083834,0.947,0.779,5.1462354145434e-70,"DYNLL1"
1.46593272024284e-74,0.939483684954513,0.94,0.74,5.36912518116144e-70,"SLC39A6"
1.80148556320101e-74,1.81799913321759,0.772,0.483,6.59812102378e-70,"ATP6AP2"
2.73341543714579e-74,1.52021317500662,0.407,0.126,1.00114073800902e-69,"AL035661.1"
2.81160994665786e-74,1.44369186782252,0.461,0.166,1.02978025906291e-69,"DYNLL2"
6.43324159652425e-74,0.70448108533647,0.942,0.732,2.35623906714297e-69,"C1orf43"
6.75901590320111e-74,-2.06729303643782,0.625,0.791,2.47555716470644e-69,"S100A16"
9.2233919169254e-74,4.02100616158037,0.155,0.006,3.3781595234931e-69,"CST9"
1.23851381368573e-73,2.08635515341844,0.205,0.022,4.53618069400535e-69,"IGFBP6"
6.77641977339837e-73,0.707398037875157,0.856,0.508,2.48193150620489e-68,"PAFAH1B3"
8.08302451740921e-73,1.14028182580688,0.721,0.458,2.9604885597463e-68,"TMEM134"
8.77797168352809e-73,1.00949564463303,0.893,0.613,3.215019908809e-68,"MAGED2"
1.12090583649351e-72,2.85098731069121,0.224,0.031,4.10542971674111e-68,"LINC00173"
1.45922131197842e-72,1.055378041467,0.845,0.528,5.34454397725217e-68,"CAPG"
1.49054019770737e-72,-0.935033597137378,0.977,0.986,5.459252528123e-68,"ACTG1"
1.60338657038199e-72,-2.05991144279376,0.575,0.751,5.87256365268108e-68,"KRT7"
3.60717280546633e-72,1.05674232753098,0.758,0.438,1.3211631117301e-67,"EGR1"
5.01272396593438e-72,1.0783400766729,0.676,0.348,1.83596027976313e-67,"FOXA1"
8.53240626069649e-72,1.60217800162711,0.366,0.105,3.1250791170427e-67,"TCTA"
8.61781728357673e-72,6.79994101216228,0.139,0.002,3.15636175828281e-67,"HAPLN2"
9.28304882092352e-72,1.39444075927848,0.486,0.194,3.40000946115145e-67,"ACSF2"
1.43935681273541e-71,0.7385473813609,0.828,0.541,5.27178826232471e-67,"TMEM14B"
1.44268355860572e-71,0.822485215568076,0.785,0.459,5.28397280174931e-67,"NDUFA12"
3.83162035166608e-71,2.2604057943813,0.229,0.034,1.40336927000122e-66,"BASP1"
4.1987781413478e-71,2.11324543628039,0.245,0.039,1.53784448205005e-66,"NECAB1"
4.9538018078022e-71,1.4064782788405,0.665,0.353,1.81437945012564e-66,"RSBN1L"
5.53899618730645e-71,0.837010594495108,0.964,0.776,2.02871274356286e-66,"UQCR10"
1.07920290727241e-70,0.723295108579735,0.96,0.777,3.95268856817592e-66,"NDUFB4"
1.46389539639534e-70,1.4669816691438,0.338,0.089,5.36166327883756e-66,"SNX10"
1.68062111994977e-70,1.75616818248009,0.313,0.077,6.15544291392804e-66,"CCDC151"
1.73463235931888e-70,0.624145191370041,0.945,0.727,6.35326447924131e-66,"PRDX5"
2.40650504886004e-70,0.888320734935225,0.792,0.502,8.81406539195478e-66,"SELENOT"
2.4110441068166e-70,-2.10274567392262,0.453,0.683,8.83069014562647e-66,"TNFRSF12A"
3.373950240819e-70,0.997852183436832,0.536,0.215,1.23574301520237e-65,"CTSH"
4.48691735624569e-70,1.24646816799124,0.538,0.235,1.64337835089855e-65,"PNPLA4"
4.74571932349296e-70,0.85136245485373,0.678,0.336,1.73816715942253e-65,"TMEM14A"
5.35008752518807e-70,-0.507317362471742,0.998,0.975,1.95952305697538e-65,"RPL35A"
6.5517272779662e-70,1.07498747410781,0.637,0.318,2.3996356328279e-65,"LASP1"
7.88287805847993e-70,1.02345069779216,0.655,0.33,2.88718291769886e-65,"TCEAL1"
1.56403005354566e-69,1.79442207746618,0.272,0.055,5.72841647411632e-65,"HSPB8"
1.63741794607026e-69,0.828463116047528,0.947,0.729,5.99720696927693e-65,"COX5A"
1.64784222785631e-69,0.579733482037749,0.959,0.749,6.0353869437465e-65,"TRMT112"
1.75579520773899e-69,3.45964287621712,0.258,0.055,6.43077552786483e-65,"MT1G"
2.67841677048152e-69,1.08085672494707,0.683,0.355,9.80996926356563e-65,"CMTM6"
2.72983829373036e-69,0.891339976677975,0.732,0.412,9.9983057346168e-65,"MRPL23"
5.80909014758506e-69,2.83524127121411,0.16,0.01,2.1276373574545e-64,"APLP1"
6.06803767095052e-69,2.45823195324504,0.249,0.046,2.22247947736234e-64,"ACSS1"
6.70700306470996e-69,0.972663400087876,0.595,0.277,2.45650694248067e-64,"MED13L"
7.72130724281725e-69,3.20373631804994,0.244,0.047,2.82800599075424e-64,"ESRRG"
9.04072918280542e-69,1.32863028120061,0.455,0.167,3.31125747049431e-64,"COX11"
1.52888072488593e-68,0.72417379351656,0.912,0.71,5.59967854296722e-64,"TMED2"
2.24440192532315e-68,-5.52025134693787,0.089,0.363,8.22034649168859e-64,"KRT15"
2.53475172333435e-68,1.08706491293915,0.58,0.254,9.28378166188439e-64,"VAV3"
2.97537421200495e-68,2.07997361780612,0.315,0.082,1.08976055888893e-63,"PIK3R1"
4.3810653205832e-68,1.88825746645175,0.339,0.096,1.6046089843168e-63,"ANXA9"
5.32332469306055e-68,1.92570693889127,0.324,0.088,1.94972090208036e-63,"GLCE"
5.54051774781922e-68,2.07099480849208,0.425,0.168,2.02927003031627e-63,"LY6K"
6.7092845833465e-68,0.663715074884758,0.91,0.658,2.45734257149649e-63,"COX17"
9.40185020911965e-68,2.13421517216771,0.298,0.073,3.44352165759216e-63,"SEPTIN8"
1.26693304739717e-67,0.855067520317116,0.762,0.468,4.64026897939689e-63,"RTN3"
1.80466761220842e-67,0.671492985033344,0.929,0.729,6.60977559647456e-63,"ANAPC11"
1.925038162981e-67,0.900578054393485,0.663,0.326,7.05064477573419e-63,"MRPL40"
2.02005031375948e-67,1.0118574392986,0.7,0.388,7.39863627917549e-63,"MRPL12"
2.35935353869119e-67,2.9493169062959,0.21,0.03,8.64136827081036e-63,"FOXD3-AS1"
3.13330387775912e-67,0.63146672692883,0.942,0.741,1.14760387826806e-62,"SELENOW"
4.66509292658367e-67,1.33860205371482,0.657,0.38,1.70863693529053e-62,"GSTM3"
5.01257479492571e-67,1.26690769394766,0.371,0.11,1.83590564438949e-62,"ALDH3B2"
6.35803595952936e-67,1.01608499027319,0.889,0.699,2.32869425053722e-62,"PTMS"
9.4833733164549e-67,0.907384632428568,0.727,0.417,3.47338031088477e-62,"COMT"
1.53404961649009e-66,1.22580722011411,0.492,0.199,5.6186101253566e-62,"USF2"
2.1786438589387e-66,0.794072963541858,0.84,0.564,7.9795009977489e-62,"BANF1"
2.23596370069858e-66,-0.767152500945055,0.995,0.982,8.18944065017862e-62,"TPT1"
2.33559187323116e-66,1.47972234553536,0.426,0.153,8.55433879489644e-62,"STRBP"
2.37184630166441e-66,4.02181014569134,0.133,0.003,8.68712426447606e-62,"PPP1R14D"
3.4202408565085e-66,0.785906944961308,0.661,0.329,1.2526974161048e-61,"TRAPPC6A"
6.06687253415066e-66,0.830029736639687,0.871,0.631,2.22205273435802e-61,"ATP5MC1"
8.77220267222145e-66,1.27819910649922,0.727,0.528,3.21290695072783e-61,"SYAP1"
9.74671610909597e-66,0.881433575441203,0.717,0.41,3.56983224211749e-61,"MCRIP2"
1.09442264244656e-65,0.727757864885848,0.855,0.637,4.00843237022478e-61,"APRT"
1.27396909640925e-65,2.16187545781545,0.382,0.135,4.66603921250851e-61,"APTR"
1.70024937228882e-65,5.48611691348535,0.157,0.011,6.22733335094504e-61,"APOC1"
1.71476234656838e-65,1.76075442215801,0.257,0.052,6.28048857054135e-61,"KAZALD1"
2.85652298201566e-65,0.586152756237212,1,0.98,1.04623010739306e-60,"MT-ATP6"
3.80323372857395e-65,-0.5467168930606,1,0.976,1.39297238542749e-60,"RPS14"
4.04456897768515e-65,0.866104945023785,0.685,0.362,1.48136383376696e-60,"NDUFS3"
6.50676388912468e-65,0.964846914631618,0.752,0.449,2.3831673420308e-60,"MRPS12"
6.53707686986553e-65,1.09305663488933,0.511,0.213,2.39426977435695e-60,"COA1"
8.24509186648325e-65,2.27791796015326,0.218,0.035,3.01984734701816e-60,"SLC16A6"
8.58835526305677e-65,1.01405730495725,0.849,0.585,3.14557099864717e-60,"CYC1"
1.08636196729854e-64,0.660218922378154,0.908,0.624,3.97890934142764e-60,"IDH2"
1.50407252258956e-64,1.52551045923885,0.322,0.086,5.50881602123651e-60,"AC068888.1"
1.66304141945868e-64,-10.0138367612423,0,0.238,6.09105550290934e-60,"TNC"
1.8006211146458e-64,0.651486187945216,0.868,0.58,6.59495489450171e-60,"NDUFA7"
2.00156575415051e-64,0.508674092036619,0.985,0.881,7.33093473115165e-60,"SUMO2"
2.13830524336297e-64,4.4292586501636,0.138,0.006,7.83175678434122e-60,"NFASC"
3.20148700110458e-64,1.43204593353716,0.44,0.168,1.17257662902456e-59,"EML2"
6.99783525736116e-64,1.53590272186466,0.211,0.032,2.5630271413611e-59,"FCRLB"
7.34709485168277e-64,1.50088955850955,0.319,0.084,2.69094696037733e-59,"RAMP3"
7.98943090774578e-64,3.74535843613168,0.191,0.026,2.92620896427097e-59,"LRRC4C"
9.20451268900979e-64,0.640511997166507,0.889,0.616,3.37124481747673e-59,"NDUFS6"
1.06830418914983e-63,0.841012496727239,0.971,0.818,3.91277092318017e-59,"UQCRH"
1.07204511184284e-63,-0.62673306822114,0.997,0.985,3.92647242663559e-59,"RPS12"
1.13357159952492e-63,8.69688753228796,0.116,0,4.15181934041998e-59,"PLCXD3"
1.19069495155841e-63,1.5914469823678,0.275,0.063,4.36103932957783e-59,"PDK2"
1.21851866328801e-63,1.39255766516344,0.399,0.14,4.46294645615865e-59,"WASHC3"
1.72881636693843e-63,0.935943165960568,0.569,0.261,6.3319628255487e-59,"TERF2IP"
1.78900373708186e-63,0.852919486116977,0.653,0.326,6.55240508743602e-59,"ISOC2"
2.161728885659e-63,1.73878913712462,0.336,0.096,7.91754821661464e-59,"CEACAM5"
2.33232208534326e-63,6.34783985963595,0.125,0.003,8.54236286977821e-59,"RUNDC3A"
3.74507825473937e-63,1.48392545227704,0.299,0.075,1.37167236158084e-58,"LINC02802"
4.12843614992696e-63,2.98779620184165,0.23,0.046,1.51208102427225e-58,"MLLT11"
6.99119744100442e-63,1.60880168529005,0.413,0.152,2.56059597474228e-58,"RXYLT1"
7.55030942575879e-63,-0.952788368405818,0.53,0.826,2.76537633027841e-58,"MGST1"
1.05985683468287e-62,1.10891543839715,0.554,0.259,3.88183164270949e-58,"MRPS18A"
1.44214755864841e-62,-0.558509344181193,0.995,0.963,5.28200964830568e-58,"RPS8"
1.46750645036243e-62,0.859695635370527,0.685,0.37,5.37488912509745e-58,"NORAD"
1.49141810068006e-62,0.779264628348774,0.739,0.441,5.46246793555081e-58,"ZCRB1"
1.93538340797593e-62,1.1922024423248,0.466,0.185,7.08853527005263e-58,"SPOP"
3.11743926490711e-62,-3.62233975779625,0.089,0.354,1.14179330516488e-57,"RAB32"
4.08822660930613e-62,1.91599525641104,0.206,0.031,1.49735387792446e-57,"HSD17B14"
4.6544460986015e-62,0.660363113020736,0.881,0.623,1.70473742807379e-57,"NAXE"
6.66271686086464e-62,0.70240856874392,0.858,0.608,2.44028667746028e-57,"SMDT1"
6.79296832778228e-62,0.455920393876962,0.978,0.799,2.48799257973354e-57,"UQCRQ"
6.84419841342999e-62,3.16560832800781,0.155,0.013,2.50675611090287e-57,"TMEM145"
1.1541919438967e-61,1.37346951719622,0.416,0.155,4.22734341371606e-57,"NECAB3"
1.3365492893575e-61,0.743185094429304,0.827,0.538,4.89524542720079e-57,"CANX"
1.67875785726895e-61,1.46143071680438,0.627,0.343,6.14861852803325e-57,"PCMTD1"
1.69512392473752e-61,1.83431799849603,0.268,0.064,6.20856088674363e-57,"STMN3"
1.97678541201576e-61,1.85174821665774,0.242,0.049,7.24017425004891e-57,"BCAS1"
2.32928841565614e-61,0.783232847552155,0.743,0.437,8.53125175118217e-57,"PIGT"
3.18668632446158e-61,0.710912392176193,0.882,0.654,1.1671557331973e-56,"ARL6IP4"
4.04870795942247e-61,1.28831784276008,0.426,0.16,1.48287977721808e-56,"TESMIN"
4.31884645281739e-61,0.956124028193965,0.58,0.284,1.5818207018089e-56,"EIF2AK1"
4.43644402752434e-61,4.66693162215952,0.265,0.068,1.62489198952107e-56,"APOE"
4.4831865198084e-61,1.11841251510367,0.532,0.246,1.64201189474502e-56,"ABHD14B"
6.34677792091973e-61,1.02662403088449,0.69,0.407,2.32457088131606e-56,"UGCG"
1.76944430515391e-60,1.26639113975211,0.472,0.194,6.48076671205673e-56,"NUDT4"
2.08434953531988e-60,1.07204960438736,0.66,0.359,7.63413860806259e-56,"PHF14"
2.42215753036978e-60,0.925590464646581,0.712,0.424,8.87139417073237e-56,"SEC11C"
2.63100004770313e-60,-3.69196465673866,0.1,0.361,9.63630077471747e-56,"IL32"
2.87560579088024e-60,0.99804930115749,0.621,0.327,1.0532193769678e-55,"NDUFV1"
2.9477057200876e-60,-0.68909343520486,0.995,0.97,1.07962669703928e-55,"RPL31"
3.27243412778871e-60,0.605446214941069,0.778,0.46,1.19856172364389e-55,"TMEM141"
3.91258307195549e-60,1.0020418512546,0.599,0.308,1.43302267593442e-55,"SHARPIN"
3.91705884014762e-60,1.12816646417713,0.5,0.215,1.43466197079247e-55,"ZDHHC24"
4.04228874298353e-60,1.07781886044053,0.478,0.199,1.48052867500515e-55,"PTPMT1"
4.42790256514023e-60,0.735045631408079,0.926,0.694,1.62176359350826e-55,"NDUFA1"
4.74394362671189e-60,0.90451701672477,0.744,0.444,1.7375167927195e-55,"NDUFA8"
4.80791114319808e-60,1.11282279985365,0.451,0.181,1.76094553530773e-55,"CDS2"
5.47915127126087e-60,1.33292468109739,0.418,0.155,2.00679394461201e-55,"IDH1"
6.34429229953685e-60,1.58524012072039,0.492,0.211,2.32366049762836e-55,"SORD"
7.46223227552934e-60,0.91756549829229,0.689,0.385,2.73311719323538e-55,"PRXL2A"
1.07496248847823e-59,0.632439345243016,0.889,0.618,3.93715761030036e-55,"SCAND1"
1.32309816932828e-59,4.92394880956404,0.126,0.005,4.84597935498175e-55,"AFP"
1.49961085176504e-59,-5.33245317204278,0.055,0.307,5.49247470567465e-55,"CXCL8"
1.53895227077545e-59,1.88164432574817,0.258,0.06,5.63656658694218e-55,"CDKN1C"
2.40483382576855e-59,0.791639087246923,0.811,0.504,8.8079443702599e-55,"CERS2"
2.62846776397232e-59,-0.593592765210466,1,0.982,9.62702603232502e-55,"RPS15A"
3.0551415006593e-59,4.58189154570802,0.131,0.006,1.11897612603147e-54,"LERFS"
4.47383014030045e-59,-12.09977349257,0,0.221,1.63858502718644e-54,"CXCL13"
7.04452410374172e-59,2.25622975178281,0.155,0.014,2.58012739823644e-54,"FBXL7"
7.53609366293306e-59,-1.61974794453948,0.383,0.693,2.76016966498586e-54,"TM4SF1"
8.15665446205004e-59,1.47681054743407,0.352,0.118,2.98745626327045e-54,"SAC3D1"
1.07917446261911e-58,-0.539439326010481,0.996,0.976,3.95258438678877e-54,"RPS17"
1.66395514283992e-58,-1.35509000701365,0.408,0.646,6.09440210616549e-54,"LGALS3"
1.96648617932983e-58,0.806286180344643,0.627,0.304,7.20245228041342e-54,"GAMT"
2.00270602238963e-58,1.47906565462366,0.455,0.195,7.33511107760427e-54,"C8orf82"
3.80759344825766e-58,1.79992657418095,0.283,0.075,1.39456917635885e-53,"DACH1"
3.89911456598747e-58,0.894860736266229,0.826,0.585,1.42808970093857e-53,"MIEN1"
4.08265884713472e-58,1.12833288869714,0.478,0.203,1.49531462935156e-53,"ABHD12"
5.18401880730351e-58,3.58576924777529,0.17,0.022,1.89869872836298e-53,"SH3KBP1"
5.92611436244017e-58,0.845375670868154,0.989,0.912,2.17049864638734e-53,"NEAT1"
9.31146201015949e-58,0.713386771994173,0.75,0.452,3.41041607584102e-53,"YIPF3"
1.25827296557722e-57,1.15717973674694,0.589,0.307,4.60855056372313e-53,"BPTF"
1.35339547923972e-57,1.03289554119614,0.6,0.309,4.9569462822634e-53,"MARCHF6"
1.60547973388038e-57,1.25511327229189,0.285,0.073,5.88023007331027e-53,"ADCY1"
1.85700694535133e-57,1.55557342373852,0.31,0.092,6.80147363804378e-53,"AGPAT1"
2.02272348229702e-57,1.50800441626816,0.329,0.102,7.40842702626106e-53,"MTSS1"
3.12974070907849e-57,1.84695930019002,0.215,0.041,1.14629883210709e-52,"HOXB3"
5.08485006864646e-57,4.67234838052722,0.138,0.01,1.86237718614245e-52,"EPHX4"
5.3140694850017e-57,0.56036801974045,0.833,0.546,1.94633108957672e-52,"CRNDE"
6.76170533838422e-57,0.770062942086385,0.755,0.471,2.4765421972366e-52,"NDUFAF8"
6.89941528073269e-57,2.56787127084165,0.174,0.023,2.52697984072116e-52,"CKMT1A"
1.15760176779982e-56,1.06790625382101,0.446,0.187,4.23983223474361e-52,"MAP4K3-DT"
1.48256975067309e-56,-3.04680731674287,0.085,0.335,5.43005996881527e-52,"AK4"
2.16369370164912e-56,0.858256388239774,0.425,0.159,7.92474455166008e-52,"H2BC4"
2.23740710055385e-56,0.615910931219153,0.865,0.596,8.19472724648855e-52,"MRPS24"
2.73413541980125e-56,1.30575374509357,0.553,0.296,1.00140443885641e-51,"TXNIP"
4.01618009666503e-56,0.696043692700439,0.777,0.497,1.47096612220453e-51,"TOB1"
6.99659231829581e-56,1.35475864311054,0.294,0.083,2.56257190249902e-51,"RBP7"
8.49179856065151e-56,0.754420882682773,0.689,0.392,3.11020614082422e-51,"SDF2L1"
8.55019267171854e-56,1.04695938912629,0.391,0.143,3.13159356794363e-51,"ACOT13"
8.77149070308486e-56,0.778563071449458,0.684,0.391,3.21264618491186e-51,"ARF3"
1.07391922122812e-55,0.919123005696885,0.573,0.287,3.93333653967012e-51,"FAM120AOS"
1.25136011724971e-55,0.999765438705215,0.372,0.126,4.58323156543879e-51,"THBS1"
1.26803229303507e-55,1.60198079287901,0.258,0.063,4.64429507647026e-51,"HOXB7"
1.31555211263549e-55,-5.75233245428277,0.009,0.225,4.81834116773876e-51,"CAVIN1"
1.54459723815527e-55,1.27946946368794,0.345,0.113,5.65724184446749e-51,"AKAP1"
1.5625310280452e-55,0.493400519981864,0.948,0.736,5.72292614331835e-51,"POLR2L"
1.86796714225902e-55,0.984688740310106,0.545,0.268,6.84161645523789e-51,"COPRS"
2.03885458477573e-55,0.909326836766321,0.463,0.193,7.46750880219958e-51,"FLYWCH2"
2.07776828369935e-55,-0.627687546519115,0.997,0.979,7.61003411587723e-51,"RPS6"
2.47208025228344e-55,1.48856451892321,0.251,0.061,9.05424113201334e-51,"MTARC1"
2.48757511521616e-55,1.34428160598023,0.583,0.321,9.11099261699071e-51,"CYB561"
2.80849307708715e-55,2.65992258247897,0.397,0.17,1.02863867441394e-50,"PTGER3"
4.63444855276144e-55,1.32553615854616,0.566,0.299,1.6974131269344e-50,"TNFSF10"
5.53782594390094e-55,1.21405006686876,0.262,0.064,2.02828413021316e-50,"AC008268.1"
6.39359642080255e-55,0.664156110610981,0.804,0.507,2.34171862508314e-50,"H2AC6"
8.45285072141201e-55,0.898764506432124,0.541,0.255,3.09594110522436e-50,"EPHX1"
8.9687598901569e-55,0.713177790542229,0.949,0.757,3.28489799736887e-50,"ATP5ME"
1.06208309475288e-54,1.11631821359852,0.514,0.24,3.88998554284191e-50,"COMTD1"
1.27146369877288e-54,2.58054545844333,0.205,0.039,4.65686294312556e-50,"CP"
1.41085703301613e-54,0.956746563962134,0.761,0.486,5.16740496912487e-50,"NDUFS2"
1.47061726068098e-54,-0.381168638391628,0.999,0.996,5.38628277897014e-50,"RPL41"
1.48541515638222e-54,0.93707160805912,0.653,0.372,5.44048155176552e-50,"TMEM9B"
1.71198594486028e-54,-4.6457815563419,0.036,0.262,6.27031972164528e-50,"PFKP"
2.27906709013889e-54,-3.515514951161,0.101,0.342,8.34731112434269e-50,"MGLL"
2.78456154192279e-54,1.32275781352669,0.545,0.307,1.01987351034464e-49,"HOXB2"
2.84872028940735e-54,0.674405119318101,0.606,0.312,1.04337229319834e-49,"CMC1"
3.12007377635763e-54,3.46747393203147,0.148,0.016,1.14275822132875e-49,"DUSP15"
3.34306806300265e-54,0.949888183764226,0.636,0.337,1.22443210875535e-49,"TP53TG1"
4.58116192527444e-54,1.39869979859081,0.402,0.16,1.67789636675102e-49,"PDE4DIP"
4.76289326232456e-54,0.56026228037974,0.764,0.47,1.74445728625899e-49,"TSC22D3"
5.3062615777973e-54,0.740129611860846,0.892,0.646,1.94347136548404e-49,"PHPT1"
5.53494254314377e-54,0.636572133194911,0.801,0.517,2.02722805585184e-49,"MRPL57"
6.1193699798128e-54,-0.540493737195172,1,0.991,2.24128044880624e-49,"RPS18"
6.2381493124305e-54,1.058221167379,0.892,0.676,2.2847845671708e-49,"MDH2"
6.52852173815202e-54,0.698585559167374,0.766,0.491,2.39113637181556e-49,"DDRGK1"
6.57294535016221e-54,-0.406048233723974,0.996,0.961,2.40740696395041e-49,"RPL35"
8.13774454597922e-54,0.905654287902327,0.581,0.31,2.98053031741035e-49,"BAG3"
8.51986263468544e-54,2.80390090741975,0.152,0.017,3.12048488857989e-49,"SPATA5"
8.8360437613878e-54,2.12205055451118,0.152,0.017,3.2362893880459e-49,"GPER1"
9.01870826003263e-54,2.5465907966799,0.126,0.008,3.30319208731955e-49,"HOXD-AS2"
1.02358840248145e-53,1.44553661697944,0.395,0.157,3.74899488292856e-49,"ZBTB20"
1.24308819898019e-53,0.966075376493722,0.896,0.673,4.55293483758485e-49,"ATP5F1B"
1.27323006018198e-53,0.623598872526695,0.94,0.705,4.66333241842253e-49,"MRFAP1"
1.32424658624325e-53,1.3340077370793,0.373,0.14,4.85018554677454e-49,"USP32"
1.43074489078733e-53,1.14286785609035,0.545,0.28,5.24024623699767e-49,"ING2"
1.46982183076795e-53,1.05889219282954,0.496,0.226,5.3833694373707e-49,"TAF15"
1.97608050746753e-53,1.41004117595134,0.407,0.171,7.23759246665056e-49,"HDGFL3"
2.64830504140471e-53,1.12234365300773,0.462,0.206,9.69968204464891e-49,"CNPY3"
2.75770214505362e-53,1.15115393335491,0.296,0.085,1.01003598764734e-48,"PDZK1"
2.85368439974259e-53,2.56087183593064,0.588,0.393,1.04519044824972e-48,"PLAAT3"
2.93353601179935e-53,0.420043099002066,0.987,0.887,1.07443689968163e-48,"GPX4"
3.33026104197472e-53,1.40521996983848,0.626,0.357,1.21974140923366e-48,"AHCYL1"
4.14776309649608e-53,0.776345898937901,0.657,0.371,1.51915971172265e-48,"LAMP2"
4.73562500352001e-53,0.800769994295541,0.697,0.412,1.73447001378924e-48,"PTOV1"
4.75402974248209e-53,1.31725667770044,0.254,0.065,1.74121093348149e-48,"FDXR"
4.92992103225065e-53,1.48793147459907,0.475,0.231,1.80563287727212e-48,"NFKBIZ"
5.27675052098645e-53,0.9980959807168,0.5,0.232,1.9326626458165e-48,"FSIP1"
5.84392925448961e-53,0.77334911882807,0.557,0.265,2.14039752874936e-48,"TSPAN1"
6.17572532148766e-53,2.89403711986054,0.113,0.004,2.26192115624807e-48,"LINC00992"
6.34535589669716e-53,0.740293229837035,0.744,0.441,2.3240500507243e-48,"CALM3"
6.42988950104916e-53,0.865979608325122,0.647,0.401,2.35501132865427e-48,"MRPL21"
6.77987148997045e-53,0.979190126922748,0.541,0.264,2.48319573191658e-48,"CLPTM1"
6.91940385537209e-53,3.7539688661681,0.135,0.011,2.53430085606858e-48,"CADM2"
7.27125412627078e-53,1.20550149277273,0.517,0.258,2.66316953628793e-48,"ECI1"
7.81379260471485e-53,1.67582282349422,0.207,0.04,2.86187967940286e-48,"TNNI3"
9.41666475466999e-53,0.500970198089817,1,0.979,3.44894763304543e-48,"MT-ND2"
1.00397599607165e-52,1.37233913567988,0.301,0.092,3.67716248321201e-48,"NPEPL1"
1.06851779692797e-52,0.667816205844752,0.824,0.566,3.9135532830284e-48,"MRPS34"
1.20910332589596e-52,0.626334354990783,0.901,0.651,4.42846184142655e-48,"CALR"
1.28566278087978e-52,0.581880278981335,0.682,0.361,4.70886850125029e-48,"IRX3"
1.29550748081409e-52,1.18344641735529,0.542,0.282,4.74492569922967e-48,"THSD4"
1.30817451897674e-52,0.608841608100312,0.923,0.724,4.79131999320421e-48,"MZT2A"
1.46129460875522e-52,-0.851671338961614,0.953,0.903,5.35213763402685e-48,"MYL12B"
1.58065208617044e-52,1.21656323508504,0.341,0.116,5.78929633080786e-48,"TACO1"
1.77566299936287e-52,-1.32581771965609,0.518,0.699,6.50354330146645e-48,"RUNX1"
1.79511655782039e-52,-0.589906129629084,0.993,0.975,6.57479390467295e-48,"RPL12"
1.86545125731761e-52,0.53828362413429,0.833,0.55,6.83240177505149e-48,"NDUFB1"
1.88220094624698e-52,0.953050748813541,0.466,0.206,6.8937491857242e-48,"NFU1"
1.90328445503716e-52,1.73631104448103,0.331,0.114,6.9709696450191e-48,"STAU2"
1.91955189653509e-52,0.937133296575161,0.545,0.268,7.03055077624943e-48,"ARSD"
2.14887180123013e-52,1.53377100186303,0.278,0.079,7.87045785918546e-48,"RBL2"
2.25101001541606e-52,1.62911295974534,0.33,0.114,8.24454928246284e-48,"AUTS2"
2.38861324961849e-52,1.49281767559135,0.42,0.18,8.74853488805267e-48,"BLCAP"
2.68626461517124e-52,0.580953946867604,0.877,0.574,9.83871277952617e-48,"ERP29"
2.91102746189373e-52,1.74183123057527,0.172,0.025,1.0661929181932e-47,"PPM1K"
3.09322561527694e-52,0.65927585079776,0.764,0.48,1.13292481385133e-47,"SUPT4H1"
3.45837886643138e-52,-10.2129406308292,0.003,0.203,1.26666584361916e-47,"CXCL14"
4.37984959439285e-52,0.973177792672262,0.58,0.307,1.60416371244233e-47,"YIPF6"
4.72209226162084e-52,0.80472142350793,0.731,0.436,1.72951351174125e-47,"COA3"
4.82535043838014e-52,1.35272609632856,0.35,0.125,1.76733285156111e-47,"SLC2A10"
6.8727710236948e-52,0.684468520670765,1,0.982,2.51722111513846e-47,"MT-CO3"
7.1313947833499e-52,0.820952971800046,0.627,0.351,2.61194465334973e-47,"ERLEC1"
7.42888992678953e-52,0.878531042754286,0.476,0.212,2.72090522458593e-47,"BEX4"
7.81890719872374e-52,0.941280248374726,0.64,0.38,2.86375295060456e-47,"CORO1B"
8.78256210607632e-52,1.77019834820177,0.285,0.085,3.21670119697152e-47,"ZNF44"
9.13553311568055e-52,3.25907646376411,0.126,0.009,3.34598035894916e-47,"FOLR1"
9.47670921938665e-52,0.70002094404657,0.725,0.407,3.47093951869255e-47,"SPDEF"
1.35621182140816e-51,2.91759741352008,0.149,0.018,4.96726141708951e-47,"FAM117A"
1.38918871535848e-51,-2.29605765249298,0.14,0.388,5.08804258887198e-47,"RND3"
1.69638622146372e-51,2.5402044729143,0.131,0.011,6.21318417473303e-47,"AC061961.1"
2.04977847367981e-51,0.798517070426401,0.501,0.23,7.50751863769969e-47,"CTSA"
2.14092923399945e-51,1.22673296402721,0.377,0.143,7.84136741244638e-47,"TMX4"
3.04804526924861e-51,0.941085631991993,0.453,0.194,1.116377060315e-46,"SPR"
3.0667347079112e-51,1.46297852971552,0.261,0.072,1.12322225411955e-46,"HOPX"
3.21095169954067e-51,0.624963073700715,0.955,0.82,1.17604316947376e-46,"SSR4"
3.28330347446821e-51,0.495106357210015,0.947,0.759,1.20254273055873e-46,"SPCS1"
4.19598389312942e-51,2.56480473355225,0.19,0.036,1.53682106069758e-46,"ENPP4"
4.38883769034849e-51,0.743860359562716,0.566,0.285,1.60745569246704e-46,"SRSF6"
5.50008904508468e-51,1.54588281745689,0.347,0.128,2.01446261365272e-46,"IFI27L1"
5.5230433869141e-51,1.12917361301937,0.47,0.216,2.02286987089116e-46,"RASD1"
6.29597143162475e-51,0.806555539242413,0.63,0.356,2.30596249654688e-46,"ZMAT2"
7.14793087665655e-51,0.726000257856995,0.776,0.519,2.61800116288423e-46,"PPP1CA"
1.04612439278595e-50,2.6048941740765,0.147,0.017,3.83153520101781e-46,"GJB1"
1.18244580398386e-50,0.948753584004195,0.483,0.221,4.3308260016713e-46,"VPS51"
1.18402254028632e-50,-3.79945940885634,0.052,0.272,4.33660095605269e-46,"FBLIM1"
1.29488081553011e-50,-2.47451587222097,0.312,0.514,4.74263047496059e-46,"CYTOR"
1.36037592667358e-50,0.815975692716803,0.572,0.295,4.98251286903464e-46,"RNASEH2C"
1.36581720483404e-50,2.85822362522216,0.194,0.039,5.00244209442517e-46,"GPR27"
1.62542404227655e-50,1.93950319978035,0.259,0.074,5.9532780972421e-46,"TMEM64"
1.69739571461866e-50,0.835725616535616,0.644,0.355,6.21688154436231e-46,"BLVRA"
1.70172216046758e-50,3.38451707911799,0.151,0.02,6.23272758492856e-46,"HDAC9"
1.8396696186176e-50,1.13055400590406,0.339,0.117,6.73797394514884e-46,"SCNN1A"
2.26443507649458e-50,0.62463823284241,0.735,0.483,8.29371991116903e-46,"GNG10"
3.0461225049274e-50,1.56380220538575,0.305,0.103,1.11567282865471e-45,"MT1F"
3.41507885744957e-50,0.85399145394135,0.447,0.19,1.25080678232948e-45,"IFT27"
3.50483984123719e-50,0.708963435360822,0.657,0.355,1.28368264025153e-45,"PNKD"
3.74009176555757e-50,0.854045641053235,0.519,0.254,1.36984601005312e-45,"FAM174A"
3.92238056156538e-50,0.749742702209136,0.748,0.493,1.43661110447894e-45,"YIF1A"
4.64948065244109e-50,-8.80143272452832,0.001,0.192,1.70291878376307e-45,"TGFB2"
5.10246919133165e-50,3.22223980373536,0.161,0.025,1.86883036601713e-45,"ZNF385D"
5.57669629857271e-50,2.38356602499372,0.279,0.089,2.04252078631524e-45,"PITX1"
6.00135226061106e-50,0.852782289625999,0.477,0.213,2.19805527897141e-45,"PIGX"
7.18825464044706e-50,2.15722553294017,0.179,0.032,2.63277014461014e-45,"LRRC24"
8.24437709061012e-50,1.9529394258147,0.222,0.053,3.01958555320686e-45,"EPB41L1"
8.36897265916369e-50,0.713189255239043,0.476,0.204,3.06521992614529e-45,"MYL9"
8.40155318960923e-50,1.0520521951568,0.432,0.184,3.07715287122628e-45,"SAYSD1"
9.61706385107479e-50,-1.83475554808294,0.368,0.566,3.52234580609465e-45,"TAF1D"
9.75571514329448e-50,1.268430865221,0.357,0.132,3.57312822838304e-45,"GAS2L1"
1.01757776413584e-49,0.777986121357455,0.616,0.343,3.72698031892392e-45,"OS9"
1.21517733101931e-49,0.576277237146016,0.831,0.535,4.45070849259133e-45,"PMVK"
1.36407102403502e-49,-2.99342598586316,0.1,0.329,4.99604653263065e-45,"FSTL3"
1.41837710234969e-49,-0.597909974569702,0.993,0.964,5.19494797506598e-45,"RPL37"
1.66065007821788e-49,2.16908282109367,0.156,0.022,6.08229697648081e-45,"GSTT2B"
1.74762227991216e-49,4.50606377837795,0.107,0.005,6.40084136240627e-45,"HELLPAR"
1.85319088147697e-49,1.62657058104521,0.195,0.039,6.78749692249754e-45,"C1QTNF12"
2.36607514053769e-49,1.27199786754357,0.309,0.1,8.66598680973333e-45,"CTPS2"
3.11229673408185e-49,1.06597326910313,0.364,0.135,1.13990980182482e-44,"CH17-340M24.3"
3.18444378765876e-49,2.34038480062992,0.331,0.135,1.1663343816679e-44,"LDOC1"
3.80266953425321e-49,0.907540280319843,0.652,0.379,1.39276574361558e-44,"CISD3"
4.35718968665873e-49,-0.489365082192259,0.992,0.971,1.59586429463563e-44,"RPS28"
4.72018739855653e-49,0.990663890874045,0.493,0.233,1.72881583659532e-44,"SRPRB"
4.76330162237177e-49,3.30659682332417,0.12,0.009,1.74460685220988e-44,"TMEM92"
5.77587559888553e-49,2.12566826187442,0.252,0.072,2.11547219684781e-44,"IDNK"
6.34022498603921e-49,0.690386502846857,0.877,0.619,2.32217080338672e-44,"SSR3"
6.48705125718446e-49,3.04947492716056,0.128,0.011,2.37594739345638e-44,"IGHG4"
6.74220319649134e-49,2.86812851530637,0.157,0.024,2.46939934274692e-44,"MYO3B"
7.64980168831131e-49,0.975068704188288,0.524,0.273,2.8018163663609e-44,"MRPL11"
7.9109580128252e-49,2.28917345895764,0.125,0.01,2.89746748177736e-44,"MYBL2"
9.19691450570337e-49,1.68661225576144,0.282,0.088,3.36846190685892e-44,"SLC49A3"
9.25985854985682e-49,1.00785823154012,0.437,0.189,3.39151579247056e-44,"MACROD1"
1.12857003604782e-48,1.16428609214873,0.309,0.103,4.13350061402873e-44,"JARID2"
1.22281918377868e-48,0.895217961460383,0.475,0.215,4.4786975425078e-44,"RNF13"
1.29888522316749e-48,2.5242519515171,0.173,0.03,4.75729701837324e-44,"SGPP2"
1.50709252544159e-48,1.02149248951482,0.43,0.188,5.51987708368237e-44,"TCTN1"
1.5311769981042e-48,0.645935796049395,0.593,0.301,5.60808887325645e-44,"HTATIP2"
1.64780509472924e-48,1.53564655842371,0.303,0.102,6.03525093995533e-44,"MTARC2"
1.78217568091298e-48,-1.08823470458665,0.906,0.863,6.52739664891188e-44,"MYL12A"
2.05092510569024e-48,2.17204232980044,0.125,0.011,7.51171829210109e-44,"CHI3L1"
2.28069754367552e-48,1.0768613356227,0.365,0.14,8.35328282346596e-44,"PIGS"
2.58227242215964e-48,1.17797539463539,0.34,0.122,9.45783097340189e-44,"SKAP1"
2.80578723341971e-48,0.680516174214728,0.522,0.247,1.0276476321123e-43,"FBP1"
3.74400962832975e-48,0.981447651827864,0.655,0.413,1.37128096647206e-43,"SIAH2"
4.07951330034626e-48,1.40926878905278,0.214,0.048,1.49416254138482e-43,"GRIA2"
4.9925331379965e-48,0.755507276388245,0.556,0.283,1.8285651871226e-43,"HDDC2"
5.0498994788253e-48,2.94548931877909,0.138,0.016,1.84957618311456e-43,"AC008555.4"
5.05294337169344e-48,0.669545956636448,0.704,0.426,1.85069103931644e-43,"TCEAL3"
5.09341761223265e-48,3.88995541349574,0.113,0.007,1.86551513465633e-43,"ST6GALNAC5"
5.32623472635705e-48,0.560458950374947,0.781,0.493,1.95078673087553e-43,"MRPL24"
8.26739289637152e-48,1.11768821842482,0.468,0.227,3.02801532222503e-43,"C15orf61"
9.93904553547954e-48,0.297700331094426,0.976,0.855,3.64027481782474e-43,"ELOB"
1.02254555274776e-47,-1.68410295964649,0.697,0.715,3.74517534149395e-43,"SH3BGRL3"
1.16166966476602e-47,0.817833530311269,0.605,0.34,4.25473131417203e-43,"POLDIP2"
1.6343820598709e-47,1.398425913012,0.325,0.122,5.98608773248317e-43,"FAM3B"
2.10477723939623e-47,0.8531298760227,0.519,0.254,7.70895711701262e-43,"PGP"
2.14858649913747e-47,0.791245993025689,0.735,0.536,7.86941291174091e-43,"BCAM"
2.15223651422961e-47,0.832631999157237,0.627,0.363,7.88278145701738e-43,"SERINC3"
2.21097754478046e-47,0.867116485877938,0.597,0.32,8.09792635551292e-43,"DMAC1"
2.70231979306734e-47,1.13609946131833,0.369,0.145,9.89751647408843e-43,"IRX5"
2.76142723485569e-47,0.678023913850196,0.682,0.422,1.01140033903825e-42,"BAD"
3.22633103296363e-47,2.00970168373151,0.176,0.032,1.18167600413326e-42,"TMEM150C"
3.40570078104124e-47,1.43157061641803,0.272,0.083,1.24737196806416e-42,"PCP2"
3.48275368896132e-47,0.973153930303926,0.386,0.154,1.27559336611897e-42,"PREX1"
3.84031993957625e-47,-1.30295466145914,0.775,0.772,1.4065555810692e-42,"SNHG8"
4.48652721287921e-47,3.30345395796001,0.124,0.011,1.64323545698914e-42,"PLPPR3"
4.95054246420722e-47,0.612456998867984,0.733,0.445,1.81318568294054e-42,"NDUFB6"
5.24032761955964e-47,1.23529587762893,0.399,0.171,1.91932239393991e-42,"PRR15L"
5.43841951607392e-47,2.30858642535636,0.207,0.05,1.99187553195723e-42,"PCLO"
5.58261916566155e-47,1.90113596373399,0.206,0.047,2.0446900956152e-42,"HOXC6"
5.79097757011516e-47,0.602578416733561,0.684,0.381,2.12100344483038e-42,"PIN1"
6.65741569735725e-47,-2.83827769523619,0.128,0.35,2.43834507331406e-42,"ITGB6"
6.94433619235361e-47,3.54548485388204,0.122,0.011,2.54343257381143e-42,"RGN"
8.57664683481449e-47,0.542076707035761,0.852,0.594,3.14128266971916e-42,"GADD45GIP1"
8.70189777434831e-47,0.683781940109307,0.646,0.364,3.18715707883281e-42,"RBM47"
1.07026317331969e-46,2.31525498336241,0.115,0.008,3.91994589860068e-42,"COPZ2"
1.27446189546108e-46,0.76050081687159,0.587,0.32,4.66784413831574e-42,"PLD3"
1.41145735524174e-46,0.624720509617326,0.604,0.329,5.16960370930841e-42,"ANAPC13"
1.98951279691787e-46,0.972202426908789,0.407,0.171,7.2867895699914e-42,"ITFG1"
2.0628803542635e-46,1.23423483396097,0.681,0.425,7.5555055855255e-42,"HEBP1"
2.12023050505647e-46,0.765510274752277,0.613,0.343,7.76555624781982e-42,"HAGH"
2.1830370539329e-46,0.916956915371953,0.681,0.416,7.99559151373466e-42,"DHRS7"
2.49927784249344e-46,1.4667670571357,0.276,0.088,9.15385502591647e-42,"FBLN1"
2.74142780677135e-46,1.35898199063124,0.836,0.734,1.00407534850808e-41,"CYB5A"
2.78333917030127e-46,-3.61087832379486,0.086,0.3,1.01942580451454e-41,"TNFAIP3"
3.24450923400637e-46,-1.70454944322727,0.279,0.492,1.18833395204717e-41,"YBX3"
3.45790788089616e-46,4.00511113487949,0.114,0.009,1.26649334045703e-41,"LY6G6C"
3.86899151343253e-46,0.652012234406633,0.691,0.425,1.4170568317098e-41,"MRPL36"
3.89694193629868e-46,-0.48635453802128,0.994,0.957,1.42729395358875e-41,"RPS7"
4.37453618156285e-46,1.1735401876999,0.639,0.421,1.60221762185921e-41,"DNAJC12"
4.52593144909712e-46,0.719547874806178,0.719,0.464,1.65766765254631e-41,"TOMM22"
4.65634060489547e-46,1.40293669297156,0.32,0.116,1.70543130994902e-41,"E4F1"
4.68353665961147e-46,1.50190205968498,0.228,0.059,1.7153921369493e-41,"AC110619.1"
5.95348790726889e-46,1.20449974606807,0.479,0.244,2.1805244809163e-41,"IGF1R"
7.04691186288438e-46,4.21427199999533,0.106,0.006,2.58100193890003e-41,"MAGI2"
7.33236637480122e-46,1.74513491692372,0.246,0.071,2.6855525084347e-41,"KCTD6"
7.46108640928419e-46,0.885247622153707,0.424,0.184,2.73269750826443e-41,"CCDC34"
7.75852934039721e-46,0.863671383229888,0.984,0.916,2.84163895621388e-41,"ATP5F1E"
8.43157440656062e-46,2.19516544811994,0.225,0.061,3.08814844214689e-41,"CLSTN2"
8.87558727442268e-46,0.78184999105345,0.635,0.372,3.25077259513005e-41,"CDH1"
9.61616943872458e-46,0.762673432752545,0.603,0.335,3.52201821862727e-41,"UHMK1"
9.79022447601773e-46,2.11634880099164,0.206,0.05,3.58576761658625e-41,"TRUB1"
1.19086369354741e-45,0.938226310452213,0.554,0.301,4.36165736398675e-41,"SLC35B1"
1.25467545434377e-45,0.451249849398039,0.936,0.749,4.5953743190795e-41,"ATP5PF"
1.30029306879973e-45,1.39653122432667,0.954,0.845,4.76245339378589e-41,"CD9"
1.42068551099582e-45,0.707624085288372,0.879,0.665,5.20340275257328e-41,"SARAF"
1.42805583758336e-45,1.25287124109841,0.316,0.111,5.23039731073281e-41,"ZBED5-AS1"
1.4332742812123e-45,0.845129146079902,0.492,0.237,5.24951038236817e-41,"EBP"
1.44974201391972e-45,0.72990743454682,0.407,0.166,5.30982510018236e-41,"ZNF587"
1.55976849430352e-45,0.92132914165868,0.529,0.274,5.71280808723607e-41,"SERTAD3"
1.60484432619704e-45,1.2047976876917,0.57,0.328,5.87790282912927e-41,"RHBDD2"
1.75716260285794e-45,0.527336877062397,0.673,0.396,6.4357837492275e-41,"DCTN3"
1.80863219045409e-45,1.02931015086079,0.337,0.124,6.62429626075715e-41,"THNSL2"
1.86187353670401e-45,0.829640967312082,0.552,0.296,6.8192980155321e-41,"CXXC5"
1.97498133053607e-45,2.63205820248499,0.1,0.005,7.2335666212214e-41,"CD40"
2.3813232185265e-45,3.34630432388575,0.117,0.01,8.72183442017517e-41,"RIMS1"
3.21284538787026e-45,0.836211142567623,0.573,0.326,1.17673675176136e-40,"JOSD2"
4.00141734734617e-45,0.481721427090659,0.773,0.497,1.46555911763901e-40,"ROMO1"
4.27189347012532e-45,0.750139151888154,0.523,0.26,1.5646237023681e-40,"CAND1"
5.03761107282582e-45,0.44536390548964,0.962,0.854,1.84507543153318e-40,"SUB1"
5.09017267502452e-45,0.505459186751491,0.892,0.663,1.86432664395448e-40,"ST13"
5.20402344528009e-45,0.523932334094548,0.857,0.576,1.90602562706828e-40,"PCBD1"
5.49713732302758e-45,0.622856847999012,0.601,0.338,2.01338151593208e-40,"C7orf50"
7.12023891704971e-45,1.75906566520087,0.187,0.04,2.60785870575863e-40,"PFKM"
7.27342532659743e-45,0.726977198158476,0.558,0.291,2.66396476011958e-40,"ADI1"
7.54861626551678e-45,0.339735275303201,0.894,0.632,2.76475619340818e-40,"TCEAL4"
7.84026807135992e-45,-1.36358088991816,0.462,0.615,2.87157658381628e-40,"SERINC2"
8.16321279405849e-45,0.406283695136878,0.986,0.887,2.98985831795186e-40,"ATP5MC2"
8.4687703882536e-45,0.703009135273006,0.854,0.64,3.10177184240176e-40,"DDT"
9.05721288826132e-45,0.973727592502403,0.385,0.156,3.31729479245459e-40,"ABHD14A"
9.62271449349746e-45,2.98662184024746,0.158,0.028,3.52441541038838e-40,"COLEC12"
9.98988796233483e-45,0.695499255646167,0.92,0.747,3.65889636508476e-40,"NENF"
1.15302697600523e-44,1.20241682693604,0.362,0.146,4.22307660231676e-40,"DNAJC30"
1.4947926565175e-44,0.517462223913225,0.682,0.383,5.47482758376101e-40,"BSCL2"
1.62394936143312e-44,0.461071780541463,0.832,0.602,5.94787693118496e-40,"DNAJA1"
1.69846762866939e-44,0.679646452045178,0.664,0.387,6.22080753676451e-40,"NINJ1"
1.84714166777679e-44,0.785545679422354,0.58,0.322,6.76534107239928e-40,"GRAMD1A"
2.01602244014856e-44,0.83309085843455,0.577,0.317,7.3838837892881e-40,"SIGIRR"
2.13014681884916e-44,0.640522454917316,0.704,0.415,7.80187573871695e-40,"PPCS"
3.16178935580082e-44,0.784781644720663,0.498,0.246,1.15803696945561e-39,"SWI5"
3.53380114858883e-44,0.836967245139896,0.546,0.291,1.29429000868215e-39,"MRPS18B"
3.6027919293905e-44,1.65173036037451,0.342,0.141,1.31955857205856e-39,"ANKRD26"
3.64622964101526e-44,-1.68630859716954,0.389,0.552,1.33546806831825e-39,"WASF2"
3.74659401996529e-44,2.19738411843457,0.18,0.038,1.37222752575249e-39,"REPS2"
4.0551347155067e-44,0.550480959272148,0.713,0.411,1.48523364090149e-39,"UQCC3"
4.36358008910706e-44,0.422286451033113,0.997,0.924,1.59820484343635e-39,"HSP90AA1"
5.03602956103906e-44,1.79539476509147,0.243,0.072,1.84449618702617e-39,"GATM"
5.62882985258903e-44,2.14923031238283,0.12,0.012,2.06161522180926e-39,"HOXD8"
5.63827876042814e-44,1.27722659000357,0.405,0.182,2.06507597879441e-39,"TJP3"
5.72309766899696e-44,0.860215410024594,0.695,0.439,2.09614175224683e-39,"DUT"
5.9105624055493e-44,0.726373072870408,0.545,0.282,2.16480258665649e-39,"COQ4"
6.06869361495413e-44,1.30567797453102,0.413,0.191,2.2227197234131e-39,"MRFAP1L1"
7.54784603828289e-44,0.549738320601957,0.472,0.225,2.76447408998149e-39,"ARMT1"
9.62853446085245e-44,-4.40235083303099,0.034,0.224,3.52654703163182e-39,"MS4A7"
1.12038296027206e-43,0.568568824335839,0.737,0.454,4.10351463029246e-39,"CHCHD5"
1.27077296069853e-43,0.542388892994809,0.618,0.322,4.65433304585445e-39,"MGMT"
1.32711468303129e-43,-3.65524225826117,0.077,0.282,4.8606902380704e-39,"BIRC3"
1.82499827772601e-43,0.373026929407944,1,0.978,6.6842386919993e-39,"MT-CYB"
1.88453513487142e-43,1.78705746169767,0.789,0.571,6.90229838498006e-39,"ATP5F1A"
1.91432388775737e-43,0.921504205729306,0.559,0.315,7.01140267130013e-39,"SQLE"
1.93068602202989e-43,1.04815778328708,0.453,0.227,7.07133062428667e-39,"TMEM98"
2.16497579723465e-43,0.669133726229352,0.571,0.305,7.92944035495163e-39,"WDR61"
2.38198802813065e-43,-7.0332107454512,0.001,0.169,8.72426935183132e-39,"COX7A1"
2.53818403555985e-43,1.33202212143623,0.311,0.115,9.2963528486415e-39,"SLC35E3"
3.58650918147546e-43,0.569338079325638,0.921,0.715,1.3135948528072e-38,"C11orf58"
3.92359695078248e-43,0.396796525978466,1,0.981,1.43705661919359e-38,"MT-ND4"
4.3079401549655e-43,1.82088471207523,0.22,0.061,1.57782616115767e-38,"IGSF9"
4.58266081441772e-43,0.60032917433144,0.792,0.545,1.67844534988863e-38,"RPN2"
4.67527974485761e-43,1.15125011129003,0.339,0.133,1.71236795935155e-38,"NPTN"
4.70759784950526e-43,0.599104680723122,0.681,0.413,1.7242047883598e-38,"EMC10"
5.53829516603681e-43,-2.15772756618187,0.444,0.586,2.02845598751264e-38,"FHL2"
5.66210200170237e-43,-2.28492131004664,0.165,0.385,2.07380147914351e-38,"STOM"
6.48601777227077e-43,2.30968377235875,0.289,0.112,2.37556886927189e-38,"KLHL5"
6.87505263911162e-43,0.93729371296704,0.399,0.173,2.51805677960102e-38,"GOT2"
6.93862516347888e-43,1.40938626395009,0.313,0.115,2.54134085237577e-38,"MSMB"
7.0132238751259e-43,0.620811142202362,0.754,0.501,2.56866337650361e-38,"GTF3A"
7.71732296568989e-43,1.23517534905251,0.394,0.177,2.82654670941358e-38,"ABHD2"
1.07776550049143e-42,1.13658438021816,0.202,0.049,3.94742392209991e-38,"SLC1A2"
1.07962239671698e-42,0.630145324881234,0.794,0.572,3.95422499021561e-38,"MLF2"
1.08608641529523e-42,1.95756144314605,0.181,0.04,3.97790010466031e-38,"PLXNA2"
1.14642420660216e-42,0.483485858272392,0.812,0.51,4.19889329910107e-38,"SDC4"
1.15626188211744e-42,0.76303588344332,0.536,0.285,4.23492476944333e-38,"TIMMDC1"
1.32365493952435e-42,-1.28919611655429,0.787,0.823,4.84801858150188e-38,"CD59"
1.38032767782841e-42,-5.89598812324914,0.011,0.185,5.05558815281433e-38,"KRT81"
1.51321504340325e-42,0.531585055444476,0.845,0.544,5.54230141796875e-38,"TECR"
1.55101041018245e-42,1.12579718741318,0.389,0.171,5.68073072833425e-38,"RAB17"
2.88112443577451e-42,-1.90764453493803,0.203,0.42,1.05524063584677e-37,"TRIP6"
3.01902044436159e-42,0.539576133881018,0.84,0.582,1.10574642795188e-37,"NDUFB8"
3.57475624142762e-42,0.692180507565537,0.621,0.367,1.30929022098528e-37,"TMEM208"
5.20989738056227e-42,1.91804093705807,0.153,0.027,1.90817701460474e-37,"NKAIN1"
5.26832523359612e-42,0.869767353526204,0.466,0.236,1.92957680005691e-37,"CANT1"
6.39993243270675e-42,3.00254879434972,0.145,0.025,2.34403925280317e-37,"PLBD1"
6.41035725533894e-42,1.87888567628622,0.2,0.051,2.34785744834044e-37,"METTL7A"
6.44916396831865e-42,0.926683682037479,0.74,0.522,2.36207079503639e-37,"ATP5PB"
6.47478217803928e-42,-2.80514392625255,0.099,0.306,2.37145372052867e-37,"ID3"
6.57302186035659e-42,0.609835177365444,0.884,0.651,2.4074349865742e-37,"NDUFA6"
6.85469670501671e-42,1.17431701646712,0.399,0.182,2.51060121517942e-37,"CCDC115"
7.17224588158826e-42,1.49018728355029,0.208,0.054,2.62690677659052e-37,"TRMT12"
7.67332900628168e-42,1.07993861275339,0.463,0.229,2.81043348184073e-37,"HMGCS1"
7.7462995134678e-42,0.556038940211703,0.756,0.479,2.83715965980272e-37,"NDUFS7"
7.92893732153776e-42,0.715929412872533,0.773,0.592,2.90405258338642e-37,"POLD4"
8.65559001586822e-42,1.78038082609498,0.166,0.033,3.1701963992119e-37,"PLAAT2"
1.00845392919841e-41,0.865708350622564,0.422,0.197,3.69356336108209e-37,"ZNF830"
1.11704473639731e-41,0.7688817941497,0.54,0.287,4.09128805152879e-37,"RPN1"
1.18164630829939e-41,0.28714992111233,0.999,0.966,4.32789776877734e-37,"H3-3A"
1.22316361118998e-41,0.821048540402397,0.345,0.137,4.47995904234441e-37,"RIDA"
1.22448409127083e-41,0.638388357454048,0.514,0.265,4.48479543268855e-37,"HEXIM1"
1.27736249180963e-41,2.02442513409674,0.651,0.551,4.67846786250195e-37,"AGR2"
1.29269547351363e-41,1.02683180526835,0.298,0.108,4.73462644129103e-37,"ACOT8"
1.32141815528727e-41,0.832457524269406,0.48,0.243,4.83982613555515e-37,"MAGEF1"
1.50791134052035e-41,0.929195868221196,0.44,0.206,5.52287607578984e-37,"NOL3"
1.69916370192632e-41,0.565039964097961,0.655,0.367,6.22335697467533e-37,"MRPS14"
1.80306133783577e-41,1.81646676560964,0.186,0.044,6.60389245595731e-37,"IQSEC2"
1.98944333042156e-41,0.824714686154001,0.657,0.405,7.28653514200202e-37,"TLE5"
1.99338641403036e-41,0.660676621668785,0.567,0.316,7.3009770800276e-37,"PIGP"
2.12298752561931e-41,1.09222825630921,0.342,0.138,7.77565411133329e-37,"TXNDC15"
2.40585041382563e-41,1.65787028136552,0.27,0.095,8.81166772567774e-37,"NDRG2"
2.78830910970941e-41,0.783020760125983,0.341,0.131,1.02124609452217e-36,"ELP5"
2.94156500385286e-41,0.717472400789756,0.595,0.343,1.07737759831115e-36,"FAM102A"
3.27274568490238e-41,3.64244571924967,0.117,0.014,1.19867583455235e-36,"PDGFD"
3.2765152880629e-41,1.73055826257988,0.131,0.018,1.20005648940592e-36,"SLC17A9"
3.64065882336803e-41,0.486243295463041,1,0.964,1.33342770064678e-36,"MT-ND1"
3.66652692308176e-41,-3.48072375185002,0.071,0.268,1.34290215084792e-36,"LAMC2"
4.60758217884859e-41,0.85175094086593,0.381,0.16,1.68757304882508e-36,"CD27-AS1"
5.11972358323908e-41,-0.878795538695088,0.701,0.776,1.87514995959715e-36,"SELENOM"
5.97047617243774e-41,0.666389259152479,0.84,0.628,2.18674660291705e-36,"FOSB"
6.67543569627621e-41,0.941631181757953,0.339,0.133,2.44494507811812e-36,"RAD9A"
6.7569968121675e-41,0.683069162570246,0.645,0.412,2.47481765242447e-36,"MEA1"
6.80854613669519e-41,0.896681969024276,0.404,0.179,2.49369810802598e-36,"EXOSC5"
6.85077581307391e-41,1.41238800838445,0.245,0.077,2.50916514929645e-36,"TMPO"
8.12948901872039e-41,0.786647308036177,0.419,0.192,2.97750664799653e-36,"POLR2C"
9.83398197809178e-41,-2.05181715924569,0.294,0.472,3.60179423929589e-36,"SQOR"
9.8600466177196e-41,3.01991186717369,0.103,0.008,3.61134067420598e-36,"LRP4"
1.044089731035e-40,0.540367954460541,0.655,0.375,3.82408304888878e-36,"WBP1"
1.1476280600893e-40,0.543222154951691,0.74,0.476,4.20330253288306e-36,"ECH1"
1.35172883850097e-40,2.32988997599816,0.133,0.019,4.95084204389366e-36,"LINGO1"
1.35658343455181e-40,1.90481694686007,0.148,0.026,4.96862248738947e-36,"ACE"
1.37118161407767e-40,1.33942268517323,0.255,0.084,5.02208977972087e-36,"ZFHX3"
1.37936491406191e-40,0.445431698813895,0.896,0.67,5.05206193424314e-36,"PDIA3"
1.76021916013179e-40,1.10200508647511,0.809,0.595,6.44697869589869e-36,"SRI"
1.99240334474158e-40,0.62483702804248,0.73,0.464,7.29737649045053e-36,"HSD17B10"
2.17987918704351e-40,1.45921137007458,0.426,0.219,7.98402551046555e-36,"CAMK2N1"
2.44649880001691e-40,1.10607300036749,0.245,0.077,8.96054650494193e-36,"NUDT8"
3.16113849890024e-40,-0.583285845836943,0.972,0.918,1.1577985866072e-35,"ZFAS1"
3.34176985987221e-40,-3.53792905931356,0.033,0.213,1.22395662887679e-35,"UBE2E2"
4.19849956218414e-40,0.489318063741542,0.817,0.582,1.53774244964556e-35,"TMEM14C"
4.50142011517574e-40,0.559697814600396,0.731,0.459,1.64869013138427e-35,"POLR2F"
5.33268703858429e-40,0.913336361023897,0.257,0.083,1.95314995475188e-35,"SULT1A1"
6.23041943666001e-40,0.641451743463137,0.991,0.943,2.28195342287109e-35,"BTF3"
6.79027046901252e-40,0.652876741757526,0.618,0.363,2.48700446198053e-35,"PPP1CC"
7.07019918607044e-40,0.353236558866503,1,0.978,2.58953115389016e-35,"MIF"
7.692309067176e-40,1.6267834695332,0.246,0.08,2.81738511894388e-35,"TMEM97"
8.51944476644271e-40,0.28536291817541,0.992,0.92,3.12033184015731e-35,"PPIA"
9.61442781020805e-40,0.934239311095012,0.409,0.189,3.5213803297668e-35,"ARL2BP"
1.07847444258952e-39,0.470502765577815,0.891,0.641,3.95002049342836e-35,"VPS28"
1.10776729163648e-39,1.03133973125152,0.436,0.219,4.05730848234775e-35,"LLGL2"
1.11509967440583e-39,-3.39837968990786,0.099,0.293,4.08416406747879e-35,"ITGA2"
1.36798783471812e-39,1.5431028207774,0.21,0.059,5.0103922434386e-35,"HDAC10"
1.39372122907765e-39,0.707480430964689,0.614,0.354,5.1046433736198e-35,"ARL3"
1.39977913246949e-39,-0.56019385927313,0.988,0.952,5.12683105058277e-35,"RPS29"
1.45293452016839e-39,-8.64884201056597,0,0.153,5.32151797356876e-35,"TFPI"
1.71597572075514e-39,-2.55589812535725,0.267,0.442,6.28493267483779e-35,"FGFR1"
1.84139653874828e-39,0.585330945335301,0.673,0.412,6.74429896281943e-35,"FLOT1"
1.88212145301149e-39,1.45894005222088,0.21,0.058,6.89345803379988e-35,"LYSMD2"
2.25536903338389e-39,1.08487260004722,0.284,0.103,8.26051462167185e-35,"AC018521.5"
2.30111143712295e-39,0.4911880015924,0.758,0.489,8.42805074960653e-35,"UQCC2"
2.34694532977318e-39,1.23801131275132,0.36,0.157,8.59592196482725e-35,"RNF14"
2.7770259100129e-39,0.801071741631108,0.404,0.185,1.01711350980132e-34,"DHX30"
2.99096771563982e-39,0.801051061361165,0.424,0.199,1.09547183553024e-34,"GOSR2"
3.15061360397171e-39,0.402268152915437,0.969,0.829,1.15394373859068e-34,"UQCR11"
3.53620772591398e-39,-2.34835473514064,0.164,0.361,1.29517144169326e-34,"TES"
3.64766892056575e-39,2.27787452064793,0.161,0.034,1.33599521884641e-34,"SRRM3"
3.89431943491048e-39,0.812117712407266,0.446,0.221,1.42633343623031e-34,"RPRD1A"
3.96532417206121e-39,0.482171933404441,0.827,0.572,1.45233963125914e-34,"NDUFS8"
3.97049772269741e-39,1.85104883733258,0.16,0.033,1.45423449591516e-34,"FGFR2"
4.53399683360814e-39,0.444943602506546,0.707,0.425,1.66062168027732e-34,"ACSL3"
4.79517559894363e-39,0.772900846111479,0.669,0.434,1.75628101486909e-34,"METRN"
5.27484472187802e-39,1.28210823862982,0.151,0.029,1.93196462783504e-34,"PIR"
6.34918883919005e-39,2.53496522362999,0.115,0.014,2.32545390424175e-34,"MPP1"
7.13529645876001e-39,1.01424525942047,0.323,0.127,2.61337368098544e-34,"HOXC10"
8.04495134396577e-39,0.51850752364874,0.752,0.489,2.9465438792409e-34,"CACYBP"
1.17780133461909e-38,0.524296136404504,0.833,0.651,4.31381516817588e-34,"BLVRB"
1.22172835538134e-38,0.636231026166252,0.396,0.177,4.47470227441971e-34,"SLC2A4RG"
1.59557461349882e-38,1.4308219870384,0.197,0.052,5.84395157940077e-34,"IL17RE"
1.70836169581561e-38,0.683457515456863,0.564,0.312,6.25704554709424e-34,"SEC61A1"
1.7115623512851e-38,0.450850357267268,0.72,0.436,6.2687682678168e-34,"DNAJC19"
1.95870688734094e-38,0.783566306581581,0.365,0.155,7.17395984557493e-34,"PDHX"
2.13162677842128e-38,0.952923979862557,0.309,0.12,7.80729623864577e-34,"NECAP1"
2.98717243301013e-38,3.26738632035878,0.123,0.018,1.09408177531429e-33,"NKD2"
3.4682569797365e-38,1.41058628853859,0.859,0.677,1.27028380139829e-33,"YWHAQ"
3.49152105538761e-38,1.10744462087066,0.195,0.051,1.27880450174626e-33,"CERCAM"
3.79835266487672e-38,-0.809395787982186,0.831,0.887,1.39118464703775e-33,"HLA-C"
3.88444668819476e-38,0.598471569567423,0.681,0.412,1.42271744401821e-33,"TRPS1"
3.89031068486493e-38,0.432353032860607,0.887,0.629,1.42486519143863e-33,"LAMTOR4"
3.94362111049966e-38,1.47857889908251,0.107,0.011,1.44439066793161e-33,"ACTN2"
4.33221143991319e-38,1.54307641758095,0.283,0.111,1.58671576198261e-33,"DHRS2"
4.35155405046865e-38,2.95179761875585,0.203,0.061,1.59380018652465e-33,"NRIP3"
4.44763387937435e-38,1.91518591470241,0.187,0.049,1.62899038465965e-33,"GSTA4"
4.6955225964079e-38,-2.58396857771438,0.188,0.38,1.71978210616036e-33,"P4HA1"
4.96479835350961e-38,0.581332922950329,0.666,0.407,1.81840704495643e-33,"SRSF1"
5.11654872387621e-38,-0.411585567367674,0.999,0.971,1.8739871356069e-33,"RPL37A"
5.59044296209638e-38,1.39396718807756,0.206,0.058,2.04755563929742e-33,"SCML1"
6.38853511910143e-38,1.11826566852615,0.287,0.109,2.33986487272209e-33,"TRAK1"
6.7402780976447e-38,0.997929303097096,0.441,0.22,2.46869425604335e-33,"FAM110A"
7.06647141330148e-38,2.10914983770951,0.331,0.149,2.5881658198358e-33,"ECPAS"
7.25744277550388e-38,0.811289286624569,0.381,0.172,2.65811099095605e-33,"BCAT2"
7.62342934577216e-38,0.983190642578015,0.359,0.158,2.79215723218251e-33,"CYB5B"
8.13187228481204e-38,1.44290830249033,0.29,0.113,2.97837954303526e-33,"RCC1L"
8.29589299983254e-38,0.815920996809526,0.505,0.272,3.03845377011867e-33,"CHPF"
8.77357237819547e-38,0.489903069541533,0.8,0.55,3.21340861923787e-33,"PHB"
9.63046085450019e-38,1.17077634754848,0.273,0.099,3.52725259256924e-33,"LIG3"
1.05047400153388e-37,0.780403161499755,0.44,0.219,3.84746607801799e-33,"STARD7"
1.07230375814168e-37,-0.544499314758405,0.99,0.947,3.92741974456972e-33,"EEF1G"
1.09007631341005e-37,-3.1060847401179,0.051,0.231,3.99251350549564e-33,"GJA1"
1.32427563556241e-37,0.535757200885312,0.688,0.419,4.85029194281088e-33,"LRPAP1"
1.47744546354683e-37,0.748468919274631,0.392,0.178,5.41129175478663e-33,"TPP1"
1.62787008147117e-37,2.51806340377511,0.278,0.106,5.9622369603963e-33,"CGA"
1.63670697310695e-37,0.815190241454291,0.5,0.268,5.99460295970152e-33,"HMGN4"
1.98598745473207e-37,1.29044726135063,0.175,0.041,7.27387765170167e-33,"FAM198B-AS1"
2.17407609033251e-37,0.560119583300181,0.65,0.39,7.96277108845187e-33,"ARMCX3"
2.23483340987198e-37,1.09449915306171,0.312,0.129,8.1853008469971e-33,"MAGI1"
2.76908105204574e-37,0.461768284345719,0.872,0.633,1.01420362612227e-32,"MRPL14"
2.79450725853545e-37,1.04086821221826,0.283,0.104,1.02351622851119e-32,"OLMALINC"
2.92676132713555e-37,0.864868636590354,0.408,0.196,1.07195560367667e-32,"TRPT1"
3.73106504138012e-37,-1.4369697341169,0.52,0.647,1.36653988205588e-32,"RAB11FIP1"
4.02055517812527e-37,0.735633237607061,0.565,0.327,1.47256853954016e-32,"NT5C"
4.57125768395439e-37,1.14246465755941,0.261,0.093,1.67426883932514e-32,"NDRG3"
4.8943776683929e-37,0.705833379310415,0.393,0.18,1.79261476482559e-32,"MMAB"
5.36935221678909e-37,1.62742934081244,0.194,0.054,1.96657894292117e-32,"GALC"
5.92361745307402e-37,1.27385760234206,0.265,0.095,2.16958412836289e-32,"PXMP4"
6.09556178755151e-37,0.720844391012015,0.518,0.279,2.23256046030862e-32,"GPR160"
6.46477736482453e-37,1.80844967265656,0.196,0.056,2.36778935764063e-32,"NMNAT3"
6.63818480076818e-37,0.407443473431209,0.863,0.623,2.43130156512935e-32,"NDUFA2"
6.71388688764395e-37,0.899176063427978,0.392,0.182,2.45902821146847e-32,"TMEM251"
7.71175632800128e-37,-0.455306875146299,0.997,0.971,2.82450787269375e-32,"RPL18A"
8.28460137011848e-37,0.921509148083091,0.586,0.367,3.0343180978196e-32,"ATXN10"
9.01928150180138e-37,0.784572774359052,0.51,0.28,3.30340204284977e-32,"MTX2"
9.60075950826353e-37,0.547935168720707,0.656,0.405,3.5163741774966e-32,"RCN2"
9.65475150099948e-37,1.63652260724366,0.218,0.069,3.53614928475607e-32,"SFXN5"
9.84209086545662e-37,1.26018612838898,0.312,0.129,3.60476420038214e-32,"INO80C"
1.02738760492413e-36,1.18712992915616,0.306,0.122,3.76290984179512e-32,"OAZ3"
1.08653085870615e-36,1.54550699568618,0.222,0.071,3.97952792309714e-32,"PET117"
1.15144227813409e-36,1.38175779659603,0.239,0.08,4.21727248789392e-32,"VSIG10"
1.28063969161507e-36,-0.589711359682569,0.996,0.978,4.69047093450935e-32,"RPS3A"
1.31209638362402e-36,1.52037143919082,0.243,0.083,4.80568421466132e-32,"ZNF274"
1.3204702175454e-36,0.639812906289814,0.632,0.395,4.83635421878179e-32,"ERBB3"
1.34822787090385e-36,0.615341368718326,0.452,0.227,4.93801939997244e-32,"CCS"
1.45045084259868e-36,0.453460788937107,0.994,0.945,5.31242125610191e-32,"NME2"
1.52696081059615e-36,-1.86056729125827,0.428,0.545,5.59264666488947e-32,"TMEM265"
1.73694618358415e-36,0.900544946529032,0.334,0.139,6.36173909199532e-32,"ASXL1"
1.80638169532738e-36,1.56509842130575,0.203,0.061,6.61605359730607e-32,"MAD1L1"
1.80919419633525e-36,1.82210632646011,0.161,0.037,6.62635466349749e-32,"N4BP2"
1.81515338989033e-36,0.661982491088967,0.567,0.329,6.64818080581231e-32,"TIMM17B"
2.00498494551072e-36,1.12499662634785,0.236,0.076,7.34345786142755e-32,"ZC3H18"
2.01311039784324e-36,2.79352877850855,0.122,0.019,7.37321814314065e-32,"CHST1"
2.14285111303124e-36,0.634255803024545,0.374,0.162,7.84840648658823e-32,"SRARP"
2.3376997451756e-36,0.589795379365804,0.548,0.301,8.56205908668017e-32,"A1BG"
2.40704707310302e-36,0.512029256760451,0.759,0.523,8.8160506099471e-32,"MTCH1"
2.41316507399983e-36,0.798684273904314,0.476,0.252,8.83845840003179e-32,"RETREG2"
2.4504746657093e-36,0.389301213244769,0.663,0.402,8.97510851062688e-32,"ID2"
2.67889265701927e-36,1.34010239006885,0.265,0.098,9.81171224559877e-32,"C20orf204"
2.8591367123298e-36,-0.593018892938718,0.998,0.981,1.04718741225791e-31,"RPL7"
3.24557185777242e-36,0.643516825887716,0.645,0.408,1.18872314862773e-31,"MCTS1"
3.3816184644363e-36,0.499713435477626,0.779,0.532,1.23855157878444e-31,"FKBP8"
3.45614702333894e-36,0.926336550971284,0.331,0.14,1.26584840876812e-31,"GNS"
3.9915838543036e-36,0.697560277279035,0.583,0.362,1.46195750247724e-31,"SNRPN"
3.99982450805897e-36,-0.8781480287528,0.765,0.785,1.46497572432168e-31,"SNHG5"
4.02853543199368e-36,0.803783669345402,0.525,0.288,1.47549138732201e-31,"CTSZ"
4.92898110774948e-36,0.58504478665865,0.771,0.52,1.80528862052433e-31,"DCXR"
5.06320766754732e-36,1.40012766413381,0.214,0.066,1.85445044031588e-31,"NFS1"
5.29352688466988e-36,0.517177732964641,0.897,0.708,1.93880715677919e-31,"PTGES3"
5.38232332305101e-36,-2.03719584933593,0.207,0.396,1.97132974030066e-31,"ZYX"
5.45925317065183e-36,-4.86549952845902,0.014,0.165,1.99950606628294e-31,"SPNS2"
6.24784756820916e-36,1.4187643565705,0.247,0.086,2.28833665033229e-31,"PLIN5"
6.29875496717819e-36,-1.78470079032711,0.482,0.608,2.30698199427868e-31,"HMGA1"
6.60947654864252e-36,-1.97600021517693,0.288,0.48,2.42078688070581e-31,"ARID5B"
6.77726447782297e-36,0.710411524010644,0.837,0.613,2.48224088764744e-31,"COX7A2L"
6.98853770215184e-36,0.567154884593953,0.817,0.577,2.55962181879013e-31,"MICOS13"
7.27669134955394e-36,0.541699246594768,0.599,0.35,2.66516097368763e-31,"SURF1"
8.42262228800504e-36,0.527722572107036,0.607,0.349,3.08486963920473e-31,"CREG1"
8.60638820025519e-36,1.24345231090804,0.244,0.084,3.15217574222547e-31,"APBB2"
9.6448397160105e-36,0.393354960390799,0.984,0.9,3.53251899438601e-31,"ATP6V1G1"
1.0473433844179e-35,0.794958946335395,0.353,0.155,3.83599987976902e-31,"MBTPS1"
1.12344394992078e-35,2.36068456563025,0.132,0.024,4.11472581097987e-31,"LGR4"
1.15062654239376e-35,0.489748845796754,0.95,0.77,4.21428477417138e-31,"SEC61G"
1.25179440748764e-35,1.04875716076882,0.269,0.102,4.58482219686424e-31,"SYNGR1"
1.25819498816111e-35,-4.23487177544683,0.025,0.181,4.60826496363886e-31,"PGR"
1.37333125822268e-35,0.930289415770702,0.344,0.153,5.02996306636637e-31,"TP53I11"
1.47865501443735e-35,2.0696279846405,0.359,0.189,5.41572185587826e-31,"CLEC3A"
1.54703108458085e-35,0.625796657256942,0.428,0.204,5.66615605038583e-31,"DST"
1.60026875526727e-35,0.61079712904753,0.468,0.241,5.86114434304191e-31,"POLR3K"
1.63177903024693e-35,0.395238696245565,0.892,0.662,5.97655387618239e-31,"RBX1"
1.74835325104763e-35,-1.90265275506606,0.621,0.706,6.40351861728705e-31,"GADD45B"
1.75209313813121e-35,1.02966761325815,0.362,0.167,6.41721632771937e-31,"CRBN"
1.80152173439294e-35,0.386925203058952,0.887,0.641,6.59825350438759e-31,"SDHC"
1.80619409379713e-35,0.935184297267601,0.365,0.164,6.61536648794137e-31,"FAM234A"
1.8560491193217e-35,0.812257295017346,0.552,0.337,6.79796550442766e-31,"HSPH1"
1.87573572838366e-35,1.43155615929257,0.106,0.013,6.870069678778e-31,"MNX1-AS1"
1.93722023047287e-35,0.563346244553013,0.494,0.251,7.09526281612992e-31,"DNASE2"
1.96208791016062e-35,1.2270241733128,0.268,0.102,7.18634317975428e-31,"RXRA"
1.99346251815244e-35,1.97923216186751,0.277,0.111,7.30125581898512e-31,"SYT1"
2.08097555828647e-35,1.51228206502893,0.21,0.066,7.62178107978003e-31,"TMED8"
2.09942789573707e-35,-1.48115781573293,0.298,0.48,7.6893646109266e-31,"RGS10"
2.24544697125398e-35,0.847198430934755,0.447,0.236,8.22417407691482e-31,"NFE2L1"
2.32307385626935e-35,0.732513922064788,0.279,0.102,8.50849030597212e-31,"GREB1"
2.8063851562802e-35,1.74429957059251,0.186,0.052,1.02786662733919e-30,"ALG6"
2.83869045685305e-35,-0.926469816938945,0.755,0.768,1.039698766727e-30,"RBM8A"
3.23884668619041e-35,0.857187419622791,0.254,0.088,1.1862599872841e-30,"AC091271.1"
3.27796373795532e-35,2.38663714818908,0.131,0.024,1.20058699866351e-30,"SYP"
3.30443336784893e-35,2.05580696625965,0.12,0.019,1.21028176530835e-30,"SPIRE2"
3.42375654175478e-35,0.469686139888696,0.689,0.442,1.25398507098311e-30,"TAF7"
3.7208145770614e-35,0.609589293499569,0.614,0.366,1.36278554699451e-30,"SH3YL1"
4.3237264242398e-35,0.79167018400795,0.374,0.171,1.58360804014207e-30,"STX16"
4.32820171943332e-35,0.38532503212369,0.93,0.742,1.58524716175965e-30,"NDUFA11"
4.4160824231052e-35,1.12892291194777,0.293,0.118,1.61743434828651e-30,"MINDY1"
4.51131910751018e-35,0.548862553556596,0.608,0.365,1.65231573631668e-30,"METTL5"
4.51612213237341e-35,-6.04079658757845,0.003,0.142,1.65407489220308e-30,"ARSJ"
5.70541805997536e-35,1.14868583458639,0.263,0.099,2.08966641864657e-30,"EPM2AIP1"
6.70276557869856e-35,0.728597021556837,0.616,0.397,2.45495492085414e-30,"GRN"
7.02657346527284e-35,0.547406685344724,0.816,0.591,2.57355279739083e-30,"GHITM"
7.27269992243762e-35,0.823313869509966,0.291,0.114,2.663699073592e-30,"SKA2"
7.77127877250323e-35,1.65219188531654,0.231,0.079,2.84630856321703e-30,"PCDH1"
8.44101357547246e-35,0.409607772178621,0.924,0.735,3.09160563215254e-30,"NDUFB11"
9.11909556315483e-35,0.427763930313716,0.826,0.591,3.33995994096109e-30,"BCAP31"
9.55337937910131e-35,0.634696451460964,0.603,0.363,3.49902073138964e-30,"CCDC85B"
1.1324393332382e-34,0.9772964712045,0.379,0.176,4.14767230191823e-30,"MB"
1.28599711227953e-34,0.829609056068558,0.395,0.19,4.71009302343501e-30,"SUMF1"
1.29601240082022e-34,0.545568934342559,0.811,0.568,4.74677501924413e-30,"LSM4"
1.30187749359053e-34,0.842872198175263,0.408,0.199,4.76825650802469e-30,"AKT2"
1.35350404955236e-34,0.790845770354998,0.521,0.298,4.95734393189047e-30,"BRMS1"
1.37681820199197e-34,0.702344225261213,0.495,0.271,5.0427343466158e-30,"CDIPT"
1.4480202819317e-34,2.59250689120776,0.141,0.03,5.30351908460303e-30,"TSHZ1"
1.45031419466956e-34,0.58645400357236,0.645,0.386,5.31192076939672e-30,"TXN2"
1.51702589217204e-34,0.468155805948295,0.821,0.568,5.55625903266933e-30,"DUSP23"
1.68431357215795e-34,0.668787695553926,0.424,0.207,6.1689668893857e-30,"SMIM10L1"
1.71150342489116e-34,0.937143681343693,0.419,0.21,6.26855244400635e-30,"ZNF385A"
1.71153899491748e-34,0.496597451750027,0.622,0.367,6.26868272278476e-30,"TSEN34"
1.71529856911204e-34,1.01218019951455,0.299,0.123,6.28245253922975e-30,"AP1S2"
1.73770298010126e-34,0.732422053205977,0.491,0.262,6.36451093491888e-30,"PAGR1"
1.80106690654741e-34,2.70330650451919,0.114,0.017,6.59658765192055e-30,"HHEX"
2.05594555808022e-34,0.817189262382344,0.553,0.338,7.53010620102463e-30,"GPAA1"
2.09787324233566e-34,1.86965046226334,0.129,0.024,7.68367053737857e-30,"SLC46A1"
2.15678143096343e-34,1.52693685553465,0.246,0.091,7.89942766904666e-30,"ZFHX2-AS1"
2.34351743964998e-34,0.82359961116315,0.392,0.188,8.583366974462e-30,"KLHDC3"
2.36766317989681e-34,0.879549269842419,0.267,0.099,8.67180316269006e-30,"NSF"
2.39317561064177e-34,0.439964508844364,0.851,0.61,8.76524499153656e-30,"NME1"
2.39562661038896e-34,0.414335754565357,0.688,0.412,8.77422202321062e-30,"REX1BD"
2.43793865938598e-34,-8.80384570703213,0.001,0.135,8.92919413386708e-30,"UGT2B11"
2.47726020592213e-34,-5.20133343328385,0.003,0.14,9.0732132302104e-30,"ZNF385B"
2.70713437510015e-34,0.94017148661367,0.268,0.099,9.91515036224179e-30,"C6orf226"
2.77708690979556e-34,0.860045585477562,0.343,0.153,1.01713585158172e-29,"NSD1"
2.80701744288552e-34,0.70227152894751,0.459,0.242,1.02809820863125e-29,"CRLS1"
2.84516069660119e-34,2.01175085572487,0.174,0.047,1.04206855673715e-29,"RNF152"
2.89179330890003e-34,0.49991251868851,0.827,0.602,1.05914821731773e-29,"UQCRFS1"
3.0011946851094e-34,0.616429013031154,0.559,0.334,1.09921756536817e-29,"SS18L2"
3.26462418585423e-34,0.537661676907208,0.507,0.282,1.19570125431097e-29,"TPGS2"
3.90484696500191e-34,0.496663196921715,0.684,0.421,1.4301892494016e-29,"TMEM179B"
3.92586194684376e-34,-2.51545751008378,0.227,0.396,1.43788619665099e-29,"ERO1A"
3.96693564738775e-34,-0.320786928331803,1,0.976,1.45292985021224e-29,"RPS16"
4.05264314285773e-34,0.604821902577814,0.535,0.299,1.48432107750307e-29,"RPA3"
4.09060478940321e-34,0.618839695814119,0.498,0.275,1.49822491016682e-29,"PDZD11"
4.77009542721126e-34,-4.30292974747601,0.049,0.212,1.74709515117039e-29,"AC091182.1"
4.94615410312868e-34,0.752337242266949,0.39,0.186,1.81157840181191e-29,"PTPRA"
5.30903161404311e-34,0.455798169109166,0.841,0.629,1.94448591895943e-29,"MRPL41"
5.50618153902641e-34,0.533298372763483,0.558,0.315,2.01669405048381e-29,"LYPD3"
5.5567307035641e-34,0.697775676340546,0.436,0.218,2.03520818748739e-29,"SMUG1"
5.91077345700045e-34,-1.36611875707867,0.336,0.527,2.16487988636098e-29,"GOLM1"
6.21572512651535e-34,-0.522531446479864,0.999,0.978,2.27657148483751e-29,"RPS4X"
6.42303530140944e-34,1.06277556552821,0.265,0.1,2.35250090949422e-29,"KCNK15"
6.42587791926472e-34,3.38739032956027,0.103,0.014,2.3535420467099e-29,"ORM1"
6.78982063884664e-34,-4.80986353916303,0.007,0.146,2.48683970718397e-29,"CAV2"
6.88520420870707e-34,-3.2825401290929,0.059,0.225,2.52177489348105e-29,"AP1S3"
7.06084251618844e-34,0.528221070307098,0.503,0.283,2.58610417997918e-29,"IFI6"
7.11331155293864e-34,1.69024488103916,0.188,0.055,2.6053214893793e-29,"C1orf115"
7.36544964310397e-34,1.38245297771336,0.223,0.075,2.69766958628326e-29,"SLC25A46"
7.47025897597143e-34,0.444604631013819,0.796,0.554,2.7360570525393e-29,"NPDC1"
8.82645307016957e-34,-2.58685042274753,0.106,0.285,3.2327767014803e-29,"BTG3"
9.42808891368513e-34,1.43767030705762,0.168,0.043,3.45313184552632e-29,"HOXB4"
9.79833727480569e-34,1.64252071899975,0.184,0.052,3.58873901027033e-29,"ARPIN"
9.92086372067403e-34,0.615206298568197,0.658,0.417,3.63361554633407e-29,"DEK"
1.08167081172487e-33,1.39893401230476,0.399,0.214,3.96172751502352e-29,"PDRG1"
1.09479628246031e-33,-3.76447457228396,0.024,0.174,4.00980086413912e-29,"SAMD4A"
1.19477754870131e-33,0.741613499124905,0.341,0.152,4.37599224987342e-29,"PSME3IP1"
1.24160888000119e-33,0.886357967335605,0.631,0.405,4.54751668389235e-29,"MDH1"
1.2831563441111e-33,-2.32007495563724,0.135,0.319,4.69968842594133e-29,"SVIL"
1.38659291699349e-33,1.4868608161074,0.185,0.053,5.07853521778035e-29,"AC007405.3"
1.48185394067012e-33,1.05308930013053,0.268,0.103,5.42743824309838e-29,"MTERF2"
1.51802745306771e-33,0.519607469919131,0.608,0.367,5.55992734960578e-29,"RNF5"
1.53371240406291e-33,0.917439902632978,0.299,0.122,5.61737505112082e-29,"ANKRD40"
1.74322574894528e-33,1.07920881568954,0.329,0.146,6.38473862808697e-29,"MRS2"
1.87294847015677e-33,1.01908320812623,0.234,0.08,6.85986106679618e-29,"EXOSC6"
1.97726385738035e-33,2.90768030925548,0.114,0.019,7.24192660404126e-29,"DOCK10"
2.02366459666437e-33,2.04978529349851,0.123,0.022,7.4118739517429e-29,"GALT"
2.23475665089787e-33,1.09762776216698,0.237,0.085,8.18501970957855e-29,"ABCA5"
2.4653039065751e-33,1.1774743179003,0.249,0.091,9.02942208822197e-29,"PIGM"
2.49586758980593e-33,-3.12333341765913,0.06,0.225,9.1413646344232e-29,"MYO1B"
2.50106819446501e-33,-2.89076688070278,0.08,0.251,9.16041236904756e-29,"TRIO"
2.51086597116832e-33,0.939484563399669,0.425,0.22,9.1962977060011e-29,"CPD"
2.81808905643235e-33,1.3041870419581,0.384,0.196,1.03215329780891e-28,"EXOSC3"
2.83678400632619e-33,1.81293029295043,0.105,0.014,1.03900051015703e-28,"AL391001.1"
2.92687981404589e-33,0.920153560553976,0.344,0.155,1.07199900069245e-28,"SMARCA2"
3.33341097242042e-33,1.42431821273814,0.19,0.056,1.2208951027587e-28,"B3GALT4"
3.42420721583935e-33,0.892964680133867,0.312,0.132,1.25415013487332e-28,"TSPYL2"
3.46804271052476e-33,0.599666683318803,0.506,0.279,1.2702053231568e-28,"KRCC1"
3.77903607849669e-33,0.907736704018614,0.351,0.162,1.3841097541102e-28,"MDM2"
3.91207610137127e-33,0.604108306382486,0.406,0.2,1.43283699288824e-28,"CCZ1"
4.0849673931661e-33,0.752351664163053,0.292,0.118,1.49616015742101e-28,"PCYOX1"
4.19223933524927e-33,0.774113151791692,0.627,0.423,1.5354495789284e-28,"LY6E"
4.69036027785909e-33,1.63848508155122,0.172,0.047,1.71789135536867e-28,"LYRM7"
4.69808182114969e-33,0.748719980170257,0.453,0.241,1.72071944781428e-28,"DEDD2"
4.76207885062132e-33,0.732696624620891,0.462,0.243,1.74415899982856e-28,"SYS1"
4.82067932527987e-33,0.532405326029655,0.677,0.433,1.765622009677e-28,"RPP21"
4.82271113545899e-33,0.536766659610725,0.869,0.668,1.76636618047321e-28,"RABAC1"
5.12355139224778e-33,0.739099551652346,0.329,0.143,1.87655193292467e-28,"ZFX"
5.15096033321595e-33,-3.22950810912302,0.057,0.221,1.88659073164367e-28,"FERMT2"
5.23078164131221e-33,-3.84133953777247,0.114,0.286,1.91582608394701e-28,"PLOD2"
5.37543611951868e-33,0.345250848725539,0.926,0.684,1.96880723313491e-28,"SELENOH"
5.73185567448673e-33,0.524372618340899,0.652,0.404,2.09934945933751e-28,"TMEM9"
5.88956499139318e-33,0.45397122540043,0.94,0.776,2.15711207374767e-28,"ATP5MPL"
5.96281309163319e-33,0.352281552018126,0.838,0.646,2.18393992294157e-28,"DNAJB1"
5.96293402492982e-33,1.24880864010515,0.267,0.104,2.1839842159708e-28,"VAMP5"
6.11726805760222e-33,2.41360355498676,0.131,0.027,2.24051059877739e-28,"ASPHD1"
6.12026119479177e-33,-1.46451417916312,0.762,0.762,2.24160686520443e-28,"ENO1"
6.3157483969822e-33,1.11357502192922,0.602,0.403,2.3132060078787e-28,"SDHB"
6.57694320402065e-33,0.804764489005218,0.331,0.145,2.4088712179046e-28,"AMFR"
6.97494529238603e-33,1.44931101708568,0.195,0.059,2.55464346278931e-28,"HOXC8"
7.77066757234836e-33,1.02974821520875,0.242,0.087,2.84608470504831e-28,"RELA-DT"
7.85142195391799e-33,0.800751749075252,0.402,0.2,2.875661804842e-28,"SLC22A18"
7.85624041313406e-33,1.24703489665014,0.239,0.087,2.87742661371448e-28,"FAM234B"
8.15818568182828e-33,0.872819595977959,0.338,0.152,2.98801708782643e-28,"HDDC3"
8.48519375676767e-33,0.910049929660182,0.425,0.227,3.10778706535373e-28,"DDX42"
8.59889199329487e-33,0.792379634625445,0.403,0.202,3.14943018146418e-28,"ZNF664"
8.69946942808968e-33,2.06070032825435,0.111,0.017,3.18626767273213e-28,"SCN1B"
9.84261411069103e-33,-2.90485715364584,0.073,0.239,3.6049558441817e-28,"SPSB1"
1.03785140132716e-32,-2.24114753737196,0.234,0.406,3.80123454250086e-28,"TMC5"
1.08298371405642e-32,0.770557730180999,0.423,0.218,3.96653615110304e-28,"FAM89B"
1.12394303063601e-32,1.45806833642185,0.21,0.069,4.11655374400744e-28,"TEX2"
1.12869762466716e-32,1.49214568671258,0.146,0.033,4.13396792010592e-28,"ZNF618"
1.18106975071455e-32,1.39346328160754,0.179,0.051,4.32578606896711e-28,"SNTB2"
1.26054844299185e-32,-0.765885596923353,0.758,0.76,4.61688472730196e-28,"GNG5"
1.42286795417252e-32,1.49834216715001,0.214,0.071,5.21139616895228e-28,"PHGDH"
1.56427250032451e-32,0.8057771394868,0.32,0.138,5.72930445968855e-28,"ATP6V1A"
1.64199581895019e-32,-6.13506503196711,0.002,0.131,6.01397388648698e-28,"PAX8-AS1"
1.65483710597973e-32,0.936036099366363,0.364,0.175,6.06100638436135e-28,"ADIPOR2"
1.69023196862436e-32,0.658868446466485,0.466,0.251,6.19064360828359e-28,"ALG13"
1.73366228583018e-32,-0.874212790727579,0.599,0.74,6.34971148808161e-28,"ITM2B"
1.81213894415151e-32,-5.5755053651877,0.004,0.135,6.63714009684932e-28,"GLIS3"
2.09033911966494e-32,0.931160147445149,0.298,0.126,7.65607605968479e-28,"CMC4"
2.14760959521842e-32,1.49222566672673,0.181,0.053,7.86583490344698e-28,"STIM1"
2.49595653594649e-32,0.61215443824701,0.599,0.367,9.1416904085576e-28,"VDAC3"
2.62816226817633e-32,0.56928719108331,0.642,0.416,9.62590712342263e-28,"EGLN2"
2.74203818352068e-32,0.593488291745075,0.232,0.078,1.00429890509628e-27,"AC018816.1"
2.74308644160403e-32,0.788163375854833,0.436,0.229,1.00468284010189e-27,"M6PR"
2.77994286347816e-32,0.591271418307511,0.464,0.251,1.01818187317751e-27,"CRELD2"
2.99062037955827e-32,0.58695041622951,0.597,0.358,1.09534462021701e-27,"SPINT1-AS1"
3.07387916317494e-32,0.546124972055779,0.585,0.35,1.12583898230445e-27,"ZNF24"
3.39444268206602e-32,0.500553503400204,0.802,0.547,1.2432485767335e-27,"RNF187"
3.42033086139571e-32,-1.3194725982832,0.502,0.603,1.25273038129479e-27,"ACADVL"
3.64377070357305e-32,0.422388138615447,0.801,0.588,1.33456745789066e-27,"POLR2K"
3.68733010318473e-32,0.688402802110471,0.36,0.172,1.35052152359244e-27,"DHRS4L2"
3.79163700054504e-32,0.6040362128274,0.532,0.305,1.38872496781962e-27,"FAM120A"
3.79745978372297e-32,-0.714107723949597,0.593,0.776,1.39085762038638e-27,"HLA-B"
4.05197179068083e-32,1.97805053201532,0.126,0.025,1.48407518805476e-27,"SEMA3B-AS1"
4.13177632614868e-32,0.426536702400899,0.59,0.346,1.51330439721521e-27,"ETFA"
4.33093208175016e-32,0.732632378963121,0.395,0.197,1.58624718426181e-27,"CPEB4"
4.34651411386517e-32,1.65467297352606,0.133,0.028,1.59195425934426e-27,"PECR"
4.42617096526068e-32,0.805748206401137,0.403,0.198,1.62112937773638e-27,"RING1"
4.68764641533567e-32,2.39774520823045,0.139,0.031,1.71689737608084e-27,"RAI2"
4.758077469554e-32,0.601229313871602,0.512,0.291,1.74269345399885e-27,"EBLN3P"
4.85181365917868e-32,0.801108298942011,0.363,0.173,1.77702527081078e-27,"SLC25A1"
5.03535036966628e-32,1.33024247134054,0.209,0.069,1.84424742639397e-27,"HMGCS2"
5.30531859001814e-32,0.474034804814783,0.714,0.466,1.94312598678004e-27,"MRPL43"
5.63601604467038e-32,1.7194018616237,0.17,0.047,2.06424723652097e-27,"DBP"
5.87546776305255e-32,0.363653230421615,0.588,0.322,2.15194882289563e-27,"SELENBP1"
6.05312418566648e-32,1.7562255189525,0.116,0.02,2.21701726424221e-27,"ALDH5A1"
6.11550608433824e-32,0.731270659525551,0.338,0.151,2.23986525844972e-27,"SIRT2"
6.26114943301166e-32,0.491049108531644,0.765,0.521,2.29320859133485e-27,"ATRAID"
6.44216430381566e-32,0.778503770292342,0.296,0.123,2.35950709791552e-27,"RAD51C"
6.48691326958159e-32,1.90298326408162,0.179,0.054,2.37589685411695e-27,"ASB13"
7.16026146197958e-32,0.598279951848608,0.525,0.302,2.62251736306464e-27,"ANAPC5"
7.22999187289577e-32,1.15033735104424,0.299,0.133,2.6480568233668e-27,"STYXL1"
7.46069394815898e-32,0.395050854508536,0.613,0.356,2.73255376545271e-27,"ALDH9A1"
7.67432745934547e-32,0.858472463040446,0.368,0.176,2.81079917525987e-27,"COQ7"
8.40640913209035e-32,1.13049041573047,0.222,0.077,3.07893140871941e-27,"SMAD7"
8.44482188593463e-32,0.811449061210111,0.993,0.955,3.09300046394242e-27,"COX6C"
9.40710977594426e-32,0.64864388426651,0.617,0.374,3.44544802653734e-27,"MRPL34"
1.00482894632753e-31,2.61864135636115,0.129,0.027,3.6802864988192e-27,"AC008556.1"
1.05926101385022e-31,0.558328925951811,0.553,0.312,3.87964938932783e-27,"ELAPOR1"
1.10974106505225e-31,0.263389020060654,0.988,0.876,4.06453762486036e-27,"XBP1"
1.17535620402851e-31,0.953841977194492,0.359,0.174,4.30485963287483e-27,"ZNF444"
1.19908145792481e-31,0.587469796890129,0.526,0.293,4.39175574779541e-27,"CYHR1"
1.24483358848677e-31,0.38504631138818,0.914,0.719,4.55932750119163e-27,"BSG"
1.25664603217535e-31,-3.94266232166094,0.02,0.16,4.60259175744542e-27,"SEMA3E"
1.29230235150796e-31,0.669788293633769,0.433,0.227,4.73318659263305e-27,"CCDC57"
1.31732497691004e-31,0.945979837094642,0.384,0.193,4.8248344604307e-27,"ZCCHC10"
1.37111882966989e-31,0.932781862900431,0.349,0.167,5.02185982554892e-27,"PTPN18"
1.39603912336668e-31,1.90281978088564,0.145,0.034,5.11313289324279e-27,"RIIAD1"
1.42817272496319e-31,0.28593265823584,0.895,0.666,5.23082542245017e-27,"SEC62"
1.47113874906933e-31,1.30070919429188,0.325,0.152,5.38819278234132e-27,"SLC30A1"
1.54481076139193e-31,0.950174465470395,0.285,0.119,5.65802389467408e-27,"NCOA3"
1.56528972007694e-31,1.12015886762521,0.298,0.128,5.73303012875381e-27,"ZNF75A"
1.59202793036296e-31,3.14013580452868,0.112,0.02,5.83096149774736e-27,"KRT222"
1.64148020765588e-31,0.461947121444238,0.564,0.332,6.01208540856041e-27,"MCUR1"
2.02684268039537e-31,1.28387891052682,0.196,0.062,7.4235140012161e-27,"SIRT5"
2.14144371254573e-31,0.970782663975928,0.42,0.227,7.84325174157001e-27,"DCAF7"
2.26750898177811e-31,-1.0766465322718,0.794,0.766,8.30497839666052e-27,"PERP"
2.34743894180839e-31,0.775166261365532,0.33,0.149,8.59772986826739e-27,"PDCD7"
2.62154311805324e-31,0.686764686063551,0.316,0.137,9.60166382418181e-27,"GSE1"
2.66875230966249e-31,1.22097095755009,0.206,0.068,9.77457220936982e-27,"CCDC58"
2.89692534789435e-31,0.414429444302119,0.821,0.59,1.06102787791978e-26,"PDCD6"
2.94349957496302e-31,0.832222230931803,0.341,0.159,1.07808615432596e-26,"TRUB2"
3.20274569841841e-31,2.02092395566319,0.184,0.058,1.17303763950273e-26,"PARM1"
3.20783842254326e-31,0.487293579101368,0.51,0.287,1.1749029006407e-26,"TRAPPC2L"
3.30422855144926e-31,-1.95667264494572,0.263,0.434,1.21020674925381e-26,"ADM"
3.36471746628097e-31,0.862267012157474,0.297,0.125,1.23236141920007e-26,"GCDH"
4.64200290308425e-31,1.06739523641712,0.234,0.085,1.70017998328364e-26,"LNPEP"
4.94464574305107e-31,0.801184476988638,0.324,0.145,1.81102594984988e-26,"MTUS1"
5.01634100279391e-31,0.712267305859576,0.407,0.206,1.8372850556833e-26,"ARFGAP2"
5.55780530583377e-31,0.526519979457244,0.821,0.593,2.03560177131468e-26,"ANAPC16"
5.72122129608773e-31,1.80049603710615,0.147,0.036,2.09545451190509e-26,"PBX3"
5.88545176078497e-31,0.566012730251981,0.61,0.377,2.1556055619051e-26,"MYADM"
5.94121761410021e-31,-4.09897003407983,0.013,0.146,2.17603036334034e-26,"EVA1C"
6.08014087961495e-31,0.471936875478736,0.787,0.548,2.22691239856777e-26,"NDUFB3"
6.38557137762986e-31,2.29419488414121,0.206,0.072,2.33877937277071e-26,"ARL4D"
7.12561818803288e-31,1.11973981500357,0.328,0.156,2.60982891754892e-26,"SMC4"
7.55340414871348e-31,0.596372959892354,0.413,0.212,2.7665098035078e-26,"DHRSX"
7.84100183486121e-31,0.553188130336329,0.508,0.292,2.87184533203627e-26,"AK1"
7.94245882051104e-31,1.58797614178838,0.203,0.069,2.90900496760037e-26,"GPD1L"
9.09779634279912e-31,-2.835633635198,0.078,0.24,3.33215888851361e-26,"NABP1"
9.23920255841246e-31,0.321432747419963,0.385,0.182,3.38395032904415e-26,"AC027644.3"
9.33604455309213e-31,1.29419534045293,0.231,0.086,3.41941967801552e-26,"LYRM9"
9.48384528445521e-31,0.914678144643555,0.382,0.193,3.47355317388457e-26,"PRPSAP1"
9.87909228948661e-31,0.699364260204696,0.323,0.148,3.61831634194737e-26,"NIPSNAP1"
1.05314454602896e-30,1.19773498165912,0.235,0.087,3.85724721428568e-26,"SLC7A5"
1.06104441760421e-30,0.919264474820012,0.331,0.152,3.88618128391718e-26,"MRPL2"
1.14041190539339e-30,2.78341989863645,0.105,0.017,4.17687264469384e-26,"DUBR"
1.20868985872409e-30,0.457170798368003,0.797,0.584,4.42694747656285e-26,"CSNK2B"
1.25546218167196e-30,1.45215555765434,0.215,0.076,4.59825578659174e-26,"CCDC74B"
1.29286851073143e-30,-4.00889934650143,0.089,0.249,4.73526020740495e-26,"UPP1"
1.34701561925854e-30,0.684893852168352,0.471,0.26,4.93357940709633e-26,"MTHFS"
1.37696464478375e-30,2.8969820959116,0.105,0.017,5.04327070798496e-26,"LRRC49"
1.39690455660678e-30,1.724208809061,0.139,0.033,5.11630262902799e-26,"DCLK1"
1.51412234924391e-30,-1.42746036857247,0.435,0.557,5.54562451634075e-26,"HES4"
1.51707105112301e-30,0.920794779244647,0.338,0.161,5.55642443184312e-26,"COG2"
1.71147184441816e-30,-2.21464994609286,0.176,0.348,6.26843677736597e-26,"SLC40A1"
1.73738214475867e-30,-1.30204796100483,0.352,0.516,6.36333584339312e-26,"PDLIM1"
1.82946600799222e-30,0.926089270745327,0.36,0.177,6.70060220087232e-26,"ATPAF1"
2.06711633364193e-30,1.04593238391514,0.19,0.06,7.57102028359694e-26,"B3GALNT1"
2.19482950985238e-30,1.35743562468935,0.173,0.051,8.03878256278533e-26,"LONRF2"
2.25720513839528e-30,1.60323933875295,0.105,0.017,8.26723953988656e-26,"FAM171B"
2.2770456592362e-30,0.656755742240595,0.376,0.185,8.33990743151849e-26,"GPS1"
2.37712247191055e-30,0.930565175554797,0.316,0.141,8.70644876561959e-26,"CFD"
2.43629375750059e-30,1.39901102630006,0.272,0.119,8.92316951622167e-26,"GOT1"
2.44379950413805e-30,0.902332800103452,0.313,0.141,8.95066006385601e-26,"NDUFS1"
2.54315990358804e-30,-6.33106829213005,0.004,0.126,9.31457746288156e-26,"TMEM176B"
2.76735445868992e-30,0.811660842178567,0.499,0.297,1.01357124403977e-25,"RBBP4"
2.78519799670876e-30,0.948906692531631,0.281,0.119,1.02010661827455e-25,"COQ9"
2.91001779685773e-30,1.57946778779193,0.142,0.034,1.06582311827711e-25,"OLFM1"
3.05123227653552e-30,1.11249102431148,0.299,0.132,1.1175443336039e-25,"ARHGAP35"
3.05231695458577e-30,0.394916046664886,0.653,0.403,1.11794160778658e-25,"ZNF428"
3.11384558443459e-30,-2.8986414193358,0.078,0.238,1.14047708375501e-25,"SLC12A2"
3.27726854657649e-30,0.490771067529647,0.556,0.329,1.20033237786911e-25,"GID8"
3.38577550776544e-30,-1.89263139145648,0.152,0.334,1.24007413747417e-25,"ANXA3"
3.4338579340079e-30,0.462373698629127,0.909,0.72,1.25768480690973e-25,"EIF3K"
3.49072546342343e-30,2.81433167408354,0.103,0.017,1.27851310823346e-25,"HSD17B11"
3.59724922236433e-30,1.58853685485408,0.183,0.058,1.31752850018316e-25,"NNT-AS1"
3.81990924683099e-30,0.980974390618622,0.168,0.048,1.39907996074432e-25,"GGT1"
3.83342844213688e-30,0.546051210512574,0.489,0.28,1.40403150121705e-25,"STIP1"
4.07386392406316e-30,-2.94766986396895,0.066,0.221,1.49209340082737e-25,"IRX2"
4.24748875018185e-30,0.730747810952069,0.522,0.304,1.55568522964161e-25,"OTUD6B-AS1"
4.72315194177455e-30,0.573984493765218,0.529,0.308,1.72990163019435e-25,"MPLKIP"
4.86077675981891e-30,0.743905202486425,0.57,0.357,1.78030809605128e-25,"RAP1A"
4.98573235149195e-30,0.340064789798949,0.834,0.573,1.82607433105744e-25,"MRPL55"
5.07972269031994e-30,0.711490901412376,0.372,0.181,1.86049923255658e-25,"ACY1"
5.57034486612654e-30,0.923232676741905,0.31,0.143,2.04019451066751e-25,"MAVS"
5.87743801118464e-30,0.878460036400325,0.289,0.123,2.15267044597649e-25,"RAMP2"
6.11031646963725e-30,0.734843866626629,0.312,0.14,2.23796451016934e-25,"SDSL"
6.29665866169409e-30,1.83791446785118,0.118,0.023,2.30621420143208e-25,"GPRIN3"
6.3546691441029e-30,1.10924717013025,0.218,0.079,2.32746112071913e-25,"NRSN2"
6.74006415206561e-30,-1.69929690549443,0.259,0.417,2.46861589633555e-25,"GNG12"
7.85964197621994e-30,0.825866495088685,0.41,0.214,2.87867247021032e-25,"CCDC91"
8.09154457149445e-30,1.41535567866201,0.1,0.015,2.96360911475556e-25,"GATA2-AS1"
8.38005832770413e-30,0.74597305199444,0.358,0.176,3.06928016310491e-25,"ALG3"
8.41133182158909e-30,1.55723891065882,0.167,0.05,3.08073439297522e-25,"NNT"
8.61115606832936e-30,0.943636438790102,0.279,0.119,3.15392202158631e-25,"DCTN1"
9.0134019689727e-30,0.828004294099095,0.42,0.228,3.30124860515594e-25,"UNC50"
9.433190758164e-30,0.610545823918786,0.386,0.196,3.45500044708515e-25,"CHMP1A"
9.48896210124192e-30,0.636213083903716,0.37,0.179,3.47542725920086e-25,"GAA"
1.10733313200159e-29,0.418754801657961,0.797,0.569,4.05571832926901e-25,"OCIAD1"
1.12594336820591e-29,0.626328033542703,0.537,0.331,4.12388018039096e-25,"ERGIC1"
1.20099256659891e-29,0.401015284437867,0.897,0.696,4.39875537442515e-25,"RPS27L"
1.2105453084581e-29,0.839131957360183,0.332,0.157,4.43374324675862e-25,"GPRC5C"
1.21887877022847e-29,0.446214764164435,0.784,0.568,4.46426538383879e-25,"PSMC5"
1.24975647193102e-29,0.387689367785005,0.894,0.679,4.57735805409454e-25,"ERH"
1.25084491187526e-29,2.01730692891622,0.133,0.031,4.58134457423432e-25,"NLK"
1.25154901836885e-29,1.40483553271311,0.395,0.229,4.58392343467774e-25,"LAPTM4B"
1.26314048072113e-29,0.669705670179023,0.562,0.341,4.62637832468921e-25,"CLTC"
1.34416817198748e-29,0.858961991023397,0.344,0.167,4.92315034672133e-25,"NSMCE4A"
1.36520326371562e-29,0.474646748294649,0.745,0.499,5.00019347368482e-25,"RANBP1"
1.42315549832913e-29,0.508063412042156,0.346,0.164,5.21244932818026e-25,"H2BC15"
1.49258547180941e-29,1.1706887200969,0.21,0.074,5.46674354904915e-25,"MMUT"
1.51043410922907e-29,1.21924777418087,0.234,0.092,5.5321159684624e-25,"NBL1"
1.75962327132501e-29,0.898084976567791,0.355,0.174,6.44479619355499e-25,"FBXO9"
1.78032691576051e-29,1.4993600391541,0.156,0.043,6.52062536166444e-25,"GSAP"
1.88379723423288e-29,-2.68572022801182,0.375,0.492,6.89959575010135e-25,"ERRFI1"
2.00893558242795e-29,0.538250712598783,0.581,0.363,7.3579274642006e-25,"TSG101"
2.11976854294472e-29,0.442584865386623,0.942,0.743,7.76386426538934e-25,"ATP5F1D"
2.17767855129448e-29,0.443777894046798,0.768,0.54,7.97596546197118e-25,"LUC7L3"
2.30437969835253e-29,0.822546365091087,0.49,0.287,8.44002108318599e-25,"KRR1"
2.47308528624646e-29,0.534739856413452,0.599,0.378,9.05792216940629e-25,"POP7"
2.51153525391005e-29,0.396694700813927,0.823,0.597,9.19874902097094e-25,"NGRN"
2.52799449343239e-29,0.396588483843627,0.762,0.507,9.25903263164546e-25,"DPY30"
2.55225088607007e-29,-2.47086369674541,0.137,0.303,9.34787409532025e-25,"PLAUR"
2.64427906559675e-29,2.06431830850826,0.124,0.027,9.68493650565465e-25,"CALY"
2.72013689517583e-29,0.618383114739628,0.432,0.231,9.96277339227101e-25,"PARL"
2.8320455822293e-29,-2.30452448747645,0.112,0.275,1.0372650149473e-24,"OPN3"
2.87203725331979e-29,0.86041487195549,0.311,0.14,1.05191236440091e-24,"ZNF688"
2.95642405553635e-29,0.410840772917203,0.793,0.568,1.08281987458074e-24,"METTL26"
2.99240167310307e-29,1.23010159956453,0.177,0.054,1.09599703679073e-24,"H2BC11"
3.01933463680847e-29,0.499068107965605,0.845,0.649,1.10586150407747e-24,"TMED10"
3.02526024933913e-29,2.18172645327422,0.201,0.07,1.10803181892295e-24,"MUC20"
3.11696505247279e-29,-2.14155382169149,0.318,0.46,1.14161962011868e-24,"GADD45A"
3.48056859713483e-29,0.67653312974666,0.676,0.461,1.2747930543866e-24,"NDUFA10"
3.9168759826952e-29,0.748600519820618,0.4,0.207,1.43459499742194e-24,"THAP7"
4.0742297483375e-29,0.473909682616159,0.604,0.392,1.49222738762609e-24,"LGALS3BP"
4.3108767382805e-29,0.457873695720871,0.476,0.26,1.57890171416262e-24,"ATP6V0D1"
4.96669555139047e-29,1.35831626713589,0.135,0.032,1.81910191265227e-24,"TM4SF18"
5.19894321142709e-29,1.07990016086618,0.238,0.091,1.90416494061729e-24,"SSH2"
5.49069429959758e-29,0.619379053781257,0.333,0.152,2.01102169417061e-24,"MYB"
5.71736011675186e-29,0.770935460295075,0.638,0.429,2.09404031636153e-24,"POLE4"
5.7732560262585e-29,0.48170746220032,0.724,0.5,2.11451275217744e-24,"VAMP2"
5.79986072759751e-29,0.45542258196079,0.707,0.465,2.12425699008986e-24,"ARL1"
5.89243932053792e-29,1.13962747210412,0.285,0.127,2.15816482554022e-24,"NFYC"
6.17612204044611e-29,0.517662861259953,0.642,0.431,2.26206645853379e-24,"C1orf122"
6.23453896595932e-29,0.478177221505792,0.623,0.391,2.28346224167226e-24,"MLEC"
6.76468734876293e-29,1.14415302581866,0.181,0.057,2.47763438835791e-24,"EEF1A2"
6.89424775994037e-29,0.652911475350269,0.845,0.706,2.52508718455576e-24,"SLC25A5"
7.74413886899465e-29,0.676888213723871,0.539,0.331,2.83636830215798e-24,"ATP6V1H"
7.76681082850401e-29,1.32261182358044,0.192,0.064,2.84467213404788e-24,"ATF7IP"
8.24568849577552e-29,2.12651732199548,0.172,0.056,3.02006586846274e-24,"LRATD1"
1.01455526766677e-28,-2.37378149894373,0.092,0.253,3.7159101233563e-24,"BARX2"
1.05559491503966e-28,1.81454245067388,0.125,0.028,3.86622193582428e-24,"MZB1"
1.05597622113892e-28,0.431257316048649,0.598,0.365,3.86761850754343e-24,"MRPS35"
1.07445071803632e-28,0.328396637266345,0.782,0.527,3.93528319987981e-24,"COX16"
1.1142911671468e-28,0.950405118746964,0.304,0.141,4.08120282879188e-24,"KIF21A"
1.18644790105213e-28,0.557007134519277,0.545,0.334,4.34548408239352e-24,"NUCB1"
1.24177171054463e-28,-0.344338871041223,0.999,0.989,4.54811306704077e-24,"RPS2"
1.28179900325442e-28,0.978888495113027,0.248,0.1,4.69471702931965e-24,"C12orf73"
1.31051386745464e-28,0.618045356750663,0.519,0.308,4.79988809093938e-24,"ZNRD2"
1.32298246864711e-28,0.617601405189962,0.457,0.255,4.8455555896669e-24,"SLC39A3"
1.34259338742795e-28,0.690178289764771,0.379,0.191,4.9173825407936e-24,"USP9X"
1.39520435351838e-28,0.483753246573913,0.533,0.317,5.1100754651964e-24,"AHSA1"
1.40943581327788e-28,-2.16881435165584,0.131,0.296,5.16219960971156e-24,"PTPRK"
1.52816407219237e-28,0.413062238096084,0.685,0.459,5.59705373081178e-24,"MANF"
1.58420964145184e-28,0.888326234639143,0.235,0.091,5.80232623278151e-24,"ASB8"
1.70270964687866e-28,0.535491933948898,0.582,0.367,6.23634435265778e-24,"OTUB1"
1.75050482930851e-28,-2.84468984815404,0.088,0.242,6.41139898782533e-24,"RASAL2"
1.75360216115087e-28,1.19438364146918,0.213,0.078,6.42274327543119e-24,"CENPB"
1.77252645544509e-28,0.804610151135137,0.266,0.11,6.49205539571318e-24,"HSD17B8"
1.78657460562501e-28,0.576160873560849,0.553,0.341,6.54350815056217e-24,"KCNK6"
1.82653933177745e-28,0.856009544682094,0.374,0.192,6.6898829565681e-24,"OIP5-AS1"
1.90381262615324e-28,0.434863477690042,0.659,0.431,6.97290412454887e-24,"H1-10"
2.14660350338087e-28,0.552215442948687,0.303,0.133,7.86214999148279e-24,"TMEM192"
2.25225256519041e-28,-1.02384804369079,0.79,0.746,8.24910024526641e-24,"PFDN2"
2.26008295210587e-28,0.408794956322515,0.728,0.489,8.27777982038297e-24,"CENPX"
2.26127154490461e-28,0.625442318948843,0.345,0.168,8.28213316036761e-24,"GUCD1"
2.33448855038245e-28,-1.11611798148796,0.955,0.898,8.55029776463078e-24,"ANXA2"
2.41914099950702e-28,0.37366251210149,0.641,0.408,8.8603458247944e-24,"MRPS33"
2.52578021139803e-28,0.848231790627319,0.395,0.212,9.25092260226641e-24,"FBXL15"
2.62977195226435e-28,-4.47579134240774,0.05,0.193,9.6318027523634e-24,"EDN2"
2.89358326465007e-28,0.787078240427214,0.328,0.157,1.05980380651074e-23,"GEMIN8"
2.95180887128597e-28,1.77122628690777,0.195,0.07,1.0811295171972e-23,"CCDC86"
3.09293878207938e-28,-5.8750498588423,0.006,0.122,1.13281975832439e-23,"CXCL1"
3.45655079695369e-28,1.40887299251822,0.266,0.119,1.26599629489226e-23,"CAP2"
3.46411083925159e-28,0.527072266013513,0.538,0.323,1.26876523598429e-23,"NUBP2"
3.67757227869789e-28,1.22964593909873,0.217,0.083,1.34694762279589e-23,"S100A4"
3.72353437105677e-28,-0.446383794205215,1,0.987,1.36378169874325e-23,"RPL3"
3.84275896555479e-28,0.369847634108385,0.842,0.608,1.4074488987241e-23,"SMIM26"
3.98335926704908e-28,0.761438396359241,0.398,0.211,1.4589451651494e-23,"AIP"
4.09094903918033e-28,0.8243984727344,0.304,0.139,1.49835099509019e-23,"RITA1"
4.25769176029063e-28,1.77218266923928,0.203,0.076,1.55942218412405e-23,"PART1"
4.26080619869107e-28,0.906683066594766,0.286,0.126,1.56056287833259e-23,"VPS26B"
4.29834759141113e-28,0.366642994137218,0.711,0.506,1.57431278883024e-23,"MAP1LC3B"
5.1885940959954e-28,0.770529441859541,0.387,0.205,1.90037447359927e-23,"GET1"
5.32101701222607e-28,0.41635803692572,0.679,0.478,1.94887569089792e-23,"TAPBP"
5.63500300725477e-28,1.29779289288575,0.175,0.056,2.06387620143713e-23,"DGLUCY"
5.69118262530485e-28,0.363061645960631,0.463,0.25,2.08445254834416e-23,"THUMPD3-AS1"
5.78660391214578e-28,1.53752397140319,0.117,0.025,2.11940154886251e-23,"AC027279.1"
5.88747163059245e-28,0.510651546280311,0.671,0.451,2.15634535942079e-23,"GRINA"
5.90984686478629e-28,-2.68502634729908,0.057,0.202,2.16454051269663e-23,"CASP4"
6.17071021367597e-28,1.23703548077761,0.161,0.048,2.26008432286096e-23,"METTL27"
6.34718556930679e-28,0.461282104296608,0.468,0.261,2.32472018661431e-23,"CFDP1"
6.60070249783171e-28,0.808134552500797,0.179,0.057,2.41757329685584e-23,"OAS1"
6.64550508258258e-28,0.476125631345611,0.902,0.705,2.4339826915467e-23,"FOS"
6.73971089267487e-28,1.06416906371792,0.217,0.081,2.4684865115511e-23,"RGS11"
6.97151594022045e-28,0.910614442676069,0.278,0.122,2.55338742826514e-23,"LINC00472"
7.12216356416731e-28,0.41543589771202,0.792,0.598,2.60856362701192e-23,"SRSF9"
7.1673935270401e-28,0.451014562306299,0.808,0.585,2.62512955321371e-23,"CD46"
7.25206318456775e-28,2.38697851382679,0.115,0.025,2.65614066197979e-23,"NAPB"
7.37470763134207e-28,0.543177221862797,0.484,0.273,2.70106041705535e-23,"ERG28"
7.40500461351456e-28,0.590497885218441,0.399,0.207,2.71215698974584e-23,"TUG1"
7.82484245268445e-28,0.466584788451822,0.552,0.332,2.86592679672021e-23,"COMMD7"
8.66522264336922e-28,1.07191887028556,0.22,0.085,3.17372444536041e-23,"AARS1"
8.72597858612371e-28,0.367653375306603,0.726,0.494,3.19597691695367e-23,"CHASERR"
9.3333587716931e-28,0.777421346073953,0.244,0.097,3.41843598372031e-23,"RANBP9"
9.39502417120247e-28,2.17619942538308,0.107,0.021,3.44102155294462e-23,"ABCA1"
9.56108326227454e-28,-5.51479584923582,0.009,0.126,3.50184235564067e-23,"CA9"
9.74449954244022e-28,0.372595460558209,0.966,0.809,3.56902040241416e-23,"TOMM7"
9.9252293361706e-28,-2.77633579338098,0.077,0.224,3.63521449666584e-23,"CLIC6"
1.01532049496708e-27,0.446616053183252,0.533,0.315,3.71871284486642e-23,"CHID1"
1.01539421244191e-27,0.561339877317321,0.468,0.27,3.71898284248972e-23,"RAB1B"
1.10028219424634e-27,1.43873171564015,0.141,0.037,4.02989356464665e-23,"AC023043.1"
1.17335297245859e-27,0.781930642520165,0.351,0.174,4.29752259692684e-23,"COPG1"
1.17424272336323e-27,3.21020072712816,0.166,0.052,4.30078139859017e-23,"SCGB2A1"
1.29023883684143e-27,0.611458948032662,0.495,0.296,4.72562876381541e-23,"WNK1"
1.33026601312182e-27,0.615759749056845,0.784,0.556,4.87223229966e-23,"FDPS"
1.46673310482684e-27,0.614518607430124,0.639,0.424,5.3720566697388e-23,"ATG101"
1.54534259881277e-27,0.938729246715456,0.271,0.12,5.65997180241166e-23,"CHCHD6"
1.6835386190237e-27,0.841758011164451,0.275,0.122,6.1661285460362e-23,"ARMC1"
1.83916281571673e-27,0.538321494147573,0.442,0.25,6.7361177288441e-23,"BAIAP2"
1.98608354607928e-27,0.985230994238877,0.319,0.154,7.27422959586997e-23,"SMARCD2"
1.98693101536405e-27,0.556453875562741,0.948,0.856,7.27733353687238e-23,"DDX5"
2.09739119208436e-27,0.760702096584788,0.285,0.129,7.68190498012819e-23,"PNPO"
2.22643288927718e-27,0.729704630671478,0.312,0.144,8.1545331002666e-23,"DNAJA3"
2.2297016097441e-27,0.352410328385975,0.919,0.75,8.16650511584876e-23,"YWHAB"
2.35078494806088e-27,0.887606834110769,0.497,0.312,8.60998495076776e-23,"CD81"
2.35545935711668e-27,0.620886643692154,0.433,0.238,8.62710544137553e-23,"GSTO2"
2.4023516501477e-27,0.839431113126985,0.317,0.151,8.79885315383097e-23,"TBCC"
2.48470521951536e-27,0.567258201710662,0.459,0.256,9.10048133699697e-23,"SECISBP2"
2.49686680602718e-27,-2.77703076582594,0.053,0.196,9.14502436375516e-23,"PHLDB2"
2.6415842767089e-27,0.523760572385664,0.356,0.177,9.67506657187401e-23,"HIBADH"
2.80983555350766e-27,0.701400367441602,0.401,0.214,1.02913036982772e-22,"GOLM2"
2.93851276107434e-27,0.844629946131082,0.311,0.149,1.07625968387109e-22,"MRPL35"
3.08322384926229e-27,0.330206850961016,0.627,0.403,1.12926156703081e-22,"TCF25"
3.14114092911925e-27,0.490595259087768,0.746,0.518,1.15047427669922e-22,"UQCRC2"
3.15714356610751e-27,1.09440754113766,0.238,0.097,1.15633540252254e-22,"PPM1J"
3.19993485983469e-27,0.771577212620058,0.304,0.141,1.17200814176305e-22,"ARAF"
3.28561532045458e-27,0.385769148398731,0.55,0.324,1.20338946726969e-22,"BORCS7"
3.37488784772053e-27,1.40841616592699,0.138,0.036,1.23608642310612e-22,"SYTL5"
3.43580258498233e-27,1.45742352733525,0.143,0.039,1.25839705477563e-22,"SRGAP3"
3.46580386646177e-27,0.615669584946277,0.412,0.218,1.26938532413029e-22,"ETFRF1"
3.52423700280045e-27,0.543105225937137,0.42,0.225,1.29078704464569e-22,"HNRNPL"
3.62545973533135e-27,1.09264199448369,0.251,0.107,1.32786088266246e-22,"LIPA"
3.65424376862412e-27,1.10687138481789,0.255,0.11,1.33840332269627e-22,"CETN3"
3.98538952715747e-27,1.06550404298769,0.376,0.204,1.45968876821669e-22,"NUDT9"
4.15114224494062e-27,0.787611904755049,0.346,0.178,1.52039735863195e-22,"STK24"
4.31201526389005e-27,0.944161097946753,0.223,0.086,1.57931871055237e-22,"HLTF"
4.38116597364426e-27,0.446973090527448,0.76,0.569,1.60464584950694e-22,"NME4"
5.19278475421071e-27,0.728114153934864,0.299,0.138,1.90190934407722e-22,"CRELD1"
5.20971423782309e-27,-0.861208876002417,0.721,0.776,1.90810993674508e-22,"HLA-A"
5.37729068582496e-27,0.669199771116366,0.416,0.225,1.96948648659025e-22,"MAGED1"
5.61406254458712e-27,0.428750902536183,0.597,0.379,2.05620654758048e-22,"PAIP1"
6.02723701686716e-27,0.498031235568499,0.606,0.385,2.20753582979776e-22,"RABEP1"
6.44438704209761e-27,0.381195844224092,0.99,0.921,2.36032119803867e-22,"RPSA"
6.73192658503186e-27,1.09662184288253,0.217,0.083,2.46563543103377e-22,"SMURF2"
7.02846676661337e-27,-2.13086196684157,0.217,0.376,2.57424623793981e-22,"PALLD"
7.28868624140107e-27,0.641948830295929,0.404,0.216,2.66955422277556e-22,"TLE3"
7.946527693139e-27,-8.27931047007274,0,0.105,2.91049523288909e-22,"HPGD"
8.04553607716333e-27,0.531917703870292,0.348,0.173,2.94675804362184e-22,"BRAF"
8.25829413906211e-27,1.50561503375182,0.149,0.043,3.02468281137289e-22,"GP1BB"
8.29041624459641e-27,1.64079273887136,0.314,0.169,3.03644785374588e-22,"CPE"
8.31052310033691e-27,-2.62020524437478,0.086,0.234,3.0438121907294e-22,"VTCN1"
9.22750170044924e-27,0.67405611465297,0.447,0.248,3.37966477280654e-22,"VEZF1"
9.31849974714243e-27,0.541594598170034,0.576,0.37,3.41299371738839e-22,"FIBP"
9.8161716832192e-27,0.795972356678948,0.312,0.149,3.59527104069586e-22,"SLC35C2"
1.00534379280495e-26,0.731885711450156,0.29,0.132,3.6821721755274e-22,"SLC38A10"
1.05618315715483e-26,0.643314090845108,0.416,0.226,3.8683764313953e-22,"ENDOV"
1.13456322220302e-26,0.893423334416114,0.243,0.099,4.15545125764077e-22,"TKFC"
1.13959463228606e-26,0.353619204779614,0.806,0.578,4.17387930021092e-22,"CNPY2"
1.15359674021061e-26,1.31897427276337,0.33,0.174,4.22516342069538e-22,"VWA1"
1.18195950365058e-26,0.360722279856085,0.56,0.331,4.32904487807061e-22,"NDUFV3"
1.23085859838477e-26,1.19941999728543,0.381,0.218,4.50814270244405e-22,"OSBPL8"
1.27994950645969e-26,0.618913626902082,0.418,0.226,4.68794306235926e-22,"C15orf40"
1.33423233417546e-26,0.72977572617626,0.403,0.224,4.88675934715105e-22,"HK1"
1.34212185623205e-26,1.06658278524784,0.226,0.09,4.91565551063549e-22,"IFTAP"
1.46393462416632e-26,1.02117502794706,0.234,0.095,5.36180695447158e-22,"HEMK1"
1.52462966411014e-26,1.39596561704707,0.182,0.062,5.58410860776981e-22,"EIF4E3"
1.62012272913847e-26,0.311114874902166,0.683,0.456,5.93386150774254e-22,"GLO1"
1.64254642313274e-26,-1.46910370876144,0.255,0.412,6.01599052936598e-22,"FXYD5"
1.70760574253016e-26,0.988746144336109,0.233,0.094,6.25427679259095e-22,"CHCHD4"
1.7781812513157e-26,1.61263056861834,0.278,0.139,6.51276665106888e-22,"PYGL"
1.80595519443533e-26,-0.401291744421374,0.994,0.964,6.61449149513884e-22,"RPL17"
2.0894983665538e-26,0.740205506615063,0.226,0.089,7.65299671733993e-22,"PTGES"
2.10787422573044e-26,1.14290604482093,0.521,0.357,7.72030013916033e-22,"STMN1"
2.40410605563356e-26,0.882576293625091,0.293,0.135,8.80527883936346e-22,"TTC36"
2.45517875654003e-26,0.649195191235029,0.415,0.229,8.99233771370353e-22,"EBAG9"
2.52741894056889e-26,1.11193025065193,0.217,0.084,9.25692461172761e-22,"IQGAP2"
2.72149942827376e-26,0.718458938222698,0.396,0.213,9.96776380599548e-22,"CMTM8"
2.92011521339607e-26,0.829484893870224,0.305,0.146,1.06952139805845e-21,"ALDH7A1"
2.93882703060018e-26,0.707265558850497,0.303,0.141,1.07637478822762e-21,"NUDT16"
2.98953553396944e-26,0.486586710804807,0.551,0.333,1.09494728467165e-21,"TSNAX"
3.1793732803592e-26,-1.92580872336211,0.318,0.456,1.16447725766436e-21,"ARHGAP29"
3.41350883300058e-26,1.82697395669826,0.123,0.03,1.25023174517479e-21,"S1PR3"
3.48693964203575e-26,-2.12084875947799,0.063,0.21,1.27712651329201e-21,"ACOT9"
3.73443639033401e-26,0.424993605956406,0.602,0.38,1.36777467232373e-21,"MRPL3"
3.75222272475683e-26,0.619573663298535,0.4,0.212,1.37428909516944e-21,"NSL1"
3.78384499651099e-26,0.600789911804038,0.444,0.251,1.38587106842212e-21,"TSR3"
3.84167616735115e-26,1.60434237908519,0.118,0.028,1.40705231305403e-21,"LINC00884"
4.49929067516164e-26,0.850101455459866,0.459,0.279,1.6479102026847e-21,"MPC1"
4.54426669131196e-26,1.3407008474813,0.183,0.065,1.66438311835992e-21,"ABHD17C"
4.79151368844665e-26,0.756298534459263,0.304,0.144,1.75493980353047e-21,"LTBP4"
5.0292667831111e-26,0.535363060848708,0.511,0.309,1.84201925198227e-21,"PFDN6"
5.15616385889861e-26,0.304782532220463,0.623,0.366,1.88849657496021e-21,"CREB3L4"
5.69864107609939e-26,1.69560550748873,0.137,0.038,2.08718428053216e-21,"CNNM3"
5.75253774084882e-26,0.549246004831762,0.365,0.185,2.10692447296329e-21,"ACP5"
6.29193149279159e-26,0.787986720552066,0.421,0.241,2.30448282854985e-21,"MRPL45"
6.44501634638648e-26,0.276258812664968,0.961,0.828,2.36055168702751e-21,"SEC61B"
6.47058891111713e-26,0.502081194083675,0.341,0.17,2.36991789458576e-21,"UNC119"
6.51216805557595e-26,1.71664898633037,0.275,0.133,2.38514667203525e-21,"CD163L1"
6.83397322184799e-26,0.696684674605228,0.421,0.235,2.50301103223405e-21,"TMEM54"
7.04634625090889e-26,0.701388374408289,0.183,0.064,2.58079477785789e-21,"PIM1"
7.12007093507263e-26,0.500469097314336,0.474,0.273,2.6077971806797e-21,"TMED7"
7.3139667913075e-26,0.63884239181246,0.38,0.205,2.67881347698428e-21,"IRS1"
7.40802837530685e-26,1.87885778069739,0.133,0.036,2.71326447273989e-21,"NREP"
7.58735351946272e-26,1.09359959831457,0.191,0.068,2.77894410003842e-21,"C17orf75"
7.72607051494653e-26,0.476078049975616,0.498,0.298,2.82975058680432e-21,"TMEM106C"
7.75510856541291e-26,1.11132932055817,0.22,0.088,2.84038606316813e-21,"SSBP3"
8.36677201615571e-26,0.793905127573449,0.38,0.202,3.06441391863719e-21,"NCOA4"
8.40961418031563e-26,0.838127957506642,0.316,0.159,3.0801052896824e-21,"APPBP2"
8.67084503739299e-26,1.79644431674692,0.162,0.053,3.17578370339556e-21,"HEXIM2"
8.86897337293826e-26,1.92290962671398,0.133,0.036,3.24835018757237e-21,"GDAP1"
8.93298447551857e-26,0.788058730818927,0.424,0.244,3.27179489400343e-21,"MYLIP"
8.94561158177698e-26,-2.95311512868128,0.088,0.231,3.27641969794164e-21,"ITGA5"
9.56748630002354e-26,0.600451803444679,0.837,0.628,3.50418753224662e-21,"BTG2"
9.63077920525264e-26,0.467910336462287,0.638,0.409,3.52736919171583e-21,"APEX1"
1.00577043684256e-25,0.636580634221236,0.493,0.301,3.68373480197954e-21,"CERS6"
1.01115297955414e-25,1.19726056739003,0.231,0.096,3.70344890291499e-21,"TTC8"
1.0322435956034e-25,0.411124398291951,0.763,0.561,3.78069539325703e-21,"KDELR1"
1.12657425011095e-25,0.788104578363148,0.296,0.143,4.12619084845635e-21,"PHYH"
1.14523802686802e-25,0.603250692918565,0.378,0.202,4.19454879720682e-21,"INSIG1"
1.19860405886953e-25,0.3312444515167,0.836,0.637,4.39000722601554e-21,"TMEM219"
1.39512381340971e-25,0.324095243108798,0.904,0.719,5.10978047899441e-21,"SRSF2"
1.44033175495547e-25,0.680510128418004,0.392,0.214,5.2753590856999e-21,"GFPT1"
1.45565274008587e-25,0.469389518922263,0.581,0.367,5.3314737258385e-21,"RGL2"
1.47191769200139e-25,0.466002968600956,0.438,0.24,5.3910457387243e-21,"COA5"
1.60343867049937e-25,0.816887902945695,0.262,0.115,5.872754474571e-21,"PEX10"
1.67407435495608e-25,0.700091146297791,0.35,0.18,6.13146473246213e-21,"ZNF467"
1.71471254271224e-25,0.54149902403695,0.821,0.645,6.28030615893787e-21,"SELENOS"
1.72390686757032e-25,0.930995982743641,0.195,0.071,6.31398129316304e-21,"ABCG1"
1.84869234189052e-25,0.406265240314325,0.658,0.434,6.7710205714082e-21,"ATRX"
1.88746597004003e-25,0.932667876714458,0.247,0.106,6.91303286186863e-21,"GLI4"
1.93536540176507e-25,1.59742881165522,0.161,0.053,7.08846932050475e-21,"TRAK2"
1.99338451883078e-25,0.492165197533791,0.562,0.361,7.30097013866962e-21,"PSMF1"
2.00041076111542e-25,0.788890681081711,0.382,0.206,7.32670445366134e-21,"G6PC3"
2.05063875846297e-25,0.457229827251464,0.365,0.185,7.51066951674646e-21,"GFM1"
2.09649466453125e-25,0.665156369744972,0.408,0.228,7.67862135831214e-21,"OGFR"
2.1320967757039e-25,0.907109027466416,0.26,0.115,7.80901765069312e-21,"RHOT1"
2.20045032554423e-25,0.473605957371415,0.506,0.303,8.05936936233831e-21,"WBP11"
2.28017845556809e-25,0.777470600450265,0.334,0.17,8.35138161136369e-21,"FBXL5"
2.31538510688908e-25,0.450563189062542,0.519,0.301,8.48032949249195e-21,"KIF22"
2.61956132402942e-25,1.51530828827461,0.246,0.11,9.59440530539016e-21,"PDK3"
2.77536933741001e-25,0.308805227810841,0.961,0.837,1.01650677351979e-20,"HNRNPA2B1"
2.7932349602615e-25,0.908043824573265,0.237,0.099,1.02305023654538e-20,"THEM6"
3.24318062078282e-25,-0.927682321864076,0.611,0.64,1.18784733416792e-20,"EIF3D"
3.25973295451172e-25,0.658814625907276,0.528,0.334,1.19390979191946e-20,"PPP2R5A"
3.74910603985954e-25,0.462500111148108,0.554,0.341,1.37314757815895e-20,"ITPA"
3.84321184051263e-25,1.2045852250641,0.199,0.075,1.40761476870616e-20,"EFS"
3.90827167572422e-25,-0.294780213523266,0.998,0.979,1.43144358395075e-20,"RPL15"
4.01488466647288e-25,1.31899280881236,0.167,0.056,1.47049165794236e-20,"LRRN2"
4.13696208751943e-25,1.08301773824198,0.217,0.088,1.51520373417487e-20,"TP53INP2"
4.16982099813819e-25,1.70809384220966,0.133,0.036,1.52723863877809e-20,"ACOX2"
4.24425323485712e-25,0.930357664615581,0.258,0.115,1.55450018979877e-20,"TDP2"
4.27918931113409e-25,0.509375680514805,0.451,0.26,1.56729587709597e-20,"AKT1S1"
4.40405531072723e-25,0.68622034439964,0.394,0.22,1.61302929810696e-20,"BATF"
4.5803852796759e-25,0.379120073964254,0.762,0.539,1.6776119125341e-20,"EID1"
4.68960538524302e-25,-5.44602788269837,0.01,0.117,1.71761486839911e-20,"GP2"
4.93059615173028e-25,1.28525940755996,0.15,0.046,1.80588014653273e-20,"SEPTIN6"
4.97310484377454e-25,2.36994727622785,0.119,0.03,1.82144938008086e-20,"NAV3"
5.01307217385714e-25,0.767426128740677,0.412,0.236,1.83608781439692e-20,"ZNF32"
5.11980720735025e-25,0.382871477337613,0.933,0.749,1.8751805877641e-20,"MICOS10"
5.124466816311e-25,1.29435511213196,0.178,0.063,1.87688721614207e-20,"DZIP3"
5.22073418487821e-25,1.28750093646577,0.144,0.042,1.9121461025535e-20,"WDSUB1"
5.23652238783132e-25,0.673205158825559,0.326,0.161,1.9179286897671e-20,"PEPD"
5.35049402932907e-25,0.795484359965274,0.28,0.13,1.95967194318207e-20,"EPS15L1"
5.37053637383591e-25,0.329432339712448,0.795,0.593,1.96701265228114e-20,"RBM4"
5.43703998426164e-25,1.02572262428067,0.206,0.08,1.99137026463567e-20,"PYGB"
5.4606738158618e-25,0.610768215611551,0.287,0.131,2.00002639179754e-20,"CFAP20"
5.50025460457984e-25,0.278120636074454,0.961,0.785,2.01452325147341e-20,"KRTCAP2"
5.53524847398305e-25,0.502163835828922,0.469,0.269,2.02734010608103e-20,"OXLD1"
5.58322623971966e-25,0.570456319161631,0.305,0.146,2.04491244255972e-20,"MFSD1"
5.63667282892258e-25,0.556286429474733,0.437,0.247,2.06448779032119e-20,"DYNC1LI2"
5.92434052622173e-25,0.383679254310374,0.622,0.416,2.16984896113397e-20,"ZNF281"
6.09377656896231e-25,0.875559566435473,0.278,0.128,2.23190660614814e-20,"KIF3B"
6.29711577527719e-25,1.33046622815848,0.143,0.042,2.30638162385302e-20,"DIS3L"
6.64420535872321e-25,0.328210446099024,0.389,0.203,2.43350665468596e-20,"AKAP17A"
6.93526118580627e-25,0.407556652826264,0.623,0.395,2.54010876191341e-20,"MRPL32"
6.96553134279568e-25,1.78790374201973,0.154,0.05,2.55119550961235e-20,"THRA"
6.98139436864737e-25,0.259762158252976,0.945,0.727,2.55700550146079e-20,"NEDD8"
7.06341238244348e-25,0.420859079181726,0.683,0.464,2.58704541919375e-20,"HDLBP"
7.26493289862295e-25,0.408644999913637,0.605,0.397,2.66085432344964e-20,"LDLR"
7.294796708494e-25,0.370999296143655,0.678,0.455,2.67179224245301e-20,"SSNA1"
7.29761673336901e-25,0.309900726593877,0.82,0.577,2.67282510476373e-20,"MRPL20"
7.76988225527142e-25,1.01729829615243,0.281,0.135,2.84579707481571e-20,"PMM1"
8.42406983638337e-25,0.759891347147444,0.233,0.097,3.08539981827377e-20,"NIPSNAP3A"
8.44175031420163e-25,0.754890810380518,0.343,0.178,3.09187547007949e-20,"C6orf89"
8.51957451915983e-25,0.549540663255054,0.364,0.191,3.12037936338748e-20,"HTATSF1"
8.61337925730165e-25,0.482663981230832,0.5,0.295,3.1547362867793e-20,"SREBF1"
8.73619801283523e-25,1.61172417890177,0.136,0.039,3.19971988418103e-20,"NR4A3"
8.96296402769574e-25,0.750278264199728,0.278,0.129,3.28277520478384e-20,"ANKRD39"
9.20510494997654e-25,0.642011080711473,0.317,0.155,3.37146173897841e-20,"RPS6KB1"
9.22258613677212e-25,0.846371312848865,0.307,0.153,3.37786439845416e-20,"POR"
9.51485049341367e-25,0.300126213222224,0.511,0.301,3.48490914171769e-20,"PPP1R10"
1.00049409696382e-24,0.851742212873825,0.185,0.066,3.66440967953969e-20,"GAS8"
1.00080902357661e-24,0.681201274216696,0.375,0.2,3.6655631297517e-20,"PPP1R37"
1.01497377289846e-24,0.72447650275427,0.388,0.213,3.71744294061789e-20,"MLST8"
1.02119720343479e-24,0.429517543154516,0.643,0.434,3.74023687730028e-20,"EIF1B"
1.02997125954926e-24,0.341889815302687,0.995,0.932,3.77237273522513e-20,"MT-ND5"
1.09968903578093e-24,0.682584764054269,0.402,0.224,4.02772106245124e-20,"MAT2A"
1.10054737644749e-24,1.40341870189324,0.198,0.076,4.03086482097657e-20,"JADE1"
1.10230002981133e-24,0.755701509258272,0.394,0.217,4.03728408918699e-20,"NABP2"
1.10925364332447e-24,0.506890945863032,0.534,0.328,4.06275239404019e-20,"CDK4"
1.17658644536167e-24,1.15469101472095,0.156,0.05,4.30936551478164e-20,"AP5S1"
1.19196917844995e-24,0.366112547213556,0.736,0.531,4.36570631299079e-20,"ISCU"
1.21883651481546e-24,0.373594404862031,0.649,0.421,4.46411061916309e-20,"THOC7"
1.2228496370148e-24,0.504558354291594,0.519,0.32,4.47880908053041e-20,"IARS2"
1.23156180850639e-24,1.20862611018039,0.196,0.075,4.51071827983551e-20,"CCDC117"
1.2343486963371e-24,1.0696270459865,0.281,0.133,4.52092553520425e-20,"RHOBTB3"
1.2902223298245e-24,1.02510936197386,0.268,0.126,4.72556830521521e-20,"ATP13A2"
1.29157701021954e-24,0.517749465481703,0.336,0.169,4.73052995763009e-20,"TMEM223"
1.36984044783038e-24,0.769768138547482,0.261,0.116,5.01717762422356e-20,"SLC29A1"
1.40805039568178e-24,0.665085469322524,0.27,0.121,5.15712537922409e-20,"PRKCD"
1.44463409011941e-24,0.540531549697488,0.413,0.232,5.29111681847136e-20,"TM2D3"
1.46848090654538e-24,0.83086815452552,0.323,0.164,5.37845816831312e-20,"MOAP1"
1.47352369171195e-24,0.731901439180623,0.316,0.159,5.3969278732642e-20,"MDP1"
1.50401611130539e-24,0.555210909682802,0.339,0.178,5.50860940926713e-20,"PCNA"
1.53696822770101e-24,-1.86272419106804,0.162,0.315,5.62929983077773e-20,"MISP"
1.53765689270835e-24,0.39943902451901,0.448,0.254,5.63182213523359e-20,"EEF1E1"
1.5441183743408e-24,0.776074224541986,0.364,0.193,5.65548795786062e-20,"CZIB"
1.54560726192431e-24,0.844128250516415,0.261,0.118,5.66094115752399e-20,"OGFOD3"
1.55056446134884e-24,0.936635311822081,0.196,0.073,5.67909739613626e-20,"CDK17"
1.57392917716038e-24,0.75693453493212,0.231,0.097,5.7646730042676e-20,"TMEM44-AS1"
1.67940641458101e-24,0.47776539243362,0.498,0.295,6.15099393404442e-20,"NUDT22"
1.68936271391973e-24,2.04407213592506,0.114,0.028,6.1874598760024e-20,"AHCYL2"
1.6969720726665e-24,1.01875011013182,0.183,0.065,6.21532991334833e-20,"FTO"
1.70368935179029e-24,2.16580894674763,0.1,0.021,6.23993261986712e-20,"AS3MT"
1.71702411610393e-24,0.369174635625631,0.983,0.912,6.28877252764226e-20,"COX7C"
1.80069878082389e-24,0.929132766655835,0.302,0.15,6.59523935464558e-20,"RELL1"
1.99974185789717e-24,0.465835038448755,0.504,0.3,7.32425452873416e-20,"C6orf62"
2.08605479748151e-24,0.258994363443091,0.759,0.515,7.64038430125578e-20,"FAM174C"
2.26989180801779e-24,1.25364510335618,0.182,0.066,8.31370573604597e-20,"CCNP"
2.31755389587947e-24,-5.42390638788044,0.005,0.105,8.48827289904813e-20,"TMEM176A"
2.33655056534008e-24,0.95528205881281,0.261,0.119,8.55785010061458e-20,"ACACA"
2.43946988586742e-24,0.389327112048209,0.68,0.454,8.93480240397802e-20,"UQCRC1"
2.44962246804098e-24,0.585753559262364,0.28,0.129,8.97198725144688e-20,"PCCA-DT"
2.52422162716805e-24,0.380259745807053,0.818,0.633,9.24521413166571e-20,"DRAP1"
2.55667081394191e-24,0.702250873988219,0.313,0.155,9.36406252314364e-20,"RHPN1"
2.66553992846239e-24,1.5751849216101,0.147,0.045,9.76280654198633e-20,"RNASEH1-AS1"
2.73913685377755e-24,0.344191762284963,0.868,0.655,1.00323626406457e-19,"ZNF706"
2.77045322257611e-24,0.676363438246465,0.374,0.202,1.01470619730072e-19,"ZMPSTE24"
2.84218614371536e-24,0.602139863679465,0.423,0.238,1.04097909699719e-19,"B3GAT3"
2.95521198013983e-24,-1.11027525497345,0.922,0.862,1.08237593984602e-19,"LDHA"
3.02342925210698e-24,0.510953770879042,0.605,0.397,1.1073611978767e-19,"MRPS36"
3.21284442947943e-24,0.769357974738119,0.222,0.091,1.17673640074114e-19,"TMEM129"
3.24423920223225e-24,0.576770452250274,0.378,0.206,1.18823505020958e-19,"NKAP"
3.31103789497733e-24,0.867495559031896,0.313,0.156,1.2127007394144e-19,"LENG8"
3.34373555996508e-24,0.559838571213627,0.32,0.157,1.22467658619281e-19,"EGFL7"
3.44883030317103e-24,0.928589540014995,0.158,0.052,1.26316858683942e-19,"TRMT44"
3.5363063438757e-24,0.419611121826191,0.638,0.446,1.29520756150792e-19,"SCOC"
3.73364472852096e-24,0.447207004826813,0.695,0.508,1.36748471826809e-19,"NDUFS4"
3.74395561266711e-24,0.481038285624897,0.42,0.238,1.37126118269545e-19,"DDIT3"
4.03474436491422e-24,-0.366903497220084,0.999,0.977,1.47776547109348e-19,"RPL7A"
4.1045530355426e-24,0.451936249118159,0.785,0.575,1.50333359479783e-19,"NDFIP1"
4.18853153216071e-24,0.817475963668131,0.257,0.115,1.53409155896918e-19,"AIFM1"
4.33137885291867e-24,-0.451694652252971,0.987,0.935,1.58641081866999e-19,"RPL38"
4.53058439549693e-24,-2.54977596522091,0.099,0.241,1.65937184069471e-19,"PHLDA1"
4.59033345978599e-24,0.42553710763448,0.381,0.202,1.68125553298122e-19,"MAGOHB"
4.87405696284902e-24,0.476054218893734,0.418,0.232,1.78517210321308e-19,"SIL1"
4.99386243392742e-24,-2.4936847952949,0.137,0.277,1.82905205505026e-19,"PDLIM7"
5.01694031720254e-24,0.363934277764662,0.81,0.608,1.8375045605786e-19,"SLIRP"
5.05823941343468e-24,1.31440601104669,0.175,0.063,1.85263076756459e-19,"PDE4A"
5.17010669475901e-24,-5.67926472229076,0.005,0.104,1.89360327802244e-19,"UCA1"
5.21732867951065e-24,0.876612599040622,0.252,0.113,1.91089880215757e-19,"AKIP1"
5.23645440900803e-24,1.77924853678888,0.217,0.096,1.91790379184328e-19,"ZADH2"
5.4375664431693e-24,1.90415311336786,0.1,0.022,1.99156308547519e-19,"HSD11B2"
5.52935567310784e-24,-1.77745676792711,0.244,0.387,2.02518180883248e-19,"SNHG3"
5.56404323173528e-24,-6.17876860630553,0.003,0.1,2.03788647405536e-19,"POTEC"
5.59334877079564e-24,0.26890307932693,0.857,0.659,2.04861992079161e-19,"TRAPPC5"
6.02579946381166e-24,0.417137219323539,0.633,0.409,2.20700931161566e-19,"FOXP1"
6.18380977503527e-24,0.462850151877298,0.496,0.295,2.26488216820442e-19,"HNRNPUL1"
6.35132407487176e-24,-2.84235993285153,0.085,0.219,2.32623595566253e-19,"PFKFB3"
6.58910441584863e-24,0.639179007874507,0.328,0.165,2.41332538334872e-19,"TMEM35B"
6.74178109217408e-24,1.01220136092532,0.218,0.091,2.46924474281968e-19,"FLOT2"
6.85738056497166e-24,-4.81660441362892,0.029,0.146,2.51158420572652e-19,"S100A2"
6.88633947775282e-24,0.404117632341954,0.544,0.343,2.52219069712175e-19,"BOLA3"
7.00665167325381e-24,0.661238595893807,0.238,0.1,2.56625624184594e-19,"FAM8A1"
7.43753421466212e-24,0.411058039187199,0.934,0.776,2.72407128146215e-19,"CYCS"
7.44692474400568e-24,0.7598204533101,0.301,0.15,2.72751065673952e-19,"SNRNP35"
7.47301302576889e-24,0.72006619009203,0.61,0.423,2.73706575081811e-19,"DEGS2"
7.91378464707091e-24,0.450556876225164,0.433,0.246,2.89850276483619e-19,"MID1IP1"
8.09110303535561e-24,0.615614658636414,0.41,0.229,2.96344739772935e-19,"PTGES2"
8.16968417051375e-24,-2.88632857909441,0.024,0.138,2.99222852429237e-19,"SDC2"
8.29561818451051e-24,-2.39221083543395,0.105,0.246,3.03835311625882e-19,"SNHG12"
8.84590829204003e-24,0.420616041430383,0.525,0.321,3.23990237104258e-19,"TRA2A"
8.90801087793877e-24,-2.08986219458431,0.112,0.256,3.26264806415386e-19,"FNDC3A"
9.07589374541604e-24,-4.38449969414393,0.005,0.104,3.32413684319608e-19,"AK5"
9.31006214566121e-24,0.750658737848571,0.454,0.282,3.40990336146987e-19,"KCNQ1OT1"
9.72838073328002e-24,0.367795487907253,0.497,0.297,3.56311672737114e-19,"COMMD4"
9.75703955482037e-24,0.960833002714689,0.234,0.101,3.57361330734851e-19,"MCEE"
9.96630543432603e-24,0.315658528738895,0.759,0.547,3.65025902837625e-19,"IER3IP1"
1.0530422411213e-23,0.96859425547045,0.214,0.087,3.85687251233089e-19,"THAP11"
1.06124669706803e-23,0.523180463886104,0.469,0.276,3.88692215268137e-19,"SYNE4"
1.08531258699765e-23,0.77753578052757,0.282,0.134,3.97506588113759e-19,"GON7"
1.09839994581574e-23,0.280162998652001,0.56,0.348,4.02299964154474e-19,"ABHD11"
1.13308430319803e-23,2.14118046497792,0.1,0.022,4.15003456889312e-19,"ANKS1B"
1.15029564184778e-23,0.280200160572383,0.769,0.534,4.21307281783169e-19,"POLR2I"
1.20053061274872e-23,-1.83005043303542,0.217,0.358,4.39706342225346e-19,"EHF"
1.25483302305197e-23,0.582750562329582,0.444,0.262,4.59595143023015e-19,"IDH3B"
1.28249228416335e-23,-5.30865357324242,0.004,0.101,4.6972562399767e-19,"SBSPON"
1.30473756875327e-23,0.27188152334604,0.962,0.879,4.77873181931573e-19,"HMGN1"
1.31762285287482e-23,0.449620148741888,0.617,0.409,4.82592546093932e-19,"MRPL18"
1.31919602624297e-23,0.6490688485153,0.341,0.178,4.83168736571751e-19,"SLC1A5"
1.34020395413064e-23,-1.37671368802705,0.307,0.442,4.90863100239887e-19,"TAX1BP3"
1.36525928877577e-23,0.621129675344104,0.379,0.208,5.00039867107015e-19,"ATF7"
1.39025577051173e-23,0.65918985600049,0.394,0.217,5.09195078507627e-19,"LMTK3"
1.44941013142534e-23,-0.633812596001432,0.95,0.917,5.30860954735845e-19,"KRT8"
1.47014850629628e-23,-2.01078790153476,0.204,0.343,5.38456591916074e-19,"ELL2"
1.48026877385622e-23,0.66591200076591,0.275,0.13,5.4216324111258e-19,"HPS4"
1.59916134092594e-23,0.590977131711082,0.275,0.127,5.85708832727535e-19,"SCGB1D2"
1.62106515839411e-23,0.326698475481563,0.995,0.927,5.93731324913428e-19,"CFL1"
1.65771537590808e-23,1.0984520181494,0.188,0.072,6.07154833580093e-19,"HS6ST1"
1.73203039066404e-23,0.66722209459045,0.379,0.21,6.3437345088461e-19,"MRPS25"
1.75220605415758e-23,1.16703654537905,0.198,0.078,6.41762989395754e-19,"PPP1R3B"
1.75824401761817e-23,0.799191468211695,0.554,0.375,6.43974453892832e-19,"C3orf14"
1.75989424335236e-23,-4.23007580239705,0.006,0.105,6.44578865570234e-19,"ANKH"
1.79334238441837e-23,0.597300030944779,0.446,0.267,6.56829581717073e-19,"ZFAND2A"
1.81597964045952e-23,0.550520005961378,0.407,0.229,6.65120703114704e-19,"ROGDI"
1.82322317562425e-23,1.33300882637684,0.164,0.058,6.67773720304138e-19,"MCF2L"
1.84231694967911e-23,0.589223013198706,0.408,0.234,6.74767005989471e-19,"COPS7A"
1.86437847746216e-23,0.353514236839305,0.837,0.619,6.82847261155289e-19,"H1-0"
1.93049886651362e-23,0.427249234928248,0.371,0.196,7.07064514849279e-19,"SMC1A"
1.96658352879949e-23,-0.739816378780923,0.799,0.771,7.20280883258102e-19,"POMP"
1.97741393825702e-23,0.786713217981651,0.337,0.18,7.24247629026016e-19,"SAMM50"
1.99237200288903e-23,1.04527904623321,0.171,0.061,7.29726169778137e-19,"ERMP1"
2.00380609141231e-23,0.439249738859435,0.585,0.375,7.33914019040673e-19,"LSM2"
2.02758775090768e-23,0.593892203236555,0.315,0.157,7.42624289647447e-19,"VPS4A"
2.04130363622467e-23,0.471449021807863,0.672,0.529,7.47647869803649e-19,"CA12"
2.14037890673353e-23,0.302419312640528,0.882,0.699,7.83935178380223e-19,"MRPL51"
2.19651411248476e-23,0.817313474178397,0.463,0.288,8.04495258838669e-19,"UBE2S"
2.20502090689526e-23,1.70478917953977,0.106,0.025,8.07610957359459e-19,"NXPE3"
2.22926029820146e-23,0.613006281150152,0.242,0.104,8.16488876819267e-19,"SYVN1"
2.29113422356063e-23,1.67281794487377,0.112,0.028,8.39150820721315e-19,"CKMT1B"
2.38413984448779e-23,0.759320908503528,0.326,0.171,8.73215059442098e-19,"TMEM25"
2.46359355941705e-23,1.07806199243169,0.257,0.118,9.02315777072088e-19,"RAP2C"
2.5500105116636e-23,0.501863323714513,0.433,0.248,9.3396685000191e-19,"HRAS"
2.68112453470163e-23,-1.8557374067341,0.17,0.312,9.81988672079821e-19,"CXCL16"
2.71305470395928e-23,-3.45463191654718,0.04,0.16,9.93683415872125e-19,"ITGB8"
2.77896364760544e-23,0.549863075702978,0.48,0.297,1.01782322557197e-18,"KAT6B"
2.78640685268651e-23,1.64635427609981,0.136,0.041,1.02054937386496e-18,"AC007325.4"
2.97581893023402e-23,0.78463702612084,0.308,0.157,1.08992344138751e-18,"RMND1"
3.03279762560528e-23,0.324265315416464,0.405,0.22,1.11079245835419e-18,"MED29"
3.03307979242011e-23,0.384283013113632,0.587,0.381,1.11089580477179e-18,"TMED4"
3.05308267052505e-23,0.309279967603262,0.933,0.773,1.1182220589065e-18,"CUTA"
3.25364268441661e-23,1.03616140740254,0.266,0.13,1.19167916959443e-18,"EEF1AKMT2"
3.36223394920229e-23,0.363539328893267,0.716,0.48,1.23145180623483e-18,"TBCB"
3.38344817651179e-23,0.563244861326467,0.575,0.389,1.23922172912921e-18,"MSI2"
3.76793289223695e-23,-4.7397845953239,0.013,0.116,1.38004310111071e-18,"ALDH1A3"
3.79573073421153e-23,0.573865410447036,0.348,0.187,1.39022433871231e-18,"FUNDC1"
4.15617526259162e-23,0.833479752640194,0.59,0.42,1.52224075167681e-18,"IER5"
4.26110348225404e-23,0.293663211863074,0.68,0.467,1.56067176141037e-18,"CIAO2B"
4.29212162512602e-23,1.27850764887612,0.139,0.042,1.57203246641866e-18,"MBTPS2"
4.30237742432943e-23,0.302554636370459,0.827,0.617,1.5757887554349e-18,"LSM3"
4.32130148988534e-23,0.354433192181706,0.471,0.276,1.5827198836854e-18,"LTBR"
4.40801374995582e-23,0.414427519867241,0.632,0.425,1.61447911605882e-18,"HM13"
4.43744132047167e-23,1.27781135645628,0.151,0.05,1.62525725803595e-18,"MESP1"
4.4863943589848e-23,0.273360913145742,0.879,0.715,1.64318679792177e-18,"EIF1AX"
4.49199394337248e-23,0.761480422541869,0.284,0.137,1.64523770169961e-18,"COQ5"
4.55786374803251e-23,1.1441828925446,0.236,0.108,1.66936317635439e-18,"PCK2"
4.65997319563698e-23,0.849300384004184,0.278,0.134,1.706761782634e-18,"C11orf49"
4.78293987334713e-23,1.32003109982702,0.148,0.048,1.75179955801212e-18,"STIMATE"
5.3661972406089e-23,-2.05122436765995,0.375,0.47,1.96542340134541e-18,"USP53"
5.66283750587678e-23,-2.6601624872763,0.055,0.18,2.07407086490243e-18,"STEAP1"
5.79770420227693e-23,0.37248842619181,0.564,0.356,2.12346714112595e-18,"MTX1"
5.93352659977061e-23,1.32867429337065,0.162,0.057,2.17321345243198e-18,"IMPA2"
5.96113684911558e-23,0.679127865888089,0.293,0.144,2.18332598235707e-18,"ALG2"
5.96444571456887e-23,1.19325380368805,0.162,0.056,2.18453788741799e-18,"TIMP2"
5.98323765754436e-23,0.445651160719688,0.565,0.364,2.1914206244522e-18,"DNAJC4"
6.18102773376147e-23,0.648873845318497,0.289,0.141,2.26386321776747e-18,"MCRS1"
6.27584222899173e-23,0.858543470240892,0.198,0.079,2.29858997479051e-18,"UNK"
6.35861782658316e-23,1.42706351675543,0.115,0.03,2.32890736516435e-18,"BICRAL"
6.76275452803429e-23,-1.56587722908624,0.354,0.464,2.47692647343784e-18,"PLIN3"
6.81937127407669e-23,0.679810453488031,0.336,0.178,2.49766292284333e-18,"GLT8D1"
6.86288272416773e-23,0.42085607339801,0.616,0.416,2.51359942655367e-18,"MMP24OS"
7.3300235672094e-23,0.950937119870118,0.147,0.047,2.68469443172612e-18,"IL17RB"
7.41630975590235e-23,0.395291530490986,0.238,0.103,2.71629761119679e-18,"IFI27L2"
7.42480495627385e-23,1.33464364336518,0.164,0.058,2.71940906328486e-18,"SLC27A1"
7.56955546021732e-23,0.41904564845048,0.582,0.383,2.7724253828592e-18,"SSR1"
8.74152768823897e-23,0.323968725177397,0.878,0.7,3.20167193109441e-18,"MTDH"
8.81934888795969e-23,0.316837309777919,0.738,0.537,3.23017472370412e-18,"DDX3X"
8.88142272452348e-23,0.73241404542648,0.299,0.148,3.25290988708397e-18,"YTHDF1"
9.11289941017069e-23,0.777083287701966,0.324,0.169,3.33769053796912e-18,"PTPN1"
9.49494942588767e-23,0.311673778636374,0.614,0.405,3.47762017672562e-18,"CDK2AP2"
9.49603695009079e-23,0.973287731586353,0.187,0.072,3.47801849334025e-18,"OBSL1"
9.7497811850629e-23,-3.66360729509994,0.029,0.141,3.57095485684114e-18,"SPHK1"
9.9247880287988e-23,0.561394004298821,0.304,0.148,3.63505286342785e-18,"TXLNG"
1.00977935311294e-22,1.16508719538112,0.122,0.033,3.69841785871144e-18,"PSCA"
1.02874494928965e-22,0.667406069227239,0.374,0.215,3.76788125126827e-18,"HID1"
1.05329775505839e-22,0.564339244155922,0.29,0.141,3.85780835767684e-18,"C18orf21"
1.05416053106332e-22,-1.26110449697924,0.56,0.604,3.8609683610725e-18,"SLC39A1"
1.13372323732231e-22,0.672885804235274,0.463,0.292,4.15237472901671e-18,"DCAF10"
1.15321209168375e-22,0.791241356462856,0.178,0.066,4.22375460700091e-18,"CES2"
1.16079220337223e-22,0.690044856111679,0.238,0.107,4.25151752407114e-18,"MVD"
1.17111861739591e-22,0.380430157368277,0.541,0.336,4.28933904807425e-18,"NTPCR"
1.25230372357329e-22,0.34850174507138,0.771,0.583,4.58668761795955e-18,"STUB1"
1.31790463014557e-22,0.581593275009395,0.559,0.37,4.82695749837118e-18,"ETHE1"
1.34731071683411e-22,0.523231075339697,0.372,0.201,4.93466023147662e-18,"FAM210B"
1.40642855889546e-22,1.33173100720994,0.176,0.067,5.15118523981052e-18,"AARD"
1.42900836040757e-22,0.532107397692503,0.379,0.21,5.23388602082875e-18,"TTC14"
1.44725384498786e-22,0.70694575294039,0.272,0.129,5.30071193265255e-18,"SNAPC5"
1.44893630859935e-22,1.26995735568032,0.141,0.044,5.30687412387597e-18,"MAGIX"
1.47713563089105e-22,0.600077465873108,0.237,0.104,5.41015696170155e-18,"CLEC11A"
1.48911899298297e-22,1.69867105570696,0.138,0.043,5.45404722369941e-18,"LARP6"
1.50949864587524e-22,1.05825672215146,0.119,0.032,5.52868974038266e-18,"RNF139-AS1"
1.55136595068086e-22,0.346244240866972,0.36,0.189,5.68203293096371e-18,"YPEL2"
1.55307775957118e-22,0.49052085666398,0.744,0.575,5.68830260220539e-18,"BRD2"
1.57737606199704e-22,0.608240257380862,0.392,0.218,5.77729756467036e-18,"KDM2A"
1.57868443175137e-22,0.473567152901412,0.524,0.33,5.78208959973255e-18,"C1D"
1.60503198287888e-22,-1.97467134058738,0.195,0.333,5.87859014049218e-18,"RASSF1"
1.61683124865315e-22,0.817623142582328,0.359,0.199,5.92180613131704e-18,"CDK12"
1.67953233438859e-22,0.373613490025052,0.655,0.449,6.15145512793165e-18,"CYTH2"
1.70055693912693e-22,1.07113860331888,0.197,0.08,6.22845984524629e-18,"COQ8A"
1.72187428711795e-22,0.442415217726286,0.729,0.529,6.30653676399819e-18,"DBNDD2"
2.03610744319282e-22,0.606850841386523,0.416,0.243,7.457447121438e-18,"ZDHHC4"
2.05806318600151e-22,0.840166252377961,0.205,0.085,7.53786222504915e-18,"CACFD1"
2.07875054900236e-22,0.612320571960837,0.317,0.161,7.61363176077605e-18,"RNF135"
2.09052966819928e-22,0.704201794726577,0.389,0.227,7.65677396274669e-18,"POLR1H"
2.19010910989692e-22,-1.10078855116398,0.524,0.587,8.02149362590846e-18,"SRRM1"
2.20137282684069e-22,1.14777014298765,0.212,0.091,8.0627481155867e-18,"ARHGAP18"
2.29816551877974e-22,0.452382904995187,0.507,0.312,8.41726102908267e-18,"CUEDC2"
2.31064275956159e-22,0.623989008334552,0.379,0.216,8.46296017117028e-18,"PIGF"
2.31895603202964e-22,0.773801929220809,0.141,0.044,8.49340836291175e-18,"XYLT2"
2.35692323888831e-22,0.373821629330423,0.615,0.398,8.63246705475231e-18,"NIPSNAP2"
2.42889469199791e-22,1.18977084303878,0.179,0.068,8.89606969891154e-18,"DENND2B"
2.57366169306011e-22,1.20991590379603,0.222,0.098,9.42629331700195e-18,"ATE1"
2.63688072564571e-22,0.923662169054274,0.195,0.077,9.65783934574996e-18,"VPS41"
2.80836493684753e-22,0.646015072596583,0.309,0.157,1.02859174176978e-17,"FBXO21"
2.87976819711646e-22,1.61560799842156,0.142,0.046,1.05474389987587e-17,"FZD6"
3.02657994230935e-22,0.394184453987487,0.571,0.373,1.10851516967022e-17,"PAXX"
3.21615722027952e-22,0.653163964764292,0.288,0.142,1.17794974349958e-17,"GPR137"
3.39070134397816e-22,0.535640412052615,0.314,0.162,1.24187827424544e-17,"GATAD1"
3.4239116497349e-22,0.692063224512296,0.249,0.113,1.2540418808319e-17,"ZCCHC8"
3.86727125523905e-22,0.538748926805604,0.362,0.198,1.41642676994385e-17,"CDS1"
3.91716485441953e-22,0.459962788843333,0.623,0.428,1.4347007995797e-17,"GOLGB1"
4.30789620664824e-22,0.623205491664022,0.265,0.124,1.57781006464699e-17,"SMPD1"
4.3227553278067e-22,1.08961721446094,0.169,0.062,1.58325236636248e-17,"TMEM268"
4.35638845573461e-22,-1.95879515657998,0.281,0.413,1.59557083579736e-17,"DUSP10"
4.52279860353105e-22,0.382571952475055,0.391,0.214,1.65652021652928e-17,"POLR3GL"
4.64630000083601e-22,1.26665739798559,0.166,0.061,1.7017538383062e-17,"CHKB-DT"
4.76897087182213e-22,0.794624453859671,0.175,0.065,1.74668327151357e-17,"LMF1"
5.16203154098146e-22,0.651635257699645,0.279,0.134,1.89064567219987e-17,"TMEM63B"
5.16221083236658e-22,-4.09082653280866,0.049,0.171,1.89071133946259e-17,"CXCL2"
5.44095957719904e-22,-2.74944371455439,0.044,0.162,1.99280585474492e-17,"SLC6A6"
5.53807601443413e-22,-1.69744620295108,0.264,0.408,2.02837572104664e-17,"DDIT4"
5.67599533562406e-22,0.584373589883711,0.409,0.243,2.07889005162567e-17,"HAGHL"
5.78041859676281e-22,0.94614177055657,0.232,0.106,2.11713611525035e-17,"KAT7"
6.23827298978903e-22,1.24646723339142,0.12,0.034,2.28482986524013e-17,"MYO15B"
6.30496075333503e-22,0.820508472622982,0.247,0.115,2.30925492551649e-17,"TACC2"
6.34247831189869e-22,0.250232931317683,0.527,0.324,2.32299610651601e-17,"DECR1"
6.99861705493862e-22,1.10249878442233,0.16,0.058,2.56331348254182e-17,"USP11"
7.01526831395257e-22,0.684413974056582,0.31,0.161,2.56941217266827e-17,"BCL2L13"
7.08478735716358e-22,1.73505795785051,0.118,0.033,2.59487421743473e-17,"C21orf58"
7.14787004704514e-22,-2.2987525370736,0.046,0.166,2.61797888343075e-17,"EGLN3"
7.34696817152081e-22,1.09727055708472,0.113,0.03,2.69090056250121e-17,"ITGA10"
7.41422189401738e-22,0.968057743254415,0.185,0.072,2.71553291090281e-17,"CPLANE1"
7.61925088188484e-22,0.252405216862167,0.901,0.713,2.79062682799914e-17,"CHMP2A"
7.69815909743504e-22,0.445663053947741,0.633,0.431,2.81952775102656e-17,"ARFIP2"
7.91964589283376e-22,0.712223728319105,0.281,0.139,2.90064950470929e-17,"ZNF397"
8.32897366459846e-22,-0.949395585018077,0.342,0.492,3.05056989439583e-17,"TMEM123"
8.62988549535773e-22,0.400204615799868,0.737,0.523,3.16078186152972e-17,"EIF4H"
9.10841431329623e-22,0.680584584474781,0.389,0.222,3.33604782638788e-17,"TIMM10B"
9.42954223537273e-22,1.13098251139105,0.161,0.059,3.45366413912762e-17,"CHADL"
9.50170113106139e-22,0.904637618147232,0.372,0.222,3.48009305626254e-17,"TMEM60"
9.66230179846449e-22,0.581085766552149,0.407,0.237,3.5389146567056e-17,"PAK4"
9.95336834754703e-22,0.890465360593573,0.167,0.061,3.64552069097257e-17,"GS1-124K5.4"
9.96764090551495e-22,1.26790746933357,0.201,0.083,3.6507481580539e-17,"CHST8"
1.03959290308155e-21,-3.41628391638131,0.02,0.122,3.80761296682649e-17,"HLA-DQB1"
1.05741294107601e-21,0.278067046880096,0.9,0.687,3.87288063798501e-17,"COPE"
1.06762485786608e-21,0.87245463627736,0.203,0.083,3.91028280442029e-17,"SLC25A10"
1.10636682308167e-21,0.500760843596156,0.363,0.198,4.05217912621892e-17,"SYNJ2BP"
1.11707123570153e-21,0.820053730207644,0.36,0.202,4.09138510788041e-17,"PANK3"
1.14161941065235e-21,-1.07686127290755,0.519,0.608,4.18129525345529e-17,"UGDH"
1.19546268847313e-21,0.539098482387262,0.35,0.191,4.37850164280169e-17,"TTC17"
1.20709800474087e-21,0.464593429853889,0.444,0.262,4.42111715216393e-17,"TMEM259"
1.20758660114135e-21,-0.28845344853376,0.998,0.983,4.42290668534032e-17,"RPS27A"
1.22888789513624e-21,0.861004007997139,0.257,0.123,4.50092480472599e-17,"GCAT"
1.27386158714512e-21,0.491456545349762,0.446,0.276,4.6656454490777e-17,"RPS6KB2"
1.29855757478069e-21,0.567604347910846,0.33,0.176,4.75609697339175e-17,"FGD5-AS1"
1.31309977097291e-21,1.09728582150332,0.243,0.117,4.80935922116538e-17,"SOCS2"
1.33552886326815e-21,0.524397947930396,0.214,0.091,4.89150801460592e-17,"CHDH"
1.33798976251914e-21,0.511532067720633,0.451,0.272,4.9005213042026e-17,"ANKRD11"
1.41226664437162e-21,0.740381669427965,0.244,0.113,5.17256781167551e-17,"PROM2"
1.46942133187602e-21,0.44306434658902,0.49,0.304,5.38190257012912e-17,"MRPS11"
1.58421122948319e-21,0.477935111129326,0.609,0.401,5.80233204910514e-17,"IMP3"
1.64587126521616e-21,0.455285801012743,0.786,0.574,6.02816809598069e-17,"ATP5F1C"
1.6621481688556e-21,0.401081343993925,0.441,0.258,6.08778388325051e-17,"PRPF31"
1.6888890404716e-21,0.370519646425052,0.805,0.611,6.18572499963129e-17,"JUND"
1.73663420593667e-21,1.67609370476491,0.137,0.044,6.36059644266363e-17,"ELP4"
1.77100453034745e-21,0.552231302362523,0.403,0.231,6.48648119285058e-17,"OARD1"
1.82629973812151e-21,-4.67699473241135,0.011,0.105,6.68900542084385e-17,"TNFRSF11B"
1.85427365436523e-21,-4.46091839031019,0.011,0.105,6.79146268647807e-17,"GULP1"
1.88877312012592e-21,1.33349485722275,0.125,0.037,6.91782042977319e-17,"FBXL16"
1.98980009490261e-21,1.26919718413262,0.107,0.028,7.28784182759028e-17,"TMEM191C"
2.03603326492197e-21,-2.76002747593493,0.053,0.171,7.45717543610322e-17,"MACC1"
2.0716572484681e-21,1.33264269236312,0.132,0.041,7.58765183823925e-17,"AC133552.5"
2.09732883896889e-21,0.685192118915018,0.242,0.111,7.68167660560746e-17,"PRNP"
2.12057771184047e-21,0.51844001812596,0.401,0.235,7.7668279273869e-17,"CALCOCO2"
2.22250813590597e-21,0.638699385494518,0.354,0.196,8.14015829856919e-17,"SLC35B2"
2.26546831758174e-21,0.293035836772022,0.762,0.555,8.29750425997488e-17,"IRF2BP2"
2.27909416036993e-21,0.873077961472703,0.188,0.076,8.34741027177089e-17,"PPFIA3"
2.30473016834075e-21,1.00753142141879,0.182,0.072,8.44130471456484e-17,"AC005670.3"
2.49404333242267e-21,0.488625678176892,0.214,0.092,9.13468310933128e-17,"FAM122B"
2.57449658992288e-21,0.829897829233131,0.267,0.131,9.42935121025154e-17,"ERAL1"
2.61002133709862e-21,0.637384691632803,0.223,0.097,9.55946414925742e-17,"CMTR2"
2.66281798939905e-21,0.481961690107487,0.567,0.385,9.75283716797296e-17,"TAF9"
2.70693831309495e-21,1.2679010215762,0.132,0.041,9.91443226554157e-17,"ARHGEF9"
2.77474342648382e-21,-1.25883661262826,0.353,0.485,1.01627752738397e-16,"ISG20"
2.77970689005262e-21,0.710617787976824,0.268,0.13,1.01809544555067e-16,"TBL2"
2.79153025038194e-21,0.686662730691614,0.332,0.181,1.02242586950489e-16,"EIF2AK2"
3.03617577695303e-21,0.304034338146912,0.714,0.503,1.11202974006682e-16,"ANTKMT"
3.11693071570185e-21,0.911383896522695,0.209,0.091,1.14160704393296e-16,"XPNPEP3"
3.17336647193856e-21,-0.883310018433528,0.638,0.715,1.16227720401222e-16,"ZFP36L1"
3.2510784848498e-21,0.588962594505646,0.206,0.085,1.19074000586109e-16,"QPRT"
3.27408593307883e-21,0.654111486861569,0.389,0.228,1.19916671384945e-16,"MRPL15"
3.27877874738338e-21,0.506296882382972,0.512,0.328,1.20088550401664e-16,"TPGS1"
3.51957379711193e-21,1.0422503558445,0.172,0.067,1.28907909893022e-16,"TRIM37"
3.65087090086528e-21,0.490677899871513,0.579,0.392,1.33716797615092e-16,"MRPL42"
3.68108423082514e-21,-3.06832165001927,0.027,0.132,1.34823391038202e-16,"SLFN5"
3.84505630227205e-21,0.256971603643351,0.759,0.525,1.40829032127016e-16,"SCP2"
3.8980226176608e-21,0.412181743529523,0.62,0.415,1.42768976394445e-16,"EMC3"
3.97289061314208e-21,-0.272868100873374,1,0.977,1.45511091596942e-16,"RPL29"
4.05070906284518e-21,1.19482654860416,0.162,0.06,1.48361270135767e-16,"SOX12"
4.07790988133392e-21,0.759165967412123,0.259,0.124,1.49357527313736e-16,"UTP23"
4.13815130487996e-21,0.55204940747214,0.384,0.222,1.51563929692533e-16,"TAOK3"
4.22152124705789e-21,0.516569987646358,0.595,0.4,1.54617437194742e-16,"BRI3"
4.29561607738588e-21,0.301150514290653,0.77,0.546,1.57331234450335e-16,"SNRPD3"
4.46650189516991e-21,0.724257234807845,0.331,0.177,1.63590098412493e-16,"KEAP1"
4.53434593114502e-21,0.569551284723998,0.401,0.237,1.66074954074118e-16,"XAB2"
4.61212995734277e-21,0.46834923943737,0.481,0.297,1.68923871817636e-16,"C9orf78"
4.78227743315483e-21,-2.31079763223757,0.092,0.221,1.75155693266729e-16,"SMAD3"
4.85158371694557e-21,1.02490669579677,0.197,0.083,1.77694105216848e-16,"UBR3"
4.94556009663173e-21,1.6531753498059,0.107,0.029,1.81136084099234e-16,"PLEKHA7"
5.38099731096136e-21,-0.285281331423319,0.999,0.975,1.97084407511271e-16,"RPL27A"
5.51510272939269e-21,0.750382358920477,0.267,0.132,2.01996152566737e-16,"SYT7"
5.60677261602799e-21,0.519893374429894,0.302,0.152,2.05353653834641e-16,"LENG1"
5.80132299520848e-21,1.01538196669548,0.132,0.042,2.12479256022506e-16,"BCAS3"
6.03760979598653e-21,0.680821691312222,0.217,0.096,2.21133496387803e-16,"DEF8"
6.08510582348922e-21,0.582309723317101,0.272,0.134,2.22873085891116e-16,"ZNF518A"
6.09021588810093e-21,0.777589968738325,0.132,0.041,2.23060247117585e-16,"AC010168.2"
6.12261117962373e-21,0.620389860970661,0.21,0.09,2.24246757064899e-16,"PARP10"
6.26799764441097e-21,0.638036324036951,0.344,0.191,2.29571681724196e-16,"IMMP1L"
6.28180006887588e-21,0.978585998004263,0.141,0.047,2.30077209322648e-16,"PCED1A"
6.38954606571739e-21,0.884809557991345,0.23,0.106,2.34023514202965e-16,"PRR34-AS1"
6.49563982418205e-21,0.274896864629265,0.807,0.582,2.37909304200492e-16,"RAD23A"
6.68597888136946e-21,0.704532624485941,0.255,0.122,2.44880662509038e-16,"NUDT1"
6.87650136597243e-21,0.519787252370131,0.518,0.343,2.51858739030106e-16,"HSBP1L1"
6.92161179638945e-21,0.702683533239678,0.31,0.163,2.5351095365456e-16,"LAMB2"
7.13023165718568e-21,0.762153484617774,0.246,0.116,2.61151864676083e-16,"ANO10"
7.34201846279297e-21,0.440116285792912,0.764,0.604,2.68908768218255e-16,"AP2S1"
7.86306997169962e-21,-6.09770154197294,0.017,0.113,2.8799280078347e-16,"OBP2B"
7.88704607701493e-21,0.804313057545449,0.211,0.092,2.88870949616749e-16,"TRAPPC2"
8.06335578951054e-21,0.851890240062065,0.209,0.091,2.95328469146613e-16,"FXN"
8.19192980903176e-21,1.738215025929,0.104,0.027,3.00037621185597e-16,"AC026124.2"
8.6968100579229e-21,0.535832646252368,0.312,0.16,3.18529365181484e-16,"ZNF749"
8.79204732719391e-21,0.947101899069962,0.513,0.386,3.22017525405804e-16,"CITED4"
9.01785849139932e-21,0.47009717351003,0.438,0.265,3.30288085105992e-16,"ORMDL1"
9.22691051181814e-21,-2.35039294465266,0.082,0.207,3.37944824405851e-16,"TRIM16"
9.31478673380492e-21,0.422810538612247,0.514,0.325,3.41163378912339e-16,"TADA3"
9.32180954940597e-21,-3.40752723585762,0.042,0.152,3.41420596556543e-16,"MAP1B"
9.46257766108086e-21,1.48419015164207,0.637,0.522,3.46576369414747e-16,"MDK"
9.49965699367425e-21,0.495378906061815,0.365,0.2,3.47934437050313e-16,"HGSNAT"
9.72078370843727e-21,-3.24185739087457,0.038,0.147,3.56033424105223e-16,"MTRNR2L1"
1.02295910877167e-20,0.448432113590518,0.366,0.207,3.74669003178712e-16,"PPP2R5C"
1.02410380114381e-20,0.37989101570876,0.472,0.29,3.75088258206932e-16,"HEXB"
1.07874832834121e-20,0.76270273922374,0.236,0.11,3.95102362738252e-16,"GLG1"
1.10425745905481e-20,-0.518061016799551,0.986,0.975,4.04445336953414e-16,"UBC"
1.1168353526987e-20,-3.34073530787155,0.055,0.171,4.09052116279426e-16,"F3"
1.14276838673774e-20,-3.71895633984629,0.021,0.119,4.18550349326565e-16,"NEK10"
1.16108600235726e-20,0.435756465375826,0.457,0.284,4.25259359223369e-16,"CYB5R3"
1.17695975307977e-20,0.279718278508272,0.518,0.331,4.31073279162997e-16,"SNRNP25"
1.17800618106636e-20,1.11636223396965,0.169,0.065,4.31456543877366e-16,"TUBGCP4"
1.20245154565243e-20,0.678905560111507,0.235,0.108,4.4040990311066e-16,"TLCD1"
1.23498987743873e-20,1.00306977440751,0.151,0.055,4.52327392510708e-16,"MXRA7"
1.2508523408461e-20,0.723085769438651,0.163,0.06,4.58137178358292e-16,"MAGEH1"
1.29855392970902e-20,0.38437309139121,0.376,0.21,4.75608362295227e-16,"WDR6"
1.30668977339711e-20,0.360233545885517,0.415,0.239,4.78588196404424e-16,"WWP1"
1.31390998052363e-20,0.528120123415041,0.616,0.461,4.81232669466585e-16,"NR4A1"
1.34393774413473e-20,0.730346441499906,0.206,0.088,4.92230638166788e-16,"A4GALT"
1.34643746642259e-20,0.732763733405465,0.324,0.178,4.93146186451939e-16,"RRS1"
1.45013075617488e-20,1.21931360991237,0.109,0.03,5.3112489075661e-16,"ATP2C2"
1.47251804250952e-20,0.440002335854498,0.628,0.441,5.39324458249538e-16,"SERPINB6"
1.4732006240994e-20,1.28590593059002,0.14,0.048,5.39574460582648e-16,"FBXO2"
1.47368461853728e-20,-2.85817422149588,0.051,0.164,5.39751728385463e-16,"TNFAIP8"
1.6831398416784e-20,0.921141984055581,0.242,0.115,6.16466798413131e-16,"PPP5C"
1.68475948142331e-20,-2.35252166400637,0.17,0.296,6.17060007666103e-16,"EMP3"
1.69563161342731e-20,0.34731764309676,0.702,0.493,6.21042034733888e-16,"VPS29"
1.77216320588082e-20,0.673250122106069,0.268,0.133,6.4907249578591e-16,"ZNF322"
1.79788763177137e-20,0.55483350537893,0.224,0.099,6.58494324012583e-16,"FGD3"
1.82400031647236e-20,0.352945860000597,0.673,0.464,6.68058355911168e-16,"KHDRBS1"
1.90656278447596e-20,-0.303864451605881,0.999,0.983,6.98297685442165e-16,"RPL28"
1.95192421821001e-20,0.60136304783566,0.391,0.23,7.14911764161597e-16,"SLC25A24"
1.96420531657407e-20,0.553707603460351,0.46,0.283,7.1940983924842e-16,"FAM200B"
1.98951796516841e-20,1.29716895849269,0.176,0.071,7.28680849922582e-16,"FAM114A2"
2.07100294613917e-20,-4.10965500477958,0.019,0.114,7.58525539052933e-16,"ADORA2B"
2.1350073617829e-20,0.513783308540888,0.511,0.332,7.81967796326604e-16,"AHCY"
2.13717971894404e-20,-3.00024549108089,0.032,0.138,7.82763443860445e-16,"LHFPL2"
2.17139119077469e-20,0.899484101752977,0.276,0.144,7.95293737533139e-16,"TUSC1"
2.25899859261532e-20,1.06053333128333,0.125,0.039,8.27380824531286e-16,"INPP5F"
2.36784933505541e-20,0.287660396180954,0.481,0.295,8.67248497457394e-16,"UBALD1"
2.44857688531264e-20,0.301269446725625,0.908,0.725,8.96815770014608e-16,"P4HB"
2.52312050060087e-20,-2.95343561300235,0.272,0.392,9.24118114550076e-16,"HILPDA"
2.54216796561851e-20,1.00562695356355,0.224,0.104,9.31094439087437e-16,"FUZ"
2.67559431992602e-20,0.881763297044006,0.203,0.088,9.79963175616105e-16,"LAS1L"
2.68875743050097e-20,0.935779438040482,0.185,0.076,9.84784296495283e-16,"FMR1"
2.87337313114621e-20,0.844517576659097,0.147,0.052,1.05240164301361e-15,"USP18"
2.87852652265275e-20,0.991510357553338,0.227,0.105,1.0542891241868e-15,"PPIL1"
2.90835061019265e-20,0.342269984285313,0.897,0.729,1.06521249448916e-15,"ATP6V0B"
3.00490693226324e-20,0.547493296636176,0.306,0.16,1.10057721301073e-15,"ZMYND8"
3.00779005003996e-20,1.11183032060624,0.147,0.052,1.10163318372764e-15,"POLG2"
3.23266396642036e-20,0.272936770235874,0.937,0.812,1.18399550434112e-15,"JTB"
3.24289644773775e-20,0.384292250155342,0.531,0.352,1.18774325294843e-15,"DNAJC3"
3.28174928356282e-20,0.564365680382655,0.292,0.15,1.20197349259772e-15,"ANKRD13D"
3.28438382815829e-20,0.936549696544351,0.2,0.087,1.20293842090126e-15,"TRIM25"
3.30465998346808e-20,0.287972818851217,0.606,0.398,1.21036476554502e-15,"PRELID3B"
3.30737535295422e-20,0.352532668795272,0.936,0.795,1.21135929677301e-15,"TMEM59"
3.39754754327613e-20,0.541893733323489,0.429,0.259,1.24438576320031e-15,"NCBP2AS2"
3.50309127230861e-20,-0.915186971812294,0.603,0.64,1.28304220939575e-15,"CYSTM1"
3.61438398942135e-20,0.30657435223196,0.523,0.335,1.32380427996546e-15,"GLUD1"
3.72301569180065e-20,-1.87151636975021,0.305,0.416,1.36359172727891e-15,"MXD1"
3.80987007324636e-20,0.492146637191755,0.371,0.209,1.39540301302721e-15,"RAB5B"
3.85454779629558e-20,0.405057451192497,0.405,0.233,1.41176667587122e-15,"EFHC1"
3.96947147141993e-20,0.306776811140298,0.874,0.707,1.45385862112226e-15,"SUMO1"
4.14091218539407e-20,0.642143119408988,0.419,0.265,1.51665049702243e-15,"SLC9A3R2"
4.18819293898024e-20,0.430884343190189,0.486,0.301,1.5339675458309e-15,"GSDMD"
4.18953487939991e-20,0.345817178017794,0.403,0.231,1.53445904492901e-15,"BET1"
4.24840737804698e-20,-1.85227810741551,0.114,0.243,1.55602168628349e-15,"PGM2L1"
4.29696617923935e-20,0.637007927963047,0.423,0.256,1.5738068328082e-15,"CYP51A1"
4.33863799633826e-20,0.508404168464614,0.383,0.221,1.58906955253885e-15,"POP4"
4.39353646761083e-20,0.756618626589177,0.453,0.29,1.60917666662714e-15,"AFTPH"
4.43292751470809e-20,0.40229023135114,0.701,0.494,1.62360403153698e-15,"PRDX4"
4.64125396868542e-20,0.487065129845336,0.345,0.19,1.69990567857072e-15,"SENP6"
4.75182431502567e-20,1.65656231245881,0.103,0.028,1.7404031736213e-15,"NPAS1"
4.81298124706078e-20,-2.73656004204463,0.051,0.163,1.76280251154848e-15,"CD68"
5.11625914140606e-20,0.334225468325439,0.599,0.404,1.87388107313138e-15,"IAH1"
5.25800079467906e-20,1.29256641220355,0.145,0.052,1.92579537105915e-15,"BMPR1B-DT"
5.40004955687185e-20,0.414221302615627,0.367,0.206,1.97782215069988e-15,"ISCA2"
5.48255910703068e-20,0.417321533745673,0.376,0.216,2.00804209854106e-15,"NUDT21"
5.48569503698618e-20,1.06103169478111,0.172,0.068,2.00919066424656e-15,"F8A1"
5.68644133314961e-20,0.624016701724215,0.254,0.124,2.08271600267938e-15,"RHBDD3"
5.80332665203666e-20,0.363343117685786,0.533,0.352,2.12552641957495e-15,"CAPN1"
5.85257417286621e-20,0.828596284921021,0.12,0.036,2.14356381655398e-15,"AC009107.2"
6.08048515214249e-20,0.460816250627756,0.306,0.159,2.22703849182371e-15,"EEA1"
6.19167112403988e-20,0.527552825517679,0.311,0.163,2.26776146589084e-15,"FAM98C"
6.28005300808893e-20,1.09687489226164,0.184,0.078,2.30013221474265e-15,"ATP9A"
6.33052437862501e-20,0.563320386619586,0.363,0.21,2.3186178589152e-15,"DNAJC10"
6.46093891174489e-20,-2.36463852502256,0.039,0.149,2.36638348581568e-15,"MYBPC1"
6.50424994792723e-20,0.452571878417311,0.931,0.818,2.38224658592783e-15,"ATP5MD"
6.60147991702038e-20,1.09802233578976,0.186,0.078,2.41785803440788e-15,"OGFOD2"
7.04500687523923e-20,1.23832887748113,0.149,0.054,2.58030421812512e-15,"NRARP"
7.08884458281292e-20,1.16721167854309,0.179,0.075,2.59636021690106e-15,"COL12A1"
7.1933309230346e-20,0.40063844305999,0.403,0.239,2.63462938387065e-15,"URI1"
7.24031381247706e-20,0.601971106682631,0.407,0.251,2.65183733695785e-15,"ZNF652"
7.34064056674542e-20,0.255491774595916,0.738,0.504,2.68858301397618e-15,"PRDX3"
7.35712547342001e-20,0.520091244189052,0.26,0.126,2.69462077589481e-15,"AKTIP"
7.36055879650866e-20,-2.51001350979367,0.071,0.188,2.69587826480926e-15,"ICAM1"
7.4891338417866e-20,-2.49182472739668,0.041,0.149,2.74297016089276e-15,"PRKAA2"
7.71189681759197e-20,0.569528084914014,0.244,0.116,2.82455932841124e-15,"GATD3B"
7.71668478099448e-20,0.456277194685566,0.474,0.305,2.82631296788704e-15,"IDH3G"
7.9243376856809e-20,1.19655613837378,0.104,0.028,2.90236792075749e-15,"ZNF318"
8.23431310057517e-20,0.681896682674431,0.264,0.13,3.01589951621666e-15,"VKORC1L1"
8.41369469139512e-20,0.519389230529563,0.377,0.216,3.08159981767038e-15,"FUBP1"
8.55163499196938e-20,0.487992811130939,0.397,0.232,3.1321218321587e-15,"TSR2"
8.65442384693255e-20,0.811914419756963,0.208,0.093,3.16976927817752e-15,"MED24"
8.69306766173858e-20,1.5065500149564,0.157,0.061,3.18392296178837e-15,"SLC43A2"
8.89269465297348e-20,-5.32994223045891,0.014,0.104,3.25703834359807e-15,"SPINK1"
9.4398080379667e-20,0.492440468165414,0.408,0.242,3.45742409198568e-15,"CRIPT"
9.55895594663808e-20,-2.05927885753275,0.11,0.236,3.50106320501566e-15,"GPR137B"
1.00960522581222e-19,0.255381134998624,0.968,0.852,3.69778010005982e-15,"UQCRB"
1.03263638853066e-19,0.308077373053667,0.743,0.557,3.78213403663238e-15,"HSPA9"
1.14454106518842e-19,0.50449055936433,0.346,0.195,4.1919961053591e-15,"C22orf39"
1.19453042185442e-19,0.556000129394632,0.428,0.264,4.37508712308401e-15,"TAF10"
1.20264558279166e-19,0.759225403314425,0.187,0.077,4.40480971153274e-15,"DDB2"
1.20345413315325e-19,0.530797600311149,0.326,0.177,4.40777110808708e-15,"MARK2"
1.20443304288725e-19,1.01720668861791,0.146,0.052,4.41135646287883e-15,"SNX21"
1.21151543665254e-19,0.660532572754487,0.273,0.139,4.43729643828359e-15,"XPA"
1.2158568404768e-19,0.890930066444988,0.249,0.122,4.45319726393033e-15,"ANG"
1.22392639754519e-19,0.64372228364571,0.326,0.181,4.48275282364902e-15,"MAPKAPK5-AS1"
1.30856146581691e-19,0.311596107574851,0.788,0.588,4.79273722470103e-15,"LAMTOR1"
1.31737727406208e-19,0.729399818138042,0.287,0.149,4.82502600397977e-15,"TOMM70"
1.32179658544411e-19,0.349888606857485,0.34,0.181,4.8412121738476e-15,"POP5"
1.35915516584235e-19,-0.709221525125303,0.946,0.868,4.97804171041419e-15,"PFN1"
1.4116994360609e-19,-0.264997135336397,0.996,0.946,5.17049035451664e-15,"UBA52"
1.44496194918839e-19,0.620093777006237,0.198,0.085,5.29231763509742e-15,"HOXB-AS1"
1.4991731587228e-19,0.270291637460228,0.548,0.346,5.49087161113814e-15,"FXR1"
1.54223537378713e-19,0.310977002620962,0.503,0.315,5.64859128003273e-15,"PDXDC1"
1.62211441744965e-19,-1.65211639127467,0.407,0.493,5.94115626535107e-15,"CARHSP1"
1.62337626690921e-19,0.476770489213823,0.402,0.234,5.94577791518168e-15,"ZBTB7A"
1.68183646676092e-19,1.11395726183473,0.176,0.072,6.15989424315856e-15,"DUSP28"
1.70782238525312e-19,1.4421970017672,0.139,0.05,6.25507026822807e-15,"TGFBR3L"
1.75163865263967e-19,0.396128872992429,0.332,0.178,6.41555172915807e-15,"TRADD"
1.78932872428317e-19,0.582215963128812,0.34,0.193,6.55359538555955e-15,"TCEA2"
1.79587036370295e-19,0.68610554486745,0.22,0.101,6.57755479409841e-15,"HDAC11"
1.81041707861109e-19,0.702452076786851,0.186,0.077,6.63083359212098e-15,"STRADA"
1.81289943580672e-19,0.486545658133438,0.301,0.16,6.63992547358569e-15,"CDKN2AIPNL"
1.831245105336e-19,-3.40893561498941,0.064,0.177,6.70711832280365e-15,"SERHL2"
1.89547672873523e-19,0.421078316798883,0.529,0.348,6.94237306666565e-15,"CBX1"
1.94427807514459e-19,0.658214466656665,0.166,0.064,7.12111287802459e-15,"ARHGEF26"
2.23620837456242e-19,0.354273669591638,0.539,0.344,8.19033679267231e-15,"MRPL17"
2.27323843268886e-19,0.757183637957823,0.181,0.075,8.32596308356621e-15,"VPS16"
2.35694533639066e-19,-3.08841070421505,0.022,0.117,8.63254798906444e-15,"NFIB"
2.38309772265679e-19,0.293205595273441,0.444,0.27,8.72833371900277e-15,"ATP2A2"
2.39278390049682e-19,0.316642132573551,0.339,0.184,8.76381031395964e-15,"MRPL49"
2.41674297092186e-19,0.777981801807246,0.123,0.039,8.85156280529839e-15,"HOXC11"
2.5069205383862e-19,1.43890004317723,0.169,0.07,9.18184716389329e-15,"DTX2"
2.68964784984131e-19,0.44692072048046,0.377,0.217,9.85110421482877e-15,"TMEM18"
2.69142535998512e-19,0.518675172334374,0.329,0.181,9.85761452348151e-15,"BNIPL"
2.80822143925156e-19,0.737292364165669,0.246,0.119,1.02853918434027e-14,"RAMP1"
2.82948847275016e-19,0.532460331358822,0.246,0.119,1.03632844802947e-14,"INTS14"
2.84181730651758e-19,0.696898413108921,0.276,0.143,1.04084400668513e-14,"LRRC58"
2.85919451128619e-19,0.792748034636618,0.178,0.073,1.04720858170368e-14,"APOOL"
2.98771605369865e-19,-1.67572343382861,0.404,0.482,1.09428088182767e-14,"ACTN1"
3.03822968195643e-19,-1.91950554374355,0.107,0.229,1.11278200331336e-14,"CLIC4"
3.08137618393587e-19,0.484571696812697,0.329,0.182,1.12858484112835e-14,"SLC30A9"
3.61017562761938e-19,-2.24189725913907,0.061,0.175,1.32226292537188e-14,"NAV2"
3.62071011409253e-19,-2.13731112808891,0.103,0.226,1.32612128638753e-14,"MYO5B"
3.69742452847014e-19,0.306134817494767,0.683,0.48,1.35421870779747e-14,"SIVA1"
3.70720366869522e-19,0.349482021243474,0.489,0.311,1.35780041569631e-14,"SLC25A36"
3.71532055866938e-19,0.483697044046564,0.335,0.189,1.36077330781825e-14,"CINP"
3.86369698217448e-19,0.285999900614683,0.655,0.451,1.41511765669122e-14,"NAPA"
4.12218765704001e-19,0.523620278836428,0.367,0.214,1.50979245126747e-14,"MALSU1"
4.12541146136335e-19,0.536510161500571,0.288,0.149,1.51097320183894e-14,"UBTF"
4.41095173929353e-19,0.498378222745896,0.313,0.169,1.61555518403365e-14,"TMEM199"
4.42091689237802e-19,0.928454758066096,0.204,0.092,1.61920502100237e-14,"SLC33A1"
4.42306617943675e-19,0.368438179253278,0.674,0.472,1.61999221888051e-14,"POLR2E"
4.73172723092753e-19,-1.92947059797588,0.083,0.203,1.73304241559952e-14,"TSPAN5"
4.92866303396416e-19,0.708474413063231,0.224,0.104,1.80517212281971e-14,"CYB5R4"
4.93865079331194e-19,0.333165064571698,0.501,0.312,1.80883023955843e-14,"GPATCH4"
4.95950056356855e-19,-1.04251341818723,0.417,0.523,1.81646667641262e-14,"NAMPT"
5.00452662928028e-19,0.935136792241431,0.153,0.058,1.8329579232402e-14,"LTO1"
5.01583311718743e-19,0.591291022740899,0.249,0.123,1.83709903750107e-14,"SNX4"
5.04788033028873e-19,0.353716813413582,0.523,0.344,1.84883664977155e-14,"TOMM40"
5.11777358796531e-19,1.14207795064002,0.137,0.049,1.87443575432818e-14,"EML3"
5.23646208174976e-19,-2.07737119724706,0.148,0.271,1.91790660206167e-14,"SMTN"
5.23936058151946e-19,0.832149132429148,0.288,0.155,1.91896820658732e-14,"JMJD8"
5.34216572988827e-19,0.442988616404222,0.284,0.147,1.95662162022888e-14,"TSPAN31"
5.53960504037147e-19,0.667276234292673,0.198,0.086,2.02893574208646e-14,"CEP70"
5.64183373183963e-19,0.828454591412487,0.191,0.083,2.06637802262358e-14,"CHI3L2"
5.77587225633299e-19,0.848951523243572,0.17,0.069,2.11547097260452e-14,"PPM1D"
5.90915925983039e-19,0.828101584837282,0.324,0.185,2.16428867050548e-14,"RDH14"
6.18396624735626e-19,0.924587534848929,0.187,0.081,2.2649394777567e-14,"SNX15"
6.21782224776437e-19,1.033233149774,0.243,0.123,2.27733957646618e-14,"KIF3A"
6.39162322243934e-19,0.466723730121975,0.283,0.149,2.34099592145063e-14,"AGA"
6.39310701384596e-19,0.462553201236275,0.459,0.285,2.34153937489122e-14,"REPIN1"
6.42457259822049e-19,0.656676907795534,0.22,0.103,2.35306395982424e-14,"CIZ1"
6.49588959619154e-19,1.19806944252952,0.118,0.037,2.37918452350112e-14,"ACOT2"
6.65669968624258e-19,-3.33931378285179,0.297,0.39,2.43808282708321e-14,"SFN"
6.81657844882997e-19,0.727589322170669,0.196,0.086,2.49664002266847e-14,"TBCD"
6.88707514708397e-19,0.661132521139825,0.241,0.118,2.52246014337097e-14,"RMND5A"
7.1496933217958e-19,1.1332450362201,0.198,0.089,2.61864667604093e-14,"ZNF358"
7.18013506033428e-19,0.731794843287011,0.262,0.134,2.62979626719803e-14,"B4GALT7"
7.29563788931983e-19,0.990626324254484,0.132,0.045,2.67210033334228e-14,"EGR2"
7.46473650326519e-19,0.521932538563405,0.325,0.18,2.73403439168591e-14,"FAM104B"
7.48921515952281e-19,0.697294179664949,0.273,0.141,2.74299994432682e-14,"GMCL1"
7.59926891005004e-19,0.709440344983704,0.195,0.085,2.78330823099493e-14,"ZSWIM6"
7.78487421149512e-19,-1.57876339439399,0.184,0.31,2.8512880287022e-14,"RAB3IP"
7.84224371576426e-19,0.767930238805801,0.21,0.097,2.87230018333582e-14,"GTPBP3"
7.91488479918705e-19,0.764632702426136,0.337,0.193,2.89890570655025e-14,"OVOL1"
8.26973790913891e-19,0.62750603392441,0.308,0.167,3.02887420660122e-14,"OGFRL1"
8.32090764377288e-19,0.533366937032447,0.477,0.29,3.04761563360825e-14,"MT-ND6"
8.32733119608536e-19,0.444913734551382,0.527,0.351,3.04996832387822e-14,"EMC7"
8.40754750846165e-19,0.565338751802691,0.322,0.178,3.07934835044916e-14,"FDX2"
8.65218443045041e-19,1.47233511970423,0.137,0.05,3.16894906949677e-14,"PXK"
8.90157294018939e-19,-2.11015902561293,0.158,0.278,3.26029010507377e-14,"TP53BP2"
9.52301631949721e-19,0.954675224306706,0.184,0.079,3.48789995717905e-14,"LMAN2L"
9.84103476261541e-19,0.5414622706651,0.367,0.217,3.60437739215552e-14,"TMX1"
1.0236816106174e-18,0.815258928737188,0.302,0.167,3.74933626704729e-14,"DNAL4"
1.03654398757471e-18,1.3374181862928,0.122,0.04,3.79644600889113e-14,"LIN7B"
1.06949119818743e-18,1.13456174595922,0.141,0.051,3.91711846248126e-14,"LRRC45"
1.12298551199073e-18,0.347377815372232,0.407,0.246,4.11304673621724e-14,"ADH5"
1.13239826848573e-18,0.942560185980789,0.123,0.041,4.14752189815583e-14,"MLYCD"
1.14240692529188e-18,-2.28693398542511,0.061,0.172,4.18417960457403e-14,"NR3C1"
1.16883601524349e-18,-0.975956579637136,0.759,0.727,4.28097878943082e-14,"LRRFIP1"
1.20052661834667e-18,0.825585715591985,0.249,0.126,4.39704879235651e-14,"SSBP2"
1.2050598438434e-18,0.308605233731226,0.559,0.373,4.41365218406085e-14,"NSMCE1"
1.22045030683005e-18,1.09167079999602,0.163,0.066,4.47002129379575e-14,"ATXN1L"
1.23130040013595e-18,0.773738637812213,0.31,0.172,4.50976084553792e-14,"AC016831.4"
1.27358250272949e-18,-2.68975719326855,0.1,0.217,4.66462327449703e-14,"AC092803.1"
1.29382711171695e-18,0.726787848766535,0.398,0.246,4.73877117937449e-14,"NTN4"
1.30014963105846e-18,0.629825016062059,0.205,0.091,4.76192803871473e-14,"CHST12"
1.3294009291443e-18,0.502066522537978,0.261,0.132,4.86906384308391e-14,"PUS7L"
1.3405459135395e-18,0.314969475252834,0.64,0.452,4.90988346292977e-14,"OAZ2"
1.36419268145413e-18,-1.67990283612303,0.159,0.284,4.99649211509391e-14,"PRR7"
1.40907273537402e-18,-1.74166243782014,0.162,0.289,5.1608698005809e-14,"SLC4A7"
1.43446948009424e-18,0.670063636324208,0.576,0.407,5.25388791779316e-14,"HADHB"
1.44457306545851e-18,0.764186801755397,0.522,0.359,5.29089330954834e-14,"GPATCH2"
1.47893673968313e-18,0.594284490025214,0.327,0.187,5.41675370276342e-14,"CBX5"
1.48255731495037e-18,0.26600052864888,0.691,0.49,5.43001442173721e-14,"ANP32B"
1.48601055158327e-18,0.509755193894895,0.27,0.139,5.4426622462289e-14,"ALDH6A1"
1.57794592134033e-18,0.314927136235097,0.764,0.585,5.77938473150109e-14,"COPZ1"
1.58604855367172e-18,0.446791785239258,0.447,0.282,5.80906143267805e-14,"UBE2M"
1.59879476620019e-18,0.440553633223549,0.438,0.268,5.85574571068483e-14,"ATG3"
1.60675534245095e-18,0.508852471960416,0.259,0.132,5.88490211726086e-14,"DGKZ"
1.61344323649193e-18,-1.15379815205475,0.33,0.452,5.90939719797535e-14,"DNAJC8"
1.61502370431091e-18,0.339184492146475,0.351,0.2,5.91518581940913e-14,"ADD1"
1.62613243414403e-18,-1.84131065863752,0.217,0.337,5.95587265329593e-14,"CCDC50"
1.65992739136999e-18,0.804594196602688,0.19,0.084,6.07965006363171e-14,"NUP210"
1.66575371016588e-18,0.337233357063344,0.623,0.42,6.10098953885356e-14,"COA4"
1.67983339046022e-18,0.449349744368478,0.395,0.241,6.15255777589959e-14,"MRPL58"
1.70605790862829e-18,0.884709477217092,0.187,0.081,6.24860769614198e-14,"AAAS"
1.90159887971424e-18,1.61344489038571,0.1,0.029,6.96479605684138e-14,"SLC29A3"
2.09334962237493e-18,0.342222278546122,0.665,0.477,7.66710232691044e-14,"LYPLA1"
2.09757518050935e-18,1.12381090602873,0.108,0.033,7.68257885613356e-14,"HSF4"
2.15385071732009e-18,0.558419564427168,0.215,0.1,7.88869363725657e-14,"RNFT1"
2.16117734930737e-18,0.53150552259563,0.276,0.144,7.91552815957318e-14,"D2HGDH"
2.16401248959965e-18,0.453093401062514,0.402,0.243,7.92591214440769e-14,"TNRC6B"
2.17054378985776e-18,0.361770080483966,0.506,0.333,7.94983368473303e-14,"CAPRIN1"
2.17297317281806e-18,1.10847036892778,0.107,0.032,7.95873154276344e-14,"PLCB4"
2.31260518414938e-18,0.767496569340444,0.206,0.094,8.47014774746553e-14,"PCBD2"
2.35918390190957e-18,0.276558841397266,0.625,0.442,8.64074695913398e-14,"SUMO3"
2.43046526519811e-18,0.540807332939997,0.434,0.273,8.90182208031459e-14,"GNPAT"
2.5063335375458e-18,0.990984529292126,0.196,0.089,9.17969721461525e-14,"CPLX1"
2.50639304877561e-18,0.863338100230504,0.204,0.093,9.17991518044554e-14,"TMEM42"
2.54866015889585e-18,-2.37607798708406,0.103,0.221,9.33472269797195e-14,"TPT1-AS1"
2.65941288923859e-18,-3.81675105788406,0.091,0.207,9.74036564812526e-14,"PLIN2"
2.7423911174437e-18,0.295419253187351,0.65,0.444,1.00442817067493e-13,"EWSR1"
2.77959759075946e-18,1.62430274934203,0.106,0.032,1.01805541359156e-13,"AC012640.2"
2.92101150762737e-18,0.6035941936303,0.262,0.135,1.0698496747836e-13,"ANKRD54"
3.00281566515486e-18,-2.16505962324412,0.047,0.151,1.09981126551962e-13,"ANXA1"
3.09695090097214e-18,0.422031795937446,0.326,0.18,1.13428923699005e-13,"DENND10"
3.14531916424963e-18,0.659046759028769,0.197,0.088,1.15200459709807e-13,"VEGFB"
3.24329081458786e-18,0.399355584839063,0.382,0.228,1.18788769375095e-13,"ENOPH1"
3.29356146766977e-18,0.840114036184133,0.223,0.11,1.20629982314873e-13,"TXNRD2"
3.32702103268432e-18,1.02576783075126,0.137,0.049,1.21855472343096e-13,"PRRT3"
3.44604151118127e-18,0.250045433559501,0.503,0.323,1.26214716388525e-13,"PHIP"
3.7179021845512e-18,0.442952796638455,0.294,0.16,1.36171885411372e-13,"OSBPL2"
3.77123969194921e-18,0.321698635992411,0.704,0.496,1.38125424957332e-13,"MRPS16"
3.7947529048945e-18,0.328080289115395,0.482,0.305,1.38986619894666e-13,"EXOC7"
3.84590010183481e-18,0.948351287613129,0.192,0.086,1.40859937129802e-13,"CAMK2G"
3.91547443484465e-18,-1.759436608663,0.206,0.322,1.4340816665062e-13,"SWAP70"
3.92257257997044e-18,0.829349918806107,0.152,0.06,1.43668143313997e-13,"SLC22A17"
4.01702507823005e-18,1.49978695204677,0.101,0.03,1.47127560515254e-13,"LINC02762"
4.05632536881313e-18,0.322659940152235,0.479,0.298,1.4856697295815e-13,"APPL1"
4.08918772664046e-18,0.617028116897007,0.234,0.113,1.49770589675933e-13,"NAB2"
4.09320348128289e-18,0.670957873172064,0.293,0.161,1.49917670705467e-13,"PARVA"
4.15042109470883e-18,0.86831370925521,0.255,0.132,1.52013323014806e-13,"SLC39A9"
4.18618760795595e-18,0.459107884825227,0.312,0.172,1.53323307328995e-13,"CDC42EP4"
4.36940435180351e-18,0.783086571539069,0.206,0.095,1.60033803789155e-13,"ICE2"
4.37493130504104e-18,0.818747522990333,0.214,0.103,1.60236233978433e-13,"SNX13"
4.68288358352441e-18,0.454941400887525,0.311,0.174,1.71515294130165e-13,"SEC16A"
4.7004956374599e-18,0.76477020419864,0.182,0.078,1.72160353217606e-13,"LRRC23"
4.70772098028402e-18,1.62076352816332,0.1,0.029,1.72424988623882e-13,"SLC49A4"
4.73109952291381e-18,0.30488686801281,0.481,0.309,1.73281251126241e-13,"TBX3"
4.80115647621654e-18,0.293661824701649,0.83,0.624,1.75847157097907e-13,"GNB2"
4.86520181289515e-18,0.328679553691531,0.576,0.394,1.78192881599098e-13,"CHMP1B"
5.07052373829305e-18,0.281627600676181,0.678,0.49,1.85713002438721e-13,"TCEA1"
5.18020994372427e-18,0.404161890365095,0.451,0.289,1.89730369398845e-13,"MYG1"
5.18553919543617e-18,0.351876497738247,0.354,0.203,1.89925558572045e-13,"CHD3"
5.21290132059553e-18,0.624152996655831,0.233,0.115,1.90927723768132e-13,"PHLDB3"
5.36320639372993e-18,0.588660632668323,0.233,0.113,1.96432797376752e-13,"HSDL2"
5.37940270010283e-18,0.686130969719771,0.301,0.166,1.97026003293966e-13,"ZMAT5"
5.40957732490682e-18,0.489666006969546,0.359,0.21,1.98131179102037e-13,"FAHD1"
5.52200967274953e-18,1.05012670796039,0.212,0.103,2.02249126274124e-13,"DHRS3"
5.7883202850852e-18,0.809402408989655,0.15,0.058,2.1200301876153e-13,"GRK2"
5.83001137614163e-18,-2.31063994549887,0.069,0.179,2.13529996662563e-13,"DTNA"
5.83169694468002e-18,-4.61906387703797,0.023,0.112,2.13591732295851e-13,"VIM"
5.88363106012533e-18,0.534512142646227,0.265,0.136,2.1549387120815e-13,"MPPE1"
5.92527111706685e-18,0.565660837580665,0.294,0.157,2.17018979933691e-13,"APIP"
6.08891189312411e-18,0.677167769433131,0.157,0.062,2.23012486997564e-13,"ALG1"
6.10950080355977e-18,1.2971290235158,0.12,0.04,2.2376657643118e-13,"LMBRD2"
6.36267151552349e-18,-1.22692063465534,0.209,0.34,2.33039206927563e-13,"CNN2"
6.63815402642366e-18,0.488037553266958,0.482,0.319,2.43129029371793e-13,"TWF1"
6.69801640424825e-18,0.312329744028327,0.443,0.267,2.45321548821996e-13,"BCL2L1"
6.70547253508978e-18,0.311904547267806,0.795,0.599,2.45594637070198e-13,"COX20"
6.75765223058569e-18,0.903492732838183,0.291,0.163,2.47505770597432e-13,"LETMD1"
6.80663086740081e-18,0.618752309197073,0.276,0.147,2.49299662149422e-13,"ZFYVE19"
6.88203984655226e-18,0.802521474104947,0.239,0.123,2.52061591419823e-13,"MEF2A"
6.99430158149699e-18,1.05131535601976,0.16,0.066,2.56173289723909e-13,"CRADD"
7.83207659651158e-18,1.11510020806943,0.166,0.07,2.86857637423833e-13,"TMEM19"
7.91042952447399e-18,0.503672162283267,0.329,0.189,2.89727391763384e-13,"GABPB1-AS1"
8.10731416994528e-18,1.28483352737243,0.104,0.031,2.96938488788416e-13,"CUL7"
8.31827140259118e-18,0.578038853305249,0.368,0.218,3.04665008391305e-13,"DMAC2"
8.51976048653835e-18,0.694084519718426,0.214,0.102,3.12044747579954e-13,"CNOT1"
8.55905140050845e-18,0.368337735563862,0.521,0.344,3.13483816595023e-13,"PGRMC2"
8.57096331305401e-18,0.352055265783216,0.412,0.251,3.13920102303916e-13,"IRF7"
8.62904882740589e-18,-1.07218957537236,0.392,0.482,3.16047542352568e-13,"SFT2D1"
8.76234240376514e-18,-1.75784798753602,0.101,0.219,3.20929552880302e-13,"CLDN12"
8.91734509165705e-18,-1.34162295013651,0.311,0.416,3.26606681327031e-13,"UCHL3"
9.00950421692799e-18,0.504913586086387,0.412,0.253,3.29982101449205e-13,"C5orf15"
9.41076639160917e-18,-2.57221865895402,0.034,0.13,3.44678729859078e-13,"SDCBP2"
9.77299411636755e-18,0.962199591174861,0.144,0.055,3.57945682506078e-13,"PCTP"
9.88356032310469e-18,1.12554402289204,0.218,0.108,3.61995280394032e-13,"MIR29B2CHG"
1.01734259043374e-17,0.375474208446263,0.782,0.615,3.72611897172263e-13,"HIGD2A"
1.05564602199454e-17,0.682946549993504,0.224,0.11,3.86640912015721e-13,"BRAT1"
1.06924716198923e-17,0.410598633092281,0.365,0.214,3.91622465550177e-13,"HYAL2"
1.08052471507656e-17,0.369697671349689,0.386,0.229,3.95752982143942e-13,"RAB8A"
1.20893161700945e-17,0.493260107646778,0.327,0.184,4.42783294045881e-13,"TM7SF3"
1.23469814911101e-17,0.819151986631493,0.169,0.072,4.52220544093398e-13,"GRHL2"
1.24936189303834e-17,0.659291257436608,0.177,0.076,4.57591286944222e-13,"B4GALT4"
1.26363084973021e-17,0.65672026168604,0.184,0.081,4.62817435022188e-13,"SNHG14"
1.27332869273424e-17,0.930791358763379,0.139,0.052,4.66369367000842e-13,"ZCCHC3"
1.31549748875244e-17,0.542564226005992,0.236,0.118,4.8181411023047e-13,"SNHG30"
1.3879934428338e-17,0.69445255203606,0.165,0.069,5.08366478372309e-13,"TBC1D5"
1.41650660179635e-17,-2.66115936289318,0.055,0.157,5.1880970797393e-13,"KRT80"
1.43141230109172e-17,0.339387415922554,0.566,0.386,5.24269069397854e-13,"NPEPPS"
1.43686175785965e-17,-0.651090418812121,0.749,0.728,5.26264987433674e-13,"SRSF11"
1.4597856178407e-17,0.573473417100568,0.276,0.148,5.34661080390336e-13,"HACD2"
1.53572211066031e-17,0.368183938733917,0.469,0.299,5.62473580250444e-13,"PHF20L1"
1.54597166504143e-17,0.558751571597186,0.286,0.155,5.66227582038076e-13,"CYB5D2"
1.56705843094155e-17,0.410691946469556,0.321,0.182,5.73950820916651e-13,"ADPGK"
1.60708913183614e-17,0.946617719323713,0.143,0.055,5.88612465426304e-13,"NAGA"
1.64023471971386e-17,0.56460171721736,0.279,0.15,6.00752368442397e-13,"DECR2"
1.67744751961368e-17,0.38829141470586,0.235,0.115,6.14381928533707e-13,"C20orf96"
1.70200685926567e-17,0.54879958625414,0.297,0.163,6.23377032274644e-13,"SPPL3"
1.71345849867452e-17,0.814029054951509,0.265,0.143,6.2757130972453e-13,"C2orf76"
1.71352473947692e-17,1.12539255760504,0.12,0.041,6.27595571080817e-13,"ZFAND2A-DT"
1.73625329817908e-17,-0.908127091660188,0.532,0.622,6.3592013299107e-13,"SH3BGRL"
1.80508698957401e-17,0.603915714964773,0.231,0.113,6.61131160801376e-13,"GARS1-DT"
1.80858707376387e-17,0.842487013460599,0.192,0.088,6.62413101636755e-13,"RBM4B"
1.80994023352172e-17,-0.311477354877574,0.99,0.928,6.62908709929664e-13,"RPL22"
1.81136544341386e-17,0.81777171110577,0.229,0.115,6.63430707304761e-13,"SLC1A4"
1.87154426461988e-17,0.398935199538459,0.422,0.263,6.85471802359677e-13,"SHISA5"
1.93504101379255e-17,1.19001470730314,0.136,0.051,7.08728121711658e-13,"CCSAP"
2.01185349156155e-17,0.568025625595804,0.307,0.171,7.36861459819333e-13,"SHKBP1"
2.0606147387344e-17,0.712193256641422,0.157,0.064,7.54720754208861e-13,"ZNF821"
2.08898708892738e-17,0.433330550657405,0.433,0.273,7.65112411190542e-13,"GOLPH3"
2.09759796379825e-17,0.771840165956983,0.137,0.051,7.68266230220746e-13,"MID2"
2.21649381484201e-17,0.511040851714135,0.324,0.183,8.11813024624034e-13,"RAB4B"
2.24920961297521e-17,-2.35260290488981,0.057,0.16,8.237955128483e-13,"MYO1E"
2.32699469650183e-17,0.986841830990467,0.151,0.061,8.5228507754076e-13,"PPP1R9B"
2.42695987593158e-17,0.524557700544935,0.268,0.14,8.888983241587e-13,"EIF2B1"
2.46507936022373e-17,0.950754393771479,0.134,0.049,9.02859966475543e-13,"ZNF420"
2.54307821639673e-17,0.685721814361265,0.2,0.093,9.31427827537467e-13,"SCARB1"
2.5554944362131e-17,0.405039534114718,0.461,0.302,9.35975392207411e-13,"NUDCD2"
2.59136854193001e-17,0.32528497597095,0.473,0.297,9.49114642167286e-13,"USE1"
2.61716544367641e-17,0.580694174597379,0.358,0.214,9.58563015400923e-13,"MAN1A2"
2.62907499522626e-17,0.347369386436928,0.451,0.294,9.6292500775157e-13,"TCEAL8"
2.68930861582821e-17,0.269543555553349,0.418,0.251,9.84986173633242e-13,"PEX2"
2.82425958679652e-17,0.549098834609356,0.282,0.154,1.03441331626009e-12,"ACAP2"
2.95283171009974e-17,0.435310300813456,0.283,0.152,1.08150414214113e-12,"GABPB1-IT1"
3.01120555681357e-17,0.750420146757728,0.157,0.064,1.10288414723854e-12,"CHM"
3.02403555188056e-17,0.691264307100262,0.194,0.09,1.10758326123177e-12,"MAN2B2"
3.1354088288984e-17,0.251603162523773,0.739,0.55,1.14837483767233e-12,"C9orf16"
3.21270904111589e-17,0.37537588257552,0.726,0.586,1.17668681339911e-12,"CD99"
3.28503513824419e-17,0.436805197554879,0.3,0.165,1.20317696973332e-12,"CLPTM1L"
3.28907681238458e-17,-3.09602710522217,0.026,0.113,1.20465727330397e-12,"EPHA2"
3.31982689374097e-17,0.517394344245143,0.34,0.202,1.21591979810157e-12,"CBR1"
3.41041529761836e-17,0.559561403213124,0.293,0.16,1.2490987069057e-12,"CNFN"
3.80285745330404e-17,0.385367353644797,0.458,0.301,1.39283457084714e-12,"MSMO1"
3.84128391518217e-17,0.555136592033341,0.333,0.195,1.40690864677462e-12,"UTP18"
3.99443485466048e-17,0.856541586855821,0.163,0.069,1.46300170986795e-12,"CCDC88C"
3.99643916783812e-17,0.421977007117934,0.432,0.273,1.46373580961239e-12,"TSPYL1"
4.17883922446792e-17,0.647775668234736,0.221,0.108,1.53054165435362e-12,"IFT52"
4.17906440284555e-17,0.411154092824934,0.435,0.273,1.53062412818621e-12,"ODF3B"
4.35441688860561e-17,0.391643115230164,0.559,0.391,1.59484872962069e-12,"SUCLG1"
4.37672677166071e-17,0.836097608252379,0.222,0.111,1.60301994738845e-12,"RORC"
4.4827913894099e-17,0.661790110835119,0.246,0.126,1.64186717428527e-12,"ZHX1"
4.49922244953559e-17,1.16173791668684,0.144,0.057,1.6478852143669e-12,"PLBD2"
4.57572775744493e-17,0.793696842216073,0.221,0.11,1.67590604844178e-12,"CCND3"
4.70507709516272e-17,0.837923668398179,0.187,0.085,1.7232815368743e-12,"GIHCG"
4.73213403595649e-17,0.352240572203277,0.206,0.095,1.73319141200943e-12,"ZBTB11"
4.85004008401585e-17,0.320511583715364,0.496,0.322,1.77637568117164e-12,"ERGIC2"
4.90908601863458e-17,-3.18486374283153,0.077,0.18,1.7980018451851e-12,"AC021148.2"
5.01717335855256e-17,-2.17175658295343,0.084,0.192,1.83758991430346e-12,"SESN2"
5.13814594087526e-17,-2.52014114686274,0.075,0.18,1.88189733230497e-12,"FOSL1"
5.15258631057117e-17,0.473993584513743,0.41,0.261,1.8871862621098e-12,"ARIH1"
5.18471147816163e-17,-2.32682897556935,0.089,0.198,1.89895242599148e-12,"TINAGL1"
5.51968784438904e-17,0.906797317867267,0.242,0.128,2.02164086988593e-12,"C9orf152"
5.59694285571943e-17,1.1522060782163,0.241,0.13,2.0499362903358e-12,"DUSP11"
5.63761985169461e-17,0.869495691921336,0.223,0.112,2.06483464688167e-12,"STRADB"
5.73426359284713e-17,0.571760691370982,0.237,0.119,2.10023138351619e-12,"C2orf69"
6.01465234520815e-17,-1.70141204526859,0.194,0.314,2.20292656795594e-12,"ETS2"
6.07589418801094e-17,-1.14807638255752,0.443,0.513,2.22535700530089e-12,"YTHDF2"
6.73407874003358e-17,1.03592956904533,0.132,0.05,2.4664236793247e-12,"LAMA3"
6.89034156865052e-17,0.37170878896699,0.474,0.311,2.52365650293394e-12,"ATF6B"
7.16382975041128e-17,0.732218802693175,0.363,0.226,2.62382428438563e-12,"GALNT6"
7.70036259041025e-17,0.432549791074034,0.312,0.176,2.82033480236366e-12,"SLC39A11"
8.04420292764354e-17,0.792047601299725,0.234,0.12,2.94626976427872e-12,"CCDC28A"
8.22903393019026e-17,0.597625947500166,0.23,0.114,3.01396596727148e-12,"TNRC6C"
8.34550550577834e-17,0.604030412763459,0.211,0.101,3.05662484654638e-12,"CRNKL1"
8.59987949800782e-17,1.43902209090931,0.129,0.049,3.14979186494034e-12,"TBC1D4"
8.80455129231878e-17,1.50737015269245,0.106,0.034,3.22475495632468e-12,"AP002381.2"
8.85675730102169e-17,0.909842054732692,0.147,0.059,3.2438759290722e-12,"MEN1"
8.95359417667919e-17,-0.411759595003391,0.998,0.964,3.27934340315052e-12,"RPS20"
9.00072695213909e-17,1.10712849909135,0.122,0.044,3.29660625349046e-12,"BBS2"
9.03405170673691e-17,0.609207031639019,0.301,0.17,3.30881177810946e-12,"POLR3H"
9.28391129763673e-17,-1.07495641205958,0.424,0.506,3.40032535187243e-12,"BAZ1A"
9.49688220886106e-17,0.339987375838804,0.526,0.343,3.47832807781745e-12,"SCAMP3"
9.87448231848488e-17,1.79430396872121,0.338,0.241,3.61662789396827e-12,"PDZK1IP1"
1.00077534052546e-16,0.647313398260686,0.288,0.162,3.66543976220855e-12,"HDHD2"
1.01004311177798e-16,0.334541252624415,0.508,0.338,3.69938390119804e-12,"SNAPIN"
1.02770512215569e-16,0.331908043513455,0.307,0.169,3.76407278040745e-12,"CHCHD7"
1.04789863286228e-16,0.330800168612571,0.573,0.396,3.83803353272138e-12,"SPG21"
1.04939727378498e-16,0.477641472774398,0.341,0.201,3.84352245496488e-12,"YPEL3"
1.04959431085397e-16,-0.878614507362476,0.875,0.817,3.84424412293373e-12,"KLF6"
1.11507898237877e-16,1.19439620019343,0.124,0.045,4.08408828086048e-12,"MARCHF8"
1.13959574427766e-16,0.609671607275744,0.302,0.171,4.17388337299136e-12,"CBY1"
1.15688003082943e-16,-0.443548884448523,0.974,0.915,4.23718880091586e-12,"SNHG29"
1.16856586031458e-16,0.503163412819954,0.219,0.108,4.27998931998819e-12,"CDK5"
1.23931124333052e-16,0.41956943783637,0.414,0.26,4.53910135982237e-12,"CYB561D2"
1.24329462093858e-16,0.606563301970273,0.297,0.167,4.55369087864965e-12,"ZNF576"
1.27746983726386e-16,0.72351407151302,0.263,0.141,4.6788610259626e-12,"CCDC43"
1.28555141039043e-16,0.354209296248273,0.264,0.138,4.70846059569599e-12,"STX17"
1.30338880068551e-16,0.3798207122224,0.269,0.143,4.77379182139075e-12,"PGGHG"
1.34310763706446e-16,0.372507177739898,0.313,0.176,4.9192660315123e-12,"PPP6R3"
1.34725436405405e-16,0.397826863179379,0.479,0.327,4.93445383378437e-12,"RPAIN"
1.36718752765904e-16,0.416325233156566,0.322,0.185,5.00746103880402e-12,"PBRM1"
1.36951985866056e-16,0.835921923943494,0.223,0.113,5.01600343433018e-12,"ZNF280D"
1.39985798934206e-16,0.583774166251474,0.231,0.118,5.12711987176424e-12,"CREBL2"
1.43772993301992e-16,-2.52497203253367,0.065,0.166,5.26582965267877e-12,"SERTAD4-AS1"
1.46004679111212e-16,0.377722713193435,0.412,0.258,5.34756737712725e-12,"RFC1"
1.50501808349799e-16,0.819069964377511,0.178,0.08,5.51227923261976e-12,"TMCC1"
1.60050584718761e-16,0.411338478580847,0.338,0.198,5.86201271590933e-12,"SUZ12"
1.62615137033914e-16,0.363943017661924,0.322,0.185,5.95594200900413e-12,"MED13"
1.63084323054031e-16,-1.07954257774022,0.559,0.607,5.97312641617692e-12,"SPTSSA"
1.64519010131119e-16,0.607892994384625,0.2,0.094,6.02567326506235e-12,"CUEDC1"
1.7257972399562e-16,1.04604270265105,0.186,0.087,6.32090497106359e-12,"WDR41"
1.84052232658765e-16,0.353582861166669,0.525,0.354,6.74109707335992e-12,"PSMG2"
1.8632763058535e-16,-1.81608939651479,0.054,0.155,6.82443579781902e-12,"C1GALT1"
1.86330161707667e-16,0.562278045134968,0.304,0.173,6.82452850270503e-12,"GSS"
1.93034464445917e-16,-3.57837266102733,0.022,0.104,7.07008029479616e-12,"CTSV"
1.94541438949448e-16,0.362560638058736,0.428,0.269,7.12527474296248e-12,"DDX1"
1.9871656908874e-16,0.713830757194453,0.182,0.084,7.27819305944418e-12,"SCAP"
2.01089137109293e-16,0.944999898289273,0.2,0.097,7.36509073576496e-12,"APPL2"
2.01740332280562e-16,0.354838570364091,0.429,0.268,7.38894141010785e-12,"GNAI2"
2.06297390466773e-16,0.368612749800426,0.38,0.23,7.55584822323604e-12,"ITGAV"
2.06361233179503e-16,0.40003268695072,0.34,0.196,7.55818652643248e-12,"RUVBL1"
2.09427463300752e-16,0.686746250889763,0.243,0.127,7.67049027085334e-12,"SLC25A38"
2.10672894048154e-16,0.724315652954389,0.199,0.094,7.71610541740768e-12,"TASOR"
2.18410886456595e-16,1.37798667686028,0.106,0.035,7.99951712735926e-12,"OPLAH"
2.2150282507282e-16,0.574702855380095,0.183,0.083,8.11276247111711e-12,"SF3B3"
2.23579640788922e-16,-0.587077312308314,0.771,0.74,8.18882792353506e-12,"PPA1"
2.24890516798969e-16,0.730988338213318,0.164,0.07,8.23684006827905e-12,"SIRT3"
2.25941670659212e-16,0.330255921306319,0.735,0.58,8.2753396295643e-12,"LMAN2"
2.2740354725515e-16,0.656694441607782,0.356,0.227,8.32888232176711e-12,"TUSC3"
2.3620647171434e-16,0.689091588384263,0.256,0.136,8.65129823300941e-12,"TMEM203"
2.4546990192198e-16,-0.886706913633548,0.413,0.52,8.99058062779442e-12,"TGIF1"
2.56511888869812e-16,0.695664934235416,0.182,0.084,9.39500444174573e-12,"ACOX1"
2.57467872232027e-16,0.254470511746538,0.37,0.222,9.43001828837023e-12,"TSFM"
2.61106535265367e-16,0.562066257792646,0.2,0.095,9.56328796062933e-12,"MAPK14"
2.66351516009713e-16,0.29620162981561,0.494,0.329,9.75539062537176e-12,"H2AW"
2.67134454217551e-16,0.443817012551638,0.356,0.213,9.78406652017203e-12,"RPP25L"
2.67784684853003e-16,0.265377227975259,0.738,0.579,9.80788186742608e-12,"SF3B2"
2.68767275367096e-16,0.459105430600822,0.206,0.1,9.84387022759527e-12,"MBOAT1"
2.70664078920168e-16,-4.27923398078911,0.027,0.11,9.91334255453008e-12,"MAOB"
2.70700699508714e-16,0.485254941146879,0.246,0.127,9.91468382020617e-12,"USP10"
2.79641867053234e-16,0.927806986473051,0.17,0.076,1.02421630226918e-11,"TRIM3"
2.84938746614797e-16,1.4071276174496,0.146,0.061,1.04361665335136e-11,"FAM50B"
2.85792669255503e-16,0.361453601702388,0.316,0.18,1.0467442304152e-11,"MAP3K11"
2.87067195104746e-16,0.796187899909712,0.233,0.121,1.05141230879064e-11,"LIN7C"
2.87175779163432e-16,0.523916171545024,0.237,0.122,1.05181000876399e-11,"PARP9"
2.95687392852354e-16,0.931416633858788,0.184,0.085,1.08298464506103e-11,"ALG12"
2.97080453218996e-16,0.396978362332236,0.238,0.121,1.08808686795989e-11,"CRTC3"
3.0586220375693e-16,0.862602001219823,0.151,0.063,1.12025090748013e-11,"PRH1"
3.07509704544559e-16,0.68603768181534,0.269,0.147,1.1262850438649e-11,"ABCD3"
3.07929201843487e-16,-1.21381842658889,0.757,0.741,1.12782149467195e-11,"SOX4"
3.10438514330185e-16,0.505109269988512,0.215,0.105,1.13701210258574e-11,"RUSF1"
3.25507722538667e-16,0.707686195645002,0.163,0.071,1.19220458457012e-11,"MVK"
3.27349019068949e-16,0.820632175984582,0.171,0.075,1.19894851724193e-11,"FKBPL"
3.33712501805788e-16,0.978889673567244,0.101,0.032,1.22225540911388e-11,"BBS1"
3.34968001479122e-16,0.679167319408894,0.189,0.088,1.22685380221743e-11,"ZNF138"
3.40484113372621e-16,0.555070720675912,0.226,0.113,1.24705711363856e-11,"GRIPAP1"
3.52514977302161e-16,0.550226004150669,0.28,0.155,1.2911213558669e-11,"IL17RC"
3.55804072231158e-16,0.896483811636252,0.174,0.078,1.30316799495384e-11,"SCAPER"
3.62934445806075e-16,0.77382767202646,0.126,0.047,1.32928370120933e-11,"LINC02245"
3.65969663013378e-16,0.252582251261777,0.599,0.41,1.3404004877528e-11,"RAD21"
3.71477551869479e-16,0.443746888840322,0.255,0.136,1.36057368147715e-11,"PSMD10"
3.7873694418442e-16,0.463416336626244,0.166,0.071,1.38716193176986e-11,"TGIF2"
3.81644021362864e-16,0.389586197248681,0.312,0.178,1.39780939264362e-11,"LYRM2"
3.85289260680411e-16,-1.92065700572481,0.226,0.331,1.41116044616807e-11,"FLNA"
3.87275885452021e-16,0.422363249758569,0.349,0.209,1.41843665805657e-11,"HSPBP1"
3.92837234075582e-16,1.04021781656572,0.169,0.076,1.43880565352523e-11,"AC004951.1"
3.93761734905819e-16,0.469841925850687,0.281,0.157,1.44219173026605e-11,"ITPR1"
3.97303187162434e-16,0.408334936897406,0.551,0.372,1.45516265330113e-11,"CYB5R1"
4.0798334740047e-16,1.22881887657433,0.131,0.051,1.49427980818896e-11,"FAM217B"
4.09381049421037e-16,0.547804612248279,0.255,0.135,1.49939903160949e-11,"CTCF"
4.16945446345216e-16,0.502481148644443,0.286,0.159,1.52710439178399e-11,"RMND5B"
4.19416728844531e-16,0.32157242757289,0.511,0.343,1.53615571106598e-11,"LLPH"
4.30027675457312e-16,-1.86110713134608,0.166,0.277,1.57501936412995e-11,"NOTCH2"
4.37147598605006e-16,0.505347109198543,0.341,0.202,1.60109679465069e-11,"TSEN15"
4.46561541057137e-16,0.990436538670067,0.164,0.073,1.63557630027587e-11,"PPP1R9A"
4.56763071995626e-16,0.352034987552401,0.532,0.365,1.67294042749118e-11,"PSMD3"
4.59225866948179e-16,-0.290797501578169,0.996,0.975,1.6819606602844e-11,"RPS23"
4.68820836665684e-16,0.584073954658932,0.342,0.207,1.71710319637173e-11,"TMEM41A"
4.72516291338304e-16,0.625592897001072,0.31,0.18,1.73063816865567e-11,"CBX4"
4.76359421498787e-16,0.574163162655113,0.254,0.136,1.74471401718146e-11,"ALDH3A2"
4.99174952549833e-16,-1.29224873425311,0.202,0.323,1.82827818120902e-11,"SDC1"
5.22311916520933e-16,1.30385438184547,0.116,0.041,1.91301962544957e-11,"GFM2"
5.54073527851224e-16,0.317840875547243,0.341,0.199,2.02934970310789e-11,"ABT1"
5.80948630150014e-16,0.642063429691192,0.296,0.173,2.12778245278744e-11,"MFSD3"
5.89408253302863e-16,0.487644226681138,0.324,0.188,2.15876666854706e-11,"ADNP"
5.91485742631522e-16,0.615718969591249,0.206,0.101,2.16637568096221e-11,"EIF3J-DT"
5.96540823926304e-16,0.782217261961451,0.234,0.125,2.18489042171248e-11,"UCKL1"
6.17761726448403e-16,0.465975756045965,0.232,0.118,2.26261409928992e-11,"GPR89A"
6.17865747683678e-16,-0.85402546769842,0.41,0.514,2.26299508746624e-11,"DSP"
6.38868047365376e-16,0.803608019645557,0.149,0.062,2.33991811028043e-11,"BRPF3"
6.72673543109383e-16,0.518770747648968,0.276,0.154,2.46373411899243e-11,"SIGMAR1"
6.79955352284761e-16,0.528363175902123,0.288,0.163,2.49040447327817e-11,"GTPBP6"
7.25415898347438e-16,0.390549846143936,0.475,0.312,2.65690826928733e-11,"PPT1"
7.45841437409624e-16,0.886960798526201,0.13,0.05,2.73171884865649e-11,"IQSEC1"
7.63992414589858e-16,0.685738278762185,0.188,0.088,2.79819861767681e-11,"SNHG10"
7.79012690951393e-16,0.982648638694983,0.124,0.046,2.85321188187857e-11,"C9orf64"
7.80514780196695e-16,0.340143313598487,0.423,0.269,2.85871343394842e-11,"RYBP"
7.83089135531596e-16,0.714964496563523,0.345,0.213,2.86814226779802e-11,"TFPI2"
8.32646561959036e-16,-1.56219893220906,0.214,0.326,3.04965129783117e-11,"ADAM9"
8.54996386239214e-16,0.469132399812161,0.286,0.161,3.13150976423975e-11,"EPB41L5"
9.0291156561282e-16,0.990725316851337,0.166,0.075,3.30700390021351e-11,"RNF20"
9.11546169501241e-16,0.820629669386875,0.236,0.127,3.33862900041524e-11,"SNAPC3"
9.37703163490558e-16,0.352535077581396,0.393,0.246,3.43443160660052e-11,"MRPS5"
9.61289112640159e-16,0.601520157734153,0.211,0.105,3.52081750395584e-11,"ANKRD9"
9.88105245234254e-16,0.262014551528743,0.321,0.182,3.61903427119498e-11,"HELZ"
9.96055342711238e-16,-1.6554644391197,0.137,0.248,3.64815229821418e-11,"RRAS2"
9.96110080155315e-16,0.447927973089182,0.251,0.135,3.64835277957686e-11,"PRRG2"
1.02412154225634e-15,-1.54879178480329,0.143,0.256,3.75094756066808e-11,"RELB"
1.03777393781721e-15,0.408322671915649,0.254,0.136,3.80095082464931e-11,"BEX2"
1.05436484034884e-15,-2.89650561516865,0.022,0.101,3.86171666426166e-11,"GAL"
1.06055458228182e-15,1.01843451250088,0.113,0.04,3.88438721306541e-11,"CXCL12"
1.06205417984074e-15,0.316370348391203,0.564,0.386,3.8898796390847e-11,"MRPL47"
1.08079068112019e-15,0.575064203455005,0.168,0.075,3.95850394867081e-11,"PRMT7"
1.09315340018954e-15,0.265569112546031,0.828,0.633,4.00378364353422e-11,"SEC11A"
1.09977415117885e-15,0.891362601375147,0.192,0.094,4.02803280610766e-11,"PPP1R12B"
1.14239129467665e-15,0.986665957002494,0.147,0.062,4.1841223558827e-11,"ARRB1"
1.17240153425033e-15,-2.41025125231841,0.026,0.108,4.29403785934526e-11,"SLC1A1"
1.20282297403296e-15,0.531425642873983,0.236,0.125,4.40545942469313e-11,"AP3S2"
1.21016904214164e-15,0.780298635318117,0.198,0.097,4.43236513374797e-11,"GNPTAB"
1.22219063860077e-15,0.637519371181892,0.219,0.111,4.47639543293916e-11,"AC008124.1"
1.30691390146691e-15,0.485648583587719,0.286,0.161,4.78670285551269e-11,"SP3"
1.31293744083179e-15,0.250856102991048,0.531,0.363,4.80876467079051e-11,"MRPL13"
1.34468615096167e-15,0.518666104117388,0.321,0.194,4.9250474965122e-11,"ACADM"
1.36395790478432e-15,0.322620178510276,0.554,0.381,4.99563222206306e-11,"POLD2"
1.38207598094464e-15,0.49203309337344,0.256,0.137,5.06199148780785e-11,"BDH1"
1.39805097219875e-15,0.547230918330873,0.36,0.228,5.12050149077514e-11,"PDHA1"
1.39939181875851e-15,-0.708841467197805,0.641,0.646,5.12541247538493e-11,"TMEM50A"
1.44683344086453e-15,0.370251986290554,0.344,0.204,5.29917216051043e-11,"ABHD16A"
1.4710211477151e-15,0.573644782772957,0.261,0.142,5.38776205562132e-11,"PAQR4"
1.48198541451351e-15,0.333363324669166,0.396,0.25,5.4279197791972e-11,"NDUFAF2"
1.50228761745152e-15,0.306224417571104,0.295,0.166,5.50227862767793e-11,"SPG7"
1.52009239074912e-15,0.46115697088021,0.349,0.214,5.56749039035774e-11,"PLEKHA3"
1.53630008345073e-15,0.960475454350994,0.116,0.042,5.62685268564663e-11,"PGAP3"
1.54370767147994e-15,0.651992911857152,0.196,0.096,5.65398371756243e-11,"ZNF493"
1.54964114090986e-15,0.6693266334611,0.142,0.058,5.67571564269645e-11,"ESRP2"
1.57564087052458e-15,0.470929997391069,0.283,0.16,5.77094225238334e-11,"NBN"
1.6760261857253e-15,0.273231789598939,0.386,0.234,6.13861350783747e-11,"RAF1"
1.67900469295255e-15,0.484787268115789,0.245,0.13,6.14952258840801e-11,"DIDO1"
1.68549041219816e-15,0.70271340704489,0.22,0.113,6.17327718371698e-11,"UBFD1"
1.76433437093571e-15,0.692901430390035,0.147,0.061,6.46205106698912e-11,"TARS3"
1.87005124876261e-15,0.484170520207563,0.283,0.158,6.84924970371794e-11,"SREBF2"
1.88148923533694e-15,0.398148176730678,0.331,0.196,6.89114247334508e-11,"RNF103"
1.88846871792385e-15,0.406016883827476,0.347,0.211,6.91670552626789e-11,"RBM14"
1.93459587570485e-15,0.341933985637764,0.273,0.15,7.08565085435658e-11,"PURB"
1.94788595847324e-15,0.837713785473154,0.138,0.055,7.1343271115041e-11,"AC099778.1"
1.98886090384926e-15,0.430324935532348,0.402,0.26,7.2844019464383e-11,"UBE2Z"
2.06938215349609e-15,0.703731600269379,0.257,0.141,7.5793190753948e-11,"MEGF9"
2.12899465061452e-15,0.615716019973005,0.208,0.104,7.79765580734075e-11,"MFSD5"
2.13178092530417e-15,-0.331188085603292,0.999,0.983,7.80786081701907e-11,"RPS24"
2.13700745363494e-15,1.05503263794102,0.147,0.063,7.82700349968334e-11,"AC093323.1"
2.13714180213803e-15,0.649022704446406,0.48,0.335,7.82749556451075e-11,"KLF2"
2.18399331567649e-15,0.262170453789571,0.62,0.453,7.99909391799671e-11,"DDR1"
2.19351988907827e-15,0.295666326862349,0.618,0.424,8.03398594573809e-11,"MRPL9"
2.19360114908412e-15,0.463703068238286,0.411,0.265,8.0342835686355e-11,"ECSIT"
2.21233706045756e-15,0.646377352942695,0.257,0.141,8.10290571763186e-11,"CLCN3"
2.25002592646927e-15,0.606224222600661,0.191,0.092,8.24094495828634e-11,"HMGCR"
2.25548075828858e-15,0.809267435085677,0.233,0.124,8.26092382530774e-11,"IREB2"
2.25820356453562e-15,0.488313090882751,0.271,0.153,8.27089637546817e-11,"SDE2"
2.26201283580297e-15,0.974429333873624,0.113,0.041,8.28484821241196e-11,"KLC4"
2.29164421161384e-15,0.4361516014525,0.414,0.269,8.39337608945685e-11,"DRG1"
2.32085153534715e-15,0.517275367363369,0.225,0.116,8.50035083336247e-11,"ARHGAP1"
2.37142901515795e-15,0.98735862336458,0.176,0.083,8.6855959109175e-11,"REEP1"
2.41138069632732e-15,0.696528942683623,0.182,0.086,8.83192293836844e-11,"C6orf136"
2.5044557240719e-15,0.508401542979053,0.278,0.159,9.17281953498575e-11,"MTA3"
2.5559884124055e-15,1.06877978827806,0.265,0.148,9.3615631592764e-11,"SHROOM1"
2.63548297746622e-15,0.353947652995453,0.458,0.307,9.65271995326778e-11,"VBP1"
2.6361470663646e-15,0.496993231223517,0.332,0.2,9.65515224526697e-11,"ZNF146"
2.67817171117907e-15,0.834064824713102,0.2,0.099,9.80907170936445e-11,"TMEM267"
2.67921604240543e-15,1.25161593915386,0.119,0.045,9.81289667691414e-11,"POGLUT1"
2.70991915456757e-15,0.594754141401567,0.225,0.117,9.92534989551917e-11,"ELP6"
2.87882649894498e-15,0.546414254524793,0.35,0.213,1.05439899350359e-10,"DUS1L"
2.92467830620624e-15,0.738173066517928,0.235,0.125,1.0711926764311e-10,"TASOR2"
2.95583173337344e-15,0.770999045500584,0.196,0.097,1.08260293066536e-10,"KLHL12"
2.97745610805133e-15,-2.54464905746802,0.046,0.135,1.09052307413488e-10,"MIR210HG"
3.03365964877153e-15,0.779747572309748,0.204,0.103,1.11110818295906e-10,"SETD9"
3.03367056196039e-15,0.346875909883496,0.339,0.201,1.11111218002361e-10,"DDX49"
3.04177847009631e-15,0.369076117371306,0.336,0.198,1.11408178245748e-10,"BRD3"
3.08055574692858e-15,0.626288086421656,0.206,0.103,1.12828434787006e-10,"TLK2"
3.08639670250285e-15,-1.71512652655992,0.159,0.268,1.13042365625869e-10,"CTNNAL1"
3.246446277823e-15,-2.06843711506773,0.099,0.202,1.18904341371545e-10,"AC100801.1"
3.2819057013968e-15,0.406121430359903,0.447,0.294,1.20203078219359e-10,"OXA1L"
3.41124973514015e-15,0.762180095374719,0.159,0.071,1.24940432799243e-10,"RARG"
3.41699310291804e-15,0.926973726909381,0.164,0.075,1.25150789387476e-10,"SORL1"
3.47032377382553e-15,0.593931533096165,0.224,0.118,1.27104078540134e-10,"RPRD2"
3.53435491230692e-15,1.12872504475181,0.167,0.078,1.29449283018153e-10,"SLC25A23"
3.72756094270573e-15,1.12304573018,0.119,0.045,1.3652564708754e-10,"MMGT1"
3.77669602802703e-15,1.04534138884844,0.16,0.072,1.38325268722518e-10,"ZNF814"
3.80812914641971e-15,0.625897439040095,0.248,0.135,1.39476538116768e-10,"DCUN1D1"
3.81565769437174e-15,0.73180594912831,0.183,0.088,1.39752278714059e-10,"PREPL"
3.89830434709085e-15,0.500230019490604,0.216,0.11,1.42779295016549e-10,"CCDC24"
4.00825882985306e-15,0.556637408888527,0.355,0.223,1.46806487902198e-10,"DYNC1LI1"
4.0371202657843e-15,0.960905433022813,0.137,0.056,1.47863566854616e-10,"MYPOP"
4.09747212350641e-15,0.501286715159916,0.342,0.206,1.50074013995546e-10,"SPTLC1"
4.13027937889884e-15,-1.07358184846046,0.579,0.603,1.51275612531549e-10,"STAT3"
4.15512827467187e-15,0.529192457852361,0.212,0.106,1.52185728188132e-10,"AL451165.2"
4.19133123558304e-15,1.12365299279693,0.125,0.049,1.53511697834464e-10,"EID2"
4.20804613196349e-15,0.292668326543819,0.513,0.351,1.54123897629295e-10,"DHPS"
4.23079737604332e-15,-0.543981202861099,0.823,0.781,1.54957184694963e-10,"PRRC2C"
4.40209374528934e-15,-1.81891326431414,0.179,0.282,1.61231085514967e-10,"MIR4435-2HG"
4.45780439775165e-15,0.322154951659029,0.316,0.184,1.63271543872052e-10,"MED25"
4.53776681273961e-15,0.278918627451641,0.717,0.547,1.66200247283401e-10,"ADIPOR1"
4.5494592269359e-15,0.322121333729923,0.388,0.243,1.66628493645754e-10,"CIAO1"
4.65227929653325e-15,0.370625029946022,0.441,0.291,1.70394381514827e-10,"EPN1"
4.67090085221735e-15,0.39539742848026,0.31,0.18,1.71076414613313e-10,"DNAJA2"
4.79345074382748e-15,-2.35930265697273,0.028,0.109,1.75564926943425e-10,"MTCL1"
4.80877150848327e-15,0.676678541580038,0.158,0.07,1.76126065269708e-10,"PPIP5K2"
4.84390529995313e-15,0.441470510261515,0.334,0.201,1.77412875516084e-10,"IMMT"
4.87618396864822e-15,-2.60783437062478,0.036,0.121,1.7859511403571e-10,"STX11"
5.00789852702991e-15,-2.16851456154356,0.048,0.138,1.83419291450997e-10,"PANX1"
5.22346677310102e-15,0.283335832481829,0.44,0.287,1.91314694031598e-10,"NUTF2"
5.24002819358362e-15,0.566810047737152,0.181,0.087,1.91921272618194e-10,"HELZ2"
5.33477928853708e-15,0.523424811184144,0.227,0.119,1.95391626221959e-10,"NDUFAF4"
5.38209013046659e-15,0.873485266160744,0.165,0.076,1.97124433118469e-10,"TEX261"
5.4273596946984e-15,-0.269272374048773,0.997,0.977,1.98782476178024e-10,"RPLP0"
5.61003045190077e-15,1.22678417476251,0.188,0.097,2.05472975331318e-10,"RPP25"
5.781829549789e-15,0.338938993960279,0.448,0.29,2.11765289090572e-10,"SUMF2"
5.89577957147293e-15,0.424421763674995,0.353,0.218,2.15938822584768e-10,"ERI3"
6.04108830497384e-15,0.323652867058645,0.242,0.129,2.21260900257972e-10,"RPUSD3"
6.20410230864314e-15,-1.33202608827355,0.208,0.321,2.27231451156363e-10,"NECAP2"
6.28739309772143e-15,1.30515557390581,0.1,0.034,2.30282059597145e-10,"AC006141.1"
6.42509002492565e-15,0.296553501742205,0.267,0.147,2.35325347252927e-10,"SYMPK"
6.50300439724413e-15,0.454216311242621,0.213,0.108,2.38179039053463e-10,"FAIM"
6.54325343655831e-15,0.973142019784523,0.143,0.061,2.39653200367385e-10,"KIZ"
6.62810272463521e-15,0.393218415998404,0.283,0.158,2.42760890392489e-10,"NUP62"
6.82465317550817e-15,0.503991864384926,0.167,0.075,2.49959747206162e-10,"CASD1"
7.10663917202116e-15,0.433324753870336,0.336,0.205,2.60287766314447e-10,"TMEM128"
7.13837078932861e-15,1.01328863475704,0.13,0.052,2.6144996852995e-10,"MARCHF3"
7.22627227599874e-15,0.447774636826149,0.387,0.245,2.6466944838073e-10,"PRKAG1"
7.28331863876228e-15,-0.838302126337565,0.41,0.555,2.66758828463307e-10,"CCN1"
7.33879168345936e-15,0.715656565563336,0.265,0.151,2.68790584198382e-10,"ILF3-DT"
7.4416840414637e-15,0.83497108491349,0.17,0.079,2.72559119702650e-10,"FLVCR1"
7.54948791834487e-15,-1.96340237945595,0.069,0.165,2.76507544497299e-10,"RCC1"
7.56068415244572e-15,0.594384519855326,0.308,0.185,2.76917617767477e-10,"SCAMP1"
7.58039625317103e-15,0.645833180480288,0.206,0.105,2.77639593168642e-10,"RNPEPL1"
7.90105609840721e-15,0.552370520860916,0.152,0.067,2.89384080660263e-10,"ADNP2"
7.9200795353526e-15,0.765986922938914,0.218,0.114,2.90080833061824e-10,"PWWP2B"
8.0107827218177e-15,1.05310756723619,0.134,0.055,2.93402927969295e-10,"CPT1A"
8.06591374442633e-15,1.48997967183573,0.117,0.045,2.95422156803359e-10,"SLC25A40"
8.10423526937487e-15,0.58295450202497,0.192,0.094,2.96825720976124e-10,"RAPH1"
8.13273328646839e-15,0.761136207273001,0.172,0.08,2.97869489350191e-10,"BX255925.3"
8.14440089638568e-15,0.346182679260691,0.514,0.35,2.98296827231022e-10,"COA8"
8.19161439714304e-15,-1.48795383013392,0.288,0.381,3.00026068909761e-10,"MAP7D1"
8.49208271238221e-15,0.769085788348403,0.18,0.086,3.11031021423711e-10,"WASHC5"
8.61644000980648e-15,1.03067231510397,0.122,0.047,3.15585731799172e-10,"CEP68"
8.92464698177152e-15,0.763771325595689,0.171,0.079,3.26874120354364e-10,"C12orf43"
9.00105575108529e-15,0.378870991604981,0.419,0.269,3.2967266793925e-10,"KANSL1"
9.0180862888676e-15,0.583935740539415,0.254,0.142,3.30296428416065e-10,"MRPL30"
9.05004557322685e-15,0.524152146823574,0.184,0.088,3.31466969165006e-10,"AP1G1"
9.21806393760581e-15,-1.2070933555411,0.395,0.477,3.37620809778751e-10,"SDCBP"
9.32745042849848e-15,0.826994722366412,0.161,0.074,3.41627199394186e-10,"ABTB1"
9.67391530788573e-15,0.408367577088946,0.225,0.115,3.54316822066623e-10,"METTL2A"
9.91912195327717e-15,0.385466567432099,0.52,0.359,3.6329776066073e-10,"TM9SF3"
9.93467094483056e-15,-1.86230782477797,0.096,0.196,3.63867258025364e-10,"RNF2"
1.01611968523071e-14,0.337286693787247,0.49,0.329,3.72163995912601e-10,"PFDN1"
1.03509355352977e-14,0.419671262038553,0.344,0.213,3.79113364915813e-10,"SEC22C"
1.06051027784964e-14,0.288342758345041,0.364,0.222,3.8842249436521e-10,"TMEM254"
1.06389037152037e-14,-2.18017718928333,0.088,0.184,3.89660487473052e-10,"ZNF267"
1.0683373667028e-14,0.652278809488611,0.221,0.116,3.91289243928567e-10,"DMAP1"
1.12341005664297e-14,0.699202388366107,0.156,0.07,4.11460167346055e-10,"CASP8"
1.12700900754101e-14,0.719641079241051,0.19,0.094,4.12778319101971e-10,"IQCE"
1.18234861673408e-14,-1.67145986790798,0.205,0.303,4.33047004365026e-10,"UCP2"
1.19156358809629e-14,0.328545998962197,0.624,0.445,4.36422079776148e-10,"FUNDC2"
1.1942170022419e-14,1.27107256483456,0.165,0.079,4.3739391924112e-10,"KAZN"
1.25237738915301e-14,-2.26506183985576,0.097,0.197,4.58695742551181e-10,"IL6R"
1.27651956256225e-14,0.84413157502824,0.156,0.07,4.6753805498405e-10,"LINC01003"
1.28092619209463e-14,0.359430775177158,0.492,0.337,4.69152027116578e-10,"SLC39A7"
1.30598215400047e-14,0.349871640870323,0.39,0.244,4.78329023724214e-10,"USO1"
1.3186484756451e-14,0.750064560343762,0.125,0.049,4.82968190689776e-10,"PANK2-AS1"
1.3198483206862e-14,0.414540068365944,0.494,0.336,4.83407645934528e-10,"PQBP1"
1.39969084449943e-14,0.368264521177387,0.175,0.081,5.12650768706362e-10,"PAXBP1"
1.43025711097599e-14,0.887777212362899,0.154,0.069,5.23845969466065e-10,"SLC25A43"
1.44286878842808e-14,0.396841139368008,0.452,0.3,5.28465122449668e-10,"MRPL37"
1.52275244607288e-14,-1.57053539643287,0.326,0.401,5.57723310898652e-10,"TNIP1"
1.53782357530048e-14,0.751224732652549,0.212,0.111,5.63243262689554e-10,"NCOA1"
1.53903105053614e-14,0.30423273670116,0.361,0.221,5.63685512569368e-10,"PDCL3"
1.56652214544479e-14,-1.96095245321353,0.144,0.246,5.73754400990607e-10,"BMERB1"
1.63772186183476e-14,0.478222138999226,0.276,0.156,5.99832009115601e-10,"CEP63"
1.64585805906596e-14,1.73241145833493,0.103,0.037,6.02811972713499e-10,"ARHGEF10L"
1.69894970555394e-14,0.723588593616915,0.22,0.117,6.22257319156185e-10,"HIPK3"
1.71175802319502e-14,0.786641326932955,0.142,0.061,6.26948493575409e-10,"LRRC75B"
1.72408121109165e-14,-2.35923306354638,0.107,0.205,6.31461984374426e-10,"RNF223"
1.74621995457236e-14,0.358451592279666,0.488,0.34,6.39570520561672e-10,"TOM1L1"
1.81121519346151e-14,0.372180773761458,0.216,0.11,6.63375676757213e-10,"KAT2A"
1.82645276403204e-14,0.537686118299589,0.24,0.13,6.68956589354375e-10,"PIAS2"
1.87221650640652e-14,0.517118545725304,0.172,0.081,6.85718017636452e-10,"SMIM13"
1.92661365556671e-14,0.508524031983378,0.208,0.106,7.05641517487864e-10,"PEX11A"
1.93100229398587e-14,0.417563824662571,0.303,0.177,7.07248900195264e-10,"MAPKAPK5"
1.94806807200781e-14,0.797576309337677,0.172,0.083,7.13499412053579e-10,"CHST15"
1.94869327169167e-14,-1.4290548960153,0.155,0.268,7.13728397689791e-10,"HIF1A"
1.98935396254695e-14,-2.26374752791273,0.126,0.226,7.28620782322446e-10,"GBE1"
2.00737835573176e-14,1.04428189358235,0.135,0.057,7.35222396570314e-10,"PTDSS2"
2.09189354069566e-14,0.854244542926091,0.118,0.045,7.66176928215194e-10,"SMARCD3"
2.09690317069227e-14,0.893340100885688,0.199,0.102,7.68011755297752e-10,"DBNDD1"
2.14499686053723e-14,-1.40732535581582,0.23,0.333,7.85626550140367e-10,"SNHG17"
2.18052837963972e-14,0.832996981360847,0.119,0.047,7.98640324326842e-10,"LMX1B"
2.19992733813953e-14,0.417493912655833,0.262,0.146,8.05745386866985e-10,"PIGQ"
2.26163704707475e-14,0.321739461854937,0.903,0.738,8.28347184861597e-10,"RBM3"
2.28314639224143e-14,0.394495194646013,0.349,0.215,8.36225197622345e-10,"AATF"
2.29636888686448e-14,0.622977542498815,0.135,0.056,8.41068068502983e-10,"DHX38"
2.369922321086e-14,0.43064878346807,0.417,0.271,8.68007749320959e-10,"WDR45"
2.40892817180144e-14,1.18151551662463,0.107,0.039,8.82294032203994e-10,"TMEM94"
2.45184816006354e-14,0.80304352966091,0.155,0.07,8.98013907104873e-10,"IRF2BP1"
2.51878490237456e-14,1.22341847675724,0.106,0.039,9.22530158343707e-10,"TLCD4"
2.53146652548519e-14,-2.30863231250557,0.041,0.126,9.27174929624204e-10,"MICAL2"
2.60826147972921e-14,-0.641168716055317,0.938,0.862,9.5530184956562e-10,"CLIC1"
2.62214493954587e-14,-1.05942886492245,0.471,0.522,9.60386805558071e-10,"MAL2"
2.65586639285307e-14,-0.275643380546186,0.997,0.968,9.72737625046364e-10,"EIF1"
2.74545237649206e-14,0.294121896736229,0.265,0.146,1.00554938741398e-09,"EPHX2"
2.751336884459e-14,0.771692547241564,0.17,0.08,1.00770464730195e-09,"EXT2"
2.77735418332073e-14,0.799449485765562,0.23,0.126,1.01723374318305e-09,"TMEM80"
2.83495814951753e-14,0.935172686636162,0.107,0.039,1.03833177184229e-09,"AC015871.6"
2.84902439006149e-14,0.540139454661201,0.254,0.143,1.04348367310392e-09,"STAT6"
2.90538993925465e-14,0.347477031045871,0.459,0.309,1.06412811915141e-09,"RBM42"
2.98644357813219e-14,0.792112679264259,0.143,0.061,1.0938148249267e-09,"ENTPD3-AS1"
3.08363121407036e-14,0.512407467237767,0.192,0.095,1.12941076846541e-09,"TNK2"
3.10785688385983e-14,0.306914155041183,0.477,0.318,1.1382836622825e-09,"ARL2"
3.23715526743301e-14,0.663052800441572,0.112,0.042,1.18564048825001e-09,"TNS2"
3.29770756716251e-14,0.895770859217653,0.162,0.075,1.20781837354894e-09,"RAD17"
3.31397109368114e-14,0.346158496801664,0.415,0.275,1.21377505277166e-09,"AK3"
3.34367081706937e-14,0.816740060297756,0.139,0.059,1.22465287345983e-09,"DNASE1"
3.34718818595855e-14,1.18827146491379,0.126,0.052,1.22594114498918e-09,"TNS3"
3.39942267131181e-14,0.431606009120707,0.183,0.088,1.24507254759466e-09,"TMEM184A"
3.45892883291602e-14,-1.74491621407194,0.285,0.384,1.26686727434382e-09,"RHOV"
3.51332916439163e-14,0.735582275406634,0.155,0.071,1.28679193975008e-09,"TRIM24"
3.53553039381735e-14,0.33620458855025,0.772,0.611,1.29492336203954e-09,"EIF4B"
3.61320650823109e-14,0.536700340121838,0.273,0.157,1.32337301570472e-09,"NPRL2"
3.64240669058816e-14,0.266355164277569,0.572,0.415,1.33406787449482e-09,"SLC38A2"
3.72974258046663e-14,0.313700802562347,0.384,0.245,1.36605551752171e-09,"DNAJC21"
3.77692617060677e-14,0.63277241782692,0.187,0.092,1.38333697924644e-09,"C5orf63"
3.879940624205e-14,0.355542147589208,0.375,0.235,1.42106705302132e-09,"TMEM115"
3.91942534677027e-14,0.289508944972388,0.528,0.365,1.43552872750808e-09,"HSF1"
4.03142842012139e-14,0.682171556522198,0.141,0.06,1.47655097315366e-09,"SH3BGR"
4.20726920354562e-14,-0.761230061976282,0.834,0.822,1.54095441849062e-09,"TACSTD2"
4.23914677394922e-14,0.994161816492852,0.16,0.075,1.55262989742664e-09,"PHTF2"
4.34276278355911e-14,0.301365250698101,0.308,0.184,1.59058029710636e-09,"SIPA1"
4.36303042687129e-14,0.773019037801507,0.138,0.058,1.59800352414588e-09,"SLX4IP"
4.5220664574588e-14,-3.24358742967536,0.079,0.173,1.65625206070886e-09,"HMOX1"
4.5347675079176e-14,0.417805947900578,0.259,0.144,1.6609039474499e-09,"HCG18"
4.54320815275876e-14,0.514661474089726,0.277,0.16,1.66399541802942e-09,"APOO"
4.65783026428029e-14,0.991596323813741,0.138,0.059,1.7059769125953e-09,"CIPC"
4.70174623573457e-14,0.308758400839268,0.243,0.131,1.72206157630014e-09,"ARFGEF1"
4.7339556651175e-14,0.816928709792248,0.121,0.048,1.73385860190593e-09,"OSER1-DT"
4.90436147355735e-14,-1.59301965873382,0.199,0.298,1.79627143330512e-09,"TRIM47"
4.93106566033557e-14,0.297240026138804,0.422,0.276,1.80605210875451e-09,"RTL8A"
4.95684007977797e-14,-1.23224561476501,0.319,0.401,1.81549224761948e-09,"MTA1"
5.06591239938472e-14,0.397861862531054,0.267,0.152,1.85544107539865e-09,"LNPK"
5.13458384199656e-14,0.494246519924297,0.21,0.11,1.88059267796966e-09,"GNL3L"
5.14142027649748e-14,1.29864743551014,0.122,0.05,1.88309659046997e-09,"ZNF174"
5.31524293438215e-14,0.255298370991975,0.338,0.203,1.94676087714681e-09,"GSTZ1"
5.31848994906008e-14,0.352969581423896,0.317,0.192,1.94795012874275e-09,"SEC23B"
5.42032214745819e-14,0.578559448277316,0.227,0.124,1.98524718972804e-09,"MZF1"
5.52528091862675e-14,0.521183614555707,0.164,0.076,2.02368938925623e-09,"DCAF16"
5.59748242656712e-14,0.509999910333696,0.225,0.12,2.05013391355447e-09,"RABEPK"
5.7469523959074e-14,0.361572901560288,0.39,0.251,2.10487878452504e-09,"PTBP3"
5.76215399347459e-14,0.822756306623795,0.165,0.079,2.11044652165e-09,"ZC3H7B"
5.78541273496638e-14,0.287505188944085,0.412,0.267,2.11896526830879e-09,"DHX9"
6.10229312899501e-14,0.788907712791533,0.122,0.049,2.23502588142571e-09,"MTRR"
6.1300195525534e-14,0.967293682412292,0.168,0.081,2.24518096131821e-09,"LSM14B"
6.16659077823023e-14,0.281733385054517,0.448,0.298,2.2585755384346e-09,"GDI1"
6.28415228313791e-14,0.782480551888076,0.12,0.047,2.30163361522209e-09,"ZNF548"
6.42625641418218e-14,0.756204033420432,0.169,0.083,2.35368067425837e-09,"COL1A1"
6.43542349487296e-14,0.308554494777532,0.326,0.193,2.35703820923217e-09,"FAM53C"
6.5104375127373e-14,0.461590581666349,0.315,0.194,2.38451284341516e-09,"MRPL16"
6.62793470221897e-14,0.460156385290553,0.289,0.169,2.42754736403472e-09,"TXNDC5"
6.66279817178339e-14,0.94480480085632,0.135,0.057,2.44031645839739e-09,"ERCC6L2"
6.67683311584056e-14,-1.99216354155065,0.078,0.17,2.44545689700776e-09,"FADS3"
6.7672712029422e-14,-0.669861591344088,0.808,0.735,2.47858075078961e-09,"DYNLT1"
6.78928443422287e-14,0.650454420276411,0.178,0.086,2.48664331687847e-09,"LRRCC1"
6.79913523448016e-14,0.607471905536723,0.216,0.115,2.4902512709807e-09,"SPRYD3"
6.90271734849806e-14,0.578199995014045,0.218,0.117,2.5281892560609e-09,"TBC1D17"
6.90303242779797e-14,0.745493735801231,0.199,0.103,2.52830465700528e-09,"SORT1"
7.19525452959256e-14,0.259493627871961,0.433,0.28,2.63533392400857e-09,"BOLA1"
7.24318550659014e-14,0.775937024645954,0.199,0.102,2.65288912364371e-09,"MED1"
7.41064733822567e-14,1.39183570224595,0.107,0.041,2.71422369409853e-09,"SIGLEC15"
7.54469896485347e-14,1.12763486411065,0.171,0.085,2.76332144286723e-09,"LINC02381"
7.56266062159727e-14,0.374571248974264,0.329,0.2,2.76990007926622e-09,"PURA"
7.61444165654481e-14,0.789882822040529,0.231,0.128,2.7888654011261e-09,"CCDC126"
7.76086449661574e-14,0.814700017890232,0.175,0.087,2.84249423053048e-09,"MCM3AP"
7.9541469825854e-14,0.349646613774336,0.101,0.036,2.91328587384173e-09,"SUSD4"
7.96646775723799e-14,0.42780615033614,0.231,0.126,2.91779848076599e-09,"VAMP7"
8.0528721388977e-14,0.521149126987146,0.282,0.165,2.94944494959267e-09,"GPANK1"
8.12300271609003e-14,0.502524221188963,0.156,0.072,2.97513097479513e-09,"CLASP2"
8.35799113998837e-14,0.994258162061113,0.126,0.052,3.06119783493214e-09,"NEK4"
8.42340119883866e-14,0.528136195453031,0.383,0.252,3.08515492308665e-09,"CWC25"
8.4501404843678e-14,0.570518996952616,0.233,0.128,3.09494845380455e-09,"KIDINS220"
8.7747758223519e-14,0.381876936104332,0.301,0.182,3.21384939269461e-09,"POMGNT1"
9.06729209239261e-14,0.360652976358775,0.376,0.242,3.32098640175972e-09,"METTL23"
9.08007722697129e-14,0.420600296931862,0.274,0.157,3.3256690851505e-09,"SSH3"
9.1700424818219e-14,0.326116929414534,0.937,0.849,3.35861975939209e-09,"NPM1"
9.30062251018798e-14,0.635403485592041,0.106,0.039,3.40644600058145e-09,"OPHN1"
9.60160343745099e-14,0.697505484537752,0.167,0.079,3.5166832750008e-09,"FAM122A"
9.82627885150814e-14,0.319264089121701,0.446,0.3,3.59897289215337e-09,"UBA1"
9.88131513260627e-14,0.312914267253212,0.225,0.12,3.61913048046837e-09,"H3C4"
9.92875941501831e-14,0.361074113894829,0.253,0.14,3.63650742334461e-09,"HMCES"
1.02624109525831e-13,0.791794283641659,0.118,0.047,3.7587106354931e-09,"ADAT1"
1.09472271604585e-13,1.35537475682153,0.104,0.039,4.00953141978954e-09,"ZSCAN2"
1.15711937399679e-13,-1.42545773160621,0.228,0.333,4.23806541920064e-09,"ABI1"
1.17682261275837e-13,-2.201875661418,0.084,0.174,4.31023050148881e-09,"MSN"
1.21230356782767e-13,0.598430195048342,0.183,0.092,4.44018304752561e-09,"CHML"
1.23790279300831e-13,0.357651647755077,0.198,0.101,4.53394276967222e-09,"DNAAF1"
1.26445965166448e-13,0.270327484712822,0.14,0.06,4.63120992018634e-09,"DSCAM-AS1"
1.27471152481625e-13,0.452787376253003,0.229,0.123,4.668758430792e-09,"RRP36"
1.29271999600296e-13,0.893475723070644,0.204,0.11,4.73471625736043e-09,"ACAT2"
1.33178329143432e-13,0.303565529671621,0.315,0.191,4.87778948320735e-09,"MIF4GD"
1.35842660954844e-13,0.313845935406932,0.26,0.148,4.97537330013213e-09,"UBA5"
1.36017858254619e-13,0.608891635559861,0.157,0.073,4.98179007643367e-09,"TMEM144"
1.39289293372719e-13,0.813161730790734,0.149,0.069,5.10160965906919e-09,"SELENOO"
1.40463592671238e-13,0.304097472674101,0.374,0.24,5.14461954517678e-09,"SCYL1"
1.40728492071258e-13,0.268768397760689,0.371,0.235,5.15432175060189e-09,"NUFIP2"
1.41106722044307e-13,0.437224123188652,0.189,0.094,5.16817480159478e-09,"C16orf87"
1.42549561779601e-13,0.459578293643173,0.461,0.329,5.22102024973968e-09,"DRAM2"
1.42897788418787e-13,0.345356836302167,0.323,0.197,5.2337743986265e-09,"PWWP3A"
1.43998984301903e-13,0.593592347041742,0.415,0.285,5.27410679904149e-09,"CISD1"
1.46380534161407e-13,0.692331983479054,0.144,0.064,5.36133344419568e-09,"AC002558.3"
1.54742825358706e-13,-2.13068659402762,0.094,0.186,5.66761072158797e-09,"EPAS1"
1.54827732480989e-13,0.358586971543587,0.244,0.136,5.67072052984869e-09,"CELSR1"
1.55429669238031e-13,0.294845840108061,0.536,0.374,5.69276706551213e-09,"COPS5"
1.56619918334848e-13,0.437490734645508,0.232,0.127,5.73636112893215e-09,"UBQLN2"
1.65502809294149e-13,0.469853732207237,0.284,0.165,6.06170589320751e-09,"ABHD17A"
1.68680340048254e-13,1.02233003226283,0.107,0.041,6.17808613460735e-09,"TAF4"
1.70183419675527e-13,0.385911148843049,0.544,0.43,6.23313792903585e-09,"TPBG"
1.73541205684699e-13,0.604229159370471,0.206,0.109,6.35612019940779e-09,"JMJD4"
1.73788297719508e-13,0.262258590004142,0.477,0.33,6.3651701922747e-09,"MOB4"
1.74630896104216e-13,0.790144048966974,0.121,0.049,6.396031200713e-09,"VASN"
1.76549411740629e-13,-1.79103211260676,0.124,0.221,6.46629875441229e-09,"ZNF395"
1.78329100122986e-13,-0.658619218482885,0.92,0.871,6.5314816211045e-09,"LMNA"
1.86254752583141e-13,0.927510777178366,0.115,0.046,6.82176656811011e-09,"TRIM39"
2.01273121930174e-13,0.836647522768928,0.125,0.052,7.37182936381455e-09,"COL27A1"
2.06977924517162e-13,0.403000185588298,0.358,0.227,7.58077346336557e-09,"AZI2"
2.11178161387367e-13,0.661658774074513,0.21,0.112,7.7346113389737e-09,"TMEM185B"
2.18959406719464e-13,0.445187629874063,0.225,0.122,8.01960723050709e-09,"ARHGEF11"
2.25709073795831e-13,-0.352085059180863,0.978,0.899,8.26682053684611e-09,"EDF1"
2.26557626475804e-13,0.511927131300854,0.229,0.124,8.29789962730281e-09,"EIF1AD"
2.30116224884724e-13,0.485370443661059,0.159,0.075,8.42823685262792e-09,"CDK5RAP1"
2.31362092013872e-13,1.04381035918955,0.131,0.057,8.47386798210008e-09,"DBF4"
2.36011576756926e-13,-1.94961970703248,0.081,0.172,8.64416001029916e-09,"H4C3"
2.48575818183686e-13,0.649011902429176,0.183,0.092,9.10433791679569e-09,"UBP1"
2.54352604532873e-13,0.719950892981882,0.151,0.07,9.31591849362102e-09,"UGGT1"
2.54698258236918e-13,0.63539422865311,0.132,0.056,9.32857840618535e-09,"HACD4"
2.57165955421076e-13,0.278118889365701,0.274,0.159,9.41896028325233e-09,"CDKN2AIP"
2.65075834483075e-13,0.759745392695082,0.14,0.062,9.70866751377712e-09,"UTP4"
2.65373307975071e-13,0.274438255570356,0.912,0.752,9.71956277789497e-09,"C12orf57"
2.67658662387937e-13,0.465595824600824,0.224,0.122,9.80326616862059e-09,"SETD3"
2.7139422557066e-13,0.5177632493209,0.145,0.064,9.94008490575100e-09,"AC012360.3"
2.78433750614778e-13,0.903596003042653,0.111,0.044,1.01979145500169e-08,"BLOC1S3"
2.83039796481154e-13,-1.5562504269453,0.202,0.298,1.03666155859188e-08,"EGLN1"
2.85921095977113e-13,0.567816552173699,0.185,0.093,1.04721460612578e-08,"PHC3"
2.86519170204388e-13,0.38317729027617,0.335,0.211,1.04940511279059e-08,"MOB2"
2.89738499591149e-13,1.2390087124845,0.131,0.058,1.06119622860254e-08,"SOCS5"
2.8979608211573e-13,0.513984794506625,0.203,0.108,1.06140713035707e-08,"SIPA1L2"
3.0201402133645e-13,0.710336447798155,0.255,0.149,1.10615655454688e-08,"PIGH"
3.04917824559105e-13,-1.47256309346627,0.151,0.253,1.11679202423018e-08,"GALE"
3.12134255320926e-13,0.330478292758789,0.382,0.251,1.14322292353842e-08,"MCFD2"
3.23913506611168e-13,0.696109337980842,0.186,0.096,1.18636560931406e-08,"OPA1"
3.30071793544089e-13,0.451771370825501,0.235,0.131,1.20892095103458e-08,"SMG7"
3.43059429389288e-13,0.751911915312988,0.191,0.099,1.25648946608121e-08,"ZNF302"
3.53524963879852e-13,0.463940588193267,0.252,0.144,1.29482053270635e-08,"FAM3A"
3.55059438735595e-13,0.620462131331662,0.215,0.118,1.30044070031299e-08,"ZNF609"
3.59809355846634e-13,-1.98947091978199,0.145,0.24,1.31783774672388e-08,"GBP2"
3.60986663055405e-13,0.328266442285934,0.39,0.25,1.32214975210673e-08,"CDK16"
3.66986273836682e-13,-0.746783053678533,0.546,0.585,1.34412392655423e-08,"SYF2"
3.67483775597019e-13,0.765910009305857,0.107,0.041,1.34594607650164e-08,"CABLES1"
3.70883668488314e-13,0.399236876915006,0.393,0.261,1.3583985242053e-08,"PSMA3-AS1"
3.77598171174902e-13,0.271131450015671,0.54,0.391,1.38299106174519e-08,"TUSC2"
3.78620216425983e-13,-1.7642594013604,0.079,0.17,1.3867344046818e-08,"BX890604.1"
3.84687360703577e-13,0.549422883881669,0.209,0.111,1.40895592731292e-08,"EIF2B3"
3.88083388213517e-13,1.12113207755328,0.133,0.059,1.42139421767083e-08,"KLHL7"
4.0688897332546e-13,0.734095899605651,0.243,0.139,1.49027155370183e-08,"TNFRSF14"
4.15180535873141e-13,-0.858689498687431,0.523,0.641,1.52064023068897e-08,"TFF1"
4.16010874200522e-13,0.610933336588431,0.203,0.108,1.52368142784683e-08,"BMPR2"
4.21716467400656e-13,0.704371100036719,0.169,0.083,1.54457873350164e-08,"ATF7IP2"
4.25162287865459e-13,0.562566337721272,0.208,0.114,1.55719939553603e-08,"FARSB"
4.63965119516651e-13,0.447643425511246,0.363,0.236,1.69931864674168e-08,"TSN"
4.7078359614403e-13,0.319169563258269,0.348,0.217,1.72429199923712e-08,"POLE3"
4.71665348677882e-13,0.736515259862736,0.204,0.111,1.72752150606761e-08,"FCMR"
4.75044552500422e-13,0.268278473714511,0.501,0.345,1.73989817798804e-08,"BBX"
4.92193067181046e-13,0.334860495613074,0.328,0.204,1.8027063278573e-08,"TFDP1"
4.95623526990141e-13,0.437911248533072,0.324,0.2,1.81527072995409e-08,"PEX16"
4.96712963646551e-13,0.410042118389301,0.231,0.127,1.81926090065186e-08,"KMT5C"
5.02227906732355e-13,0.366229735528788,0.335,0.21,1.83945993119792e-08,"DKC1"
5.14547650941983e-13,0.35891955927536,0.203,0.106,1.88458222634011e-08,"RGP1"
5.15844499511758e-13,0.639644824674749,0.174,0.086,1.88933206391177e-08,"NOL4L"
5.20990417983796e-13,0.754004621402053,0.198,0.105,1.90817950490745e-08,"NUDT3"
5.35505361508767e-13,0.740476399240194,0.172,0.086,1.96134193706201e-08,"RBM12"
5.55138343492621e-13,0.689096894057266,0.231,0.131,2.03324969687607e-08,"MRPS27"
5.58785727111619e-13,0.635739542262447,0.306,0.193,2.04660860411902e-08,"LTA4H"
5.61749344284929e-13,0.428073882300538,0.188,0.096,2.05746314837798e-08,"PARP6"
5.76308283684354e-13,0.437297818622362,0.193,0.099,2.11078671982232e-08,"TRIM26"
5.80513992763043e-13,0.477813569743303,0.325,0.205,2.12619054989392e-08,"RABL6"
5.84941839635867e-13,0.421936444482335,0.378,0.247,2.14240798185033e-08,"SCAMP2"
5.90556848736379e-13,1.35461644805022,0.11,0.044,2.16297351418186e-08,"LANCL1"
6.40353777557609e-13,0.538510076643524,0.126,0.053,2.3453597456825e-08,"FLYWCH1"
6.42973726388813e-13,-2.59243467781108,0.054,0.135,2.35495557027167e-08,"PELI1"
6.4598657648465e-13,0.386520930073106,0.256,0.145,2.36599043503268e-08,"SCYL2"
6.46325601635541e-13,0.60065505781212,0.2,0.106,2.36723214855033e-08,"ARID2"
6.47698153493838e-13,0.55578581367132,0.668,0.559,2.37225925698653e-08,"CCND1"
6.49684135463195e-13,0.314428983456763,0.319,0.195,2.3795331145475e-08,"ACTL6A"
6.5938538223913e-13,0.577779230597075,0.208,0.113,2.41506490098904e-08,"CROT"
6.64219959211879e-13,0.349021980997952,0.146,0.066,2.43277202260943e-08,"SDHAF4"
6.8282462984578e-13,0.489612016954357,0.297,0.185,2.50091348927315e-08,"LRPPRC"
7.03365080295848e-13,-1.31892174656828,0.099,0.196,2.57614494309157e-08,"MTURN"
7.15106616972281e-13,0.359302653869622,0.313,0.193,2.61914949532268e-08,"COIL"
7.25848676464487e-13,0.439149198929001,0.219,0.119,2.65849336241883e-08,"PCBP4"
7.35844161262592e-13,0.254418635866517,0.44,0.295,2.69510282504037e-08,"PPP1R12A"
7.59292084990016e-13,-0.67175497749594,0.765,0.704,2.78098319048443e-08,"MRPS21"
7.75609217164947e-13,0.509298422056506,0.199,0.105,2.84074631878833e-08,"CCDC97"
7.86445717912033e-13,-1.78998912756464,0.156,0.249,2.88043608642461e-08,"SHB"
8.12253072759246e-13,0.778095561923795,0.122,0.052,2.97495810428801e-08,"ASAP2"
8.15476022422957e-13,0.317329858874183,0.29,0.172,2.98676247972632e-08,"UBALD2"
8.31861759792038e-13,0.449758028082419,0.168,0.083,3.04677688141432e-08,"CTDSPL"
8.35194591548945e-13,-2.26862266840466,0.029,0.1,3.05898371100717e-08,"MARCKS"
8.44202697531528e-13,0.331107985133203,0.233,0.13,3.09197679997898e-08,"EOLA1"
8.5292217599124e-13,0.361384874352397,0.19,0.098,3.12391276178552e-08,"CBFB"
8.55559568127231e-13,0.284739524241697,0.347,0.215,3.13357247422279e-08,"PRRC2A"
8.60858962688058e-13,0.606130784654604,0.174,0.087,3.15298203674128e-08,"BCS1L"
8.94158687250111e-13,0.807284202569682,0.17,0.085,3.27494560792226e-08,"ABCB7"
9.02125076790546e-13,0.267996136214337,0.344,0.218,3.30412330625305e-08,"SPATS2"
9.27766580971238e-13,0.646029959020911,0.139,0.062,3.39803787946526e-08,"PTP4A3"
9.38483955059843e-13,0.517816294123329,0.202,0.108,3.43729133380218e-08,"ZNF585A"
9.53620374709026e-13,0.532066644150565,0.441,0.306,3.49272998440928e-08,"ERBB2"
9.66300515342781e-13,0.503360050197112,0.208,0.112,3.53917226749447e-08,"TBC1D7"
9.92010745689614e-13,0.348536060541969,0.431,0.3,3.63333855716278e-08,"INTS6"
9.94523638057671e-13,0.278987905543167,0.306,0.185,3.64254227675003e-08,"NTHL1"
1.01325867149088e-12,0.756022384887739,0.198,0.107,3.71116121020251e-08,"AP1B1"
1.02108567079445e-12,0.459489067151784,0.174,0.088,3.73982837785174e-08,"UBE3B"
1.02192461159555e-12,0.365836852514311,0.319,0.196,3.74290108242985e-08,"ENTPD6"
1.05067667545538e-12,0.914304511475022,0.124,0.053,3.84820839152288e-08,"GM2A"
1.06462961291862e-12,0.301930489628804,0.121,0.05,3.89931242027573e-08,"PABPC1L"
1.08198089855118e-12,0.66794141253893,0.146,0.067,3.96286323903354e-08,"TTLL7"
1.09596702410269e-12,0.664966648302811,0.199,0.105,4.01408882247852e-08,"LRG1"
1.1042238364531e-12,0.42268431448842,0.211,0.115,4.04433022339311e-08,"TSPAN4"
1.11617570469596e-12,0.993646375393639,0.129,0.057,4.08810513601941e-08,"PIP4K2B"
1.12022685357943e-12,0.570301932680587,0.265,0.158,4.10294287392001e-08,"COMMD9"
1.1346675872828e-12,0.341913859658657,0.272,0.162,4.155833505182e-08,"MLLT6"
1.16209733834973e-12,0.659830095905942,0.172,0.087,4.25629771143973e-08,"GKAP1"
1.16295854744539e-12,0.316946273870481,0.247,0.141,4.25945197587347e-08,"HIBCH"
1.17153250620536e-12,0.3285381326456,0.39,0.258,4.29085495722777e-08,"ZNF622"
1.18381955175707e-12,0.551137979379989,0.186,0.095,4.33585749026546e-08,"RRP9"
1.19550878885174e-12,0.499789220377921,0.171,0.084,4.3786704900484e-08,"AP5B1"
1.1965893025245e-12,0.323034498063359,0.235,0.132,4.38262797942624e-08,"ASNSD1"
1.28562405711808e-12,0.387321203223841,0.569,0.437,4.70872667160067e-08,"TCP1"
1.30437979657707e-12,0.374535788317452,0.324,0.202,4.77742144294317e-08,"ATL3"
1.36660213355563e-12,-2.29010573117246,0.136,0.227,5.00531697436084e-08,"TRAFD1"
1.38806229737651e-12,0.450172868815747,0.192,0.1,5.08391697037122e-08,"ALAS1"
1.39474981344682e-12,0.410762227131074,0.267,0.159,5.10841066673031e-08,"TRPC4AP"
1.43702246270636e-12,-1.69382560296312,0.106,0.199,5.26323847190832e-08,"TRIP10"
1.45846477571788e-12,-1.90910104621801,0.053,0.134,5.34177308754432e-08,"AP003498.2"
1.48569520432215e-12,0.32847358677534,0.284,0.169,5.4415072553503e-08,"ASCC2"
1.49560467555171e-12,-1.5412030535546,0.147,0.242,5.47780168467569e-08,"RBM7"
1.50017355311735e-12,0.901345397144377,0.183,0.097,5.49453565564761e-08,"TMEM116"
1.51973608261382e-12,1.00736549885097,0.112,0.046,5.56618537618139e-08,"AC104695.3"
1.52895857062967e-12,0.307256260403365,0.406,0.276,5.59996366078824e-08,"KLHDC2"
1.54906933084833e-12,0.289054921603011,0.59,0.432,5.6736213311651e-08,"IGBP1"
1.59916297651579e-12,0.415957985526375,0.389,0.258,5.85709431778674e-08,"RNASE4"
1.62505264501336e-12,0.625781056314442,0.141,0.065,5.95191781762593e-08,"EXOC2"
1.68521143027964e-12,0.51743200594021,0.247,0.144,6.17225538454223e-08,"LMF2"
1.71140966495831e-12,0.29995487434239,0.341,0.218,6.26820903887631e-08,"RDH11"
1.71251407708116e-12,0.32038135955562,0.377,0.246,6.27225405871745e-08,"ACLY"
1.73121907684313e-12,0.789928106953228,0.122,0.052,6.34076299084566e-08,"ZNRF1"
1.75214796301157e-12,-1.87802064749094,0.068,0.152,6.41741712932617e-08,"IL4R"
1.75398665906621e-12,0.550294554996619,0.179,0.091,6.42415153749589e-08,"ZNF335"
1.80673744455394e-12,0.430527688903042,0.279,0.17,6.61735656442327e-08,"ZNF33A"
1.83107119386655e-12,1.0185613573933,0.165,0.084,6.70648135465561e-08,"SMARCA1"
1.85527957211372e-12,0.996595544365265,0.327,0.226,6.7951469608237e-08,"CYP4X1"
1.88410417017142e-12,-2.09226412578016,0.203,0.288,6.90071993366986e-08,"RHOH"
1.92509527582597e-12,0.300160808346112,0.415,0.278,7.05085395724018e-08,"BAZ1B"
1.95660163975223e-12,0.61481766297167,0.165,0.082,7.16624916575652e-08,"KIAA1109"
1.95857891600969e-12,0.789391557761335,0.147,0.07,7.17349113777707e-08,"ASS1"
1.9619094355482e-12,0.743203868696606,0.16,0.079,7.18568949863882e-08,"TOGARAM1"
2.00459805428497e-12,-1.30901518192821,0.228,0.324,7.34204083362414e-08,"CDKN1B"
2.0112058759165e-12,0.308511939791128,0.436,0.301,7.36624264113176e-08,"IFT20"
2.03037240030099e-12,0.386806204450735,0.606,0.477,7.4364419533424e-08,"AP2B1"
2.06174320660596e-12,0.474198023426895,0.348,0.232,7.55134066851498e-08,"AC127526.5"
2.07148860487506e-12,1.1177078997673,0.14,0.066,7.58703416421539e-08,"STMND1"
2.1335651609278e-12,0.652334333123911,0.141,0.065,7.81439575841418e-08,"TMEM191B"
2.15415720469062e-12,1.06620326284574,0.116,0.049,7.88981617789988e-08,"TMEM8B"
2.19645936106019e-12,0.429431786828076,0.346,0.225,8.04475205581906e-08,"COMMD5"
2.20374943658262e-12,0.828752737775331,0.167,0.084,8.07145268642752e-08,"NSMCE3"
2.23071350889003e-12,0.351782525894664,0.784,0.643,8.17021129766063e-08,"PSMB3"
2.23905615750147e-12,1.03327697457239,0.116,0.05,8.20076708246488e-08,"LMNTD2"
2.24569398632611e-12,0.311167318545978,0.299,0.181,8.22507879431801e-08,"LMBRD1"
2.24875830006061e-12,0.645078569415602,0.143,0.067,8.23630214980201e-08,"SMC2"
2.27190904882555e-12,0.25440924789491,0.516,0.37,8.32109408222845e-08,"MFF"
2.27972603475811e-12,0.808134081103713,0.17,0.087,8.34972457490506e-08,"RWDD3"
2.28195355178273e-12,0.326776359465286,0.21,0.113,8.35788307875943e-08,"PIP4K2C"
2.30027554667498e-12,0.489329708484303,0.228,0.131,8.42498921725177e-08,"MRPL46"
2.31009043411333e-12,0.357324773355949,0.439,0.305,8.46093722398348e-08,"PFDN4"
2.31202153909265e-12,0.32758592093956,0.28,0.17,8.46801008908075e-08,"SH3GLB2"
2.42117404982337e-12,0.468693586140269,0.368,0.243,8.86779207488309e-08,"ARV1"
2.45500269080611e-12,0.725721372039074,0.171,0.087,8.99169285534647e-08,"SACM1L"
2.45781258545785e-12,0.401107500709753,0.366,0.24,9.00198437549793e-08,"LDLRAD4"
2.51217905219607e-12,0.879227279792846,0.113,0.047,9.20110699657331e-08,"CNNM4"
2.53423452012775e-12,-0.65448394978993,0.625,0.815,9.28188735341989e-08,"CD24"
2.59412331941911e-12,-2.70504116929208,0.044,0.119,9.50123606970443e-08,"TGM2"
2.60729249547978e-12,-1.68945312887326,0.105,0.197,9.54946949394424e-08,"AGRN"
2.61611846900123e-12,0.461896447649137,0.291,0.18,9.58179550456391e-08,"TOP2B"
2.62368545169603e-12,0.496830473736498,0.199,0.107,9.60951033538189e-08,"EP300"
2.69691960724534e-12,-1.09491790706193,0.55,0.558,9.87773775349677e-08,"CAST"
2.74279100326091e-12,0.297927295314157,0.591,0.44,1.00457463285434e-07,"BUB3"
2.78649773017133e-12,1.03810244561023,0.127,0.057,1.02058265865255e-07,"GLRB"
2.8406814597651e-12,0.398241107648789,0.246,0.141,1.04042799145357e-07,"PANK2"
2.84691405981762e-12,0.621149289499266,0.17,0.086,1.0427107435488e-07,"ZNF426"
2.85017183401639e-12,-1.36837128068882,0.202,0.3,1.04390393592684e-07,"C1orf198"
2.89603317521153e-12,0.389853897566795,0.31,0.193,1.06070111075298e-07,"MBD4"
2.97192906377393e-12,0.529313542138338,0.193,0.102,1.08849873889784e-07,"KMT5A"
2.97536878922292e-12,0.617438377167234,0.205,0.112,1.08975857274079e-07,"FAHD2B"
3.0316269779159e-12,0.426061271058006,0.169,0.085,1.11036369693148e-07,"SPHK2"
3.1698638130967e-12,0.51228813815393,0.248,0.146,1.1609943201848e-07,"DCAF12"
3.1748008820778e-12,1.11908142860017,0.11,0.046,1.16280257106982e-07,"SS18L1"
3.18663987451948e-12,0.450521253920286,0.265,0.156,1.1671387204415e-07,"ILKAP"
3.18819772977799e-12,0.546911986724572,0.227,0.13,1.16770930050849e-07,"PGGT1B"
3.19576814341055e-12,0.448941458340123,0.292,0.18,1.17048204020555e-07,"LRIF1"
3.24600345508304e-12,0.318225250491048,0.962,0.856,1.18888122545872e-07,"HINT1"
3.36231432724828e-12,0.739156301087282,0.128,0.057,1.23148124549795e-07,"C7orf25"
3.3837103911951e-12,0.825006336655588,0.103,0.041,1.23931776787912e-07,"PPP2R5D"
3.38432501503001e-12,0.26043603268531,0.494,0.346,1.23954288000489e-07,"ZNHIT3"
3.44884298791042e-12,0.64421653697143,0.181,0.094,1.26317323275207e-07,"MATN3"
3.53872128770706e-12,0.569924634993659,0.148,0.071,1.29609205883559e-07,"DDX19B"
3.56037474003969e-12,0.512235467846954,0.204,0.111,1.30402285228694e-07,"OSGIN2"
3.71144035682934e-12,0.702970561095115,0.218,0.123,1.35935214509231e-07,"MIRLET7BHG"
3.82311159347359e-12,0.288801839859551,0.363,0.234,1.40025285222564e-07,"UBE2Q1"
3.87990150700439e-12,0.461296286231915,0.158,0.077,1.42105272595543e-07,"RFT1"
3.93647205400946e-12,0.416914874207628,0.18,0.093,1.4417722545015e-07,"STAT2"
3.9633397624009e-12,-0.292756107608541,0.973,0.908,1.45161282137695e-07,"EEF1D"
3.96865598983148e-12,0.358151695174263,0.142,0.065,1.45355994283568e-07,"CCDC88B"
3.98088108853664e-12,0.454842107075493,0.242,0.141,1.45803750748743e-07,"STX7"
4.03111999482426e-12,0.384768571934458,0.302,0.188,1.47643800930433e-07,"PGD"
4.05260427003353e-12,0.350062865192169,0.249,0.144,1.48430683994248e-07,"PEX11B"
4.14900374876425e-12,0.392235486161713,0.173,0.088,1.51961411302239e-07,"FRAT2"
4.185510785357e-12,0.781287925494961,0.11,0.045,1.53298518024485e-07,"DNAJC3-DT"
4.19784914925599e-12,0.533781824907998,0.125,0.055,1.5375042294065e-07,"ATMIN"
4.32699242962357e-12,0.409409239535103,0.291,0.181,1.58480424727393e-07,"PPP4R3B"
4.33129768768605e-12,0.772502061693681,0.123,0.054,1.58638109109189e-07,"SLC35A5"
4.33206853238536e-12,0.507579941439407,0.185,0.097,1.58666342067146e-07,"PCYT2"
4.34512056717789e-12,0.757648586912346,0.291,0.188,1.59144385893458e-07,"C12orf75"
4.39330054765342e-12,0.729046243572231,0.107,0.044,1.60909025858354e-07,"OAS3"
4.55636379605422e-12,0.473313380345466,0.245,0.144,1.66881380394282e-07,"ST20"
4.62958726034384e-12,0.255639469703934,0.163,0.08,1.69563262997354e-07,"SNRNP48"
4.69334072621733e-12,0.470649899566765,0.249,0.147,1.71898297438436e-07,"HOXC9"
4.76659934757491e-12,0.406560835241129,0.198,0.106,1.74581467704279e-07,"PACS1"
4.9001090040809e-12,-1.08526676639333,0.497,0.526,1.79471392383467e-07,"PEA15"
5.24266790461343e-12,-2.18347996732592,0.034,0.106,1.92017954674372e-07,"IL1RN"
5.31342119908819e-12,0.275865690264008,0.326,0.208,1.94609364837804e-07,"C17orf58"
5.3941906840255e-12,-2.5162755620377,0.038,0.11,1.97567627993118e-07,"CLPSL1"
5.56492427054467e-12,0.358032583489238,0.324,0.207,2.03820916332969e-07,"SNRPA"
5.60045122256719e-12,1.08980479161674,0.136,0.064,2.05122126477746e-07,"NXT2"
5.62617732851829e-12,-2.11779220065772,0.102,0.188,2.06064370834311e-07,"ATP2B4"
5.74051619319272e-12,-0.412809480922907,0.342,0.487,2.10252146091876e-07,"ARHGDIB"
5.8795490282731e-12,-1.54744765976955,0.217,0.305,2.15344362709531e-07,"CLMN"
5.93331097496278e-12,0.848799453834812,0.132,0.061,2.17313447768987e-07,"ZNF514"
6.05974380434909e-12,-1.49524258589955,0.134,0.228,2.2194417657809e-07,"PAK1"
6.09744520770108e-12,-2.18763490405567,0.056,0.133,2.2332502817726e-07,"PPP1R18"
6.22969868835157e-12,-2.07407466181456,0.034,0.105,2.28168944159565e-07,"CDC42EP3"
6.29300535796476e-12,0.446441745521759,0.303,0.19,2.30487614240817e-07,"PKN1"
6.32499810907677e-12,0.2584090972781,0.204,0.11,2.31659380743046e-07,"NOL11"
6.45174985279004e-12,0.255701013252596,0.293,0.177,2.36301790108288e-07,"ZSCAN18"
6.46739896669025e-12,-2.42774141791985,0.092,0.18,2.36874954553997e-07,"SNAPC1"
6.67038400899939e-12,0.298092188079384,0.475,0.335,2.44309484713612e-07,"EAPP"
6.8302699880556e-12,0.293087107377026,0.596,0.468,2.50165468582524e-07,"SEPHS2"
6.86263606201335e-12,0.418798927048534,0.577,0.449,2.51350908407301e-07,"TRIB1"
7.13017107418832e-12,0.349961313266134,0.37,0.243,2.61149645763221e-07,"NFKBIL1"
7.15346139872842e-12,0.978133034092449,0.16,0.082,2.62002677189827e-07,"CAMKK2"
7.27766296986913e-12,0.769067675203722,0.133,0.061,2.66551683934427e-07,"MON1B"
7.2881038561123e-12,1.7280763430252,0.131,0.064,2.66934091833969e-07,"CENPV"
7.33973988092805e-12,0.366521717297662,0.298,0.185,2.68825312878871e-07,"CDK13"
7.66079396573293e-12,0.257553941943683,0.293,0.178,2.80584239788934e-07,"ICAM3"
7.67141807796544e-12,-0.629712239456871,0.639,0.665,2.80973358523562e-07,"PPP4C"
7.68812033122497e-12,0.962270435480117,0.18,0.098,2.81585095251446e-07,"GSTM4"
7.85443566917913e-12,0.88997845078964,0.157,0.08,2.87676560819355e-07,"DYNLRB2"
7.90014563867834e-12,0.746915061365027,0.151,0.074,2.89350734162233e-07,"AC010336.7"
8.25047427248556e-12,0.40418368624433,0.223,0.126,3.02181870704056e-07,"FAM160A2"
8.54524839540232e-12,0.398232935162913,0.255,0.152,3.12978267730005e-07,"PSEN2"
8.6904048052299e-12,0.299825642653249,0.46,0.323,3.1829476639635e-07,"SCUBE2"
8.83898079832735e-12,-1.30662923473675,0.243,0.334,3.23736510719537e-07,"MREG"
8.84601571414198e-12,0.415780230480459,0.222,0.124,3.23994171546164e-07,"PRADC1"
8.90387944420118e-12,0.58594024785754,0.255,0.154,3.26113488523312e-07,"STAT1"
8.91673960889334e-12,0.252029978079647,0.326,0.209,3.26584504915328e-07,"HSD17B7"
8.93364488032264e-12,-2.10127204900781,0.039,0.111,3.27203677386697e-07,"PTPRE"
8.98064224920016e-12,-0.726655585846477,0.744,0.717,3.28925003019205e-07,"KDM5B"
9.48614266596031e-12,-1.80654197330326,0.034,0.105,3.47439461283462e-07,"ABCC3"
9.68641541963589e-12,0.576350811025132,0.161,0.081,3.54774651159584e-07,"GOLIM4"
9.73216658717508e-12,1.02184018428142,0.114,0.049,3.56450333421875e-07,"ABHD10"
9.84128224335814e-12,0.653654250838602,0.171,0.089,3.60446803445235e-07,"ZNF787"
1.00909243356151e-11,0.460388993631586,0.252,0.149,3.69590194716238e-07,"CCDC106"
1.0245466130901e-11,0.402182388864436,0.289,0.179,3.7525044251038e-07,"GMPPB"
1.04087956181861e-11,0.566967049366243,0.211,0.119,3.81232548311685e-07,"TBL3"
1.04395067790559e-11,0.268926864705521,0.299,0.185,3.82357375289703e-07,"VHL"
1.05176965912669e-11,0.789255126356059,0.157,0.079,3.85221155351741e-07,"TPRN"
1.05798323430317e-11,0.429993532709149,0.209,0.116,3.8749693939588e-07,"SLC25A44"
1.08280114139974e-11,0.562977681292614,0.152,0.074,3.9658674604907e-07,"ELK1"
1.09033705802111e-11,-1.31573295318769,0.212,0.309,3.99346850870813e-07,"EMP1"
1.09775044063094e-11,-2.22856457902103,0.047,0.121,4.02062076385488e-07,"DAPP1"
1.11230461933952e-11,0.503834358940442,0.2,0.11,4.07392689879293e-07,"C1orf210"
1.12480946001609e-11,1.33758354055371,0.104,0.044,4.11972712825492e-07,"SPATA17"
1.16421369097051e-11,0.334992686723041,0.187,0.099,4.26404906454858e-07,"FTSJ3"
1.16531875418e-11,-1.76205744020733,0.456,0.493,4.26809646905967e-07,"CSRP1"
1.17442051928538e-11,-1.30330403288083,0.261,0.347,4.30143259393462e-07,"NRBP1"
1.1754386957835e-11,0.265555268668172,0.415,0.284,4.30516176717663e-07,"BOD1"
1.18476752269418e-11,0.674483665425922,0.15,0.074,4.3393295286197e-07,"AC005562.1"
1.20922582583794e-11,0.363456679943473,0.251,0.149,4.42891050971403e-07,"ARSG"
1.21441668457667e-11,0.817421358324148,0.114,0.049,4.4479225489305e-07,"SETD1B"
1.22924970831629e-11,0.356284772467349,0.165,0.083,4.50224998167923e-07,"AC005921.2"
1.24352676936664e-11,0.379999293447788,0.278,0.169,4.55454114548227e-07,"PRAF2"
1.25109844218665e-11,0.257530320256276,0.267,0.16,4.58227315435283e-07,"CNP"
1.26060771731548e-11,0.597319119558504,0.193,0.105,4.61710182543967e-07,"SH2B1"
1.26302445573207e-11,-2.08762862473849,0.041,0.114,4.6259533715643e-07,"FUT11"
1.26532854539681e-11,0.374595005511862,0.224,0.128,4.63439233037037e-07,"AC058791.1"
1.29962725250929e-11,0.901480798682284,0.151,0.076,4.76001477504052e-07,"ARHGEF37"
1.31134632218812e-11,0.796260423660051,0.151,0.076,4.80293703964621e-07,"ZBTB42"
1.38793601961054e-11,-0.341699363876153,0.957,0.908,5.08345446542556e-07,"RPL5"
1.46417463147189e-11,0.547740272896629,0.211,0.118,5.36268600522894e-07,"PINK1"
1.579108086907e-11,0.322166633760107,0.213,0.12,5.78364127910558e-07,"MTMR4"
1.58982465049263e-11,0.537779000638094,0.124,0.056,5.82289176489431e-07,"ZNF586"
1.64082589639567e-11,0.2688505154282,0.871,0.71,6.0096889281388e-07,"CNBP"
1.71082439888409e-11,-1.75864978765465,0.107,0.192,6.26606544335286e-07,"TENT5B"
1.72046759725466e-11,-1.31221892608331,0.545,0.547,6.30138462170492e-07,"CAPN2"
1.73869832098206e-11,0.539490216466956,0.147,0.072,6.36815647042891e-07,"UEVLD"
1.75417666127732e-11,0.313814445996049,0.249,0.144,6.42484743959432e-07,"TMEM127"
1.77317242746366e-11,0.835638443371955,0.124,0.056,6.4944213328284e-07,"HGH1"
1.77582078857668e-11,0.48982134600155,0.282,0.18,6.50412122024096e-07,"STN1"
1.77735314896007e-11,0.977705594355582,0.116,0.051,6.50973364338117e-07,"TATDN2"
1.80140292238685e-11,0.85446897189871,0.116,0.05,6.59781834353406e-07,"DDX19A"
1.80589469886219e-11,-2.24010559820993,0.049,0.122,6.61426992405267e-07,"NFIL3"
1.83443457195657e-11,0.293147835222724,0.189,0.1,6.71880006324814e-07,"MEST"
1.85723445994657e-11,0.532511772900247,0.214,0.122,6.80230693300031e-07,"RNF113A"
1.90973158424764e-11,0.347430241283886,0.263,0.158,6.99458290046542e-07,"TCTN3"
1.93420095604939e-11,-0.433360850936291,0.981,0.924,7.08420442162651e-07,"CD63"
1.93590170790313e-11,0.824421762444479,0.16,0.083,7.09043359536602e-07,"OVOL2"
1.95334912326793e-11,0.433382109222749,0.191,0.105,7.15433649888114e-07,"ULK1"
1.95928581892502e-11,0.495565429077576,0.122,0.054,7.17608024039477e-07,"AP006621.3"
1.95957939998118e-11,0.476984655356556,0.227,0.131,7.17715551037107e-07,"SNX12"
1.97139923092865e-11,0.426805106501856,0.259,0.155,7.22044682319928e-07,"CRTAP"
1.98128534779513e-11,0.525301652633375,0.267,0.166,7.25665571483443e-07,"HSCB"
2.0007350143756e-11,0.309688312035451,0.173,0.09,7.32789206365207e-07,"CAPN7"
2.02467651918271e-11,0.448590002660524,0.239,0.14,7.4155802191586e-07,"COBLL1"
2.03517837887879e-11,0.266713255337425,0.474,0.333,7.45404433048147e-07,"BABAM1"
2.04022843142594e-11,0.348629741348688,0.269,0.164,7.47254065294065e-07,"ZNHIT2"
2.06448321855147e-11,0.447564951911152,0.211,0.118,7.56137623626663e-07,"UCK1"
2.06495318193435e-11,0.851086990840141,0.148,0.074,7.56309752415275e-07,"ME2"
2.0889475157798e-11,0.743803222414545,0.104,0.043,7.65097917129509e-07,"AC004556.3"
2.10934064228631e-11,0.263133317772085,0.232,0.133,7.72567103643783e-07,"ANKIB1"
2.18410646116826e-11,0.51436397941424,0.157,0.08,7.99950832467486e-07,"UBXN7"
2.19526388074206e-11,-1.84965104143656,0.078,0.159,8.04037348960589e-07,"FGF13"
2.20092465914351e-11,0.404450385964131,0.153,0.075,8.06110665657904e-07,"NCOA2"
2.24888540847813e-11,0.63032996501256,0.138,0.066,8.23676769709199e-07,"EARS2"
2.29165934080857e-11,-1.54637733963314,0.047,0.122,8.39343150164548e-07,"IL18"
2.29380830040219e-11,2.45230677245656,0.148,0.074,8.40130228105308e-07,"S100A9"
2.31529301047615e-11,-0.503471840460526,0.886,0.803,8.47999218016994e-07,"YBX1"
2.3284106243143e-11,0.312685981726746,0.294,0.185,8.52803675261354e-07,"ZNF326"
2.39028617849218e-11,0.618049649194236,0.233,0.138,8.75466215734547e-07,"RIN2"
2.40391773901316e-11,0.59729927899758,0.689,0.552,8.80458911090961e-07,"DANCR"
2.44179163768972e-11,0.469575652779757,0.204,0.113,8.94330605220235e-07,"FAR1"
2.45010053012306e-11,0.50070070538588,0.21,0.119,8.97373820162873e-07,"GCA"
2.45328026110043e-11,0.404519855361708,0.23,0.134,8.98538428430644e-07,"PBXIP1"
2.48833738279194e-11,0.360635074637059,0.168,0.086,9.11378449821376e-07,"RAB28"
2.52353433777036e-11,-0.432478872165083,0.836,0.78,9.2426968655177e-07,"VAPA"
2.63272886050228e-11,0.268530234080162,0.452,0.315,9.64263272447566e-07,"ERVK3-1"
2.64379169825141e-11,0.35898248160055,0.23,0.134,9.68315147401561e-07,"GRWD1"
2.65232006214093e-11,-1.69863743094713,0.12,0.208,9.71438745959735e-07,"KLF5"
2.66842220936891e-11,0.641862358837262,0.19,0.104,9.77336318403459e-07,"MKKS"
2.83970391127903e-11,1.45502214852199,0.113,0.051,1.04006995454506e-06,"INPP5J"
2.89505402018145e-11,-1.66865280974994,0.131,0.218,1.06034248543166e-06,"PNP"
2.896685893089e-11,0.877888601619172,0.151,0.077,1.06094017520278e-06,"ZNF33B"
2.96586094292611e-11,0.463039672556313,0.305,0.198,1.08627622895612e-06,"NSUN5"
3.01477437206126e-11,0.658961297482616,0.185,0.102,1.10419126151116e-06,"DMTF1"
3.05237680862107e-11,0.440458622261661,0.395,0.273,1.11796352992555e-06,"HPRT1"
3.0696347185055e-11,-1.2981154683305,0.158,0.253,1.12428441199982e-06,"SMYD3"
3.07016614270716e-11,-1.11215555242161,0.495,0.516,1.12447905142793e-06,"ABRACL"
3.10627113886585e-11,0.382099799518118,0.168,0.087,1.13770286732101e-06,"MOSPD1"
3.17650918734779e-11,0.428882970622431,0.249,0.147,1.163428254958e-06,"RBM15B"
3.20386595087947e-11,0.308892958065896,0.204,0.112,1.17344794316912e-06,"PDE12"
3.25511662654805e-11,0.26201274592728,0.277,0.17,1.19221901563949e-06,"GMPPA"
3.34069254509376e-11,0.336699933047555,0.305,0.191,1.22356205156604e-06,"CCPG1"
3.37618089478554e-11,0.576113396210276,0.206,0.119,1.23656001452415e-06,"ACYP1"
3.3827958159806e-11,-0.887304019654197,0.794,0.75,1.23898279556105e-06,"SQSTM1"
3.39161311639188e-11,-1.18942188158679,0.253,0.338,1.24221222000969e-06,"DCUN1D5"
3.39804076879789e-11,0.323192505543541,0.215,0.121,1.24456641197991e-06,"MIR3936HG"
3.44744605383544e-11,-1.908890536411,0.062,0.139,1.26266159167777e-06,"NPC1"
3.49341075665001e-11,0.429824055026688,0.2,0.111,1.27949662373063e-06,"USP4"
3.51873080920924e-11,0.26167906872181,0.479,0.336,1.28877034618098e-06,"TIMM9"
3.54518467196652e-11,0.660279726451807,0.15,0.076,1.29845933795446e-06,"ZNF621"
3.83154772605174e-11,-1.55009547173864,0.244,0.323,1.40334267014371e-06,"MAP2K1"
3.83598933913788e-11,0.383346068538145,0.27,0.167,1.40496945535264e-06,"NBR1"
3.93156992388904e-11,0.454002288130339,0.282,0.178,1.4399768003236e-06,"COPS4"
4.08320935920175e-11,0.31622616058265,0.358,0.241,1.49551625990123e-06,"NUMA1"
4.09034818073664e-11,0.559272393856426,0.195,0.108,1.4981309246766e-06,"MAPK8IP2"
4.13179138996018e-11,0.4404260759486,0.151,0.075,1.51330991448682e-06,"BX284668.5"
4.21096356164312e-11,0.727408749542011,0.137,0.066,1.54230751408741e-06,"HSDL1"
4.23100534633451e-11,0.505997798488195,0.224,0.131,1.54964801814848e-06,"ITGB3BP"
4.2409885445319e-11,0.603726594577845,0.153,0.077,1.55330446432025e-06,"MACROH2A2"
4.27402240779806e-11,0.425189770514074,0.277,0.174,1.56540344708012e-06,"SNX2"
4.32515747417535e-11,0.33234139026447,0.286,0.178,1.58413217649146e-06,"MRPL48"
4.38028171507508e-11,0.90087936155098,0.136,0.066,1.6043219809634e-06,"CHAMP1"
4.4495176928179e-11,0.707353561946673,0.155,0.08,1.62968035017148e-06,"PTPN6"
4.53746885304452e-11,-1.14552781396463,0.311,0.387,1.66189334211609e-06,"VCL"
4.68080432139893e-11,0.970099479227225,0.221,0.134,1.71439139075557e-06,"MACIR"
4.85826676569511e-11,1.13648877111324,0.106,0.046,1.77938878560349e-06,"PARD6A"
4.86158455978126e-11,0.359560394843186,0.304,0.195,1.78060396086548e-06,"UBL7"
4.98026842865802e-11,0.470219523148739,0.213,0.121,1.82407311468029e-06,"IGFBP5"
5.06102737828305e-11,-1.02608247193586,0.572,0.583,1.85365188756995e-06,"PRSS8"
5.08759329259488e-11,-1.59334683306519,0.097,0.182,1.8633819193458e-06,"KCTD9"
5.21309950820425e-11,0.677610599052591,0.547,0.428,1.90934982587489e-06,"COMMD3"
5.23006148491114e-11,-1.88046385273052,0.08,0.159,1.91556231946355e-06,"RCAN1"
5.30065247588555e-11,-0.267025905693676,0.345,0.226,1.94141697581784e-06,"HSPA6"
5.36933143272649e-11,0.321898505594338,0.276,0.169,1.9665713305504e-06,"BOP1"
5.56800522548955e-11,0.593822980846336,0.244,0.152,2.0393375938878e-06,"LAMA5"
5.62990658986467e-11,0.50371848846774,0.206,0.118,2.06200958760383e-06,"RNF168"
5.80734281459641e-11,0.290180859089035,0.418,0.29,2.12699737927408e-06,"MRPS18C"
6.10652161345444e-11,0.883835495635138,0.114,0.052,2.23657460614382e-06,"LRRC73"
6.1485336181403e-11,0.794405282221416,0.204,0.118,2.25196192298006e-06,"LINC00667"
6.21981055670502e-11,0.537191021240536,0.151,0.077,2.27806781449878e-06,"CELSR2"
6.2267928632927e-11,-1.17182466138102,0.263,0.345,2.28062515410958e-06,"RDX"
6.42243709221274e-11,0.28528096787005,0.294,0.186,2.35228180939384e-06,"GAK"
6.63241628747373e-11,0.296995997692122,0.348,0.23,2.42918878945013e-06,"ABI2"
6.6519377716482e-11,0.496257356617275,0.21,0.121,2.43633872824387e-06,"PAM"
6.83891115271114e-11,0.429366334967437,0.218,0.127,2.50481959879198e-06,"PHKB"
7.00291863210994e-11,0.655106935502168,0.17,0.092,2.56488897819659e-06,"GGH"
7.09443979178339e-11,0.668080348395638,0.172,0.093,2.59840951813858e-06,"SEPTIN1"
7.18643132392016e-11,-0.749865884732239,0.676,0.79,2.632102336699e-06,"AZGP1"
7.29093808909637e-11,0.393882380538671,0.415,0.296,2.67037898451244e-06,"MTLN"
7.34509993404614e-11,0.684929263141604,0.124,0.058,2.69021630184374e-06,"PHF21A"
7.38843274245845e-11,0.626424551545499,0.124,0.058,2.70608737625283e-06,"CSNK2A2"
7.40414340897206e-11,0.258334907194744,0.478,0.347,2.71184156497011e-06,"NAP1L4"
7.57840901539244e-11,0.977714370424741,0.103,0.044,2.77566808597763e-06,"PHTF1"
7.84587003488582e-11,0.47325364318238,0.155,0.08,2.87362835897728e-06,"DSTYK"
8.05327472067421e-11,-1.23056324960862,0.094,0.18,2.94959239919414e-06,"CREB3L1"
8.06695058606689e-11,0.302807630698434,0.684,0.547,2.95460132165286e-06,"SLC25A39"
8.15249358512313e-11,0.638340988863206,0.129,0.061,2.9859323004872e-06,"TRIM69"
8.35767994672593e-11,0.365146951959838,0.289,0.184,3.06108385728784e-06,"EDEM3"
8.44465588926328e-11,0.44638083080024,0.208,0.119,3.09293966600157e-06,"MANSC1"
8.5264746219774e-11,0.369206631973521,0.283,0.177,3.12290659504544e-06,"ATN1"
8.54278500357879e-11,0.450530806013592,0.225,0.131,3.12888043541077e-06,"FRS2"
8.65800384761591e-11,0.328257240568298,0.259,0.157,3.1710804892278e-06,"PIAS3"
8.68362825276483e-11,0.287021174029458,0.676,0.519,3.18046568385765e-06,"KPNB1"
8.7472303619206e-11,0.485122139099694,0.189,0.104,3.20376059235704e-06,"AGAP2-AS1"
8.83071730750565e-11,0.32177208254344,0.909,0.781,3.23433852104702e-06,"SLC25A3"
8.85365557184295e-11,-1.72766999458066,0.043,0.113,3.2427398897432e-06,"GREB1L"
9.24094105721358e-11,0.706205901155375,0.132,0.064,3.38458707161505e-06,"KLHL20"
9.25292842854184e-11,-0.658068532453467,0.909,0.845,3.38897756623773e-06,"RHOA"
9.26690902147947e-11,0.898337261496297,0.166,0.09,3.39409809820707e-06,"RPAP2"
9.32017317384829e-11,0.372831370438787,0.229,0.137,3.41360662665368e-06,"MRPS9"
9.51251352637119e-11,-1.31212326347186,0.324,0.403,3.48405320416871e-06,"STC2"
9.64194356511323e-11,1.03147611592905,0.103,0.045,3.53145825015837e-06,"ATRN"
9.99258735429515e-11,-0.929941550924462,0.555,0.542,3.65988504438414e-06,"GSTK1"
1.00141161762571e-10,0.252133037455398,0.328,0.213,3.66777019071593e-06,"RNF141"
1.00730294444608e-10,0.373378383996949,0.253,0.153,3.68934776432823e-06,"ARSA"
1.03107695444118e-10,0.321487624694109,0.294,0.184,3.77642245333627e-06,"ATP2C1"
1.0368009923313e-10,0.441186547701954,0.151,0.078,3.79738731451261e-06,"BAP1"
1.04618518942675e-10,0.508141179910425,0.208,0.121,3.83175787479442e-06,"R3HDM2"
1.05326260774825e-10,0.664743130863437,0.161,0.086,3.85767962713875e-06,"PIGK"
1.05435934892594e-10,0.261139020486559,0.337,0.225,3.86169655137616e-06,"S100A1"
1.06551822688488e-10,0.722750148878398,0.142,0.071,3.90256705778856e-06,"MSH6"
1.095558294825e-10,0.859133024625347,0.114,0.052,4.01259181062603e-06,"TRAPPC11"
1.10951484225128e-10,0.41507863070018,0.193,0.108,4.06370906122953e-06,"GALK1"
1.12918617691801e-10,-1.08032427020345,0.469,0.508,4.13575729157991e-06,"PPP2R2A"
1.15006852670478e-10,1.17766094341845,0.118,0.055,4.21224098590893e-06,"LINC02482"
1.1666097454938e-10,0.286680665988186,0.278,0.174,4.2728248538456e-06,"SLC35A2"
1.18385085245965e-10,0.325527245453925,0.388,0.269,4.3359721322187e-06,"KDM4B"
1.18644165851609e-10,-2.41353077126499,0.078,0.155,4.34546121848102e-06,"EGOT"
1.21031915685798e-10,-1.85436556447755,0.186,0.262,4.43291494390803e-06,"SLC20A2"
1.2334101340374e-10,0.632124352751979,0.124,0.058,4.51748795692538e-06,"RNF39"
1.24336403249747e-10,0.374998405217663,0.219,0.128,4.55394510542524e-06,"RXRB"
1.26544217109647e-10,0.309064085385378,0.583,0.435,4.63480849585793e-06,"RALBP1"
1.26976600026976e-10,0.64586205898582,0.142,0.071,4.65064495258804e-06,"ZNF528-AS1"
1.29012642072592e-10,0.885957024653723,0.161,0.087,4.72521702855076e-06,"CPQ"
1.30138884049887e-10,0.490829862206486,0.153,0.079,4.76646676721115e-06,"CKAP5"
1.30988213275458e-10,-1.30357975787664,0.311,0.384,4.79757429942693e-06,"ZNF292"
1.31469941707101e-10,-1.52232687910824,0.54,0.525,4.81521808496426e-06,"MYH9"
1.35278928508214e-10,0.345656780042587,0.293,0.186,4.95472603554183e-06,"TXNDC11"
1.35778638108258e-10,0.522077703874516,0.28,0.181,4.97302839935305e-06,"TMEM69"
1.37595184022089e-10,0.269260290905206,0.291,0.184,5.03956120999303e-06,"ZNF131"
1.38583620399904e-10,0.465327931541379,0.172,0.094,5.07576368076688e-06,"FANCF"
1.38882237282555e-10,0.383732831007326,0.149,0.075,5.08670082271085e-06,"SETD6"
1.44727619168986e-10,-2.10916505306325,0.043,0.111,5.30079377968329e-06,"COL4A5"
1.46396656296676e-10,0.304098613022256,0.266,0.166,5.36192393352205e-06,"CWC27"
1.48680029305877e-10,0.273339306373891,0.315,0.2,5.44555475335705e-06,"DAG1"
1.55278672429022e-10,0.654862704457296,0.196,0.113,5.68723665638536e-06,"NSDHL"
1.56840186026799e-10,0.45708281721031,0.196,0.11,5.74442865341754e-06,"MARVELD2"
1.63489703390614e-10,0.878535340140949,0.24,0.153,5.98797387638463e-06,"HSPA2"
1.64383136566594e-10,0.35076977576021,0.398,0.288,6.02069675988807e-06,"PTGR1"
1.65013304617524e-10,0.835983637955659,0.124,0.06,6.04377729492144e-06,"AC060780.1"
1.6895161210734e-10,0.886293227235265,0.162,0.088,6.18802174504343e-06,"FAM228B"
1.6895623990792e-10,0.675010254153781,0.17,0.093,6.18819124286746e-06,"SENP2"
1.70890631805289e-10,0.56723712189862,0.183,0.102,6.25904028050051e-06,"UQCC1"
1.73549244728705e-10,0.250844597424083,0.399,0.271,6.35641463743356e-06,"EIF3B"
1.73893607184373e-10,0.409090390913066,0.157,0.081,6.36902725673483e-06,"NOP14"
1.73927526202806e-10,0.849869702011893,0.112,0.051,6.37026957470396e-06,"DGKE"
1.75541051273392e-10,-0.323238013614252,0.997,0.965,6.42936654393925e-06,"RPL10A"
1.7689148542837e-10,0.700394417221754,0.112,0.051,6.47882754529948e-06,"PAXIP1"
1.77329714062627e-10,-1.69214430945552,0.16,0.241,6.49487810725778e-06,"LAMC1"
1.80115019786452e-10,-1.39238695359558,0.206,0.29,6.59689271469859e-06,"ARHGEF2"
1.81805815786657e-10,0.45614079802583,0.203,0.119,6.65881980900209e-06,"CEP95"
1.82866544665114e-10,0.490066701225722,0.218,0.129,6.69767006490448e-06,"FAM199X"
1.83370984699974e-10,0.402911648318381,0.26,0.161,6.71614568562126e-06,"RIF1"
1.88214345740626e-10,0.319436473600396,0.377,0.254,6.89353862709618e-06,"SNX27"
1.93435429297989e-10,0.35706465051259,0.541,0.427,7.08476603346815e-06,"CTSB"
1.9600993799693e-10,-1.57284305581194,0.237,0.309,7.17905998907556e-06,"CORO1C"
2.01159432740456e-10,0.52608832509508,0.142,0.072,7.36766538355194e-06,"ZNF605"
2.02757146344358e-10,0.400807050700681,0.233,0.138,7.42618324200846e-06,"TMC6"
2.07843812038446e-10,0.250654022249639,0.615,0.475,7.61248745972011e-06,"SERTAD1"
2.12544220714477e-10,0.774420046559413,0.16,0.086,7.78464462788845e-06,"PDCL"
2.15348450927625e-10,0.614382737041432,0.163,0.087,7.88735236367521e-06,"SLC48A1"
2.20122344186061e-10,0.33078611268387,0.207,0.119,8.06220097815866e-06,"NCAPH2"
2.22871415074781e-10,-2.05036669741395,0.056,0.127,8.16288844852892e-06,"PRKAB2"
2.30740608640885e-10,0.585476468633633,0.113,0.052,8.45110553208105e-06,"RPARP-AS1"
2.30864567061222e-10,0.363686177043647,0.245,0.149,8.4556456331843e-06,"NFYB"
2.32754058413993e-10,0.537902140353096,0.131,0.064,8.52485014347091e-06,"PGS1"
2.34232435437755e-10,-0.786982397632406,0.662,0.641,8.57899718034321e-06,"EIF5B"
2.36351561252202e-10,1.12368524231723,0.1,0.044,8.65661228242316e-06,"ZNF512B"
2.39190915915767e-10,0.332151658469274,0.251,0.154,8.76060648633087e-06,"SHISA4"
2.41325452350267e-10,0.581802498209232,0.155,0.083,8.83878601778088e-06,"MAP4K3"
2.48122792982251e-10,0.25582637758644,0.236,0.141,9.08774541576793e-06,"SLC66A3"
2.51115849441737e-10,0.258412806232253,0.329,0.218,9.19736910165305e-06,"TFAM"
2.52560800146898e-10,0.254167314688542,0.251,0.152,9.25029186618027e-06,"BCAR1"
2.58734259541743e-10,0.288809957321129,0.216,0.127,9.47640098997589e-06,"XPOT"
2.6108486049121e-10,-1.59204077987248,0.133,0.215,9.56249410035105e-06,"GMDS"
2.64368565743807e-10,1.01729857601802,0.111,0.051,9.68276308893268e-06,"MOSPD2"
2.64522953589486e-10,0.272915357770439,0.436,0.303,9.6884176981685e-06,"SMARCB1"
2.65988916754792e-10,0.596146237739089,0.137,0.069,9.74211006506101e-06,"GALK2"
2.7496601381139e-10,0.64057540663847,0.18,0.101,1.0070905221856e-05,"TMEM245"
2.76295540781515e-10,0.380956095976981,0.319,0.211,1.01196004766638e-05,"COMMD2"
2.8497326358714e-10,0.615213617302529,0.131,0.064,1.04374307521426e-05,"TAF1"
2.95266498541763e-10,0.453136306541507,0.191,0.108,1.08144307755906e-05,"DGAT1"
2.97519383386835e-10,0.55136827085928,0.156,0.083,1.08969449359262e-05,"TAF9B"
2.97653650492018e-10,0.530939935786532,0.207,0.121,1.09018626029207e-05,"PRPS1"
3.00331826059912e-10,0.386323806943244,0.223,0.135,1.09999534612704e-05,"FN3KRP"
3.02140943921854e-10,0.375962224965388,0.2,0.115,1.10662142120818e-05,"KRIT1"
3.10241002532227e-10,0.549504989953801,0.127,0.061,1.13628869587453e-05,"FN3K"
3.105308284069e-10,0.490007859822387,0.116,0.053,1.13735021212311e-05,"CILK1"
3.10887406707921e-10,0.854587378107796,0.102,0.045,1.13865621580843e-05,"COX18"
3.29745853608227e-10,-2.16340963603874,0.037,0.101,1.20772716342549e-05,"TNFRSF10A"
3.29840295189019e-10,0.437454443239533,0.217,0.128,1.2080730651593e-05,"BRI3BP"
3.35273440716579e-10,0.359670164535066,0.208,0.122,1.22797250396854e-05,"KLHL42"
3.47266885138148e-10,0.39496986517834,0.193,0.11,1.27189969350698e-05,"PRKAR2B"
3.51970883506623e-10,0.532390100978363,0.201,0.116,1.28912855793136e-05,"DPP8"
3.52742519551869e-10,-0.858975149327716,0.601,0.609,1.29195475211068e-05,"CAP1"
3.59955292831968e-10,0.69073716063262,0.133,0.066,1.31837225552636e-05,"RBM41"
3.69047696380308e-10,0.741689978475459,0.123,0.059,1.35167409276252e-05,"C2orf27A"
3.75147806651995e-10,0.282789496525677,0.309,0.203,1.3740163566436e-05,"ARFGEF3"
3.77900566759712e-10,0.774196194165321,0.107,0.048,1.38409861581412e-05,"RALGAPA2"
3.81088720390575e-10,-1.39713127525099,0.206,0.284,1.39577554730252e-05,"ST14"
3.836682661463e-10,0.301979235687174,0.164,0.088,1.40522339158744e-05,"TMEM175"
3.85981502061769e-10,0.262069620206753,0.221,0.13,1.41369584945144e-05,"FUBP3"
3.88277141159007e-10,-0.723462664744941,0.885,0.784,1.42210385720898e-05,"UBE2D3"
3.91765701890214e-10,-2.48381665228879,0.195,0.269,1.4348810597431e-05,"KCNMA1"
3.96464730695966e-10,0.28640595126063,0.252,0.155,1.45209172264704e-05,"KIAA0319L"
4.05434652959636e-10,0.75485186297344,0.126,0.061,1.48494495992996e-05,"WDR77"
4.07221008252084e-10,0.388466565887674,0.265,0.167,1.49148766482408e-05,"SFXN4"
4.09241798666633e-10,0.85665553262458,0.163,0.089,1.49888901179641e-05,"C7orf26"
4.10471748325656e-10,0.290099187245269,0.369,0.254,1.50339382541755e-05,"TRIAP1"
4.15757013593547e-10,0.593611987832475,0.142,0.072,1.52275163798773e-05,"ERCC4"
4.18005495959651e-10,0.34337009650694,0.244,0.151,1.53098692950182e-05,"PES1"
4.27323891168682e-10,0.364456899066968,0.42,0.311,1.56511648379441e-05,"PPIC"
4.39215334600459e-10,0.814452991590493,0.119,0.057,1.60867008450764e-05,"PTPN4"
4.41266506862274e-10,-1.48800544346178,0.109,0.189,1.61618270803376e-05,"MGAT4A"
4.5387685129437e-10,0.800988799493903,0.147,0.077,1.66236935555076e-05,"MCM3"
4.58012674680811e-10,0.29502461701468,0.166,0.088,1.67751722228594e-05,"USB1"
4.63299786207107e-10,0.385534236037322,0.176,0.097,1.69688179696215e-05,"DUSP22"
4.65587020040865e-10,-2.26971414424179,0.04,0.103,1.70525901960167e-05,"CDC42EP2"
4.66074474835004e-10,0.603299118290898,0.259,0.168,1.70704437153069e-05,"TMEM243"
4.67574388466138e-10,0.309731267372492,0.141,0.072,1.71253795519608e-05,"FASTKD5"
4.7993129307307e-10,0.732309655912498,0.109,0.05,1.75779635400943e-05,"RNFT1-DT"
5.16995082486951e-10,0.87468190841162,0.116,0.055,1.89354618911671e-05,"GLE1"
5.22815318112216e-10,0.489414701896393,0.248,0.155,1.9148633841178e-05,"UNC45A"
5.28794133189796e-10,0.775380459663324,0.125,0.061,1.93676139222095e-05,"RRAGB"
5.28880586165697e-10,0.854058492534347,0.103,0.046,1.93707803489048e-05,"FAN1"
5.30790826669427e-10,0.302071103447757,0.301,0.197,1.94407448175944e-05,"CYBC1"
5.32500053111461e-10,0.454945425927976,0.284,0.19,1.95033469452604e-05,"ZMYND11"
5.34430803078272e-10,0.661930581258113,0.141,0.073,1.95740625935448e-05,"PTPN9"
5.41341510749581e-10,0.36174654787946,0.354,0.242,1.98271741727142e-05,"BECN1"
5.62230236296443e-10,0.489831481620433,0.124,0.06,2.05922446345935e-05,"SOGA1"
5.62296583726648e-10,0.328162167211846,0.248,0.153,2.05946746755722e-05,"MARVELD3"
5.66538620133069e-10,0.698871756248893,0.13,0.064,2.07500435009938e-05,"HEXD"
5.69420144048204e-10,-2.11235987715479,0.09,0.167,2.08555821959095e-05,"PEG10"
5.9321934817752e-10,0.741116582829001,0.109,0.05,2.17272518463498e-05,"DNAJC14"
5.94090719635144e-10,-1.92580513356146,0.048,0.115,2.17591666973568e-05,"ITPR3"
6.17377653605986e-10,0.933336558436721,0.104,0.047,2.26120739409728e-05,"MAP2K5"
6.19062111798136e-10,0.83938405199769,0.105,0.048,2.26737689067185e-05,"ZNF346"
6.21774720496541e-10,0.377584454736938,0.246,0.152,2.27731209129063e-05,"GALNT11"
6.22095252713874e-10,0.955485389668621,0.106,0.049,2.27848607258984e-05,"USP19"
6.41552941173769e-10,-1.3663611294975,0.109,0.191,2.34975180234305e-05,"FANK1"
6.44820444284555e-10,0.368704321904465,0.19,0.108,2.36171935923661e-05,"ZNF639"
6.66533864812342e-10,0.579316503709123,0.163,0.089,2.44124693326168e-05,"ABLIM3"
6.77661324738018e-10,0.847661518241193,0.129,0.064,2.48200236798546e-05,"IQANK1"
6.8240422612581e-10,-1.74822844746338,0.078,0.15,2.49937371860839e-05,"RAI14"
6.86605191547862e-10,0.3105110013592,0.186,0.104,2.5147601745632e-05,"MICALL2"
6.86878206305203e-10,0.579296980088655,0.122,0.059,2.51576011841344e-05,"RBMXL1"
6.91298901995886e-10,0.254306300310878,0.296,0.188,2.53195135845013e-05,"GNPTG"
6.97071405879395e-10,-1.28250436760044,0.205,0.287,2.55309373117387e-05,"RASEF"
7.01839559105764e-10,-1.8803866101114,0.06,0.129,2.57055756918077e-05,"SNX16"
7.06062294788825e-10,0.661363662677553,0.122,0.059,2.58602376089355e-05,"MKS1"
7.07869373652261e-10,0.748781306694446,0.225,0.143,2.59264236793877e-05,"SORBS3"
7.15884556602243e-10,0.288656037893036,0.189,0.106,2.62199877701138e-05,"POMGNT2"
7.2372941795319e-10,0.441186785676478,0.147,0.076,2.65073136619535e-05,"TMEM135"
7.38850730890974e-10,0.773612152347983,0.121,0.059,2.70611468696128e-05,"GNPDA2"
7.40076982680688e-10,-1.72164057825549,0.087,0.161,2.71060595676629e-05,"CSGALNACT2"
7.42166356589587e-10,-0.55479105261722,0.701,0.658,2.71825849764502e-05,"EIF3I"
7.46893962927679e-10,0.382545057361275,0.189,0.108,2.73557382861892e-05,"PAXIP1-AS1"
7.55690843484245e-10,0.847760489430871,0.128,0.064,2.7677932833454e-05,"MPND"
7.65446942483302e-10,0.25146941425196,0.134,0.066,2.80352597153934e-05,"HPS3"
7.76527185449647e-10,0.4811758193242,0.148,0.078,2.84410846942788e-05,"HIP1"
7.83142868703912e-10,0.732997078682608,0.155,0.084,2.86833907091495e-05,"ARHGEF3"
7.86172600022381e-10,0.586723238324103,0.152,0.081,2.87943576484197e-05,"ITFG2"
7.86672571858121e-10,0.805322941239534,0.125,0.061,2.88126696168755e-05,"TEFM"
7.98792369586322e-10,0.718422174316332,0.135,0.069,2.92565693284686e-05,"DUSP18"
8.06452009962197e-10,-0.785514390645461,0.645,0.65,2.95371113168754e-05,"TSC22D1"
8.13917299727202e-10,0.828933120781216,0.132,0.067,2.98105350198085e-05,"POMK"
8.17307283737373e-10,-1.64456767997507,0.049,0.116,2.9934696574165e-05,"NME5"
8.17793427899812e-10,0.30258206374073,0.34,0.227,2.99525020902585e-05,"BCKDHA"
8.18238074090811e-10,0.473978618882792,0.254,0.162,2.99687877016501e-05,"FAAH"
8.27496250014159e-10,0.29867577468304,0.279,0.181,3.03078776530186e-05,"ORC4"
8.49432231272134e-10,0.506801687004963,0.128,0.063,3.11113049025732e-05,"NUDT12"
8.5774779756768e-10,0.52707841834469,0.128,0.064,3.14158708337138e-05,"GNB5"
9.07648144347209e-10,0.611626096075327,0.251,0.164,3.32435209348609e-05,"PODXL2"
9.14870655617177e-10,0.561537124469696,0.212,0.128,3.35080526326347e-05,"HEIH"
9.20099523743628e-10,0.288805314191531,0.197,0.113,3.36995651566341e-05,"IP6K1"
9.36548681638755e-10,0.366645586260916,0.281,0.183,3.43020320137011e-05,"GNAQ"
9.58093751055797e-10,0.354017306098787,0.218,0.131,3.50911417261696e-05,"SNUPN"
9.60282381099847e-10,-1.50432250708076,0.093,0.17,3.5171302490163e-05,"BCAR3"
9.88153160062311e-10,0.281940548335373,0.202,0.118,3.61920976404422e-05,"FKBP2"
9.96931523107923e-10,0.364911493108278,0.132,0.066,3.65136139653508e-05,"MZF1-AS1"
1.00372028146167e-09,-1.53242276613879,0.09,0.166,3.6762259028815e-05,"AC093673.1"
1.00855089887147e-09,0.561554134241632,0.126,0.063,3.69391852220666e-05,"ATPSCKMT"
1.01372672748002e-09,1.14414549434359,0.105,0.049,3.71287551206833e-05,"LIN7A"
1.01804659786687e-09,0.627403544412176,0.15,0.081,3.72869746934719e-05,"INTS13"
1.01970841562567e-09,0.764799555082154,0.115,0.055,3.73478404307057e-05,"TTC38"
1.1003999965716e-09,0.32673939604321,0.297,0.194,4.03032502744314e-05,"SLC35B3"
1.10578383688634e-09,0.465319380465134,0.134,0.068,4.05004388097991e-05,"PBX2"
1.10806682675556e-09,0.842171146974743,0.115,0.055,4.0584055596749e-05,"AC046134.2"
1.11224310013045e-09,0.362375343222163,0.193,0.111,4.07370157853778e-05,"ERLIN2"
1.12828932534995e-09,0.283959900679462,0.545,0.408,4.13247248302672e-05,"TIMM10"
1.14275071158494e-09,-0.604586252807439,0.816,0.732,4.185438756251e-05,"CLDN7"
1.14300051762246e-09,-1.76780752294523,0.067,0.137,4.18635369584403e-05,"ACVR1"
1.1549906814858e-09,0.765053649860627,0.14,0.073,4.23026887000989e-05,"RASA1"
1.17293102075495e-09,0.342958750425346,0.212,0.127,4.29597715661708e-05,"FBXW4"
1.17815098972992e-09,0.361365050085185,0.191,0.11,4.31509581498481e-05,"C2orf68"
1.17818762465245e-09,-1.01025917459991,0.403,0.451,4.31522999405206e-05,"NECTIN4"
1.18893828200709e-09,0.728502563489354,0.13,0.067,4.35460535167916e-05,"KDM4C"
1.21106053043279e-09,0.355956576685764,0.249,0.157,4.43563029876313e-05,"BORCS8"
1.21210568269198e-09,0.585684868080006,0.164,0.092,4.43945827342765e-05,"NUP37"
1.25991473931111e-09,0.397307174986789,0.156,0.084,4.61456372420088e-05,"ZNF12"
1.27437888029012e-09,0.414770734657639,0.101,0.045,4.66754008695061e-05,"NEK8"
1.27785267932267e-09,0.467978637187338,0.218,0.135,4.68026322328721e-05,"GEMIN6"
1.32353034889606e-09,0.752280351616654,0.12,0.058,4.84756225586669e-05,"TAPT1"
1.33891706670846e-09,0.713142496133828,0.194,0.116,4.90391764852642e-05,"DPH5"
1.35443297726509e-09,0.794780190331181,0.115,0.055,4.96074622253113e-05,"ARMC7"
1.36656325258269e-09,0.439617539693831,0.2,0.118,5.00517456890934e-05,"POM121C"
1.37615492472427e-09,-1.47791341548433,0.067,0.138,5.0403050272951e-05,"WLS"
1.40602109997483e-09,-2.57424509337096,0.056,0.121,5.14969288076781e-05,"NIBAN1"
1.41817424923671e-09,-0.730924052412491,0.76,0.795,5.19420500525438e-05,"IER3"
1.42734470491159e-09,0.549542973789095,0.16,0.088,5.22779271620918e-05,"TAZ"
1.44472108054715e-09,0.688803020543336,0.115,0.055,5.29143542961199e-05,"TBC1D24"
1.46154457178811e-09,0.806901214974871,0.131,0.068,5.35305314863115e-05,"RGL3"
1.51086898334076e-09,0.478297795911124,0.18,0.102,5.53370873838387e-05,"TAF3"
1.51661122322616e-09,0.351566102064723,0.17,0.095,5.55474026618814e-05,"ALKBH6"
1.54983467547582e-09,0.463476610138975,0.134,0.068,5.67642448239776e-05,"ACD"
1.5779695006145e-09,0.55353769211346,0.106,0.05,5.77947109295067e-05,"DBT"
1.60306601796542e-09,0.367850000450361,0.168,0.093,5.87138959740014e-05,"AC022137.3"
1.62452529007661e-09,-2.12856081184841,0.162,0.236,5.94998632743458e-05,"SH3BP4"
1.63252742426251e-09,0.347812001555973,0.237,0.148,5.97929494410387e-05,"SEL1L"
1.66091201450817e-09,0.349376992301191,0.236,0.147,6.08325634433764e-05,"CSE1L"
1.66371023036655e-09,0.839181393536863,0.105,0.049,6.09350508974054e-05,"ABITRAM"
1.66720646177693e-09,-0.718607200156622,0.613,0.695,6.1063103869042e-05,"SMIM22"
1.71389936249112e-09,0.289636153256922,0.997,0.951,6.27732780505997e-05,"MT-ND3"
1.76077057127314e-09,0.44864784542975,0.147,0.078,6.448998294345e-05,"PYCR3"
1.77941718530223e-09,0.891600177130508,0.111,0.053,6.51729338288793e-05,"OGG1"
1.80967423297151e-09,-1.21307130433484,0.206,0.287,6.62811284568145e-05,"WDR43"
1.85420720599008e-09,0.519372854869907,0.116,0.056,6.79121931265925e-05,"ZNF561-AS1"
1.89887582874107e-09,0.599008875862217,0.168,0.097,6.95482261034704e-05,"ASCC1"
1.92464294809094e-09,-0.926119567361349,0.283,0.366,7.04919726167788e-05,"TSPAN3"
1.93378792773618e-09,1.1921067998826,0.113,0.055,7.08269166412653e-05,"NCKAP5"
1.93700604935869e-09,0.632536543562251,0.156,0.086,7.09447835638112e-05,"ASH2L"
1.94884690714562e-09,0.661036394429304,0.122,0.06,7.13784668211154e-05,"DNAJC22"
1.95815340848153e-09,0.634789645138733,0.124,0.062,7.17193267390444e-05,"PPAT"
2.02784065390497e-09,0.571954318182617,0.133,0.068,7.42716917899235e-05,"LEMD3"
2.08734634505531e-09,0.956276926349438,0.117,0.058,7.64511472339959e-05,"FPGT"
2.15579202386673e-09,-1.32610159613742,0.207,0.285,7.8958038666143e-05,"GSN"
2.17905283550187e-09,0.389878709040799,0.183,0.105,7.98099891530915e-05,"POM121"
2.2185392487011e-09,0.561267304714665,0.109,0.051,8.12562185229265e-05,"FBXO45"
2.22667179551608e-09,0.699873130289772,0.118,0.058,8.1554081182572e-05,"KBTBD4"
2.25712588779472e-09,0.329622012970138,0.193,0.112,8.26694927663694e-05,"ZRSR2"
2.26303302660261e-09,-0.600895312808414,0.615,0.612,8.28858476323473e-05,"CAMTA1"
2.26380394707012e-09,0.253288114853992,0.215,0.13,8.29140833653903e-05,"CHERP"
2.26760885740099e-09,0.323309370709463,0.206,0.123,8.30534420111687e-05,"COQ8B"
2.26898414256601e-09,0.426719541210827,0.279,0.183,8.31038132056229e-05,"TIMM23"
2.27567008717909e-09,0.377998807234897,0.201,0.12,8.33486926130213e-05,"MTIF2"
2.27985382025993e-09,0.557115816765165,0.117,0.057,8.35019260208402e-05,"CEP126"
2.28197049186373e-09,0.72387866621248,0.105,0.05,8.35794512350008e-05,"SETBP1"
2.42672311899133e-09,0.837960934255522,0.129,0.066,8.88811609561765e-05,"CTSO"
2.42684902326612e-09,0.464960177936627,0.194,0.114,8.88857723261448e-05,"THOC3"
2.48513610778609e-09,0.505761376029465,0.109,0.052,9.10205950837733e-05,"TDRP"
2.5640486728979e-09,-1.38593471354667,0.258,0.329,9.39108466935586e-05,"KATNBL1"
2.59619714841236e-09,0.311895319202039,0.298,0.2,9.50883167577512e-05,"MRPL10"
2.64481686546153e-09,0.380950431058936,0.26,0.168,9.68690625143939e-05,"CTDSP1"
2.64775503638806e-09,-1.62243537260895,0.09,0.163,9.69766759627491e-05,"FEM1C"
2.67737224881809e-09,-2.8890208354274,0.133,0.207,9.80614359852114e-05,"SCGB3A1"
2.67985643260636e-09,0.343773186791307,0.163,0.089,9.81524217006406e-05,"TMEM121"
2.69366672241522e-09,0.380897856166161,0.203,0.122,9.86582373751798e-05,"TRIM8"
2.7186054582428e-09,0.271798226903379,0.122,0.061,9.95716435136007e-05,"PCCA"
2.72834970253236e-09,0.4126209764863,0.161,0.09,9.99285362049503e-05,"CCDC51"
2.774145318229e-09,0.304352147102607,0.185,0.107,0.000101605846425455,"COG7"
2.78315385114658e-09,0.297458559591771,0.176,0.101,0.000101935792952095,"RSAD1"
2.85827814219376e-09,0.633924432683643,0.186,0.109,0.000104687295235989,"NFAT5"
2.94781949419103e-09,0.383199991867098,0.182,0.105,0.000107966836794241,"LRP11"
3.01235382249653e-09,0.303421740474508,0.152,0.082,0.000110330471102758,"NUDT19"
3.07599145951823e-09,-2.13440421381435,0.051,0.113,0.000112661263196315,"DUSP6"
3.12729344834676e-09,-1.14183913457351,0.236,0.314,0.000114540249839149,"GTPBP4"
3.18459353793382e-09,0.457958628656947,0.11,0.053,0.000116638922920364,"SMOX"
3.20102214808236e-09,0.301075897978895,0.199,0.117,0.000117240637195664,"HIPK1"
3.20488524724181e-09,0.60493387588061,0.123,0.062,0.000117382127065478,"SLF2"
3.20843797289119e-09,0.352410002114739,0.287,0.19,0.000117512249195113,"RBM26"
3.28546293850377e-09,0.483718120131955,0.256,0.166,0.000120333365585639,"DHCR7"
3.46737924674485e-09,0.418841597027747,0.166,0.094,0.000126996232291277,"CPSF2"
3.51183562545621e-09,-1.50499808142774,0.109,0.183,0.000128624491617959,"STK40"
3.51468037252145e-09,0.351342579036221,0.178,0.103,0.000128728683323971,"HCFC1"
3.5196297074201e-09,-1.21231162833611,0.179,0.258,0.000128909957663968,"MCUB"
3.54351195349235e-09,-1.94866823896944,0.065,0.131,0.000129784668808611,"ZCCHC2"
3.66997498270726e-09,0.399091939160992,0.185,0.108,0.000134416503716636,"ELMO3"
3.67593354178552e-09,-1.08645034568848,0.215,0.295,0.000134634741901436,"GMFB"
3.74730458802398e-09,-1.64453684200533,0.085,0.155,0.000137248777840966,"SLITRK6"
3.7597747772733e-09,0.447708381791526,0.113,0.054,0.000137705510992412,"KIAA1328"
3.76265365775833e-09,0.397795315533812,0.136,0.071,0.000137810952869056,"MBD5"
3.76487847496066e-09,0.283121137122958,0.162,0.089,0.000137892439023909,"KDM6A"
3.82786009693022e-09,0.314744359831928,0.276,0.18,0.000140199203910166,"SHMT2"
3.87821729701586e-09,0.878493287677991,0.1,0.046,0.000142043586720503,"DDX51"
3.88559677148472e-09,0.468600319233044,0.215,0.133,0.000142313867352399,"PPP3CB"
3.88847575312602e-09,0.437539901538945,0.123,0.062,0.000142419312933994,"NRBP2"
4.004432966373e-09,0.442150038293832,0.124,0.062,0.000146666361826378,"RHOU"
4.0651229389972e-09,-1.4687873053215,0.165,0.238,0.000148889192763712,"CYBRD1"
4.11918462347386e-09,0.315681043042797,0.184,0.108,0.000150869256019354,"FOXP4"
4.18404840549465e-09,-1.55394124955546,0.103,0.177,0.000153244956899647,"CCNO"
4.18940401907759e-09,0.490061050573009,0.238,0.151,0.000153441111602736,"ZNF3"
4.20958200520719e-09,0.400232816997738,0.128,0.065,0.000154180150522719,"SPRYD4"
4.23266692171949e-09,-1.72727392833963,0.062,0.127,0.000155025658674898,"SLC16A1"
4.27194388176868e-09,0.391834092332983,0.116,0.057,0.00015646421661366,"NBPF11"
4.28464536501876e-09,0.294587952439657,0.224,0.138,0.000156929421139177,"BBIP1"
4.32584021279832e-09,0.515079625959133,0.153,0.085,0.000158438223633951,"IDE"
4.4671807729431e-09,0.789703047063674,0.312,0.226,0.000163614962989814,"SLPI"
4.48878341176097e-09,0.716477227215957,0.118,0.059,0.000164406181239157,"POFUT1"
4.53565959665167e-09,0.422583607839093,0.118,0.058,0.000166123068386964,"ACSF3"
4.57407091399992e-09,0.457135023001115,0.157,0.088,0.000167529921296161,"PJA1"
4.69758033872927e-09,0.259457873232538,0.271,0.178,0.000172053577486298,"THUMPD3"
4.84122018321319e-09,0.657115471831092,0.153,0.085,0.000177314530430366,"MAP4K4"
4.85773131290614e-09,0.56684237424576,0.158,0.088,0.0001779192670665,"CCDC22"
5.03734709414613e-09,0.371147941400315,0.123,0.062,0.000184497874670196,"COG4"
5.05423493992649e-09,0.391164300765111,0.154,0.085,0.000185116408909747,"AP001160.1"
5.05448861224824e-09,-1.2934997732471,0.215,0.29,0.000185125699912204,"SYTL2"
5.24201441957843e-09,0.472155139315475,0.219,0.138,0.00019199402013148,"UBAC1"
5.28357532963789e-09,0.870858123776269,0.102,0.048,0.000193516230023317,"MPDZ"
5.5026453002704e-09,-0.26520051503886,0.998,0.993,0.000201539886767704,"RPL13A"
5.63683736996209e-09,0.398633216570606,0.181,0.106,0.000206454805512231,"ANKRA2"
5.63856888632857e-09,-0.300444028276191,0.998,0.966,0.00020651822403067,"MYL6"
5.70117776781891e-09,0.710099094702171,0.118,0.06,0.000208811336924136,"GGT7"
5.73343582235469e-09,0.348019456111976,0.199,0.119,0.000209992820429563,"TRMT2A"
5.73700350871868e-09,-1.34373759509559,0.104,0.18,0.000210123490510331,"MAP4K5"
5.77962104929583e-09,0.426711279867387,0.184,0.107,0.000211684400551509,"TMEM186"
5.93011621858941e-09,0.36037280768681,0.218,0.135,0.000217196436622056,"PPAN"
5.99628235724315e-09,0.591112252733052,0.188,0.113,0.000219619837616388,"IFT46"
6.09140467386357e-09,0.35402006487841,0.381,0.277,0.000223103787584927,"LYRM1"
6.1350079482765e-09,0.298831706915105,0.235,0.147,0.000224700801113575,"C1orf50"
6.23797018242494e-09,0.964289482516198,0.12,0.061,0.000228471895901496,"LINC01137"
6.26426092992365e-09,0.42182797955705,0.129,0.067,0.000229434820819384,"FAHD2A"
6.3829226601653e-09,0.65381803633766,0.147,0.081,0.000233780925351214,"LRP6"
6.39611098624148e-09,0.34333337699394,0.155,0.086,0.00023426396098208,"TRMT61A"
6.40615569911857e-09,-1.34429880646305,0.27,0.334,0.000234631858635917,"UBAP1"
6.4326383108895e-09,0.598040924500166,0.152,0.085,0.000235601810774639,"TMEM237"
6.52135821498005e-09,0.367128848911241,0.192,0.114,0.000238851265981859,"GATC"
6.70830351626459e-09,-1.58676891994244,0.048,0.11,0.000245698324586707,"BACH1"
6.72191559505477e-09,0.640745504321859,0.103,0.049,0.000246196880584476,"RBM19"
6.81128282254875e-09,0.552326615766055,0.141,0.076,0.00024947004465867,"C15orf65"
6.82896465635142e-09,0.349753320804916,0.206,0.126,0.000250117659503527,"KIFBP"
6.95985815929524e-09,-0.543079251441832,0.121,0.06,0.000254911764942348,"CYP1B1"
7.04319845616774e-09,0.565295661104524,0.179,0.105,0.0002579641866556,"GABPB2"
7.22170155908022e-09,-0.80754743116518,0.538,0.587,0.000264502041302872,"PKIB"
7.24336548677193e-09,-1.36985017747849,0.059,0.124,0.000265295504318509,"ACTR3B"
7.46142807976127e-09,0.553273842051839,0.148,0.083,0.000273282264849336,"CAMSAP3"
7.47093409293625e-09,-1.36193764879362,0.129,0.205,0.000273630432087883,"EXOSC10"
7.5344548521975e-09,-1.28793381631687,0.233,0.307,0.000275956943416586,"RIPK2"
7.56464138800984e-09,0.473389599651384,0.162,0.091,0.000277062555477248,"TENT4B"
7.62139910000872e-09,0.329550693866465,0.28,0.187,0.000279141363436919,"CCNH"
7.67529358229941e-09,0.438157599415081,0.184,0.108,0.000281115302745298,"PEMT"
7.68297361879179e-09,-1.37825516990258,0.15,0.224,0.000281396591761868,"RBMS1"
7.73450708036171e-09,0.491061520916359,0.206,0.126,0.000283284056325328,"SLC41A3"
7.74016400818522e-09,0.663465202964149,0.102,0.048,0.000283491246963792,"DOLK"
7.74471257066053e-09,0.268041679146023,0.212,0.13,0.000283657842613012,"CCNQ"
7.760822641456e-09,0.972583683608272,0.112,0.057,0.000284247890065968,"MORN4"
7.76131640686493e-09,0.630587555832674,0.128,0.067,0.000284265974717835,"GHDC"
7.8064159598766e-09,0.446921327984042,0.14,0.075,0.00028591779094644,"VPS8"
7.97065452516439e-09,-0.524375154840673,0.731,0.666,0.000291933192638671,"RAB25"
8.17131880203309e-09,-1.79033585300926,0.05,0.111,0.000299282722443264,"CMTM3"
8.29434784192412e-09,-1.68126357715767,0.19,0.259,0.000303788784058313,"TXNRD1"
8.30702780423571e-09,-1.80613612461146,0.047,0.108,0.000304253200357937,"LIF"
8.43815130367476e-09,0.883516598191588,0.116,0.059,0.000309055729648392,"DOCK1"
8.66669807743248e-09,-0.938137097474835,0.133,0.212,0.000317426483784042,"SHFL"
8.66976456939341e-09,0.362444573341115,0.284,0.19,0.000317538797118603,"RND1"
8.90098206310378e-09,-1.56036985867691,0.097,0.169,0.000326007369043239,"TANC1"
8.93572998794286e-09,0.420535984399764,0.113,0.056,0.000327280046538395,"AC091607.2"
9.18466955982794e-09,0.447246582049686,0.15,0.083,0.000336397707298258,"MFSD6"
9.2354560150671e-09,0.393358900063097,0.217,0.135,0.000338257812007848,"CYB561A3"
9.26835272715837e-09,0.345189220080877,0.156,0.088,0.000339462686984902,"PLA2G4C"
9.57816069560075e-09,0.270131198002318,0.273,0.179,0.000350809713637073,"AKAP8L"
9.65802793746244e-09,0.290234233946061,0.143,0.077,0.000353734931237499,"LSS"
9.75060252599023e-09,0.745460633687274,0.129,0.068,0.000357125568116918,"ACAD8"
9.83154160866835e-09,-0.335463825530103,0.936,0.87,0.000360090042959087,"HMGB1"
9.99590982162194e-09,0.65893823839391,0.109,0.054,0.000366110193126725,"DNASE1L1"
1.0172306567398e-08,-1.51188134825279,0.13,0.2,0.000372570900337519,"HSD3B7"
1.0188482130822e-08,-0.589118266776768,0.585,0.685,0.000373163346523487,"ATF3"
1.02153715253686e-08,0.292400122007183,0.175,0.101,0.00037414819748815,"MLH1"
1.03277346879125e-08,0.305175592058921,0.236,0.151,0.000378263610679482,"CYFIP1"
1.03750199418003e-08,-1.64885506590969,0.082,0.149,0.000379995480388378,"CADM1"
1.05545849334549e-08,0.583852543775211,0.128,0.067,0.000386572227772719,"SP2"
1.0628006858698e-08,0.518478073876272,0.132,0.07,0.000389261379206674,"APEX2"
1.09782964285713e-08,0.581296268291811,0.124,0.064,0.000402091084992851,"ACAD9"
1.11159601901178e-08,0.659903105806545,0.128,0.067,0.000407133157923255,"CARNMT1"
1.13896677865263e-08,-0.417779965206397,0.56,0.627,0.000417157972349314,"APP"
1.15642790395521e-08,0.324413724228741,0.204,0.123,0.000423553284102634,"PARN"
1.19203239144007e-08,0.673785727242729,0.116,0.059,0.000436593783688839,"MFSD8"
1.20113642994136e-08,0.259968825246944,0.32,0.217,0.000439928228830321,"CDK2AP1"
1.22410090214939e-08,0.257745966720272,0.201,0.12,0.000448339196421235,"NOM1"
1.22572837392695e-08,0.2762897714511,0.219,0.135,0.000448935274234484,"PRKCI"
1.25106010390751e-08,0.529018803256407,0.134,0.071,0.000458213273657163,"FAM193A"
1.25374693894693e-08,-1.01242616795235,0.359,0.41,0.000459197353858701,"BOLA2"
1.26287927304639e-08,-2.07553023882869,0.084,0.15,0.000462542162545969,"PDGFB"
1.26464452121742e-08,-1.64245153279208,0.087,0.154,0.000463188702341094,"B4GALT5"
1.3006291803399e-08,0.866270242308049,0.106,0.053,0.000476368443591291,"C2orf74"
1.31038942915621e-08,0.406675276840207,0.205,0.127,0.000479943232322753,"CLN6"
1.34868560484898e-08,-2.05454486192043,0.066,0.129,0.000493969589631987,"AHNAK2"
1.35511905957182e-08,0.403811223364132,0.162,0.094,0.000496325906758774,"MAN2C1"
1.40085059626841e-08,1.12077947130595,0.111,0.057,0.000513075539389269,"NCAM2"
1.43249644646013e-08,-1.80618268476072,0.091,0.16,0.000524666148480489,"NPY1R"
1.45781434219811e-08,-1.32263979709575,0.184,0.262,0.000533939080973478,"HERC4"
1.48794544911803e-08,-2.07310508285679,0.056,0.116,0.00054497490019397,"HIVEP2"
1.49735857435533e-08,-2.86872678431024,0.375,0.411,0.000548422551443383,"SOD2"
1.5038055383286e-08,0.453746680171594,0.201,0.124,0.000550783816468232,"NISCH"
1.50714554189115e-08,0.53916011440737,0.11,0.055,0.000552007126173051,"COX10"
1.5297725615132e-08,0.390413179477225,0.158,0.09,0.000560294498379824,"TMEM120B"
1.55970921303453e-08,0.693483126051623,0.111,0.056,0.000571259096366026,"GCNT1"
1.56760734322128e-08,-0.323114257129982,0.499,0.603,0.000574151865528224,"PHLDA2"
1.58510452151254e-08,0.329680819397816,0.13,0.068,0.000580560382049183,"LENG9"
1.59739924232355e-08,0.832741082961976,0.113,0.058,0.000585063446493423,"ANKRD46"
1.60593631569773e-08,0.416674314738613,0.267,0.179,0.000588190234987452,"TCAF1"
1.65986932697297e-08,0.593903845005192,0.154,0.088,0.000607943739697121,"ALYREF"
1.73263338420649e-08,0.325189631657085,0.28,0.188,0.00063459430329947,"OSTF1"
1.73425813395847e-08,0.343320415716925,0.266,0.178,0.000635189384143629,"PREB"
1.77798339047521e-08,-1.50795330000539,0.067,0.132,0.00065120419659545,"CAMK2D"
1.79677324173448e-08,0.419078528985012,0.252,0.164,0.000658086167517671,"NPRL3"
1.84277794413016e-08,0.561861328668646,0.135,0.074,0.000674935849817111,"THOC5"
1.84374638338296e-08,0.27994284636716,0.241,0.155,0.000675290550377842,"KLC2"
1.86435162714295e-08,-1.34261033955443,0.194,0.272,0.000682837426957376,"ITPRID2"
1.87313202914332e-08,0.432948557461301,0.173,0.103,0.000686053336994032,"FRMD6-AS1"
1.87481036439513e-08,-1.39693496650286,0.07,0.136,0.000686668044063361,"PLEKHG3"
1.93912462337589e-08,0.316691983473152,0.12,0.062,0.000710223784557652,"OGFOD1"
1.94146477548216e-08,0.280485175482999,0.23,0.146,0.000711080888668095,"RPUSD1"
1.94711870274296e-08,0.267221197588911,0.207,0.13,0.000713151696066637,"RETSAT"
1.97793303926397e-08,-1.81773440664792,0.061,0.122,0.00072443775496082,"MPZL3"
2.0106233245147e-08,0.360892957053207,0.139,0.075,0.000736410898836756,"PLEKHA6"
2.03628637096766e-08,0.265105995702135,0.121,0.062,0.000745810246230614,"HHAT"
2.11416817914035e-08,0.609093049189584,0.12,0.063,0.000774335237291943,"RCCD1"
2.12021300676822e-08,0.286956448453997,0.244,0.158,0.00077654921585893,"RABEP2"
2.17482351640757e-08,0.477564953122958,0.127,0.068,0.000796550861119438,"VPS52"
2.2130465001728e-08,0.503925985666756,0.222,0.143,0.000810550411153289,"DDX59"
2.27153562857427e-08,0.504489323711229,0.225,0.145,0.000831972639321613,"PPIL3"
2.28980848292597e-08,0.399568968102991,0.213,0.134,0.000838665254956465,"RAB3D"
2.31579202651512e-08,0.413044812079725,0.154,0.088,0.000848181987631427,"DHX16"
2.32467263793515e-08,0.348191857674218,0.216,0.137,0.000851434600370128,"ZC3H14"
2.3393887709212e-08,-1.66367621388044,0.145,0.213,0.000856824531237598,"USP12"
2.34219339652939e-08,0.361805112134121,0.167,0.097,0.000857851753412853,"DYRK1B"
2.3817078063146e-08,0.946856719162198,0.101,0.05,0.000872324301140787,"ZNF700"
2.42665181231978e-08,0.301803295996607,0.179,0.107,0.000888785492780241,"ALDH16A1"
2.47886346786954e-08,-1.37208094958529,0.434,0.461,0.000907908533741897,"CD55"
2.63878387482377e-08,0.862331531093723,0.104,0.052,0.000966480981992955,"SYCP2"
2.68372746456019e-08,0.340563155845973,0.185,0.112,0.000982942021169814,"DCTN4"
2.68614393528891e-08,0.674915867854113,0.101,0.049,0.000983827077738916,"ZNF529"
2.69293639268968e-08,-1.60715364676545,0.077,0.141,0.000986314883186522,"QKI"
2.69520673069729e-08,0.260636007003103,0.194,0.118,0.000987146417185191,"MYNN"
2.70530321571565e-08,0.715509842347548,0.154,0.089,0.000990844355788013,"TMEM79"
2.70656307845189e-08,0.374794884340949,0.22,0.138,0.000991305793113791,"TMEM68"
2.74159257645924e-08,-0.959812430817357,0.326,0.401,0.00100413569705396,"CD74"
2.74755996150013e-08,0.257340802451863,0.203,0.126,0.00100632131149904,"ULK3"
2.76912289719689e-08,0.404355092897901,0.235,0.154,0.00101421895232733,"CUX1"
3.2093793414912e-08,0.391893722037488,0.149,0.085,0.00117546727761457,"TCAIM"
3.34113659415432e-08,0.561168625773125,0.11,0.056,0.00122372468897496,"ZC3H4"
3.35888444990615e-08,0.511237493455303,0.155,0.089,0.00123022501862262,"SETMAR"
3.39725132693788e-08,0.409222052363356,0.166,0.098,0.00124427727100427,"POU2F1"
3.48073883394664e-08,0.671477844070389,0.114,0.059,0.0012748554053213,"DPY19L4"
3.60837206100289e-08,-1.43973068836023,0.061,0.122,0.00132160235106292,"ESPN"
3.66256795796468e-08,0.34171030905654,0.254,0.168,0.00134145214028414,"PIAS1"
3.66999129744134e-08,0.444677719987792,0.187,0.114,0.00134417101260087,"TYSND1"
3.69188134803232e-08,0.656270094735405,0.243,0.162,0.00135218846253032,"CPTP"
3.69854350205236e-08,0.543441380910803,0.138,0.077,0.0013546285430617,"TMCO4"
3.75736396167444e-08,0.482821122499043,0.182,0.11,0.00137617212460288,"EAF1"
3.78314677398901e-08,0.461738278971724,0.585,0.548,0.00138561533744121,"IFITM2"
3.79056406562671e-08,-1.27027613346421,0.553,0.539,0.00138833199467644,"WSB1"
3.91403799101219e-08,-1.34057381603641,0.333,0.383,0.00143355555458812,"BCL10"
3.9149272237171e-08,0.576926279743894,0.129,0.069,0.00143388124495863,"LIAS"
4.00121679748511e-08,0.632022295603494,0.131,0.072,0.00146548566424689,"TAPBPL"
4.16664219704851e-08,-1.28377085664221,0.17,0.242,0.00152607437109099,"LUZP1"
4.17421102956179e-08,0.275806123436776,0.286,0.195,0.0015288465316873,"C5orf24"
4.18922646935906e-08,0.502396623985967,0.142,0.079,0.00153434608666745,"CENPS"
4.30536439774751e-08,-1.35969212512221,0.267,0.329,0.001576882764319,"SLC2A1"
4.32782406717455e-08,0.361545934290571,0.148,0.085,0.00158510884284335,"TDRD3"
4.40877730893081e-08,0.393989568192206,0.168,0.099,0.001614758777169,"METTL1"
4.42276585783789e-08,0.376509491200509,0.213,0.135,0.00161988222309171,"RBM10"
4.48678123540207e-08,-1.25804668158106,0.62,0.614,0.00164332849527836,"NFKBIA"
4.48823985360518e-08,0.254404678381578,0.206,0.128,0.00164386272878143,"BRD9"
4.53632385647155e-08,-1.78299527907567,0.083,0.146,0.00166147397567127,"GJC3"
4.59487182222265e-08,0.269269377033674,0.204,0.126,0.00168291775360727,"CRCP"
4.63381402159541e-08,-1.28046111538597,0.193,0.259,0.00169718072354953,"BAIAP2L1"
4.69242837906909e-08,0.661880533714564,0.142,0.08,0.00171864881811785,"SLC25A51"
4.71457696166064e-08,0.459421533045667,0.137,0.076,0.00172676095797783,"DCUN1D3"
4.72594377769268e-08,0.374196443744798,0.482,0.376,0.00173092416801772,"TPRKB"
4.73890033944353e-08,0.516079850658249,0.14,0.078,0.00173566963832459,"PXN-AS1"
4.75882479205987e-08,0.485995358701292,0.132,0.072,0.00174296716833985,"MON2"
4.83929276912624e-08,0.392920893617257,0.103,0.051,0.00177243936962018,"MTFMT"
4.84715877631731e-08,-0.784690954846372,0.604,0.606,0.00177532037341398,"ANKRD12"
5.09358986129896e-08,0.295918132186489,0.174,0.103,0.00186557822259936,"ZNF574"
5.31250012570725e-08,0.289186490705761,0.244,0.159,0.00194575629604154,"RMDN3"
5.33618197187803e-08,0.570169105545458,0.104,0.052,0.00195443000902005,"BBS7"
5.36689682513446e-08,0.311794851907661,0.28,0.191,0.00196567963117375,"MXD4"
5.4572576969882e-08,0.285364367427732,0.241,0.157,0.0019987752040989,"MAD2L1BP"
5.5233633381296e-08,-0.903362161422512,0.612,0.579,0.00202298705622335,"CLTB"
5.55750852838903e-08,-1.00504759723074,0.153,0.228,0.00203549307360777,"CTXN1"
5.63942840644829e-08,-1.29239617283229,0.203,0.273,0.00206549704814575,"MAPK8"
5.67852867870891e-08,0.36060928601169,0.149,0.086,0.00207981791386393,"CNOT6L"
5.73281584341539e-08,-1.70943008513388,0.063,0.122,0.00209970113080932,"RORA"
5.74060074277842e-08,-2.03347248552335,0.054,0.111,0.00210255242805002,"LPAR6"
5.81148924367396e-08,-0.962027629677524,0.249,0.318,0.00212851605038802,"ADK"
5.81647211126254e-08,-1.81265176381289,0.047,0.102,0.00213034107547102,"MALT1"
5.83071870577485e-08,0.398780425887921,0.153,0.088,0.0021355590331771,"NCOA6"
5.94139043255146e-08,0.321022081907341,0.206,0.13,0.0021760936598263,"DGCR2"
6.05539004311856e-08,0.529865478461237,0.118,0.062,0.0022178471571926,"RARA-AS1"
6.46475582963389e-08,0.280044112319872,0.223,0.143,0.00236778147016171,"KIF16B"
6.8101427215442e-08,-1.00519917207968,0.055,0.114,0.00249428287319278,"TFAP2B"
6.87504550751039e-08,-1.49113326542116,0.243,0.299,0.00251805416758075,"CDCP1"
7.03159557430207e-08,0.664432366690322,0.113,0.06,0.00257539219504387,"HEATR5A"
7.03374045012935e-08,0.657838887687097,0.105,0.054,0.00257617777726438,"ATP2B1-AS1"
7.39660984299833e-08,-0.749708704730274,0.706,0.661,0.00270908232109657,"RHEB"
7.51200828240955e-08,-1.18517762995938,0.049,0.107,0.00275134815351532,"KLHL35"
7.62124865373934e-08,0.538502606263862,0.173,0.105,0.00279135853191857,"RNF216"
7.64014003243989e-08,-1.57716827298079,0.057,0.116,0.00279827768828143,"STAT5B"
7.64099862963447e-08,-0.910783306633784,0.608,0.571,0.00279859215808992,"RAB10"
7.91084170091922e-08,-1.72066581510203,0.058,0.116,0.00289742488137867,"RPS6KA1"
8.1650944020533e-08,0.458337911079499,0.201,0.128,0.00299054747569604,"FAM219B"
8.16628194850781e-08,0.475842477914563,0.205,0.132,0.00299098242646047,"CARS2"
8.20150331212042e-08,0.460212336116111,0.112,0.059,0.00300388260309722,"ZNF704"
8.3814317454724e-08,0.345117280163166,0.167,0.1,0.00306978319109672,"AP3M1"
8.46372066086144e-08,0.312498432617762,0.107,0.054,0.00309992232924711,"IGHMBP2"
8.58394077645521e-08,0.280443423181175,0.203,0.127,0.00314395414878449,"MRM2"
8.62988164463882e-08,-0.736818055145981,0.527,0.548,0.00316078045116542,"ATP1A1"
8.64710246611522e-08,0.526563913188563,0.149,0.087,0.00316708774923936,"RAB11FIP4"
9.26559727839772e-08,0.40204714153681,0.141,0.08,0.00339361765918595,"STK11"
9.3783435629644e-08,-1.92988377923885,0.059,0.116,0.00343491211337134,"GAD1"
9.73260941805017e-08,0.399710039779309,0.168,0.102,0.00356466552545506,"RSPH3"
9.81060976928489e-08,0.272126909278145,0.171,0.102,0.00359323393409828,"VARS1"
9.90410980523926e-08,-0.675603644702814,0.636,0.605,0.00362747925726693,"NUDC"
9.92181678641861e-08,-1.46889702407421,0.1,0.164,0.00363396461619368,"MPZL2"
9.96999988760564e-08,0.507803767780244,0.169,0.102,0.00365161215883444,"DTX3"
1.03129107377101e-07,-1.70243573339235,0.076,0.136,0.00377720668679369,"RHOF"
1.03535531045992e-07,0.470285594249944,0.119,0.064,0.00379209236009049,"ERBB4"
1.06292274945462e-07,0.301669825692246,0.162,0.097,0.0038930608621525,"ARHGEF7"
1.06482346508155e-07,-1.3509988126062,0.124,0.191,0.00390002242320768,"NFKB2"
1.06596294655052e-07,-1.10732876256204,0.649,0.591,0.00390419588803592,"ANXA5"
1.06807610912342e-07,0.8755622969191,0.102,0.052,0.00391193555727546,"POLR3F"
1.07052154647976e-07,0.271480726558395,0.311,0.221,0.00392089221613678,"RBM23"
1.09682799205743e-07,-0.87672031605085,0.364,0.413,0.00401724220370956,"DDA1"
1.09701836111166e-07,0.822966718216259,0.131,0.074,0.00401793944940755,"LIMK2"
1.10836617376181e-07,0.432251498233128,0.186,0.116,0.00405950194802001,"ENDOG"
1.13172193819605e-07,-2.01134216609268,0.049,0.104,0.00414504477083687,"USP54"
1.16421743847538e-07,0.294232145592525,0.194,0.121,0.00426406279015993,"BRCC3"
1.17547038847116e-07,0.31547893447047,0.419,0.318,0.00430527784481446,"SLC39A4"
1.23461666402646e-07,-1.07295310998215,0.312,0.373,0.00452190699366332,"WTAP"
1.23845276000212e-07,0.374129687836772,0.186,0.115,0.00453595707878376,"NUP42"
1.25280774642008e-07,0.423305522629136,0.129,0.071,0.00458853365203819,"BRD3OS"
1.30025762024278e-07,0.45089249480438,0.136,0.076,0.0047623235599012,"C19orf12"
1.35287738873636e-07,0.567377598506962,0.199,0.129,0.00495504872398579,"NTAQ1"
1.35549262074051e-07,0.276508326962628,0.198,0.124,0.00496462727272419,"WFS1"
1.38725697333564e-07,0.669237731669882,0.113,0.06,0.00508096739053911,"EDC3"
1.38930941007036e-07,-1.59333802202799,0.098,0.161,0.00508848464532369,"RASA2"
1.44409017952862e-07,-0.405781394833684,0.801,0.781,0.00528912469154152,"PTP4A2"
1.44867591851473e-07,0.277493375731228,0.369,0.271,0.00530592041915205,"JKAMP"
1.46279147932009e-07,0.675722641209705,0.114,0.061,0.00535762007215776,"DCAKD"
1.48842854926216e-07,0.439712661390719,0.16,0.095,0.00545151840452757,"MRGBP"
1.49550650895083e-07,0.52996697743902,0.108,0.057,0.00547744213968331,"SAP30L"
1.53356438382566e-07,0.281361156819818,0.245,0.164,0.00561683291219987,"ADSL"
1.58110958652562e-07,-0.831001643879856,0.444,0.469,0.00579097197160874,"SH3GLB1"
1.61038010380815e-07,0.525520055081695,0.272,0.191,0.00589817816820773,"FRA10AC1"
1.6162637022698e-07,0.477013342966684,0.233,0.158,0.00591972743593337,"PRR15"
1.6227574071092e-07,0.615374735314506,0.139,0.08,0.00594351127927815,"NEK11"
1.65932075126372e-07,0.360258201652381,0.221,0.144,0.0060774281835785,"SIKE1"
1.67946829060362e-07,-1.64701888833237,0.088,0.149,0.0061512205611648,"TEAD1"
1.82064137776266e-07,0.470356817636471,0.133,0.075,0.00666828111019351,"DGUOK-AS1"
1.83393828808248e-07,0.443359176423182,0.194,0.122,0.0067169823739309,"MAPK9"
1.90914485666692e-07,0.772891761594509,0.119,0.066,0.00699243395202826,"PIK3IP1"
1.91043945639098e-07,0.293031254213937,0.115,0.061,0.00699717555297762,"TNIK"
1.9296237815661e-07,-2.10622509081634,0.259,0.31,0.00706744006236401,"NDRG1"
1.93901953094373e-07,0.397161617761141,0.117,0.063,0.00710185293403451,"LINS1"
1.99712519537684e-07,-0.603172008571485,0.572,0.596,0.00731467074058722,"FAM162A"
2.01444436109814e-07,0.420159423925536,0.2,0.129,0.00737810391695805,"RFC2"
2.01668086507067e-07,0.338757302329264,0.138,0.079,0.00738629533640782,"ANAPC2"
2.01833720860194e-07,0.263631530656279,0.123,0.068,0.00739236186022545,"NEK9"
2.02157650598601e-07,0.679439475028537,0.117,0.064,0.00740422611082436,"CTU1"
2.04360422605629e-07,0.280303397291703,0.206,0.133,0.00748490483835377,"ZNF768"
2.08141176433762e-07,-1.72025889772916,0.069,0.127,0.00762337872806295,"AL627171.2"
2.11461782254162e-07,0.310363519767176,0.139,0.079,0.00774499923684093,"TOPBP1"
2.15371416862663e-07,0.341790129086457,0.21,0.136,0.00788819351401189,"POLR1C"
2.16443077004518e-07,0.619125020502261,0.132,0.075,0.00792744413836746,"CASTOR1"
2.16644582953175e-07,0.371783357371019,0.148,0.088,0.007934824495243,"DNAJC24"
2.18220630980162e-07,0.325015150831215,0.102,0.052,0.00799254883027942,"MTO1"
2.23476373443575e-07,0.28287901129267,0.2,0.128,0.00818504565374439,"MLLT10"
2.25945977199467e-07,-1.2665522059911,0.076,0.136,0.00827549736090766,"GPN2"
2.34012053931576e-07,0.310190630009131,0.226,0.148,0.00857092548729789,"MTERF4"
2.39285494784557e-07,0.262971425284634,0.214,0.141,0.00876407053197919,"RBBP5"
2.39529732317053e-07,0.592275603570906,0.112,0.061,0.00877301597584437,"OTUD1"
2.3977803760745e-07,0.434931989925165,0.369,0.281,0.00878211040541047,"NET1"
2.40231461873837e-07,0.618862996205914,0.121,0.067,0.00879871752259117,"TFCP2"
2.46166387330111e-07,0.480185206709846,0.226,0.151,0.00901609010235263,"MIPOL1"
2.53976751604997e-07,0.609315216051484,0.101,0.052,0.00930215250428464,"CHUK"
2.55062752213005e-07,0.414176498902318,0.108,0.057,0.00934192836255354,"SIPA1L3"
2.55116390076867e-07,0.329836899564529,0.229,0.152,0.00934389290295532,"INIP"
2.55931064948388e-07,-0.939056234384227,0.662,0.61,0.00937373118479965,"EIF6"
2.56292065567168e-07,0.541273902123584,0.159,0.097,0.0093869531934631,"PPCDC"
2.59404877533725e-07,0.267720020042106,0.151,0.089,0.00950096304455019,"DNAL1"
2.61167085166461e-07,-1.21075653241218,0.104,0.169,0.00956550566130681,"KIF1C"
2.66106556198092e-07,0.414662707611055,0.147,0.086,0.0097464187273113,"OMA1"
2.67060799730368e-07,0.42673220674232,0.124,0.069,0.00978136885092447,"DENND4C"
2.67784229940604e-07,0.344187486393642,0.109,0.058,0.00980786520580458,"OSBPL11"
2.70285130276979e-07,0.538302577658468,0.11,0.059,0.00989946318152463,"TNFSF12"
2.70633771679686e-07,-0.589382290783916,0.684,0.63,0.00991223252154019,"TXNDC17"
2.82323676145505e-07,0.772705849022907,0.103,0.054,0.0103403869625053,"ADO"
2.85083733531944e-07,0.504281953165481,0.168,0.104,0.010441476824341,"PRORP"
2.86436633482405e-07,0.308573731439242,0.157,0.094,0.0104910281379266,"TTC28-AS1"
2.89993010717667e-07,-1.2103277082793,0.377,0.424,0.0106212840105453,"VEGFA"
3.00921719847286e-07,-1.4009065885478,0.118,0.182,0.0110215589111267,"STBD1"
3.02780456797689e-07,0.310757788423196,0.404,0.307,0.0110896370106721,"FARP1"
3.05198575969543e-07,0.34282550221378,0.129,0.072,0.0111782030434605,"PPM1H"
3.08755534500687e-07,0.272394732694953,0.191,0.122,0.0113084802066221,"SMPD4"
3.14947755549039e-07,0.611324252032179,0.198,0.13,0.0115352764947391,"TMEM161B-AS1"
3.15824818681214e-07,0.563227845682581,0.128,0.072,0.0115673998090181,"ZNF429"
3.17216294850022e-07,0.482967093109534,0.113,0.061,0.0116183640151769,"GIT2"
3.20385422241913e-07,0.595752340035267,0.181,0.115,0.0117344364750323,"HIRIP3"
3.21131030978614e-07,-1.73160715292638,0.073,0.13,0.0117617451406227,"CLCF1"
3.31260199329544e-07,-0.810189359453815,0.405,0.463,0.0121327360606439,"HLA-E"
3.34605977192872e-07,0.420426653980471,0.118,0.064,0.0122552785206661,"IFT81"
3.48998440282226e-07,0.258651505877878,0.152,0.091,0.0127824168737768,"TPP2"
3.52882440864774e-07,0.410430132317814,0.13,0.074,0.0129246722791132,"COX15"
3.53185638411427e-07,0.320556159801093,0.141,0.081,0.0129357771924569,"SLC7A6OS"
3.58678199384808e-07,0.653849591025724,0.105,0.056,0.013136947730668,"LRRC28"
3.59433963372459e-07,-0.936446409867145,0.483,0.508,0.0131646283424797,"IFRD1"
3.60033959120555e-07,-1.77031787122784,0.075,0.132,0.0131866037867495,"RAB30"
3.61282766001185e-07,0.366087690480764,0.17,0.105,0.0132323425875594,"TATDN3"
3.63464256235461e-07,0.573453786961013,0.127,0.072,0.01331224184888,"SUPV3L1"
3.65607016131054e-07,-1.20093676608741,0.288,0.344,0.013390722572816,"STX3"
3.68432148376456e-07,-0.491681472588096,0.504,0.556,0.0134941958664361,"ARPC1B"
3.70080610972199e-07,-1.83410512209091,0.058,0.111,0.0135545724574678,"CCDC71L"
3.76714730369644e-07,0.41040952692236,0.181,0.115,0.0137975537145186,"SECISBP2L"
3.89914260626691e-07,0.423277189834305,0.144,0.086,0.0142809997097132,"PARD3"
4.12541200642689e-07,-0.901136991572655,0.32,0.376,0.0151097340147391,"PMEPA1"
4.43574145065803e-07,0.380807312341773,0.106,0.056,0.0162463466371801,"SLC27A4"
4.46400460172807e-07,0.268155015226835,0.16,0.097,0.0163498632542892,"PDE6D"
4.49272046935228e-07,0.40584036045982,0.156,0.094,0.0164550379910496,"FBXW7"
4.57581606893813e-07,0.389101014194229,0.169,0.105,0.0167593839340928,"MYD88"
4.74145297778646e-07,0.447542165537527,0.129,0.074,0.0173660456764407,"RC3H2"
4.81499926704363e-07,0.396130470296747,0.128,0.074,0.017635416315474,"ZFP14"
4.85860195500038e-07,0.352065162403617,0.102,0.054,0.0177951155203844,"NR1H3"
4.8640638357164e-07,0.404598615535038,0.151,0.091,0.0178151202046949,"ATR"
4.87054398236746e-07,0.513713619598137,0.108,0.058,0.0178388543898191,"PDSS2"
4.87481947541204e-07,-0.743404188488527,0.169,0.231,0.0178545138106441,"CA2"
4.97749324079667e-07,0.326800513911127,0.211,0.14,0.0182305667437419,"DPP3"
5.0687535076741e-07,0.673003062004877,0.108,0.059,0.0185648165972072,"DENND6B"
5.155573961797e-07,0.479611958842551,0.131,0.076,0.0188828051924777,"CASK"
5.24676778100257e-07,-0.939336076336003,0.393,0.441,0.0192168116747,"JMJD1C"
5.36347099162287e-07,0.286597755764919,0.26,0.181,0.0196442488539179,"HAUS4"
5.41001132206786e-07,0.39548900691962,0.265,0.187,0.0198147074682057,"AIMP2"
5.5782872346605e-07,0.286760061323061,0.143,0.084,0.0204310348256676,"MTERF3"
5.6147323372893e-07,0.499319212370317,0.106,0.057,0.0205645186585558,"TTLL1"
5.62306946930395e-07,0.267447630905365,0.766,0.664,0.0205950542382727,"TMED9"
5.69122636094601e-07,0.637020841711014,0.114,0.064,0.0208446856696009,"PTAR1"
5.91212776064129e-07,0.421813332826662,0.11,0.061,0.0216537591361248,"KLHDC4"
5.95308242753167e-07,0.947571777324333,0.101,0.055,0.0218037596990775,"ZNF90"
6.08600601620389e-07,-1.4265504689559,0.06,0.114,0.0222906056349484,"GALNT18"
6.16734686421111e-07,-1.57399765754213,0.068,0.123,0.0225885246248596,"MAN2A1"
6.27104324171091e-07,-1.00991537097286,0.226,0.292,0.0229683229770904,"ODF2L"
6.27422944337198e-07,-0.781098480566448,0.4,0.439,0.0229799927592942,"KRAS"
6.330740590415e-07,-0.443169825382646,0.381,0.463,0.023186970486454,"TSPAN15"
6.43611939751656e-07,0.523654366675394,0.183,0.118,0.0235729309053441,"ZNF414"
6.48767720373181e-07,0.396274668560944,0.177,0.113,0.0237617665263881,"TRIM4"
6.69554797939624e-07,0.331439478468206,0.205,0.135,0.0245231140293367,"RPE"
6.75139343128038e-07,-1.10336742575117,0.261,0.318,0.0247276535814075,"PNPLA8"
6.9959034803626e-07,0.277136595373708,0.194,0.125,0.025623196087176,"NDUFAF1"
7.1605323693049e-07,-1.10624660958863,0.614,0.578,0.0262261658558161,"PPP1R2"
7.1745050794352e-07,-0.708935445486055,0.615,0.591,0.0262773423039393,"ENAH"
7.21049860226083e-07,-0.859229912156778,0.356,0.401,0.0264091721806405,"RNF126"
7.25046932288042e-07,0.833628240362661,0.471,0.409,0.0265555689419818,"CYBA"
7.40603006601678e-07,-0.559319790594581,0.272,0.355,0.0271253257197931,"GSTP1"
7.41810280927203e-07,-1.3540216287643,0.097,0.156,0.0271695433492398,"SLC7A1"
7.42852150756119e-07,0.585138544343011,0.147,0.089,0.0272077028735936,"BCL9"
7.47490749274357e-07,0.284108180359672,0.148,0.089,0.0273775961829226,"SNX11"
7.5538818565316e-07,0.314494210821268,0.162,0.1,0.0276668476877326,"SLC25A45"
7.71315460629187e-07,0.270039897061926,0.169,0.105,0.0282502000610046,"ZBED5"
7.79864814054047e-07,0.358164636764367,0.147,0.088,0.0285633286795435,"ALKBH3"
7.8602232633003e-07,-1.35505189478041,0.143,0.204,0.0287888537241637,"IFNGR1"
8.10261563535425e-07,0.610477460999592,0.26,0.188,0.0296766400260485,"KCNS3"
8.32964603682969e-07,0.313250878724694,0.2,0.13,0.0305081615744924,"GSKIP"
8.66590910162048e-07,0.555615141491761,0.111,0.061,0.0317397586755952,"CEP83"
8.76008961705071e-07,0.325290767002791,0.138,0.081,0.0320847042314099,"CADM4"
8.86835555521251e-07,-1.25479469539368,0.11,0.172,0.0324812390565213,"SLC5A6"
8.89806708402944e-07,0.408906891581369,0.151,0.092,0.0325900605019662,"ABHD8"
9.02554616473309e-07,0.279377780853904,0.298,0.216,0.0330569653829514,"TMEM109"
9.30478204738273e-07,0.310768394185926,0.206,0.138,0.034079694726744,"PEDS1"
9.33657840677166e-07,0.566601189669563,0.142,0.086,0.0341961520726419,"FBXL6"
9.36504615432987e-07,0.537431146139147,0.158,0.099,0.0343004180448486,"RABGGTA"
9.54143778614211e-07,0.664706774323111,0.115,0.065,0.0349464700355241,"RAD51-AS1"
9.54559177494048e-07,-1.25888273165635,0.5,0.548,0.034961684434897,"PMAIP1"
9.79374175333602e-07,0.79330494618789,0.316,0.247,0.0358705585457685,"IRS2"
9.87587939024904e-07,-0.864291564838705,0.36,0.416,0.0361713958547261,"NFE2L2"
1.01262025957913e-06,-0.913100228348765,0.331,0.378,0.0370882296273451,"AL445524.1"
1.01365514617643e-06,-1.14548444356519,0.152,0.217,0.0371261333838579,"BNIP2"
1.06416479075767e-06,-0.668913396592727,0.313,0.377,0.0389760996262903,"CDKN1A"
1.07138067505373e-06,0.336489651945742,0.15,0.091,0.0392403886045179,"AEBP2"
1.08681920155812e-06,-0.858262526129884,0.222,0.293,0.0398058400762678,"SNAPC2"
1.08966099561445e-06,-0.963109795426076,0.125,0.194,0.0399099236253749,"ANKRD30B"
1.09409016426976e-06,-1.62495248171093,0.098,0.155,0.0400721463565442,"GNA15"
1.12309584347411e-06,-0.846184410451116,0.526,0.517,0.0411345083630826,"DGUOK"
1.12310262960034e-06,0.525404597191146,0.16,0.101,0.0411347569117419,"PCNX4"
1.13122982883314e-06,-1.14711846828854,0.208,0.266,0.0414324237108424,"TICAM1"
1.18286568362056e-06,0.415173318388435,0.132,0.078,0.0433236385282868,"CUL4B"
1.19235388302638e-06,-0.863796072883636,0.485,0.495,0.0436711533197243,"WDR45B"
1.19493248811179e-06,0.758083062300462,0.103,0.057,0.0437655973095824,"TOR1B"
1.2028683352136e-06,-0.784167133589094,0.465,0.509,0.0440562556455333,"QSOX1"
1.27504055247446e-06,-0.910776934376955,0.197,0.26,0.0466996352749295,"EFNA4"
1.32114810204603e-06,-0.268669439492601,0.186,0.116,0.048388370385538,"SEMA4A"
1.33818035760269e-06,0.295956556665761,0.213,0.144,0.0490121937775561,"SPRTN"
1.3423597041508e-06,0.31000480924801,0.184,0.121,0.0491652665242271,"ARFGEF2"
1.3495650153123e-06,-1.1729998908239,0.165,0.227,0.0494291682508284,"SH2D3A"
1.36684824866068e-06,-1.52237202585599,0.053,0.103,0.0500621839554461,"AL499602.1"
1.38756257348289e-06,0.378871188743968,0.279,0.2,0.0508208668163845,"SDR39U1"
1.40190197241332e-06,0.309957448425572,0.227,0.156,0.0513460616416104,"AGGF1"
1.42969887820923e-06,0.50827451728293,0.121,0.07,0.0523641511132911,"HS1BP3"
1.45600497991107e-06,0.36632930054711,0.113,0.064,0.0533276383942229,"NUPR1"
1.46352974061361e-06,0.295332831828321,0.166,0.105,0.0536032402797139,"WARS1"
1.46369643554038e-06,0.358400478842823,0.178,0.113,0.0536093456481019,"TOP1MT"
1.46686910310892e-06,0.448771896833337,0.142,0.086,0.0537255477704673,"NCEH1"
1.49084767534237e-06,0.316288739802665,0.102,0.055,0.0546037869570897,"MFGE8"
1.50348190666212e-06,0.294282028206786,0.135,0.08,0.055066528313407,"INTS7"
1.52189230868934e-06,-0.376742134606534,0.116,0.064,0.0557408276980558,"DRAIC"
1.55409851585191e-06,0.544018030361253,0.109,0.061,0.056920412241592,"PIGU"
1.58762421455215e-06,0.506071456968564,0.101,0.055,0.058148324482187,"BLOC1S5"
1.60633382440808e-06,-1.21119728120435,0.109,0.169,0.0588335826527702,"ANKZF1"
1.68539787140846e-06,0.381787323527345,0.154,0.096,0.0617293824382063,"PRUNE1"
1.71258260486724e-06,-1.37230480442974,0.169,0.226,0.0627250504858676,"CBLC"
1.72020819714029e-06,0.461781881112731,0.215,0.152,0.0630043454284603,"TMEM242"
1.73008075765323e-06,-1.09205880098673,0.103,0.163,0.0633659378298072,"NOTCH3"
1.76347486094423e-06,0.361022375624691,0.111,0.063,0.0645890302569433,"TPCN1"
1.7695631229386e-06,0.568961921373758,0.136,0.083,0.0648120189407492,"PACS2"
1.779385323122e-06,-1.1312452195466,0.088,0.147,0.0651717668446663,"KYAT3"
1.79241754224564e-06,0.386111318147541,0.163,0.105,0.0656490849022887,"COQ6"
1.82617482691126e-06,-0.539926368060112,0.656,0.629,0.0668854792104518,"POLR1D"
1.84362115627585e-06,0.305642726699855,0.181,0.117,0.0675244684697594,"HDGFL2"
1.86664259174572e-06,0.330144663516655,0.131,0.077,0.0683676515652789,"CAMSAP1"
1.92479273379486e-06,0.31827441779663,0.14,0.084,0.0704974586679705,"ORAI1"
1.92822709539734e-06,0.36351454364029,0.144,0.088,0.0706232455960231,"HIF1AN"
1.9367087527232e-06,0.566010166789527,0.108,0.061,0.0709338947772398,"ZNF408"
1.94554016784254e-06,0.309340790073705,0.166,0.105,0.0712573541874009,"MEPCE"
1.94827526227145e-06,-0.674530804645049,0.598,0.591,0.0713575297559541,"TOP1"
1.97295021518332e-06,-0.795111685545251,0.459,0.494,0.0722612745813044,"PDLIM5"
1.97607888624012e-06,0.333548446010463,0.155,0.097,0.0723758652874306,"GPKOW"
2.01863810244183e-06,-1.28426367804627,0.131,0.189,0.0739346391400346,"TLCD5"
2.04595118662426e-06,-0.467602202766392,0.338,0.412,0.0749350081613,"MAPT"
2.0889844095381e-06,-0.846079748205421,0.569,0.56,0.0765111429837424,"CHMP2B"
2.10479089708777e-06,0.40712152549534,0.162,0.104,0.0770900713967366,"PHOSPHO2"
2.1067622224641e-06,0.289395172663066,0.113,0.064,0.0771622731599699,"LRRC14"
2.11483538388545e-06,0.28472936700266,0.113,0.064,0.0774579607701885,"METTL14"
2.11706289134253e-06,0.415280733709737,0.151,0.094,0.0775395454583117,"EGR3"
2.14651996289506e-06,0.500274884126155,0.107,0.059,0.0786184401609946,"BCKDHB"
2.17091255523123e-06,-1.08363843172305,0.168,0.231,0.079511843247899,"PHF11"
2.1895057539519e-06,0.483428351908172,0.127,0.075,0.0801928377442422,"TINCR"
2.19086404529901e-06,-1.13653475773777,0.304,0.214,0.0802425865231215,"MUCL1"
2.19762999042244e-06,0.718478052334233,0.129,0.078,0.0804903960292125,"PTK7"
2.22826254032628e-06,-1.11743283685444,0.159,0.22,0.0816123438019904,"LIMCH1"
2.29821321090903e-06,-1.70666560714423,0.062,0.112,0.0841743570627541,"AMMECR1"
2.34689624394839e-06,-0.662761226871994,0.873,0.847,0.0859574218308538,"ELF3"
2.36282826179802e-06,-1.13155148169608,0.162,0.222,0.0865409479166142,"TRNAU1AP"
2.54311987839898e-06,0.432339130115177,0.125,0.075,0.093144308666241,"NUP133"
2.57282521491576e-06,-0.826149700693911,0.618,0.601,0.0942322963215046,"SLC3A2"
2.58065511285936e-06,-0.365040505098073,0.895,0.795,0.094519074163587,"YWHAE"
2.60870855555212e-06,0.594098407135812,0.122,0.073,0.095546559555652,"TBC1D1"
2.61179663951899e-06,0.309413298663987,0.114,0.065,0.0956596637190225,"CPT2"
2.63311003709753e-06,0.656740367810733,0.115,0.067,0.0964402882187342,"CLSTN3"
2.64856303955016e-06,0.391049332007066,0.107,0.06,0.0970062698865641,"HS2ST1"
2.65718590773712e-06,0.66627540828592,0.118,0.069,0.0973220910567798,"GPAT3"
2.70596387334642e-06,0.445745851898145,0.129,0.077,0.0991086328251858,"ASB3"
2.71613198483024e-06,-1.62642809832468,0.255,0.304,0.0994810500763924,"MRPL44"
2.73321502775944e-06,0.344286696653308,0.139,0.084,0.100106733606717,"CNOT10"
2.7581219249602e-06,0.667648842984245,0.108,0.062,0.101018973623592,"VWA2"
2.78908305055176e-06,-1.4824178512257,0.076,0.128,0.102152955809509,"GOLT1A"
2.87459648419165e-06,0.559159593134712,0.116,0.068,0.105284970830003,"THAP6"
2.88096916583042e-06,0.282277508227561,0.214,0.145,0.105518376667705,"ATG4D"
2.92519943286316e-06,-0.904223802684751,0.225,0.291,0.107138354428046,"CAPN8"
2.92663957136478e-06,0.570343495808784,0.151,0.097,0.107191100940806,"PSD4"
2.92962248465823e-06,0.481524252889393,0.125,0.075,0.107300353123092,"DDHD2"
2.93017047457996e-06,0.631249957301196,0.12,0.071,0.107320423801966,"PGAM5"
2.9656154076242e-06,0.293244333118808,0.185,0.122,0.108618629919644,"TRMT6"
2.97942755458496e-06,0.379524259561593,0.14,0.086,0.109124513614229,"DHRS13"
3.06331687132312e-06,-2.12997950867203,0.065,0.113,0.112197043729081,"TGFBR1"
3.09651837649976e-06,0.385802209837857,0.115,0.066,0.11341308205768,"GPR89B"
3.10206106622272e-06,-1.97250964523498,0.088,0.142,0.113616088611473,"HBEGF"
3.11858620387458e-06,-1.71208860623832,0.069,0.119,0.11422133830311,"PDK1"
3.14466150832585e-06,-1.48933146900256,0.098,0.153,0.115176372403943,"AHDC1"
3.14769578898319e-06,0.48744016416259,0.141,0.086,0.115287505967298,"RNF185"
3.20735852887414e-06,0.301638289552754,0.112,0.064,0.117472713478544,"ELMO2"
3.22599377717535e-06,-0.954279917109227,0.246,0.303,0.118155248082824,"FNBP1L"
3.23148706884823e-06,0.433800625649327,0.107,0.061,0.118356445383635,"TRIM52-AS1"
3.25945091491389e-06,0.275977719510588,0.179,0.116,0.119380649209636,"DUSP2"
3.35372518699038e-06,-1.05103952354375,0.205,0.262,0.12283353869871,"SINHCAF"
3.38940527475057e-06,-0.611420138051266,0.741,0.673,0.124140357593014,"ILF2"
3.41711173441032e-06,0.348311420365177,0.19,0.127,0.125155134384512,"USP5"
3.45154158884595e-06,0.291678172589863,0.173,0.113,0.126416162233072,"INPPL1"
3.49209248450336e-06,-0.896887033203831,0.487,0.487,0.12790137933742,"JPT2"
3.57517138062881e-06,-1.23984831566835,0.12,0.178,0.130944226986911,"YAP1"
3.57707913264671e-06,-1.24573887376098,0.101,0.159,0.131014100312318,"SLC7A8"
3.6494703999206e-06,0.356566189145086,0.136,0.083,0.133665502867492,"SNX8"
3.68268944495076e-06,0.401501366035272,0.101,0.056,0.134882183610767,"RRM2B"
3.71527455428391e-06,0.278120966993494,0.203,0.137,0.136075645825202,"MYEF2"
3.73241660328826e-06,0.304524478204217,0.125,0.074,0.136703490512036,"LMBR1L"
3.83891921995537e-06,0.342600144990581,0.191,0.128,0.140604255350085,"ARL14EP"
3.90357744425474e-06,0.319492665296516,0.233,0.168,0.142972427473274,"LYPD6B"
3.98742829586683e-06,0.531658678764075,0.126,0.075,0.146043548764418,"ADGRL1"
4.07605021130223e-06,0.574676053059623,0.128,0.077,0.149289415039155,"ATG10"
4.08988721891964e-06,0.365067844167426,0.101,0.056,0.149796209280151,"DHX34"
4.17752422805506e-06,-0.835626073962367,0.761,0.699,0.153006002376745,"TPM4"
4.37579006479966e-06,0.418024896034315,0.141,0.088,0.160267686913352,"TIMM21"
4.42227179850663e-06,0.419907928998968,0.211,0.145,0.161970126892104,"TMEM214"
4.45313345167885e-06,-0.711632989137074,0.268,0.328,0.16310046580119,"BACE2"
4.59598157004849e-06,0.64400045836453,0.124,0.075,0.168332420984596,"DLEU1"
4.59948003002834e-06,0.39044663082107,0.105,0.06,0.168460555579818,"EXOSC9"
4.63046703937399e-06,0.553899491490161,0.1,0.056,0.169595485784112,"ABCB6"
4.8313004963978e-06,0.523453636723733,0.119,0.071,0.176951211981066,"PCSK6"
4.86223126915601e-06,0.560585039996207,0.105,0.06,0.178084082464108,"STK26"
4.89505617835262e-06,0.294768770219897,0.111,0.064,0.179286327588343,"ELP1"
4.93534832936218e-06,0.450671433601037,0.104,0.059,0.180762067911219,"AC092821.3"
4.94897567177917e-06,-1.24849577409395,0.113,0.168,0.181261182954584,"BCL9L"
5.00919919883151e-06,-1.68476888970953,0.071,0.119,0.183466929856403,"PCAT18"
5.02227858763254e-06,-1.45225568578047,0.134,0.188,0.183945975550629,"RTN1"
5.30481576815327e-06,-1.38673396953531,0.055,0.102,0.194294182324382,"SERPING1"
5.31194183908304e-06,-1.08174113428326,0.19,0.248,0.194555181798255,"FAM241A"
5.48277756670051e-06,0.478875839396405,0.115,0.067,0.200812211157973,"FAAP100"
5.55097390844949e-06,0.463142814211137,0.106,0.061,0.203309970370871,"MRI1"
5.61966253475529e-06,0.547064899261061,0.128,0.078,0.205825759997947,"ERCC3"
5.74176117660768e-06,0.255679060131112,0.203,0.139,0.210297744854433,"TTLL12"
5.75188458059857e-06,-1.45281658337433,0.053,0.1,0.210668524649003,"TUBB6"
5.76506313456605e-06,0.334318020657756,0.221,0.155,0.211151202366616,"KMT5B"
5.79337654919945e-06,-1.35998256885008,0.057,0.104,0.212188209490979,"SLC36A4"
5.85535540242356e-06,0.54128072885654,0.101,0.058,0.214458246969165,"CADPS2"
5.92848583766476e-06,-0.387897574332828,0.859,0.784,0.21713672229031,"HNRNPDL"
5.99613822866422e-06,-1.51297368291067,0.137,0.188,0.219614558763056,"ZNF598"
6.02976329798673e-06,-1.81064213147985,0.058,0.104,0.220846110552062,"MTMR11"
6.04424742141993e-06,0.439032446811233,0.12,0.072,0.221376606056926,"SWSAP1"
6.10205624570273e-06,0.551810281247469,0.112,0.066,0.223493912055108,"MAU2"
6.11748272544662e-06,0.399655123762052,0.155,0.099,0.224058922302208,"MARCHF9"
6.43655423300235e-06,0.544213474137399,0.135,0.084,0.235745235337944,"EVI5"
6.44243679747046e-06,-1.14773231798063,0.144,0.201,0.235960690144153,"KIAA1217"
6.69566593541571e-06,0.659929861571778,0.101,0.058,0.245235460550536,"EPG5"
6.7742389790308e-06,-1.06097113228551,0.178,0.24,0.248113276845982,"SYBU"
6.86755364582242e-06,-1.38923866582966,0.086,0.136,0.251531019831892,"TMEM38B"
7.11164917561371e-06,-0.479268745483687,0.687,0.643,0.260471262706028,"RAB5C"
7.16430366490026e-06,-0.843888013580641,0.328,0.377,0.262399786030637,"CNDP2"
7.29445673825396e-06,0.358543985542796,0.133,0.081,0.26716677249529,"NADK2"
7.66528420043394e-06,0.282193382676775,0.152,0.097,0.280748699125093,"CALCOCO1"
7.75639534144027e-06,0.517295740228569,0.161,0.107,0.284085735775591,"LGALSL"
8.1003597323108e-06,-1.32286280515834,0.088,0.139,0.296683775555615,"CTTNBP2NL"
8.10932252440832e-06,0.314515597980715,0.135,0.085,0.297012046778979,"MTHFD1"
8.14266752890919e-06,0.446380438921798,0.114,0.067,0.298233340913828,"GSR"
8.30887394684462e-06,-1.42602878489818,0.073,0.122,0.304320817177131,"BBOF1"
8.32417122099532e-06,-0.811434927745065,0.153,0.216,0.304881095140174,"CCNB1IP1"
8.60786916227112e-06,0.447697983552817,0.114,0.067,0.315271815937342,"ZFP62"
8.97354568522542e-06,-1.18036242776308,0.133,0.188,0.328665084267066,"DUSP16"
9.21218896030778e-06,0.339035838247794,0.144,0.091,0.337405632860233,"LRRC61"
9.28988646372139e-06,0.333144854884903,0.148,0.095,0.34025138162026,"UBIAD1"
9.56697450168286e-06,0.531897096333298,0.143,0.091,0.350400008098637,"PYROXD1"
9.9048843697407e-06,-0.636121412369646,1,0.976,0.362776294926123,"ACTB"
9.96365812102989e-06,-1.23483057818934,0.076,0.126,0.364928942340841,"SH3BP2"
9.98737215211045e-06,-1.21433223010222,0.258,0.305,0.365797492443198,"MAP2K3"
1.00237662267974e-05,0.487190877537132,0.126,0.077,0.367130461822681,"C11orf71"
1.0228401847512e-05,0.438134075194311,0.108,0.064,0.374625446066973,"ORC2"
1.03563530052041e-05,-1.27364020207663,0.148,0.203,0.379311785168606,"N4BP3"
1.0652314243388e-05,0.313043048348016,0.152,0.099,0.390151661478328,"TIMM8A"
1.06820273999816e-05,-0.931351107662203,0.235,0.29,0.391239935551726,"SLC25A37"
1.07618894126614e-05,-1.20951555531308,0.131,0.185,0.394164961628135,"PDZD8"
1.07868309919444e-05,0.386262606552123,0.133,0.083,0.395078471910955,"MTRES1"
1.10836706319526e-05,-0.345149418879207,0.923,0.846,0.405950520565898,"TAGLN2"
1.11228975668219e-05,0.332569026848372,0.138,0.086,0.40738724628242,"MYO1D"
1.15385505251227e-05,-1.3016538768089,0.221,0.263,0.422610951533145,"RNF24"
1.19698178429766e-05,0.545245716786188,0.121,0.074,0.438406548316861,"STEAP3"
1.20177528028226e-05,-1.29556728783791,0.133,0.185,0.440162214156181,"ASCC3"
1.22598080949198e-05,0.452788069689274,0.143,0.091,0.449027731284531,"UMAD1"
1.24729365599447e-05,0.252814744993509,0.339,0.26,0.456833774444533,"DMKN"
1.264932800366e-05,0.314586835184193,0.115,0.069,0.463294287462052,"ZNF28"
1.27664544639323e-05,-0.784632313883343,0.3,0.356,0.467584161195983,"MLF1"
1.29877239918709e-05,0.5033709152437,0.104,0.061,0.475688378926264,"R3HDM1"
1.32133992109856e-05,-1.13252753474992,0.186,0.242,0.483953959501558,"ATXN1"
1.37197338395127e-05,-0.316268193427476,1,0.995,0.502498971605992,"FTH1"
1.38483689437079e-05,-0.61160564826999,0.533,0.533,0.507210360932244,"CTNNA1"
1.39286676549385e-05,-0.453134799195033,0.232,0.311,0.510151381529778,"SLC7A2"
1.41411085716329e-05,0.491796231012787,0.106,0.063,0.517932242544626,"SRRD"
1.41812556180559e-05,0.281390730369615,0.145,0.094,0.519402668266915,"PI4KA"
1.42554058265385e-05,-0.757503563553977,0.803,0.7,0.522118493802799,"EZR"
1.45026149834852e-05,-1.02831471493081,0.176,0.231,0.531172776385131,"SAV1"
1.47820858792016e-05,0.389761332617104,0.108,0.064,0.541408677411637,"RFC4"
1.49231176663833e-05,0.353306301049374,0.175,0.118,0.546574107648955,"CCDC32"
1.51237377335184e-05,-0.287325615506878,0.212,0.143,0.553922018227844,"CREBRF"
1.52125499683447e-05,-0.960473254541708,0.131,0.187,0.557174855140593,"TBRG1"
1.5594986784977e-05,-0.393682119788836,0.844,0.736,0.571181985986567,"SF3B6"
1.59872378775541e-05,-1.49029819171741,0.083,0.13,0.585548574503298,"MEX3A"
1.6464408648257e-05,0.277614637578701,0.182,0.122,0.603025431151061,"ZNF770"
1.65944680920094e-05,0.388064470771381,0.134,0.084,0.607788988337935,"NPNT"
1.7282412496908e-05,-1.52222506906181,0.063,0.108,0.632985640111752,"CARD10"
1.73487931074785e-05,-1.3243917601194,0.096,0.146,0.635416896354507,"BIN3"
1.75809902406275e-05,-1.46375547979628,0.244,0.283,0.643921348553224,"GCLM"
1.76099700386453e-05,-1.17630155980215,0.194,0.245,0.644982762635423,"RPF2"
1.77188897453597e-05,0.267903289596708,0.193,0.133,0.648972055813543,"ATF2"
1.79183316432015e-05,-0.451324273671355,0.39,0.456,0.656276814763899,"AP3S1"
1.8141432822402e-05,-1.47256400577326,0.121,0.173,0.664448118553295,"FRMD6"
1.85178797807316e-05,0.448464269180192,0.117,0.072,0.678235864849075,"NT5C2"
1.85507880132006e-05,0.399044464229154,0.122,0.075,0.679441161771484,"ZNHIT6"
1.87001649903593e-05,0.551749336913668,0.144,0.094,0.684912242936899,"NAA30"
1.97934642991834e-05,0.351545415412066,0.207,0.148,0.724955423421893,"DPP9"
2.01232576875327e-05,-0.854669308396546,0.141,0.198,0.737034436063573,"NPM3"
2.01885241886083e-05,0.482123106443482,0.1,0.058,0.739424886931966,"AL117329.1"
2.02236790450811e-05,-0.311651108855244,0.742,0.812,0.740712468705142,"IFITM3"
2.09994782863962e-05,0.267821852927287,0.221,0.157,0.769126891717549,"ZCCHC7"
2.17019559628615e-05,0.310191950309529,0.198,0.137,0.794855839095765,"SLC31A2"
2.17075025330781e-05,0.456057237884853,0.123,0.077,0.79505898777652,"ZFYVE27"
2.20926682670043e-05,0.268601199197966,0.196,0.136,0.809166067947299,"UFL1"
2.21127186599898e-05,0.290035277242913,0.164,0.109,0.809900433640787,"FRMD4B"
2.21883826205432e-05,-1.37779881738482,0.076,0.123,0.812671701860016,"DRC3"
2.30808084334637e-05,0.282163178775982,0.14,0.089,0.845357689684041,"METTL6"
2.33937571627871e-05,-0.926879987916688,0.225,0.277,0.856819749844241,"SRPRA"
2.39079918249669e-05,0.410719224097939,0.315,0.247,0.875654108581239,"ARL4A"
2.39222062524848e-05,0.270977487908728,0.154,0.101,0.876174726203509,"TELO2"
2.49956139543919e-05,0.340051816967229,0.113,0.069,0.915489356693557,"PTGR2"
2.52496333494572e-05,0.396612572828352,0.14,0.09,0.924793071057219,"LMBR1"
2.55374461943248e-05,0.290973411604666,0.1,0.059,0.935334504313342,"SNX29"
2.60531074646305e-05,-0.882343231417911,0.157,0.213,0.954221113999558,"LMO4"
2.63062099168848e-05,0.287457283868307,0.179,0.123,0.963491244415822,"ZBTB41"
2.68962812547497e-05,-0.646340775056151,0.559,0.547,0.985103197236462,"SYPL1"
0.835163698167394,-2.9309064010581,0.112,0.108,1,"APOD"
0.477279425508482,-1.92012992915377,0.102,0.105,1,"ARHGAP29-AS1"
0.0409629346944761,-1.89196730645581,0.088,0.106,1,"H2BC9"
0.0439311045854671,-1.86208598988585,0.082,0.1,1,"H4C5"
0.00990985430096993,-1.77439377731641,0.17,0.127,1,"PYDC1"
7.36102402791755e-05,-1.71489700655845,0.184,0.221,1,"SLC16A3"
0.00013732041062334,-1.59112531668568,0.137,0.177,1,"KCNK1"
0.0636054599512303,-1.58263211170627,0.546,0.514,1,"MT2A"
0.000151144953126313,-1.5820281763444,0.071,0.11,1,"CTSS"
0.851252850455419,-1.57116935264378,0.26,0.238,1,"LMCD1"
0.193968078089959,-1.57097549851649,0.207,0.175,1,"SETX"
0.598611581198832,-1.55441504447161,0.137,0.124,1,"LXN"
6.66934081165364e-05,-1.49504850134102,0.062,0.102,1,"EXT1"
0.000705351154765235,-1.46752376390207,0.083,0.119,1,"OSMR"
0.15118670266525,-1.45696971881817,0.155,0.169,1,"GEM"
0.702085307193526,-1.44063369041537,0.428,0.379,1,"PPIF"
0.000198398196255471,-1.42698415497067,0.131,0.174,1,"LINC01588"
0.00762518270618034,-1.42267604564374,0.206,0.23,1,"AQP3"
0.000251707226010361,-1.39901683750282,0.114,0.157,1,"DDX10"
0.000847925064819955,-1.39478434586614,0.105,0.141,1,"SBF2"
0.000312656796338756,-1.39198181216138,0.068,0.106,1,"FNIP2"
7.83658127367456e-05,-1.37869387466093,0.073,0.115,1,"PLEKHN1"
4.72836897399665e-05,-1.37730842189703,0.291,0.324,1,"DUSP5"
0.000542438580634682,-1.37460222884014,0.073,0.108,1,"ARRDC2"
0.100270562846139,-1.37438136695919,0.097,0.111,1,"IL20RA"
3.58144332333162e-05,-1.3641299734756,0.222,0.266,1,"STK17A"
0.0001179687392262,-1.35056012395516,0.18,0.224,1,"FAM210A"
0.573425607176142,-1.34010735522155,0.119,0.107,1,"CPB1"
0.000203036105862953,-1.32844373013642,0.125,0.166,1,"SDR16C5"
4.80837206237127e-05,-1.29460508967199,0.059,0.101,1,"SLC9A7"
0.426145828832071,-1.29141869660998,0.164,0.144,1,"KRT23"
2.99698381867907e-05,-1.27913583805231,0.075,0.121,1,"ETNK2"
3.73200098000119e-05,1.27378920341816,0.26,0.21,1,"PPP1R1B"
0.00150047469322316,-1.26147266004934,0.076,0.108,1,"TM4SF1-AS1"
3.89799533944824e-05,-1.25985881619356,0.074,0.118,1,"TEAD4"
0.00118564378504793,-1.25851062418696,0.239,0.266,1,"AGO2"
0.017865279807485,-1.25295073441515,0.095,0.12,1,"JAG1"
8.73942436571634e-05,-1.25231927934297,0.095,0.14,1,"DVL1"
0.00262151326845274,-1.2490099920642,0.162,0.192,1,"EPPK1"
0.000499904250334255,-1.24773980156525,0.108,0.146,1,"RSPH1"
0.00170170902205076,-1.24335705646776,0.291,0.317,1,"FBXO32"
5.59037002597973e-05,-1.24293408829746,0.062,0.104,1,"TIFA"
3.10896187969201e-05,-1.23531747336734,0.149,0.202,1,"ANKRD37"
0.0176973555795589,-1.2211401505537,0.117,0.14,1,"CLPSL2"
0.000146490207630242,-1.21660714072668,0.072,0.112,1,"USP25"
0.0361943413286339,-1.21505221877895,0.116,0.135,1,"NBPF19"
0.00102258037077002,-1.21106054313924,0.13,0.168,1,"CXCR4"
0.000305518783998463,-1.20790375905637,0.137,0.178,1,"ANO6"
0.000541581393379411,-1.19681526813149,0.072,0.108,1,"CEMIP2"
0.00179941123219668,-1.19661127154693,0.101,0.135,1,"SMURF1"
6.98885500735718e-05,-1.19579763195608,0.12,0.168,1,"GBP3"
0.00040411550292966,-1.19505658549365,0.181,0.222,1,"IFI30"
0.00616120829339105,-1.19455704623551,0.147,0.175,1,"CBR3"
0.00404797651621236,-1.19312251543813,0.659,0.566,1,"BNIP3"
0.00139798555203829,-1.19297694378406,0.235,0.261,1,"FNBP1"
0.444962803312391,-1.19204970371414,0.198,0.197,1,"ANKRD36C"
0.00434331121741431,-1.18740529060821,0.259,0.184,1,"GRB14"
0.000360441118717814,-1.17840770869947,0.101,0.142,1,"AC004982.2"
0.0052524393602198,-1.1764296764497,0.072,0.101,1,"SLC39A14"
0.0487940502521094,-1.17100458516157,0.236,0.247,1,"SOWAHC"
0.000197646491172998,-1.17083318591506,0.1,0.144,1,"MPP5"
0.000511107830969505,-1.16741171046907,0.112,0.151,1,"PPP2R5B"
3.01714915208094e-05,-1.15866547164057,0.151,0.202,1,"RANGAP1"
4.23840130623154e-05,-1.15850413961398,0.082,0.128,1,"MSRA"
0.000187363899690677,-1.15682834662596,0.072,0.111,1,"AL133453.1"
0.00707254672303251,-1.15397367243484,0.091,0.12,1,"MR1"
0.000782536017322902,-1.15170514572025,0.077,0.112,1,"TMEM51"
0.000149558999544506,-1.14146917600572,0.091,0.135,1,"RHPN2"
0.0311749125855475,-1.14109603635831,0.091,0.113,1,"FAM111A"
0.00138467709802575,-1.13807353601156,0.22,0.255,1,"INSR"
0.00391716994990975,-1.13619184251725,0.124,0.156,1,"TSPAN6"
0.00395106896284436,-1.13486517580509,0.073,0.102,1,"FAM214B"
0.000443617900779619,-1.12743405438946,0.077,0.114,1,"LRRC6"
0.000312103417804596,-1.12732957927233,0.216,0.161,1,"MT1X"
0.000189081118183255,-1.12510275240676,0.106,0.15,1,"TVP23B"
0.00037680405303322,-1.12457352999481,0.075,0.114,1,"CD58"
0.000712349363084523,-1.1188327134056,0.186,0.221,1,"C5orf38"
0.000488828857212697,-1.10522886229083,0.316,0.334,1,"AKAP13"
0.0812791628906341,-1.10185832289084,0.238,0.247,1,"MAP3K8"
0.330509337525445,-1.10071244157372,0.168,0.174,1,"DEPP1"
0.00797992080079695,-1.09946283674151,0.161,0.188,1,"INTS12"
0.0193327950848912,-1.09845579697964,0.087,0.11,1,"DEPTOR"
0.00975986681470532,-1.09692722116178,0.092,0.119,1,"FAM219A"
0.00402827541346761,-1.09237268855061,0.172,0.202,1,"CDYL"
0.0667454039092499,-1.0880627872354,0.099,0.117,1,"LMO7"
0.0244889202420634,-1.07209153112927,0.091,0.116,1,"VRK2"
0.0277670855789348,-1.07113841330051,0.124,0.146,1,"CNKSR1"
0.000212990055439004,-1.07080477434453,0.164,0.21,1,"CCDC130"
0.000180040466790603,-1.0701617627255,0.177,0.22,1,"SPART"
8.20275132699761e-05,-1.0680948066345,0.217,0.261,1,"INSIG2"
6.04942729776821e-05,-1.06264176094782,0.291,0.323,1,"TNIP2"
0.00901703574827513,-1.06239277273728,0.152,0.181,1,"SORBS2"
0.00966841281003816,-1.06139272867119,0.117,0.145,1,"TBPL1"
7.34692725583849e-05,-1.0591943552098,0.735,0.643,1,"YWHAH"
0.000259206664160823,-1.05519310661562,0.174,0.219,1,"TOM1L2"
0.00662518472239837,-1.05498496610442,0.204,0.227,1,"CASP6"
0.00182437975331272,-1.05466230453638,0.088,0.122,1,"NFRKB"
0.0317616818571913,-1.05412515064596,0.089,0.111,1,"BTRC"
0.00962651089229151,-1.05224417130166,0.105,0.133,1,"CTPS1"
0.00519226006013608,-1.05042717087167,0.128,0.158,1,"NFKBIE"
0.0312680837921743,-1.04978940542048,0.099,0.12,1,"RAB20"
0.0297665210535702,-1.04576119737182,0.1,0.122,1,"CAPS"
0.0121160235824801,-1.04333909169735,0.086,0.111,1,"GCLC"
0.0151060207303866,-1.04070815473167,0.134,0.159,1,"CDCA4"
0.00806345511723376,-1.04057825516305,0.105,0.134,1,"RLF"
5.43634180335219e-05,-1.03845083463787,0.489,0.474,1,"EIF4EBP1"
0.000680984871265032,-1.03798015798765,0.065,0.1,1,"CAMTA2"
2.73768144484016e-05,-1.03755980085401,0.157,0.211,1,"EXOSC8"
0.000187454432551761,-1.03713246261516,0.484,0.487,1,"ZFP36L2"
8.24136299793537e-05,-1.03702800045858,0.146,0.195,1,"PHACTR4"
0.000260399700426538,-1.03492711490169,0.279,0.309,1,"KMT2A"
0.000299657504482658,-1.03434354436194,0.067,0.105,1,"PRELID2"
8.86682279865336e-05,-1.02472153444214,0.112,0.159,1,"HSD11B1L"
0.000145993650617232,-1.02172772209353,0.078,0.12,1,"DYRK3"
0.000766675495504002,-1.02171770480673,0.131,0.169,1,"TTC9"
0.0219081816094788,-1.02053602905866,0.106,0.13,1,"TMEM107"
7.32693040847704e-05,-1.01649722958133,0.182,0.233,1,"EDN1"
0.00133442047944151,-1.01247188944941,0.167,0.203,1,"RABGEF1"
0.0387238809245277,-1.01113051623384,0.133,0.155,1,"PDE4B"
0.000123565775478558,-1.00815471860284,0.134,0.182,1,"RSU1"
0.264892669713759,-1.00301116057776,0.141,0.121,1,"TNFAIP2"
0.000162859862670197,-1.00244880827111,0.076,0.117,1,"SH3D19"
0.00133416065861419,-1.00041580837401,0.191,0.226,1,"SPEN"
0.0441471689356186,-0.999994080421327,0.112,0.133,1,"ADGRV1"
0.00833146729562376,-0.999163879928722,0.16,0.189,1,"TNFRSF10B"
0.0152122934954548,-0.997213672866952,0.085,0.11,1,"ANK3"
0.00708360244663693,-0.997034729450137,0.129,0.159,1,"RNF169"
0.0130497754757471,-0.992364424932565,0.08,0.105,1,"PLEKHA8"
5.16291065936015e-05,-0.991692394217901,0.478,0.468,1,"DAPK3"
0.0305088188881593,-0.9912832429214,0.131,0.154,1,"MORC3"
0.000261173915476542,-0.990820051788429,0.198,0.24,1,"ECE1"
0.000581931382260395,-0.988756601245528,0.152,0.194,1,"FZR1"
0.0586929100081895,-0.987002804588019,0.103,0.122,1,"DOT1L"
0.008725536966208,-0.983055042193257,0.311,0.319,1,"RUNDC1"
0.630670401910877,-0.978075575377645,0.139,0.138,1,"RESF1"
0.000296550384151534,-0.975522156659204,0.209,0.251,1,"GABARAPL1"
4.02749584893931e-05,-0.974610059886578,0.342,0.37,1,"PAFAH1B1"
0.600104098877944,0.969504440513261,0.608,0.684,1,"TFF3"
0.115304168852876,-0.969071174139038,0.309,0.262,1,"POLR1F"
0.0731592729445237,-0.968944281564363,0.353,0.339,1,"NAT1"
0.0138412164804286,-0.968614375648821,0.083,0.108,1,"LPIN2"
0.0025570046173237,-0.966295619378105,0.088,0.121,1,"FBXO34"
0.0110163380869733,-0.963889592497537,0.081,0.107,1,"WWC1"
0.000329368357712563,-0.960423259230493,0.311,0.332,1,"KCMF1"
0.00905778040010853,-0.959754090871124,0.1,0.129,1,"KIF13B"
3.226332155662e-05,-0.957211048483738,0.187,0.24,1,"MED15"
0.261761403875365,-0.957043548336489,0.119,0.129,1,"PSMB9"
0.0558324721519531,-0.95534638143585,0.094,0.113,1,"CRYBG1"
0.0302338050508451,-0.954817223093866,0.086,0.108,1,"POLR3D"
0.0914012158661695,-0.954802605116295,0.307,0.307,1,"NT5C3A"
0.236958660505051,-0.954656178978197,0.101,0.111,1,"DVL2"
0.017235387096011,-0.952087311993636,0.128,0.155,1,"EIF4G3"
0.0110687098730508,-0.95003751661382,0.127,0.154,1,"PPL"
0.26407737090194,-0.94759983676029,0.216,0.218,1,"USP36"
0.022194863479635,-0.947451559347877,0.159,0.182,1,"SCPEP1"
0.0580512809249986,-0.944063767632745,0.195,0.209,1,"HOMER2"
0.042898006250085,-0.94168403185637,0.125,0.146,1,"ZNF430"
0.000927388635009074,-0.940847875900493,0.185,0.221,1,"HOOK3"
0.00620175206794289,-0.938698504751716,0.156,0.187,1,"ELOA"
0.000476612506034405,-0.938248570609742,0.088,0.129,1,"MYH14"
0.000726070772085041,-0.935465389948722,0.204,0.243,1,"CDC37L1"
0.0431724684722107,-0.934574451778647,0.29,0.293,1,"ANKLE2"
0.00195752735957297,-0.933794316387495,0.074,0.107,1,"PIP4K2A"
0.000222980323165752,-0.933782621631108,0.562,0.519,1,"ACTR3"
0.185745154551964,-0.932447301736835,0.216,0.219,1,"C3orf52"
0.048232180128522,-0.931317970811847,0.082,0.101,1,"ZNF286A"
0.0136005326207418,-0.9311643899236,0.191,0.215,1,"ATG5"
0.000760683744505899,-0.927637221984994,0.254,0.182,1,"AC093001.1"
0.000604673030969671,-0.924880514522549,0.141,0.182,1,"TBC1D8"
0.127335158562731,-0.924260741483542,0.135,0.148,1,"AGPS"
0.0148154808443298,-0.923743553344049,0.102,0.128,1,"TFE3"
0.00147744511192558,-0.923381814458279,0.174,0.211,1,"CDK7"
0.00017599444856112,-0.92280275699797,0.131,0.179,1,"KLF7"
0.000223008915523204,-0.9204641139801,0.158,0.205,1,"ADAM10"
0.0516299246864371,-0.919164610305627,0.097,0.117,1,"GTF2IRD1"
0.0031156643024734,-0.914803622917058,0.193,0.227,1,"CARS1"
0.142687452263134,-0.913443816779603,0.22,0.225,1,"NIBAN2"
0.127779317248342,-0.91317443535146,0.108,0.122,1,"N4BP1"
0.0151164938977431,-0.910927585949428,0.107,0.134,1,"PHC2"
7.23578166889555e-05,-0.909836228172189,0.553,0.516,1,"WDR1"
0.15680162102905,-0.909545879074097,0.198,0.206,1,"MLXIP"
0.0410015075010796,-0.903908298387958,0.091,0.113,1,"ITGB4"
0.00363597433961679,-0.902591097171126,0.074,0.105,1,"MMD"
0.00274497837468283,-0.902456751933773,0.106,0.141,1,"OSBPL9"
0.218413717262043,-0.902417414472207,0.121,0.13,1,"NBPF14"
7.8896612110738e-05,-0.900810726625322,0.189,0.239,1,"ZPR1"
0.215624969050014,-0.898167156663108,0.102,0.113,1,"WWC2"
0.000122675798311849,-0.897230658197355,0.441,0.445,1,"RNF114"
0.000158789835574681,-0.89598467167999,0.149,0.198,1,"TMEM222"
0.0414346983103551,-0.895963636821662,0.146,0.166,1,"P4HA2"
0.16028759531972,-0.89554618222668,0.128,0.141,1,"DIP2B"
0.0243641061456194,-0.89256554338794,0.103,0.127,1,"MSANTD3"
0.00194641848562942,-0.883211344349761,0.103,0.14,1,"LPCAT1"
0.000199711372223183,-0.8816032429709,0.246,0.292,1,"SRSF8"
0.011170702112456,-0.880351230673977,0.436,0.414,1,"AZIN1"
0.230998881805707,-0.879772476179401,0.092,0.103,1,"MARF1"
0.0006256580201447,-0.875693512085958,0.12,0.078,1,"TMEM40"
0.0044111167111348,-0.873646167006626,0.297,0.317,1,"ZNF83"
3.2834253497044e-05,-0.872521643151622,0.31,0.356,1,"ANKRD10"
0.0222023457936213,-0.872458927065146,0.334,0.337,1,"SMG1"
0.282811793020394,-0.870354612228815,0.117,0.127,1,"LINC00342"
0.00101943829868426,-0.870146074389984,0.079,0.116,1,"AC004816.1"
0.0157013031966578,-0.869015343421672,0.235,0.253,1,"PRKAG2"
0.000574676084967457,-0.868457761037148,0.287,0.318,1,"TC2N"
0.000132622961173263,-0.867652222934816,0.19,0.236,1,"PHYHD1"
0.0175652639460595,-0.867651889631753,0.245,0.259,1,"RRAGC"
0.240982367533087,-0.866032199392276,0.201,0.204,1,"TPRG1"
0.190766237189662,-0.863021588150146,0.287,0.278,1,"HSD17B4"
3.68256113052695e-05,-0.862678902287631,0.263,0.305,1,"LYPLA2"
0.0550203953560019,-0.862289634160521,0.213,0.226,1,"DIAPH1"
0.00962137759523998,-0.861559446086282,0.219,0.245,1,"RNF19A"
0.00350176491891913,-0.86153442166617,0.124,0.158,1,"EPN2"
0.032516156131991,-0.861453246582503,0.156,0.178,1,"NUP58"
0.00111299524484623,-0.859600552736125,0.137,0.177,1,"PPP1R8"
0.105782811178404,-0.859537301222475,0.091,0.108,1,"TCF3"
0.0288464167504861,-0.858845208749531,0.129,0.153,1,"POLB"
0.000416549881274545,-0.858068743304395,0.46,0.464,1,"RSRP1"
0.0181890551452997,-0.856147141361511,0.157,0.182,1,"MIOS"
0.207639039926762,-0.855554844609808,0.093,0.106,1,"RCL1"
0.0545278604468847,-0.854135599931587,0.136,0.156,1,"NDEL1"
0.048173863409987,-0.853990763361359,0.121,0.141,1,"KDM7A"
0.0304355849691117,-0.853599990163197,0.386,0.392,1,"IRF1"
0.000196532771818324,-0.853596854765825,0.227,0.271,1,"ADPRS"
0.0821263054761477,-0.852954060617162,0.093,0.111,1,"CWF19L2"
0.00227512742028017,-0.851597297148069,0.079,0.112,1,"MEX3C"
0.0140898794397307,-0.849671166963923,0.184,0.208,1,"PELO"
0.0441752602842099,-0.845984656857167,0.161,0.181,1,"ABLIM1"
0.00610123422481111,-0.845248550099443,0.183,0.212,1,"SH3RF1"
0.099233793232856,-0.843382604231246,0.114,0.129,1,"SDHAF3"
0.000501404085907604,-0.840587242245305,0.326,0.347,1,"KIAA1522"
0.0010421283983652,-0.839831128153055,0.298,0.323,1,"HGS"
0.00605911297492588,-0.832322291960001,0.232,0.257,1,"BIRC2"
0.0495470827803145,-0.830352530047961,0.158,0.178,1,"EPS8"
0.0498816474719775,-0.830233844464085,0.215,0.227,1,"MAFK"
0.00191366487466203,-0.829940119057798,0.17,0.207,1,"DBN1"
0.0011140995846944,-0.828539770671925,0.598,0.541,1,"EIF4E"
0.0776716427954492,-0.825796208042044,0.104,0.123,1,"DENND5A"
0.000230633240473474,-0.824884406459509,0.453,0.463,1,"OAT"
0.00148021484232845,-0.823207951960596,0.577,0.541,1,"BNIP3L"
7.61535723584183e-05,-0.821564403376658,0.107,0.157,1,"C1orf174"
0.208330755082522,-0.821079096422608,0.179,0.185,1,"C16orf74"
0.865081690055902,-0.820188459843957,0.19,0.179,1,"CPEB2"
0.0236692376898873,-0.8196143346583,0.148,0.172,1,"CRTC2"
0.0533942049251747,-0.817487842050655,0.162,0.182,1,"CST6"
9.05673323996636e-05,0.816471102386245,0.119,0.079,1,"KLF13"
0.196022941072322,-0.815814098648094,0.147,0.157,1,"TAB2"
0.0709561417434762,-0.815028281134335,0.102,0.121,1,"S100PBP"
0.00475367857980566,-0.814404875766613,0.122,0.154,1,"SLC4A2"
0.0121831275052397,-0.814384857399403,0.139,0.167,1,"ZNFX1"
0.507441930547347,-0.813642726855828,0.098,0.102,1,"ANKRD50"
0.00183378842048297,-0.811263555615915,0.383,0.392,1,"C17orf49"
0.29298102200084,-0.810557373502271,0.34,0.325,1,"TTC39A"
0.000947667889931425,-0.809788543315537,0.097,0.138,1,"NMI"
0.451897108464836,-0.809518826074715,0.24,0.233,1,"NAA25"
0.000399488038895856,-0.809378153972099,0.198,0.245,1,"SEPTIN10"
0.051773186797105,-0.803456824787729,0.267,0.278,1,"C6orf141"
0.0140466689897954,-0.803307585365422,0.114,0.142,1,"FKBP14"
0.0023256450251294,-0.802605190980375,0.23,0.259,1,"TLN1"
0.553200012186356,-0.797269011893038,0.194,0.188,1,"VPS26C"
4.53390760855928e-05,-0.796075578500436,0.248,0.298,1,"FDX1"
0.377768053162567,-0.795413755005404,0.132,0.137,1,"FKBP5"
0.0955443251904374,-0.794249951731131,0.148,0.163,1,"ST3GAL4"
0.000611953897056409,-0.793493131559766,0.118,0.162,1,"ERO1B"
2.77236932203297e-05,-0.792597479780519,0.366,0.401,1,"FNTA"
0.38940322121109,-0.791874589724243,0.118,0.104,1,"SPINK8"
0.0051523089735197,-0.791480877612561,0.087,0.118,1,"SLC37A3"
0.213764419062112,-0.790848506727451,0.181,0.191,1,"CREB3L2"
0.0589801372849797,-0.790071114368455,0.106,0.126,1,"MRPL39"
0.0106877018847015,-0.788598274449053,0.215,0.241,1,"WBP4"
0.000656194830354187,-0.788490487369053,0.343,0.365,1,"BICDL2"
0.921627009871266,-0.78764546558711,0.162,0.151,1,"SEC24A"
0.0029872209283292,-0.786813168856385,0.147,0.186,1,"TMEM45B"
0.0309455364448003,-0.78507555663472,0.175,0.197,1,"MAP1S"
0.112004828842253,-0.784371889316959,0.114,0.13,1,"UBTD1"
0.139907177859635,-0.784213004356289,0.119,0.134,1,"GLI3"
0.564205823668847,-0.78308801454923,0.267,0.253,1,"UBL3"
0.00677082968307096,-0.781937211692609,0.225,0.252,1,"GOLT1B"
0.168791378763491,-0.780388628021798,0.105,0.117,1,"CFL2"
0.0126613232940889,-0.779904767969426,0.162,0.191,1,"ATP6V0A1"
0.0205099278936093,-0.778924742076641,0.101,0.127,1,"RAB11FIP5"
0.484124648976894,-0.778757097037775,0.107,0.113,1,"FAM110C"
0.454268134367781,-0.778662735816766,0.133,0.138,1,"PRPF4"
0.440128192395894,-0.778511610485786,0.111,0.117,1,"DPH7"
0.0187619630882906,0.777894816536738,0.585,0.72,1,"ATP1B1"
0.219239534088904,-0.776341383379687,0.167,0.176,1,"NFKB1"
0.996312470031883,-0.774732844516505,0.151,0.148,1,"MT1E"
0.0497389106444291,-0.774108632594095,0.229,0.243,1,"SH3GL1"
0.00210336818389799,-0.77378091994936,0.308,0.331,1,"CPNE1"
0.000104732914625284,-0.773446488053184,0.114,0.071,1,"TPPP3"
0.0770929589004962,-0.771210727084275,0.085,0.102,1,"MAST2"
0.177702573262577,-0.771174581791802,0.453,0.414,1,"CD47"
0.232838871754315,-0.77082344524049,0.243,0.206,1,"H2AC8"
0.0212520144740771,-0.769004644649101,0.266,0.282,1,"GTF2F2"
0.0278403347438979,-0.764607719375874,0.091,0.116,1,"XPNPEP1"
7.25094854692621e-05,-0.764442967521613,0.288,0.337,1,"PSMB8"
0.233884853388456,-0.76364750731156,0.09,0.102,1,"ANKRD49"
0.266655517171904,-0.762883915490137,0.15,0.157,1,"MAP2K4"
0.00316189706532605,-0.762831406871959,0.214,0.249,1,"CCDC90B"
0.00142326003323263,-0.761954686089412,0.241,0.28,1,"RBPMS"
0.00142490727752226,-0.761112231857545,0.373,0.392,1,"AMD1"
0.121964747984291,-0.760343300426673,0.127,0.143,1,"KDM3A"
0.413687363704736,-0.758580899137716,0.409,0.37,1,"PVT1"
0.146686102161322,0.75834129209432,0.755,0.798,1,"GNAS"
0.255679496967951,-0.756943303009578,0.128,0.138,1,"ELAC2"
0.260840111219169,-0.755153619257642,0.168,0.174,1,"NADK"
0.125922282246455,-0.754439974445928,0.099,0.114,1,"SPA17"
0.0160899126610997,-0.754226233924655,0.23,0.253,1,"PHF23"
0.134941007997633,-0.754171138804756,0.179,0.193,1,"POLR3C"
0.28843164268419,-0.753817543412685,0.096,0.106,1,"LIMD1"
0.472596546038952,-0.752966238810897,0.098,0.104,1,"COG3"
0.125122116435357,-0.75235241960793,0.201,0.169,1,"AC023157.2"
0.308400704431998,-0.751069665705113,0.133,0.14,1,"SH2D4A"
0.919535562632631,-0.750107392748086,0.284,0.257,1,"PRSS22"
0.0459591561804557,-0.749672658646793,0.115,0.137,1,"ZNF431"
7.33519958559333e-05,-0.74836232006991,0.612,0.572,1,"DDX21"
0.220274197808767,-0.748071356292493,0.209,0.216,1,"AFMID"
0.298300919621931,-0.74803722747489,0.156,0.163,1,"STRN"
0.0157394481639123,-0.747052716636657,0.328,0.343,1,"B4GALT1"
0.0174603314542103,-0.74585083744495,0.294,0.307,1,"STX4"
0.429431893920976,-0.743617705854187,0.16,0.163,1,"AHR"
0.0277752244842907,-0.743100686887401,0.262,0.279,1,"STX12"
0.00291689513386626,-0.742184793574689,0.157,0.193,1,"KDF1"
0.110343035285251,-0.742112613577596,0.171,0.19,1,"LDHB"
0.112651460179035,-0.741922799419052,0.186,0.198,1,"CHD7"
0.00690982631153448,-0.741722176257339,0.121,0.154,1,"MITD1"
8.42620116222734e-05,-0.741677050766928,0.404,0.419,1,"RALA"
0.151862663366402,-0.740797239218085,0.12,0.134,1,"EPB41"
0.331803281469685,-0.740726682193958,0.114,0.122,1,"KLC3"
0.00874271268762261,-0.739745968310531,0.374,0.382,1,"GCC2"
0.544196617050778,-0.738948718169895,0.156,0.157,1,"OXSR1"
0.00230485181130186,-0.738920498469833,0.081,0.116,1,"STX1A"
0.660730475344939,-0.738902439132424,0.126,0.114,1,"GPX8"
0.00837788433616354,-0.737500808710825,0.469,0.456,1,"VASP"
0.0197228780795484,-0.737074565907987,0.086,0.111,1,"APBA3"
0.328683306141285,-0.736907054853334,0.117,0.101,1,"TUT4"
0.0455891752616783,-0.736706061970107,0.197,0.216,1,"FLII"
0.00418055057087037,-0.736266692372729,0.26,0.291,1,"NDFIP2"
0.121897222470942,-0.736047304359408,0.21,0.22,1,"CHMP4C"
0.997189835782979,-0.734756225876219,0.109,0.105,1,"KMO"
0.0170328908750421,-0.733559623958618,0.118,0.147,1,"DPAGT1"
0.133739173736574,-0.732370078677187,0.342,0.335,1,"KIAA0040"
0.540795437586172,-0.732093244451732,0.292,0.281,1,"CD320"
0.0874293379351749,-0.731755440949115,0.269,0.273,1,"OCLN"
0.623748451183784,-0.731694368201811,0.144,0.144,1,"AC097376.3"
0.349511963933091,-0.729658985350158,0.131,0.136,1,"PRXL2C"
0.351263943430654,-0.728318414850414,0.147,0.153,1,"ARID3A"
0.051151465892131,-0.727474269751288,0.14,0.161,1,"ACOX3"
0.436715680572583,-0.72637293881944,0.448,0.393,1,"CDC42EP1"
0.00706948855304122,-0.724741516353006,0.154,0.187,1,"VTA1"
0.137650492084233,-0.72253948496087,0.316,0.31,1,"MTRNR2L8"
0.622234508936674,-0.722427988558286,0.146,0.146,1,"PAN3"
0.000651824003593894,-0.722100382842909,0.416,0.431,1,"NFIA"
0.00768861478973164,-0.71694317262342,0.084,0.113,1,"NAALADL2"
0.0543645019654884,-0.716112722578436,0.187,0.204,1,"CAB39"
0.00673230768056788,-0.715495570897848,0.521,0.47,1,"EFHD1"
0.000527826992309712,0.71488878745108,0.146,0.107,1,"NOS1AP"
0.173245438226137,-0.714245945166046,0.124,0.136,1,"SLC12A7"
0.0858268124327287,-0.71073481118856,0.161,0.181,1,"MED17"
0.895559901050674,-0.710631629360129,0.14,0.136,1,"STK38L"
0.460287551786489,-0.70961827124389,0.157,0.158,1,"MGAT4B"
0.0173423870563499,-0.709505844209353,0.646,0.537,1,"BHLHE40"
0.0002735718216149,-0.709335515915355,0.369,0.4,1,"RCN1"
0.0414971775627787,-0.708730164131368,0.295,0.312,1,"AHI1"
0.250481491299453,-0.708088532220954,0.257,0.255,1,"DSC2"
0.206294867416777,-0.707868863994019,0.363,0.343,1,"TDG"
0.170030533365071,-0.707495068008112,0.217,0.227,1,"ARHGEF12"
0.000962533569532534,-0.70522388450414,0.476,0.466,1,"UBE2H"
0.00194638969880868,-0.704049721694076,0.46,0.452,1,"RNF11"
0.477585750974811,-0.703493987118487,0.187,0.185,1,"SEC14L1"
0.00125537334454347,-0.703398527739822,0.401,0.414,1,"TMCO3"
0.974799435643661,-0.702885864296734,0.124,0.121,1,"LTN1"
0.00102605524949878,-0.702142527891884,0.23,0.276,1,"KCNE4"
0.0543809365046593,-0.698071487766016,0.258,0.273,1,"EPS8L1"
0.141214433706533,-0.698009889873837,0.116,0.132,1,"AMN1"
0.349195076031857,-0.698007479709767,0.113,0.121,1,"HMGN5"
0.179127066807204,-0.697365239088719,0.139,0.116,1,"PARD6G-AS1"
0.000211727646678127,-0.695313924952352,0.413,0.424,1,"REXO2"
0.00254119793511674,-0.695230333481217,0.263,0.295,1,"MPDU1"
0.117693480792327,-0.694136449465558,0.472,0.433,1,"TOR1AIP2"
0.133222163759736,-0.694128739651107,0.317,0.316,1,"AKIRIN2"
0.893027460489903,-0.693547814523045,0.281,0.26,1,"SERTAD2"
0.631684209141043,-0.6916495488673,0.134,0.122,1,"FBXL12"
0.000304196013977221,-0.689830690869839,0.171,0.219,1,"TUBA4A"
0.0949528947391107,-0.688941001165777,0.309,0.309,1,"IFT57"
0.248691748284817,-0.687976071530455,0.236,0.238,1,"PCSK7"
0.366854784357497,-0.687571209922658,0.124,0.131,1,"NUP107"
0.00321500284559637,-0.687064447238301,0.072,0.104,1,"TMX3"
0.809075452383544,-0.685423237904208,0.118,0.117,1,"ELL"
0.000240605480449076,-0.68536834686433,0.331,0.372,1,"SOX9"
5.009402066141e-05,-0.68425313092139,0.314,0.363,1,"NUTM2A-AS1"
0.0022518303327043,-0.684232963380525,0.261,0.291,1,"COASY"
0.269270956859362,-0.684197627997251,0.226,0.229,1,"GTF2E2"
0.00592884613817591,-0.684138169151392,0.254,0.284,1,"NBEAL1"
0.0509469250791918,-0.683533292451434,0.323,0.326,1,"DSG2"
0.0893045909065995,-0.682285406485061,0.132,0.15,1,"C2orf49"
0.205550391100871,-0.682048300812992,0.217,0.225,1,"PHKG2"
0.156544096435306,-0.681054308281543,0.106,0.121,1,"RP9"
0.2261514669489,-0.680650291501606,0.317,0.309,1,"DNTTIP2"
0.272289208293821,-0.679896963035876,0.157,0.165,1,"ITPRIPL2"
0.243252407291024,-0.67986066677576,0.195,0.201,1,"CRAT"
0.123453354954114,-0.678855033540885,0.089,0.104,1,"SNCG"
0.542660541694243,-0.678626322639891,0.173,0.171,1,"WWTR1"
0.15392104403545,-0.678110940006956,0.191,0.204,1,"MICU2"
0.150044206800983,-0.677435758412549,0.088,0.102,1,"TSPAN9"
0.000587073676339781,-0.676401819113458,0.309,0.343,1,"SNHG19"
7.37249817040119e-05,-0.676213567274685,0.759,0.644,1,"ATP5IF1"
0.25900028804416,-0.676085899301456,0.587,0.484,1,"RNF115"
0.00632667282521507,-0.674341449343295,0.324,0.346,1,"AFDN"
0.000879100208921579,-0.67418373917786,0.293,0.331,1,"FOSL2"
0.00458653929513184,-0.673737565703357,0.459,0.45,1,"ELF1"
0.028150252337197,-0.673198474989989,0.206,0.227,1,"EFNA3"
0.047086738931523,-0.672915370011555,0.103,0.125,1,"XPR1"
0.000886527522298186,-0.671892664174633,0.444,0.442,1,"REEP3"
0.88519186946804,-0.671792176432593,0.175,0.169,1,"SYNJ2"
0.717201787095113,-0.670966699104876,0.149,0.147,1,"ZC3H7A"
0.167455894739861,-0.670846651441137,0.202,0.214,1,"IKBKB"
0.343818954714216,-0.67017876817453,0.251,0.253,1,"HK2"
0.158414130810991,-0.667961736914206,0.249,0.254,1,"MIER1"
0.26601164202773,-0.667944986397252,0.149,0.157,1,"XPO6"
0.699929054536616,-0.666868400202991,0.292,0.264,1,"KLF10"
0.956231727683359,-0.666312530511434,0.106,0.102,1,"RGMB"
0.0430452912933085,-0.666311302753805,0.346,0.345,1,"TMOD3"
0.214198874981797,-0.666121357895828,0.261,0.227,1,"CYP4Z1"
0.247849352618878,-0.665112918022107,0.321,0.313,1,"OTUD7B"
0.0667755412575869,-0.664950148096489,0.21,0.226,1,"VAT1"
0.0434562119802425,-0.66480003261424,0.409,0.398,1,"SERPINB1"
0.00020706060880034,-0.664245055369842,0.445,0.458,1,"ICA1"
0.172985569044768,-0.663788356279864,0.221,0.23,1,"MTFP1"
0.062356308841639,-0.663272642815308,0.156,0.174,1,"CCM2"
0.071096104407924,-0.662453332903042,0.112,0.089,1,"CD302"
0.539219800895829,-0.661210753188149,0.365,0.338,1,"DAAM1"
0.0209938610394561,-0.660935959034055,0.456,0.444,1,"GDE1"
0.352826096085776,-0.66035546524731,0.189,0.191,1,"KIF2A"
0.499992116101673,-0.659121522416671,0.214,0.21,1,"THOC6"
0.0252426631290364,-0.659076488850057,0.152,0.178,1,"FAM168B"
0.618849542215916,-0.656990189275695,0.149,0.149,1,"TRAF5"
0.000209276825747765,-0.655858710925067,0.49,0.494,1,"GFUS"
0.000485441914055228,-0.655372335923186,0.208,0.26,1,"CXADR"
0.187222984842524,-0.654965694883685,0.285,0.287,1,"GOLPH3L"
0.0111281001778864,-0.65482555858679,0.217,0.245,1,"PSME3"
0.127491299408932,-0.652702192530956,0.336,0.334,1,"TNFRSF18"
0.00375350166630738,-0.652395268636609,0.487,0.471,1,"UFM1"
0.202818398471077,-0.652209390660937,0.135,0.148,1,"RAB30-DT"
0.0744347770088522,-0.65192122824916,0.166,0.185,1,"SEC14L2"
0.000895607634995057,-0.651911059857847,0.406,0.416,1,"CRB3"
0.653533438733467,-0.651680224430096,0.131,0.133,1,"GRHL1"
0.151002073010154,-0.651618437945507,0.095,0.11,1,"PTPN3"
0.0821803448918934,-0.650689568951411,0.145,0.164,1,"ZNF277"
0.180188825413921,-0.650474306231329,0.441,0.402,1,"FAM3C"
0.617808783332249,-0.650350207426156,0.141,0.141,1,"ZNF143"
0.000102902735288951,0.650322216288103,0.113,0.073,1,"RNF207"
0.664424741582691,-0.650185450376929,0.564,0.502,1,"EIF4A3"
0.650535807401414,-0.649164532033526,0.099,0.102,1,"RIMKLB"
0.000127920780167965,-0.648434218360948,0.949,0.852,1,"TPI1"
0.934752297985392,-0.64737953213253,0.4,0.354,1,"TMEM30A"
0.472487526717905,-0.646128486066374,0.123,0.128,1,"MRPS31"
0.577201019427876,-0.645918460141781,0.154,0.142,1,"PER1"
0.00159764784682925,-0.645372867560625,0.522,0.498,1,"CCDC124"
0.552637824175653,-0.645070910558576,0.223,0.217,1,"GALNT3"
5.56083331773534e-05,-0.644980504891128,0.451,0.472,1,"PPM1G"
0.00697639925749373,-0.644175601433544,0.305,0.328,1,"R3HDM4"
0.15085646232056,-0.643765999902302,0.49,0.441,1,"LPP"
0.401530283792346,-0.643159642116503,0.146,0.129,1,"IKZF5"
0.646428954787751,-0.642268218037269,0.256,0.246,1,"PLEC"
0.334566640503913,-0.641693032941397,0.195,0.198,1,"SPTLC2"
0.502536340983218,-0.641145805355189,0.124,0.128,1,"RALGDS"
0.296420876062336,-0.640770916511414,0.224,0.227,1,"PLEKHO1"
0.233475617609917,-0.640203382957627,0.099,0.11,1,"CBLL1"
0.434308246745408,-0.639444685711451,0.188,0.191,1,"C11orf52"
0.794655770279021,-0.639111631951187,0.14,0.138,1,"TBC1D23"
0.679310153102624,-0.63775880374661,0.203,0.196,1,"EFR3A"
0.829995802049275,-0.637677135227938,0.147,0.144,1,"SUSD6"
0.933770570034121,-0.637417703844277,0.201,0.191,1,"ENO2"
0.884068518790613,-0.637062217133775,0.368,0.33,1,"TMEM106B"
0.0194352807481565,-0.636927222248456,0.133,0.16,1,"ARHGAP12"
0.100194471520299,-0.635924063192885,0.137,0.155,1,"LPAR2"
0.370847915722271,-0.635822386668384,0.353,0.329,1,"SNHG15"
0.740293327906351,-0.635379866204299,0.294,0.274,1,"PIP5K1A"
0.370420327577039,-0.634490558151564,0.128,0.138,1,"SC5D"
0.344724058616871,-0.634309151190343,0.143,0.15,1,"CUL1"
0.0407924467830186,-0.633187427526684,0.119,0.142,1,"NKAPD1"
0.862672833058745,-0.632717946341277,0.11,0.103,1,"PRKACB"
0.617884713696529,-0.632307537542461,0.246,0.236,1,"SLAIN2"
0.154438933443839,-0.632172607504921,0.192,0.206,1,"PICALM"
0.380098772872842,-0.631473912725828,0.158,0.163,1,"ABCF2"
0.031178833085772,-0.630595546367747,0.354,0.36,1,"HDAC2"
0.0967730837104675,-0.630492385311266,0.103,0.122,1,"ZMIZ2"
0.273634712948156,-0.629417345198726,0.124,0.136,1,"ARHGEF10"
0.0824182009383932,-0.628898470351872,0.207,0.222,1,"STX18"
0.000301028154388784,-0.627261684956876,0.318,0.356,1,"BSPRY"
0.0367561691203287,-0.627078241589757,0.529,0.514,1,"C15orf48"
0.0588849942241598,-0.627013826583963,0.132,0.154,1,"PPIL4"
0.248321959402984,-0.626555233482836,0.159,0.17,1,"TP53"
0.0220424344216256,-0.626204857525677,0.227,0.257,1,"MRPS30-DT"
0.102101078612961,-0.626119379412213,0.332,0.281,1,"NEDD9"
0.448309145267114,-0.625592945835614,0.153,0.159,1,"C12orf29"
0.084910697268711,-0.624471307156967,0.148,0.168,1,"PPP2R3C"
0.539787101914682,-0.623926668013374,0.274,0.26,1,"ARHGEF35"
0.0266056699366527,-0.623514334092083,0.112,0.139,1,"PRKAG2-AS1"
0.00335695392818399,-0.622902692462005,0.191,0.142,1,"IFITM1"
0.00188943957132028,-0.622357997501809,0.199,0.24,1,"LRRC42"
0.102884842931473,-0.622227510575239,0.134,0.11,1,"NR1D1"
0.264143784029357,-0.621742456485082,0.138,0.148,1,"ZDHHC21"
0.264540933235493,-0.621083602055527,0.221,0.226,1,"MYO5C"
0.150361422010271,-0.620764866061472,0.212,0.227,1,"TMEM30B"
0.086712289166385,-0.620405052142671,0.351,0.345,1,"CDC73"
0.85997795560899,-0.619668448964196,0.142,0.139,1,"ELF3-AS1"
0.00130718312187085,-0.619663091337218,0.455,0.456,1,"RSF1"
0.228683470313648,-0.618971768645249,0.337,0.326,1,"RALGPS2"
0.503697519416257,-0.618206774051776,0.161,0.146,1,"IRF2"
0.0609829518549983,-0.617977530737596,0.253,0.267,1,"YARS1"
0.191147839612453,-0.617833934755881,0.133,0.146,1,"UVRAG"
0.0270554141461909,-0.616509981866224,0.284,0.3,1,"TRAF7"
0.781110068103887,-0.614125167881221,0.119,0.112,1,"TMEM67"
0.876089428175755,-0.613903979961901,0.178,0.168,1,"TOMM34"
0.95042029742908,-0.612658759945629,0.161,0.155,1,"PLRG1"
0.471231457407175,-0.612382564997668,0.204,0.204,1,"LONP1"
0.166678115565284,-0.611850395435459,0.43,0.398,1,"JAK1"
0.289096598704594,-0.611045469284011,0.116,0.126,1,"AXIN1"
0.24977622365523,-0.610924250677502,0.188,0.196,1,"TNKS1BP1"
0.842561081194226,-0.609849006192376,0.12,0.118,1,"AMOTL2"
0.818450586854125,-0.609710729221188,0.568,0.489,1,"PNRC1"
0.979330119445969,-0.60967320044913,0.176,0.168,1,"ZMYM5"
0.970927869549532,-0.609616193868311,0.148,0.141,1,"MICA"
0.269050250365743,-0.607782828627845,0.176,0.154,1,"PEX7"
0.233107090364005,-0.60773263113661,0.403,0.387,1,"RNMT"
0.205552006816616,-0.607689653519273,0.2,0.207,1,"ERICH1"
4.55974676008567e-05,0.606630185272204,0.1,0.061,1,"ABRAXAS1"
0.907155617494016,-0.60633685785008,0.179,0.173,1,"TEAD2"
0.260373183803508,-0.605452142276928,0.148,0.127,1,"CYLD"
0.000154780668513496,0.6054025024426,0.828,0.761,1,"TPM1"
0.00172118986107366,-0.603963652940964,0.658,0.629,1,"MYO6"
0.38390348222994,-0.603769657276914,0.331,0.315,1,"CRK"
0.959282603115433,-0.603368622857648,0.185,0.174,1,"RNF6"
0.188632782127225,-0.602762113448746,0.188,0.201,1,"ZNF692"
0.0127472031128151,-0.602231305080945,0.656,0.575,1,"CNIH4"
0.895446558084173,-0.601618385185589,0.349,0.318,1,"DDOST"
0.245413579114026,-0.601075810447138,0.093,0.105,1,"CDK11B"
0.0855466761718379,-0.600552747201448,0.086,0.103,1,"PUS3"
0.398649266009053,-0.599763187682658,0.693,0.577,1,"PGAM1"
0.451032571811733,-0.599741876826299,0.153,0.157,1,"YRDC"
0.00371998740882825,-0.599683331424513,0.365,0.379,1,"C14orf119"
0.0642809800992547,-0.599472731944241,0.115,0.138,1,"RHOQ"
0.777310443079132,-0.598887244435174,0.169,0.166,1,"TLE1"
0.956678373187614,-0.598805394006152,0.275,0.253,1,"CFLAR"
0.421743840913793,-0.5980180902088,0.273,0.266,1,"SHROOM3"
0.0707599955341968,-0.5976989569145,0.1,0.12,1,"PPP3CC"
0.21235081725146,-0.597608382453231,0.229,0.233,1,"SFXN1"
0.0790212981206173,-0.597040918006404,0.663,0.572,1,"ARPP19"
0.0938137236993375,-0.595973758033443,0.232,0.245,1,"ARID1A"
0.0854496489561474,-0.595219131268153,0.265,0.276,1,"TMEM126B"
0.682707212070278,-0.594752786523755,0.313,0.279,1,"CNOT4"
0.982717602640663,-0.593588748308794,0.18,0.171,1,"SMC5"
0.0537705881724985,-0.593401837779645,0.282,0.29,1,"F12"
0.665808900606183,-0.591849480914164,0.235,0.223,1,"ZDHHC9"
0.17788916473976,-0.591641356353904,0.364,0.351,1,"RTCB"
0.625112872015247,-0.59045031498372,0.233,0.231,1,"COPS3"
0.0677671029824789,-0.590376907765552,0.405,0.389,1,"SRSF4"
0.826621703205032,-0.589607405859801,0.267,0.244,1,"PHF1"
0.622990937050948,-0.589242458617742,0.101,0.094,1,"INPP5K"
0.481587523558663,-0.588709249816368,0.199,0.198,1,"SP110"
0.818414309803169,-0.587431275339688,0.146,0.137,1,"MCM7"
0.275944778075192,-0.586870722674637,0.357,0.343,1,"DNAJB2"
0.471766516642862,-0.586706315888697,0.26,0.258,1,"ATG4B"
0.381957492314204,-0.586379836171185,0.202,0.204,1,"TNFAIP1"
0.0394565588521357,-0.585568950268806,0.293,0.307,1,"SND1"
0.0640214854013198,-0.584279864320891,0.186,0.206,1,"RPP38"
0.377014845284386,-0.584103842375475,0.116,0.125,1,"VPS13A"
0.229072116592232,-0.58325927589172,0.342,0.291,1,"ACADSB"
0.0225620142354199,-0.583057408566046,0.631,0.57,1,"TUBA1C"
0.0882090151368148,-0.582614024019337,0.116,0.136,1,"LARP4B"
0.154405334591525,-0.581679102095548,0.227,0.242,1,"NEBL"
0.114701792392855,-0.581263112563962,0.283,0.288,1,"SEMA3C"
0.00764066272478483,-0.58079432817947,0.47,0.458,1,"B4GALT3"
0.703846144725002,-0.579727733091796,0.3,0.28,1,"VOPP1"
0.709820477480095,-0.5797177582491,0.285,0.27,1,"VPS4B"
0.157376091092515,-0.579714747464915,0.1,0.116,1,"METTL3"
0.000108778480815657,-0.579316284048265,0.605,0.576,1,"SNHG16"
0.0773238717164874,-0.578549935523519,0.392,0.387,1,"RNF149"
0.803274868678738,-0.577292367493693,0.172,0.163,1,"CDC40"
0.167189185531728,-0.576677243941785,0.088,0.103,1,"PEX14"
0.535840493730695,-0.576554105639887,0.164,0.148,1,"RREB1"
0.0810909332681477,-0.575305754298125,0.137,0.11,1,"PPTC7"
0.406434067910796,-0.575191961198568,0.481,0.426,1,"PLK2"
0.14020177022625,-0.574346510296584,0.137,0.153,1,"ZNF626"
0.235106878988738,-0.574256979598297,0.167,0.178,1,"PLEKHH3"
0.576085972428333,-0.573089365274087,0.232,0.227,1,"DNMT1"
0.122796798328163,-0.571742338473546,0.119,0.099,1,"SLC4A1AP"
0.878213220169484,-0.571736332630207,0.26,0.239,1,"ADAM17"
0.43107060539647,-0.571726842309343,0.178,0.181,1,"PRPS2"
0.8807327574377,-0.571704757923434,0.13,0.124,1,"OTUD4"
0.00757756505144515,-0.5712053398356,0.338,0.358,1,"PATJ"
0.641313407289884,-0.571079680031694,0.205,0.205,1,"MFAP1"
0.699256306512483,-0.570274706108286,0.276,0.251,1,"USP3"
0.486150138276714,-0.569830384165569,0.252,0.223,1,"EHD1"
0.181919407796821,-0.569120604865401,0.145,0.159,1,"ESYT1"
0.144706426611543,-0.56876798536326,0.317,0.326,1,"B3GALNT2"
0.219641334513284,-0.568450338762938,0.135,0.147,1,"DHRS4"
0.325428534497961,-0.567682127443316,0.148,0.13,1,"MIR200CHG"
0.618944441221837,-0.567584642908483,0.106,0.097,1,"ARL13B"
0.419260470869362,-0.567229639068698,0.111,0.098,1,"PHF13"
0.225663072198326,-0.567008904401464,0.294,0.29,1,"STAP2"
0.844356451961692,-0.566946434131268,0.162,0.16,1,"MAP3K1"
0.436638551450347,-0.566537853306054,0.326,0.31,1,"SRPK1"
0.850832457704637,-0.56634678556836,0.217,0.208,1,"NMT1"
0.000356497705445307,-0.566196773113788,0.832,0.663,1,"HSPA5"
0.44444980788764,-0.566164571820321,0.355,0.337,1,"ZSWIM7"
0.628061176990275,-0.56592439420343,0.196,0.194,1,"YES1"
0.145963584391379,-0.565615063222539,0.331,0.278,1,"USP47"
0.790369782248852,-0.565382720391757,0.123,0.122,1,"ERC1"
0.763109457193399,-0.565204960483038,0.222,0.202,1,"SPATA13"
0.0147478476470233,-0.564501609870086,0.347,0.36,1,"SLC44A4"
0.158937427155349,-0.564083346670408,0.124,0.141,1,"IMMP2L"
0.0386218491567165,-0.562858995549563,0.558,0.495,1,"FBL"
0.0913800034302253,-0.56263557058708,0.114,0.134,1,"PITRM1"
0.865359336189487,-0.562530039539172,0.381,0.339,1,"GLRX2"
0.949808786940224,-0.562476872796362,0.568,0.489,1,"CHD2"
0.0507155920131595,-0.56175735931129,0.605,0.544,1,"RAP1B"
0.278212496295744,-0.561235424860563,0.143,0.152,1,"UACA"
0.577639904130207,-0.558609745690549,0.127,0.131,1,"SCYL3"
0.022579757526166,-0.557416903258685,0.08,0.104,1,"NSMF"
0.672479799426599,-0.557197650466263,0.197,0.193,1,"BCL2L12"
0.0807401780771665,-0.556744290879502,0.145,0.165,1,"BDH2"
0.39955790218909,-0.556327573282704,0.127,0.134,1,"CHKB"
0.00253301826946711,-0.554829575239542,0.955,0.876,1,"CLDN4"
0.874095552665522,-0.554654721984642,0.107,0.107,1,"MYO9B"
0.432883903298206,-0.554601793924083,0.211,0.214,1,"DDX41"
0.894121050013913,-0.554433604752525,0.369,0.336,1,"FNBP4"
0.197705358558129,-0.553475260448601,0.319,0.267,1,"PHLDA3"
0.595735987680919,-0.552720170611932,0.298,0.285,1,"PPP1R13L"
0.190002677585383,-0.552597928037316,0.579,0.467,1,"IRF6"
0.0180595751667964,-0.550642451186371,0.398,0.399,1,"CWC15"
0.295298207414374,-0.550438076389173,0.128,0.111,1,"ACAP3"
0.674993189493016,-0.5499100963975,0.196,0.18,1,"TPRA1"
0.0408213544798407,-0.54949568622432,0.574,0.539,1,"EVL"
0.386730444231235,-0.548967700484365,0.234,0.235,1,"ARHGAP5"
0.178156103800169,-0.548695784995341,0.465,0.379,1,"CLIP1"
0.00150018605883645,0.547909122799493,0.118,0.084,1,"SETD4"
0.00584781973098893,-0.547286144096741,0.768,0.712,1,"CD44"
0.202377961053888,-0.546771274008717,0.132,0.144,1,"NF2"
0.339165173467792,-0.546597480293457,0.319,0.31,1,"BZW2"
0.000384985591166075,0.546467148278303,0.123,0.085,1,"ST8SIA6"
0.14849051705548,-0.546022569120259,0.6,0.546,1,"PPP2CA"
0.761789993091542,-0.545296426060278,0.139,0.137,1,"WASL-DT"
0.615930856153704,-0.545271059761705,0.128,0.131,1,"CEP170B"
0.969190092392533,-0.544463708653451,0.113,0.11,1,"GTF3C4"
0.101660663843809,-0.544248305109316,0.385,0.387,1,"HP1BP3"
0.252631885770868,-0.544169196801363,0.344,0.336,1,"DERL2"
0.736107965382301,-0.54339541094143,0.145,0.146,1,"DOP1B"
0.0327829387288352,-0.543143950932784,0.266,0.284,1,"PEF1"
0.000203998271254089,-0.54282620060687,0.606,0.583,1,"RBM25"
0.524175888346102,-0.542703776874189,0.139,0.126,1,"BOLA2B"
0.64888400157602,-0.542545827860156,0.294,0.278,1,"RIT1"
0.980657875616408,-0.541644112556642,0.123,0.119,1,"CHIC2"
0.676310782175987,-0.541040289497603,0.185,0.182,1,"DUSP3"
0.87617572000488,-0.540362318194408,0.362,0.33,1,"WASL"
0.434441695982367,-0.540027155366689,0.141,0.147,1,"RILPL2"
0.725812134399748,-0.538761782827461,0.16,0.159,1,"SCO1"
0.810443922325371,-0.538060930210718,0.151,0.15,1,"ZNF721"
0.620105763129479,-0.537738981100776,0.145,0.131,1,"CHPF2"
0.749174232720469,-0.537560981444517,0.148,0.139,1,"RNF144B"
0.538992293825703,-0.537495578721667,0.294,0.263,1,"SEMA3B"
0.706730327940943,-0.537386435561995,0.1,0.103,1,"COG5"
0.794507712054946,-0.5371982586709,0.284,0.269,1,"PCF11"
0.321779897833238,-0.536621936066465,0.265,0.27,1,"KLC1"
0.179999696990723,-0.536258877239229,0.269,0.281,1,"NUTM2B-AS1"
0.347458548699226,-0.535490110227407,0.252,0.227,1,"PILRB"
0.353386511978821,-0.53528533169064,0.18,0.185,1,"CDR2"
0.944398989662376,-0.535086490642219,0.203,0.192,1,"ARL6IP6"
0.00132748709604683,-0.534724242467016,0.682,0.652,1,"BAG1"
0.708622428966829,-0.533844637802268,0.317,0.283,1,"PCM1"
0.00626855148068844,-0.533269192460347,0.249,0.287,1,"ZNF22"
0.917826332281311,-0.532890521107696,0.303,0.282,1,"HECTD1"
0.0590225909182713,-0.53255490601381,0.802,0.657,1,"PGK1"
0.339808295779582,-0.531606471209428,0.363,0.347,1,"RASSF7"
0.375761387282013,-0.530460214676013,0.401,0.347,1,"USP14"
0.123021394898069,-0.528580045665478,0.145,0.163,1,"PRPF18"
0.473287563023232,-0.528554049428061,0.21,0.189,1,"AEN"
0.92427144601479,-0.528021894145314,0.175,0.166,1,"SLC6A8"
0.636592277472957,-0.527833724728505,0.118,0.121,1,"HYOU1"
0.295025017415947,-0.527090787060908,0.314,0.309,1,"NOLC1"
0.000226776493218012,0.527088266574696,0.138,0.096,1,"ST6GALNAC4"
0.581183860159165,-0.526752519451565,0.185,0.187,1,"GPATCH2L"
0.799632618023309,-0.526232293309741,0.447,0.398,1,"DEGS1"
0.00883039643265661,-0.52617106031892,0.538,0.505,1,"THRAP3"
0.152520229950643,-0.525618995534083,0.333,0.334,1,"SAP30BP"
0.214903874661007,-0.525222981788895,0.146,0.126,1,"HES6"
0.512194732777701,-0.524691325194965,0.163,0.166,1,"ORAI2"
0.18062008588736,-0.524680782397556,0.382,0.366,1,"ADSS2"
0.117168705390536,-0.524227505364338,0.229,0.198,1,"ANKRD28"
0.0312544794635853,-0.522929770680324,0.12,0.093,1,"RRP12"
0.128602878782365,-0.522825835523686,0.324,0.325,1,"PABPC4"
0.522481369017787,-0.522745764567627,0.096,0.102,1,"MAP3K7"
9.37929761105549e-05,-0.521888257450877,0.634,0.622,1,"F11R"
0.0150559771854583,-0.521494837678693,0.576,0.462,1,"OSER1"
0.842171126973183,-0.521075870772015,0.339,0.323,1,"BAMBI"
0.0077558092030454,-0.520919758454341,0.59,0.558,1,"LITAF"
0.764551797073596,-0.520671381200676,0.206,0.198,1,"MDFI"
0.222998953110977,-0.520649041486705,0.174,0.149,1,"CEACAM1"
0.444776731385515,-0.520085808247733,0.43,0.398,1,"ARF5"
0.746722597557188,-0.519900512152436,0.151,0.142,1,"SLC9A1"
0.888187252974068,-0.519880569494951,0.126,0.125,1,"TUT7"
0.659044554312094,-0.517379873269417,0.257,0.231,1,"GATA3-AS1"
0.686907674842195,-0.516853784753274,0.415,0.381,1,"MKNK2"
0.346222381826588,-0.516803968699357,0.401,0.344,1,"QDPR"
0.418501575489339,-0.516636297594049,0.159,0.143,1,"ETV3"
0.658554173175417,-0.516056770847233,0.268,0.26,1,"SP100"
0.855117355483794,-0.51594421527643,0.115,0.11,1,"TCF12"
0.698297474656654,-0.515546091438105,0.217,0.21,1,"ESYT2"
0.853437689852619,-0.515124787756487,0.102,0.097,1,"AP1AR"
0.854316673334843,-0.514562006631861,0.441,0.395,1,"MANBAL"
0.345263141353532,-0.514226971310655,0.276,0.276,1,"PPP2R5E"
0.800781511698972,-0.513407789558368,0.151,0.149,1,"UBTD2"
0.614089919926911,-0.513010759011028,0.315,0.294,1,"VPS37B"
0.0183832438466391,-0.512988701614699,0.183,0.214,1,"NME7"
0.646203206467927,-0.512586569359089,0.141,0.13,1,"SULT2B1"
0.330329880751475,-0.511792659563982,0.235,0.24,1,"STX8"
0.798261502636784,-0.510755658923915,0.407,0.364,1,"IL13RA1"
0.0270734962113873,-0.508069901176308,0.143,0.17,1,"PXDN"
0.709899926073276,-0.508001927218325,0.192,0.188,1,"KCTD5"
0.902004074127664,-0.50770124360186,0.116,0.115,1,"KIF1B"
0.0436111959738014,-0.507312595670612,0.132,0.105,1,"PLSCR1"
0.896260337346705,-0.50657609789446,0.119,0.117,1,"HMBS"
0.449593364033129,-0.505573879868295,0.262,0.256,1,"NIPA2"
0.513557982644311,-0.505485627723408,0.206,0.206,1,"NRBF2"
0.52638497126993,-0.505442299243043,0.171,0.174,1,"CD82"
6.51012130725057e-05,0.504454463156355,0.101,0.061,1,"ACVR1B"
0.549307422759241,-0.504345460318758,0.316,0.303,1,"BCCIP"
0.271402552642363,-0.504138099327839,0.17,0.148,1,"TSR1"
0.887147380453625,-0.502988880661474,0.239,0.224,1,"GATAD2B"
0.689649326467542,-0.502818213517086,0.233,0.213,1,"ATP8B1"
0.347861577386402,-0.502772356631016,0.154,0.138,1,"DNAJB4"
0.21943573851982,-0.502268744468854,0.108,0.12,1,"CCNY"
0.903970723415581,-0.501607703000772,0.129,0.124,1,"TK1"
0.595924537709917,-0.501425516915547,0.112,0.116,1,"ARMCX2"
0.371508675888983,-0.501280395744057,0.121,0.129,1,"UBXN11"
0.600671851578107,-0.500690481804758,0.24,0.232,1,"RAMAC"
0.444470023822238,-0.500571623678791,0.238,0.213,1,"PSD3"
0.652978358725443,-0.500101043047872,0.177,0.163,1,"SPATC1L"
0.104740960374574,-0.499837812469887,0.652,0.57,1,"HDGF"
0.000392705898014086,-0.499688768277226,0.879,0.785,1,"RHOB"
0.174779742518875,-0.4996772158008,0.286,0.243,1,"CLK3"
0.275602335511562,-0.499162735045868,0.56,0.503,1,"PSMA3"
0.999617932112333,-0.498947382403383,0.167,0.16,1,"EIF2B2"
0.262061324581777,-0.498447670876926,0.134,0.145,1,"PRMT5"
0.149528015343845,-0.498422188093357,0.23,0.24,1,"NUMB"
0.119528343869924,-0.498231241781077,0.135,0.153,1,"MTFR1L"
0.834621260356311,-0.49815093537825,0.121,0.12,1,"DCUN1D4"
0.377418901936955,-0.497721208207307,0.497,0.439,1,"GIPC1"
0.437652091888933,-0.497697922412124,0.154,0.14,1,"ZSWIM8"
0.722628318069552,-0.4974434747975,0.364,0.338,1,"EIF2S1"
0.80857306287783,-0.496192961192328,0.182,0.179,1,"DHX32"
0.682126594655357,-0.4959006787159,0.147,0.149,1,"UTP6"
0.0627833185628695,-0.495426089380233,0.17,0.193,1,"DDAH1"
0.163698257856174,-0.494374921290383,0.508,0.468,1,"AIMP1"
0.993145086533995,-0.492752636713534,0.159,0.154,1,"SPRYD7"
0.669967945829921,-0.49245465035704,0.191,0.189,1,"SLC39A10"
0.713240295267759,-0.492447216529745,0.257,0.232,1,"YKT6"
0.0923389211374968,-0.492092099837701,0.231,0.196,1,"NR4A2"
0.627360097544114,-0.491892410035019,0.247,0.226,1,"TOR1AIP1"
0.26018748568548,-0.49167459125066,0.166,0.143,1,"ROCK2"
0.863397350707202,-0.49140643784159,0.497,0.433,1,"GLRX3"
0.701884475684838,-0.490856566751721,0.261,0.251,1,"GAR1"
0.972604888931964,-0.490616078508997,0.276,0.26,1,"PSME4"
0.145446740287096,-0.490287234840635,0.286,0.246,1,"H2BC8"
0.733318085688932,-0.490172918458363,0.442,0.405,1,"ETF1"
0.0131110311483412,0.489173774101333,0.343,0.322,1,"SERPINA1"
0.0176300797566457,-0.488788694267313,0.754,0.679,1,"SON"
0.4432726778733,-0.488742128142451,0.292,0.259,1,"NRIP1"
0.0727466916115768,-0.488445615803693,0.125,0.146,1,"KIN"
0.245337096520398,-0.488380586561278,0.537,0.478,1,"ERCC1"
0.576330065533215,-0.487888603541069,0.139,0.127,1,"PUS1"
0.367658307785156,-0.487639800863214,0.177,0.186,1,"AC007009.1"
0.189151559923137,-0.486688366246772,0.1,0.083,1,"RTL8B"
0.0319470636968689,-0.486415414862237,0.515,0.508,1,"LRRFIP2"
0.53593962899251,-0.486258872225399,0.479,0.438,1,"YTHDC1"
0.699903149233689,-0.485614415061997,0.187,0.172,1,"FUT8"
0.736819132938923,-0.485583647860399,0.323,0.305,1,"MYO1C"
0.455365817201476,-0.484712031435873,0.144,0.129,1,"SMAD1"
0.974351448447966,-0.484085789038917,0.247,0.23,1,"PRR14"
0.138140960745397,-0.483962468662154,0.1,0.082,1,"ABCC11"
0.98350704957697,-0.483842698848327,0.233,0.218,1,"GNPNAT1"
0.624007050193358,-0.482527776927151,0.235,0.229,1,"GALNT2"
0.803051550604494,-0.482154349868444,0.304,0.286,1,"CCDC25"
0.315777337861073,-0.48212316763459,0.198,0.207,1,"MRTO4"
0.891756831903476,-0.481918602272159,0.238,0.226,1,"HDAC3"
0.355488199576925,-0.481497630781492,0.246,0.217,1,"STK19"
0.777718980480773,-0.481295916733639,0.12,0.121,1,"CEP57"
0.711575740215167,-0.4809899277438,0.205,0.188,1,"CBWD5"
0.393982381957213,-0.480589215523244,0.104,0.093,1,"CLK4"
0.0306514249754213,-0.479993414342112,0.561,0.531,1,"EMP2"
0.523575526902341,-0.479918368207548,0.277,0.251,1,"PITPNB"
0.355160515282543,-0.479300534430609,0.159,0.17,1,"RPA2"
0.791180258373193,-0.479279880217377,0.344,0.33,1,"ARID5A"
0.885633050619973,-0.478814244266355,0.219,0.206,1,"RAC3"
2.92630750308868e-05,0.478343762193718,0.115,0.072,1,"EXD2"
0.693897466105684,-0.477525996758973,0.198,0.181,1,"MED11"
0.886373273203726,-0.477315485137745,0.183,0.173,1,"RAB27B"
0.353956526656334,-0.477266914788592,0.844,0.691,1,"BZW1"
3.71916433070142e-05,0.476644363392408,0.129,0.082,1,"DOK1"
0.624751996012631,-0.476610135846287,0.214,0.213,1,"SNRNP40"
0.59427809355909,-0.476458336367919,0.202,0.185,1,"ANKS3"
0.0283059342446176,-0.475893307133931,0.289,0.229,1,"PDLIM4"
0.835483526919042,-0.475854952752487,0.1,0.1,1,"PRDM4"
0.376076290805402,-0.475830965928986,0.126,0.112,1,"ZNF701"
0.118716319139376,-0.475735834539219,0.192,0.161,1,"VIRMA"
0.861634497369055,-0.474670535359225,0.178,0.169,1,"CRY1"
0.870845197669266,-0.474028507010681,0.233,0.221,1,"MED30"
0.139608217642639,-0.473517717884621,0.256,0.271,1,"CDC123"
0.191380871632032,-0.47316966378176,0.403,0.384,1,"UBE2J2"
0.252223790409632,-0.473029646465307,0.09,0.102,1,"GPCPD1"
0.848487326931747,-0.472753261678429,0.184,0.175,1,"INTS10"
0.374276477889067,-0.472712262110748,0.24,0.24,1,"KLF3"
0.675949539713039,-0.471489587225644,0.355,0.315,1,"MYCBP"
0.755077115129734,-0.471474649522392,0.315,0.296,1,"MAP7"
0.91909371483636,-0.470332902769935,0.132,0.127,1,"SURF6"
0.00458714990553323,0.470261645566977,0.197,0.162,1,"NOVA1"
0.757789915680186,-0.470221078036153,0.117,0.111,1,"MTMR9"
0.580604840403263,-0.46972266631751,0.271,0.264,1,"MAPK6"
0.86422462551861,-0.469506326424689,0.258,0.245,1,"CLDND1"
0.917250665245323,-0.469462477924481,0.117,0.116,1,"GTF3C1"
0.234657282448347,-0.469221074364233,0.613,0.536,1,"TRAPPC1"
0.0065861603531537,-0.468877184254261,0.601,0.547,1,"OLA1"
0.991236954831027,-0.468672357503826,0.357,0.329,1,"PAFAH1B2"
0.740734066556526,-0.468628895319451,0.229,0.215,1,"PIP4P1"
0.884308880898472,-0.468564388304427,0.135,0.134,1,"SMG5"
0.538174600698575,-0.467782704599883,0.135,0.14,1,"SIK3"
0.269134095699097,-0.466608373517823,0.385,0.369,1,"RNF167"
0.00361620408905584,-0.466096048684995,0.543,0.525,1,"TRAPPC3"
0.220282429410264,-0.466023998358302,0.175,0.152,1,"INTS3"
0.453735500673953,-0.465993100414722,0.485,0.436,1,"MPZL1"
8.71539826122826e-05,-0.4655114538173,0.247,0.172,1,"CDKN2A"
0.452969123447267,-0.465254568513041,0.1,0.108,1,"MOB3A"
0.0778180924869759,-0.465052680591979,0.28,0.232,1,"PTK2"
6.57880623574083e-05,0.46429564164152,0.105,0.065,1,"ZYG11B"
0.809219308818444,-0.463983547012139,0.323,0.301,1,"MVP"
0.359901342640498,-0.46395710358698,0.133,0.117,1,"MROH1"
0.20101925670008,-0.463669081851885,0.202,0.174,1,"UPK3BL1"
0.625723504860309,-0.463068184618444,0.266,0.24,1,"NTAN1"
0.000167968494771213,0.462433847347746,0.101,0.064,1,"TRMT1L"
0.0595598038985149,-0.462239314865395,0.344,0.353,1,"LGALS8"
0.0409992287071252,-0.461770339319457,0.267,0.29,1,"SUGT1"
0.368201748409446,-0.461145159433096,0.237,0.21,1,"RRP1"
0.64409470750123,-0.461092443756953,0.183,0.169,1,"INF2"
0.4397226305243,-0.460688370809111,0.29,0.262,1,"IARS1"
0.525407879234443,-0.460553697983474,0.305,0.274,1,"TMEM11"
0.037916474995761,-0.460031225445721,0.449,0.37,1,"PLEKHF2"
0.24585687929287,-0.459939822981084,0.193,0.167,1,"CREBZF"
0.459295635921297,-0.459564239354994,0.326,0.317,1,"GPS2"
0.000174056514409186,0.459330310610447,0.152,0.108,1,"OGDH"
0.369491811909341,-0.45916026488834,0.174,0.18,1,"MFSD12"
0.362089776808891,-0.458829868094972,0.13,0.139,1,"STT3A"
0.564712268075163,-0.458804860857142,0.128,0.116,1,"OSCP1"
0.0381655873233689,-0.458213499088707,0.181,0.145,1,"IFI35"
7.4636200724156e-05,-0.457524184138077,0.689,0.631,1,"LSM7"
2.97438428346668e-05,0.457502395458987,0.113,0.069,1,"BTBD2"
9.062244186969e-05,-0.457104946243124,0.627,0.594,1,"UBE2V1"
0.998818948317478,-0.457085003073858,0.155,0.149,1,"PPP4R1"
0.000671139345106173,0.456832306953968,0.104,0.069,1,"PEX5"
0.482642777874598,-0.456728617580848,0.228,0.208,1,"DNAJC9"
0.922061309932659,-0.456218299597284,0.1,0.1,1,"AVPI1"
0.000216258545071955,0.455829113962257,0.117,0.077,1,"ELP3"
0.114481574285517,-0.45560327754391,0.275,0.233,1,"NAA15"
0.00504012138187334,-0.455338574125324,0.16,0.119,1,"PLEKHA5"
0.0193450397466523,-0.455279352085337,0.493,0.505,1,"ASPH"
0.866616116693094,-0.455277601845904,0.408,0.365,1,"IDS"
0.166231228245854,-0.454908778879719,0.313,0.27,1,"SGTA"
0.223372904824507,-0.45420717386638,0.189,0.163,1,"SIAH1"
2.95096513258713e-05,0.45404923180763,0.137,0.088,1,"CNOT6"
0.322935113565432,-0.454026698061934,0.312,0.265,1,"C9orf116"
0.31847789738143,-0.453976518136495,0.235,0.24,1,"SNHG1"
0.377509749386248,-0.453581679045127,0.436,0.406,1,"PPA2"
0.869715928145247,-0.45356581239043,0.291,0.273,1,"PACSIN2"
0.216483808472304,-0.452651682294527,0.264,0.227,1,"THAP9-AS1"
0.572372116715728,-0.452377212853111,0.328,0.292,1,"TM2D2"
0.904260935592557,-0.451924216020254,0.161,0.153,1,"TAF13"
0.569422854866537,-0.451293249761461,0.1,0.091,1,"UNKL"
0.433707976285948,-0.451200973169219,0.164,0.148,1,"SMCHD1"
0.527679272939238,-0.450647970688278,0.14,0.146,1,"SAMD8"
0.820533744644449,-0.450327804939611,0.47,0.425,1,"CEBPD"
0.468320903041421,-0.450163211873901,0.173,0.156,1,"LYAR"
5.49025358869662e-05,0.450102565548322,0.104,0.064,1,"NHLRC2"
9.73340619968538e-05,-0.450076735280525,0.481,0.533,1,"ELOVL5"
0.949445844601546,-0.449972766995671,0.345,0.318,1,"WDR13"
0.100710945347408,-0.449594168813813,0.374,0.315,1,"LARP7"
0.716848680284873,-0.449392906579272,0.379,0.355,1,"NIFK"
0.0277469786321336,-0.449336458457591,0.247,0.202,1,"OGT"
0.0264457297281597,-0.449041941239208,0.709,0.616,1,"SSBP1"
0.46359584171114,-0.448400724540555,0.16,0.166,1,"RNF146"
0.373189667149603,-0.447318236304622,0.336,0.296,1,"HBP1"
0.00146779359239971,-0.447046147844359,0.327,0.249,1,"RICTOR"
0.0272237815041043,-0.446755590570081,0.155,0.122,1,"NCOA7"
0.278318780707615,-0.445983919398378,0.146,0.128,1,"PPFIBP1"
0.414521702123928,-0.445896561679452,0.173,0.18,1,"UCK2"
0.0295360501657499,-0.445737536488735,0.615,0.567,1,"PSME2"
0.498134550230386,-0.443984373483269,0.708,0.634,1,"TMEM165"
0.943332127576648,0.442964848218674,0.39,0.415,1,"PLAAT4"
0.967806315883527,-0.44246734232343,0.219,0.209,1,"JOSD1"
0.290185009907984,-0.44235540966485,0.265,0.273,1,"UPF2"
0.266059791406205,-0.441935932617703,0.106,0.092,1,"MTMR3"
0.45142175349341,-0.441676308871591,0.122,0.11,1,"HNRNPLL"
0.358289628723186,-0.441625885635042,0.305,0.267,1,"DLGAP4"
0.431588612779032,-0.44056403181182,0.653,0.555,1,"SBDS"
0.000264322004237068,-0.440110873641282,0.821,0.726,1,"ARPC2"
0.0172758141779631,-0.439680420803863,0.657,0.595,1,"RBIS"
0.697421136324468,-0.439144522077267,0.186,0.183,1,"PCAT6"
0.411101182428928,-0.439080170780971,0.276,0.243,1,"RBM18"
0.196112131854693,-0.439068920126953,0.302,0.259,1,"C16orf72"
0.389398540830069,-0.43857145849166,0.826,0.672,1,"C4orf3"
0.975116980411593,-0.438062745583339,0.173,0.168,1,"GTF2H1"
0.00556115063405566,0.437789779038361,0.101,0.073,1,"COPG2"
0.947273244433257,-0.437591587418964,0.132,0.127,1,"SMARCD1"
0.738855229554985,-0.437098356259262,0.278,0.274,1,"GINM1"
0.0590905531343838,-0.43702082548081,0.133,0.107,1,"PKD1"
0.13248349753983,-0.436923418513974,0.238,0.203,1,"AFF3"
0.591084250653515,-0.436888478663602,0.147,0.133,1,"CDC42SE2"
0.0323319934828101,-0.436804745606802,0.645,0.58,1,"IMPDH2"
0.188152213424793,-0.436560817085303,0.123,0.137,1,"UBXN2A"
0.0600600380267869,-0.43649593785201,0.278,0.231,1,"NOSTRIN"
0.0569817242306985,-0.436044532154913,0.238,0.196,1,"PPME1"
0.000106159789684253,0.435909573602819,0.139,0.094,1,"DLG3"
0.747108889408016,-0.435589850122407,0.267,0.261,1,"GPR108"
0.296933881355253,-0.435040955044483,0.311,0.27,1,"NASP"
0.274708661821249,-0.43489379068166,0.134,0.117,1,"NSD2"
0.284391999362905,-0.434747121022219,0.701,0.588,1,"EFNA1"
0.734347667691525,-0.433629676773189,0.437,0.387,1,"MARCHF5"
0.205997836877984,-0.433585298526528,0.346,0.346,1,"SVIP"
0.00257764765919795,-0.433527535583324,0.44,0.349,1,"ATP1B3"
0.813493150015604,-0.433478499210181,0.253,0.248,1,"MINDY2"
0.832029367151745,-0.432854359704362,0.92,0.83,1,"BTG1"
0.00130821397077312,-0.432336642682679,0.731,0.653,1,"KIF5B"
0.918801582033239,-0.432309913555951,0.413,0.375,1,"AR"
0.0657688554695666,-0.432305975482914,0.127,0.1,1,"FAM131A"
0.0634413086159135,-0.431517098018635,0.343,0.287,1,"SPTAN1"
0.695060888635173,-0.431303800274791,0.372,0.331,1,"DPCD"
0.518529531618422,-0.430336817490942,0.121,0.11,1,"ARRDC3"
0.79735762544364,-0.430049168418023,0.115,0.116,1,"DIS3"
0.00313143694498027,-0.429504104265764,0.384,0.417,1,"DNAJC15"
0.440673924318285,-0.428899380586441,0.137,0.145,1,"PCGF1"
0.000817854141546873,0.428793305831092,0.104,0.07,1,"ST7L"
0.721243235844322,-0.428778589344544,0.159,0.159,1,"MBD2"
0.807249798902091,-0.428637615694609,0.157,0.149,1,"RUFY1"
0.252753656377816,-0.428449502270307,0.246,0.217,1,"USP15"
0.607631003023106,-0.427526708624673,0.14,0.144,1,"TRAF2"
0.00609864319288247,-0.427450325918007,0.595,0.556,1,"AK2"
0.913653372484718,-0.427250204708922,0.366,0.337,1,"TTC19"
3.0977099740609e-05,0.427171970441182,0.104,0.063,1,"TRAPPC9"
0.104163425996993,-0.426999230454407,0.137,0.157,1,"SEPTIN11"
6.14305115016233e-05,0.426498100088328,0.151,0.103,1,"RETREG3"
0.916422387106131,-0.426248681348894,0.457,0.407,1,"UGP2"
0.655317493033542,-0.426169618296331,0.141,0.131,1,"TULP3"
0.499522906961211,-0.425888080479293,0.224,0.204,1,"ACAA2"
0.625484019414537,-0.425812315790686,0.334,0.301,1,"CFAP97"
0.336535734850279,-0.424884449332263,0.16,0.142,1,"CCNT2"
0.857335735734762,-0.424669407861838,0.206,0.199,1,"HMGCL"
0.346190250200702,-0.423992252294704,0.109,0.096,1,"UIMC1"
0.00019725707546547,0.423320511297075,0.135,0.093,1,"FBXO44"
0.898152945096316,-0.42312180810049,0.101,0.098,1,"IPO4"
0.136287120893065,-0.422988780023935,0.108,0.09,1,"PHKG1"
0.00127514138763685,0.422897481869307,0.148,0.112,1,"SPAG16"
0.705087531951978,-0.422346181009894,0.097,0.1,1,"ACP6"
0.404459553108307,-0.421218401717869,0.9,0.79,1,"H2AZ1"
0.78216132582585,-0.421154158465427,0.112,0.107,1,"DTNB"
0.937679949257851,-0.421093068109717,0.283,0.268,1,"GNL2"
0.92468921207455,-0.420517736701339,0.185,0.177,1,"ZBTB18"
0.222103514817317,-0.420178380627353,0.386,0.328,1,"SLMAP"
0.11124950427211,-0.420164129497671,0.351,0.352,1,"PDCD2"
0.250627214199564,-0.420149492326634,0.172,0.15,1,"RNF138"
0.00351697983039986,0.419677898784535,0.652,0.745,1,"ADIRF"
0.13549709786448,-0.41964674334328,0.585,0.53,1,"SNHG7"
0.729051456886501,-0.419486241675597,0.24,0.233,1,"ZFAND2B"
0.1420108109371,-0.419211087816436,0.241,0.205,1,"LYST"
0.123680966941876,-0.418808826527685,0.145,0.119,1,"SMAP2"
0.0217267593234925,-0.418068322560426,0.229,0.181,1,"DEXI"
0.353628216464854,-0.417243943159191,0.691,0.587,1,"VKORC1"
0.0630190543086175,-0.416757955332978,0.16,0.13,1,"WHRN"
0.3982689863645,-0.416541732024501,0.112,0.099,1,"PDP1"
0.425220366880195,-0.416251073164378,0.373,0.36,1,"MAPK1IP1L"
0.917417711177585,-0.415305204030761,0.253,0.24,1,"TCERG1"
0.911784887326062,-0.415198991210445,0.167,0.164,1,"BABAM2"
0.00339188561930471,-0.415017641575188,0.538,0.548,1,"PLPP2"
0.227383330451454,-0.414987740668973,0.117,0.1,1,"ITCH"
0.346040185371127,-0.414618862574722,0.5,0.47,1,"SAT2"
0.975021812924058,-0.414206810164066,0.135,0.132,1,"LZTS2"
0.921059035788768,-0.41399510817415,0.358,0.33,1,"LSM12"
0.0925299520242145,-0.413470360673824,0.3,0.32,1,"HIPK2"
0.418387743953091,-0.412463759309227,0.186,0.166,1,"MED6"
0.0418699605323425,-0.411979542841472,0.409,0.343,1,"TUFT1"
0.871547366769593,-0.411834327542522,0.114,0.11,1,"UTP25"
0.129249814598941,-0.411619761679919,0.227,0.193,1,"TBRG4"
0.387684149498996,-0.411404304514568,0.142,0.126,1,"SGCB"
0.0533280651089268,-0.411212785526754,0.16,0.13,1,"TP53INP1"
0.406130535931139,-0.409981675536357,0.178,0.161,1,"SEC23A"
0.802251102952315,-0.409444217592171,0.467,0.405,1,"AP1M2"
0.0456879736471615,-0.409141032240686,0.535,0.43,1,"DYNLT3"
0.417522299224968,-0.408680219918658,0.326,0.317,1,"SZRD1"
0.338919969848812,-0.408670663442912,0.899,0.787,1,"PKM"
0.186491072184664,-0.408642850316617,0.207,0.177,1,"RALB"
0.506132717264834,-0.408432602262778,0.146,0.132,1,"CEP89"
0.232193235411159,-0.408320833629744,0.267,0.282,1,"OSBPL1A"
0.510097091037245,-0.407795696112901,0.107,0.097,1,"RNF111"
0.0236747651434501,-0.407523725955468,0.148,0.115,1,"HLA-F"
0.000136952630943467,0.407290708674331,0.108,0.069,1,"RHBDL2"
0.17228445444618,-0.406713741780108,0.331,0.281,1,"EPS8L2"
0.632136472172696,-0.406287365191252,0.31,0.279,1,"SSBP4"
0.654536035219125,-0.405894792859896,0.491,0.432,1,"HNRNPH3"
0.104552285745548,-0.405272757047515,0.131,0.108,1,"POFUT2"
0.612175872996921,-0.405235450398624,0.224,0.204,1,"ITSN2"
0.666027142789785,-0.404367516089923,0.136,0.14,1,"IGF2R"
0.439910571614428,-0.404104148085212,0.14,0.126,1,"SLC39A13"
0.138466951271885,-0.403223713418563,0.22,0.188,1,"NFKBIB"
0.867076523722482,-0.402843327617076,0.13,0.13,1,"CLPX"
0.156761528366983,-0.402839915044431,0.203,0.174,1,"NUB1"
0.379944418129563,-0.402243044201059,0.402,0.392,1,"GNAI3"
0.0143139442313629,-0.401922850728312,0.718,0.627,1,"SNX3"
0.297567937393764,-0.401911311356512,0.1,0.112,1,"KATNA1"
0.100002070005546,-0.401554717361431,0.631,0.561,1,"DYNC1I2"
0.434465127418146,-0.40132036059076,0.369,0.364,1,"SPATS2L"
0.276648131821667,-0.400805419043596,0.245,0.214,1,"IFNAR1"
0.329546670973125,-0.400606015878667,0.461,0.394,1,"ETNK1"
0.495516751417702,-0.400325117009857,0.117,0.124,1,"CEP104"
8.68810954651977e-05,0.400262207772495,0.202,0.147,1,"PATZ1"
0.0251859451328722,-0.399978401142382,0.769,0.674,1,"TUBB4B"
0.649952393775902,-0.399792087284584,0.116,0.108,1,"SLC25A22"
0.409992330709644,-0.399781018333169,0.208,0.213,1,"TMBIM1"
0.0193039116940731,-0.399686167708766,0.17,0.132,1,"PDLIM3"
0.487536806309004,-0.399302148215894,0.413,0.362,1,"EIF4E2"
0.0737402822511199,-0.399052956055517,0.242,0.199,1,"MGAT1"
0.556935858885721,-0.398880328097099,0.111,0.116,1,"PRXL2B"
0.000269279591184755,-0.398696028517119,0.559,0.589,1,"NPC2"
0.224262164328108,-0.398662162004452,0.434,0.367,1,"CFAP298"
0.769175849842337,-0.398298424628643,0.339,0.31,1,"LUC7L"
0.930784501330445,-0.398078294115541,0.35,0.325,1,"ZC3H13"
0.465202012441716,-0.397530024678524,0.442,0.385,1,"SCARB2"
0.406378573272425,-0.39745599630651,0.154,0.163,1,"ASAP1"
0.00259761223562846,-0.394896341839748,0.776,0.764,1,"GPRC5A"
0.568301130688907,-0.394278486822941,0.11,0.101,1,"ANKRD13A"
0.109332176205228,-0.394230364865258,0.121,0.099,1,"CLDN15"
0.105051332767842,-0.394004719110876,0.178,0.149,1,"DIMT1"
0.797249748388446,-0.393972149800014,0.343,0.306,1,"ZBTB7B"
0.213298598774176,-0.393398957461605,0.203,0.176,1,"KCTD20"
0.153461073794544,-0.392892851870525,0.228,0.195,1,"COP1"
0.756717290789438,-0.392539917899609,0.118,0.121,1,"SBNO2"
0.397704065140509,-0.392167484641657,0.525,0.444,1,"GGPS1"
0.28022493227403,-0.392124152641503,0.549,0.5,1,"C19orf33"
0.620634316299264,-0.392106350810206,0.253,0.231,1,"DDX56"
4.18373275679457e-05,0.391482520438286,0.118,0.074,1,"GK5"
0.780881502253787,-0.391469517030764,0.132,0.125,1,"PLXNB1"
0.221091574005668,-0.391071794424705,0.427,0.362,1,"SUN1"
0.634089308219448,-0.388796769924055,0.144,0.134,1,"ELK4"
0.000671198760716873,0.388787985188449,0.106,0.071,1,"UBLCP1"
0.00084901425628909,0.388368795781325,0.117,0.081,1,"XRCC1"
0.150863211115413,-0.388021235755161,0.388,0.323,1,"IFRD2"
0.00686382235758407,0.387492888871703,0.118,0.088,1,"PGPEP1"
0.038833185731256,-0.387318991390784,0.299,0.244,1,"UBE2D1"
0.561009731745154,-0.3869501799651,0.302,0.272,1,"PMPCB"
0.489196952637986,-0.386910532695881,0.206,0.188,1,"CCDC174"
0.0964665619273845,-0.386708280147072,0.383,0.326,1,"MTRNR2L12"
0.207403049250382,-0.38594874533763,0.119,0.102,1,"TCIRG1"
0.636098824653169,-0.384564663391895,0.254,0.237,1,"UBA6"
0.722210123220284,-0.383601340763068,0.294,0.285,1,"HEXA"
0.204326433452729,-0.383263043552201,0.143,0.122,1,"ITGA6"
0.00172273355723444,-0.383151086332144,0.92,0.805,1,"UFC1"
0.764657172500363,-0.383150852965419,0.265,0.254,1,"ZFR"
0.00451699291013386,0.382841908974051,0.106,0.077,1,"FECH"
0.166143906465755,-0.381304629175567,0.127,0.108,1,"SRCAP"
0.250022432310428,-0.381129409947306,0.547,0.472,1,"AC020916.1"
0.0327223595521198,-0.380758921370909,0.748,0.645,1,"CRIP2"
0.286456341607004,-0.380554227312699,0.142,0.124,1,"XPC"
0.904656536762389,-0.380114102914027,0.111,0.11,1,"DCPS"
0.101559883689372,-0.379856599028155,0.12,0.099,1,"IFT172"
0.064266145325044,-0.379611963835393,0.216,0.179,1,"GATAD2A"
5.16266395487827e-05,0.379539806451258,0.103,0.063,1,"DPH6"
7.88860514057211e-05,0.379343404822889,0.894,0.818,1,"EIF3H"
0.00204171032426307,-0.379105837963947,0.406,0.318,1,"REL"
0.105568308905418,-0.378529407271454,0.147,0.122,1,"GFOD2"
0.561604557995121,-0.377529412575213,0.411,0.36,1,"CSNK1E"
0.842486414670081,-0.37682954739288,0.106,0.102,1,"ATAD3A"
0.963233094929942,-0.376730247309328,0.482,0.436,1,"SF3B4"
0.682157920977858,-0.376537333647449,0.561,0.477,1,"TPR"
0.426227979952017,-0.376175755885366,0.607,0.516,1,"HCFC1R1"
0.154862516110344,-0.375832090572662,0.512,0.424,1,"PKP3"
0.0845196175700575,-0.375660750430446,0.595,0.551,1,"RAB18"
0.811659183276533,-0.375485323331766,0.379,0.342,1,"SNX6"
0.468139472720812,-0.375296117643784,0.363,0.32,1,"PUM1"
0.112407524400054,-0.375255442700152,0.109,0.127,1,"APOL2"
0.000144566587523616,0.375011605485123,0.142,0.097,1,"RFX5"
0.0032529640269978,-0.374672522548966,0.147,0.106,1,"ZNF331"
0.119487716296601,-0.374414634051347,0.424,0.356,1,"AIDA"
0.899051742878674,-0.374271314095472,0.637,0.536,1,"JUP"
0.576467681618725,-0.374229691546198,0.291,0.266,1,"RARS1"
0.387954310190775,-0.373981837847067,0.16,0.145,1,"AKAP8"
0.105803465425888,-0.373919336898633,0.274,0.233,1,"ATP2B1"
0.694471019149709,-0.373856062517282,0.292,0.27,1,"ZNF655"
0.40956622188084,-0.373806194443222,0.382,0.332,1,"DNAJC2"
0.100836159507135,-0.373773923208036,0.332,0.282,1,"TSC2"
0.35689176007499,-0.37354704952013,0.186,0.165,1,"PPP6R1"
0.123403899946025,-0.373379725012912,0.993,0.948,1,"FTL"
0.66660458246602,-0.37280768434046,0.226,0.211,1,"PSPC1"
0.802688030754668,-0.372683627351388,0.433,0.396,1,"BCKDK"
0.0305091902181892,-0.371891588143159,0.13,0.1,1,"CCDC125"
0.67213092439973,-0.371805895160951,0.585,0.51,1,"PRMT1"
0.125564963382609,-0.371242005026769,0.404,0.34,1,"YY1AP1"
0.790586479028824,-0.371037791925977,0.661,0.575,1,"RAD23B"
0.000484784411464623,0.370320737080427,0.113,0.076,1,"UHRF2"
0.0811678860120567,-0.370089758437682,0.353,0.292,1,"ALKBH5"
0.0771044482727389,-0.369192261204583,0.412,0.343,1,"BCAS4"
0.471298090297891,-0.368664621003747,0.151,0.138,1,"TBC1D10B"
0.285864685698603,-0.3686006086744,0.206,0.179,1,"ARHGEF5"
0.444465136412794,-0.367929061875271,0.114,0.103,1,"DPH2"
0.00234831703362751,-0.367815096358322,0.301,0.232,1,"NEIL1"
0.000633671378979378,0.366877995994904,0.127,0.088,1,"MTREX"
0.351217627000206,-0.366761729390274,0.223,0.198,1,"NCK1"
0.338147295267729,-0.36672713121192,0.339,0.293,1,"MAFG"
0.00932860839225977,-0.366345773650841,0.074,0.105,1,"PTPRT"
0.824300463009696,-0.366276460749237,0.261,0.255,1,"IVNS1ABP"
0.188507990111889,-0.366245119392224,0.188,0.162,1,"DHRS7B"
0.548919380398253,-0.365662047832961,0.405,0.361,1,"ATG12"
0.542153737348141,-0.365249779036649,0.303,0.276,1,"DYNC2I1"
0.940926018385911,-0.365248573123796,0.175,0.17,1,"TIMM22"
0.495324978033823,-0.364611826946304,0.158,0.145,1,"RAP1GDS1"
0.556818761426883,-0.364502747030968,0.405,0.357,1,"MAP4"
0.675261768137263,-0.364177375830766,0.287,0.262,1,"DCAF13"
0.243383997300629,-0.364005828042213,0.561,0.513,1,"MAP1LC3A"
0.0789368547782284,-0.363404323198506,0.382,0.32,1,"DHX15"
0.410231780441074,-0.362933732311963,0.131,0.117,1,"FLCN"
0.15807358054347,-0.362620180725085,0.208,0.177,1,"STARD3NL"
0.0172258724612205,-0.362231978928861,0.778,0.72,1,"TUBB"
0.000434527373833986,0.362220908299397,0.116,0.078,1,"METTL18"
0.000153333976147882,0.362189264369497,0.1,0.063,1,"ZDHHC20"
0.0681719345767991,-0.362023183268034,0.318,0.265,1,"COQ10B"
0.337943539967693,-0.362021664304836,0.345,0.304,1,"CPSF6"
0.606737494603117,-0.361974975915987,0.405,0.36,1,"CDC26"
0.416406170970052,-0.361638283162266,0.146,0.131,1,"CDC42BPB"
0.211477404596868,-0.361431376901323,0.384,0.329,1,"AGTRAP"
0.776026850271755,-0.361322771963044,0.11,0.105,1,"PIGA"
0.138960151217541,-0.361199480242669,0.178,0.15,1,"CCDC112"
0.000330921940033411,-0.360574925216132,0.344,0.26,1,"STAMBP"
0.557358736891663,-0.360568691001001,0.125,0.115,1,"VPS53"
0.0366441776568434,-0.360565301065387,0.356,0.292,1,"UBE2G1"
0.0109738258051069,-0.360205258002542,0.675,0.547,1,"PIM3"
0.123121743465908,-0.359947285100292,0.437,0.368,1,"GON4L"
0.0413662424172857,-0.359498877366481,0.75,0.597,1,"EIF5"
0.46068285456053,-0.35884676180869,0.161,0.146,1,"TMEM170A"
0.00052201010998128,0.358103423313894,0.177,0.131,1,"AP5M1"
0.992009957168284,-0.357902029578518,0.372,0.345,1,"BFAR"
0.0214518103873748,-0.357433089374473,0.346,0.282,1,"DICER1"
0.412584710713821,-0.356953660498899,0.187,0.169,1,"LAD1"
0.0628981803051626,-0.356805223576445,0.114,0.091,1,"ADCY6"
0.29595573959608,-0.356545688434971,0.436,0.374,1,"MARK3"
0.00711804045290312,-0.356462090495267,0.502,0.399,1,"GSTO1"
0.218668685368904,-0.355936499301689,0.234,0.204,1,"CHORDC1"
0.293885890981052,-0.355794528219065,0.402,0.354,1,"GRPEL1"
0.532879238590622,-0.355025436952855,0.444,0.386,1,"CHPT1"
0.194048593939543,-0.354868326856881,0.301,0.259,1,"PLXNB2"
0.288671832791197,-0.35473447493198,0.209,0.185,1,"LINC00685"
0.933943697996334,-0.354231542910145,0.917,0.806,1,"CIB1"
0.000418602554047182,0.354153976846367,0.206,0.159,1,"ITGB5"
0.172902144805536,-0.35415269526975,0.202,0.172,1,"FADD"
0.967967768321669,-0.354087906452935,0.564,0.508,1,"KMT2E"
0.184948580032657,-0.353863565205347,0.127,0.143,1,"MTRF1L"
0.721805572506527,-0.352498605207676,0.231,0.215,1,"VAMP4"
0.594609940727148,-0.352242964879185,0.195,0.18,1,"GTF2B"
0.371259134118997,-0.351780839155147,0.356,0.313,1,"LARS1"
0.852738361548581,-0.351638649939117,0.606,0.52,1,"CHTOP"
0.817891607978534,-0.351610684794553,0.108,0.104,1,"MFN1"
0.00155132097945833,-0.351531422255328,0.55,0.566,1,"APLP2"
0.985710665039903,-0.351520244104576,0.27,0.256,1,"TMEM126A"
0.0427418556283487,0.351209052740133,0.363,0.333,1,"SCGB2A2"
0.0306701311532102,-0.351033405107731,0.102,0.077,1,"MAML3"
0.713426568554713,-0.351004697527289,0.106,0.109,1,"ZNF766"
0.0059528075816016,-0.350985565527355,0.175,0.134,1,"AATK"
0.611968032019493,-0.350878072115701,0.277,0.253,1,"HNMT"
0.243794919083213,-0.350776758140321,0.447,0.392,1,"PHF20"
0.00252932392320708,0.350453298751177,0.115,0.082,1,"TMEM187"
0.0649984858877838,-0.350093186087001,0.694,0.631,1,"CHMP4B"
0.260450062678376,-0.34873636390848,0.239,0.21,1,"TWF2"
0.399536201984709,-0.348696049902783,0.399,0.388,1,"RBM17"
0.639971465025194,-0.348493481752593,0.386,0.349,1,"RAB9A"
0.336095009013077,-0.347958092551189,0.517,0.438,1,"AP1S1"
0.0917932155679265,-0.347234938196284,0.11,0.089,1,"GALM"
0.248566143032293,-0.346689217938683,0.293,0.26,1,"ARFGAP3"
0.901275023665979,-0.346433985512612,0.219,0.21,1,"GPAT4"
0.180229499623602,-0.346376012901315,0.143,0.122,1,"GARRE1"
2.73543145011218e-05,-0.34611204288275,0.944,0.818,1,"SNRPE"
0.47131519572203,-0.345981507592073,0.12,0.128,1,"SIRT6"
0.456885458583211,-0.345979752494363,0.308,0.3,1,"TAF12"
0.000259781161307149,0.345867795957673,0.337,0.279,1,"BMI1"
0.102480247603171,-0.345162694039256,0.786,0.612,1,"ARPC5"
0.984013219496404,-0.344929301821767,0.221,0.213,1,"EIF2B4"
0.931972086031293,-0.344262858046471,0.408,0.367,1,"KXD1"
0.151488206251078,-0.344245936771188,0.735,0.665,1,"JPT1"
0.603769128354796,-0.34345142252824,0.519,0.484,1,"SARNP"
0.455639190596348,-0.343234107721842,0.383,0.34,1,"MED28"
0.232008107984744,-0.343161329768759,0.147,0.128,1,"KPNA3"
0.000120889909787941,0.342977777034049,0.121,0.078,1,"RUFY2"
0.287772828926952,-0.342352775829083,0.448,0.387,1,"SRA1"
0.243859035581812,-0.342040950102252,0.511,0.424,1,"BRD4"
0.642333953232762,-0.342032316015147,0.443,0.41,1,"RAB6A"
6.26516370131085e-05,0.341354087334112,0.204,0.147,1,"CNOT8"
0.000992951832078697,-0.341240167489052,0.341,0.381,1,"GLA"
0.288954973792431,-0.341101636723712,0.117,0.102,1,"PROSER3"
0.0389477676241626,-0.340474785086426,0.272,0.225,1,"MTG1"
0.6669574659294,-0.340326365231119,0.383,0.351,1,"RBPJ"
0.339696618112028,-0.340219838260177,0.089,0.1,1,"RAB27A"
0.52001286861737,-0.340042755549324,0.237,0.215,1,"FBXO28"
0.137361142666852,-0.339774999388616,0.119,0.099,1,"HSPA13"
0.598795754470917,-0.339573246155346,0.57,0.506,1,"XRCC5"
0.986780694181433,-0.339415383399455,0.539,0.478,1,"HNRNPR"
0.422195736037875,-0.338816273444279,0.487,0.422,1,"FASN"
0.0361138428357822,-0.338616627898071,0.288,0.236,1,"MTF2"
0.166334136158067,-0.3375742900016,0.134,0.114,1,"PELP1"
0.129125673064344,-0.337163384896692,0.187,0.159,1,"KIAA0232"
0.288346092028025,-0.336988005108647,0.151,0.133,1,"LTV1"
0.208331617349359,-0.336932943189025,0.646,0.565,1,"CDC37"
0.487009736573496,-0.336887463398528,0.185,0.168,1,"RRAS"
0.868934983357156,-0.336854542474315,0.131,0.131,1,"BARD1"
0.142007365088987,-0.336737609514328,0.334,0.285,1,"TARS1"
5.45915129793847e-05,0.336074985711739,0.165,0.114,1,"THUMPD2"
0.573825973405442,-0.335861946244876,0.686,0.581,1,"ARF6"
0.0814198211682465,-0.335509407076121,0.131,0.105,1,"BAK1"
0.806727047567908,-0.335436427465698,0.11,0.106,1,"CHMP7"
0.190699690314209,-0.335006440969227,0.599,0.498,1,"VCP"
0.661459698993413,-0.333766681188192,0.109,0.114,1,"AGPAT5"
0.827753582844027,-0.333491072922892,0.551,0.483,1,"SRPK2"
0.126650815657106,-0.333078649737504,0.209,0.178,1,"CC2D1A"
0.500766136788651,-0.332977734321723,0.231,0.212,1,"ZNF410"
0.286326154963494,-0.332955156753481,0.168,0.148,1,"PRKRIP1"
0.0329930993640978,-0.332881914161666,0.177,0.141,1,"ODC1"
0.78330234896292,-0.332305843184066,0.452,0.408,1,"DYNC1H1"
0.000291873376877886,0.331405278322257,0.169,0.122,1,"PARVB"
0.40900214962163,-0.330826655712888,0.147,0.132,1,"RNF216P1"
0.455017974609331,-0.330301923864952,0.124,0.113,1,"HECA"
0.000236623767035179,0.329616051852458,0.121,0.08,1,"PIK3CA"
0.734177672687432,-0.329472257869083,0.156,0.147,1,"SLC30A7"
0.144089023909127,-0.328994455222865,0.999,0.978,1,"TMSB10"
0.63569741810679,-0.328850457864392,0.517,0.474,1,"WEE1"
0.697031373021579,-0.328388669018195,0.627,0.537,1,"SEPTIN7"
0.268665593450877,-0.328344557906541,0.17,0.15,1,"FRYL"
0.0322057906470225,-0.327903913345708,0.457,0.376,1,"KNOP1"
0.00272145153161306,-0.327549721078545,0.383,0.301,1,"PSMC2"
0.703162039380829,-0.327176500009656,0.764,0.646,1,"NOP10"
0.014418101802413,-0.327079313537561,0.424,0.345,1,"TSC22D2"
0.465454102855724,-0.326262864680658,0.264,0.241,1,"ISYNA1"
0.00265730608145207,0.325297246316224,0.102,0.072,1,"RTL10"
0.0424130862228593,-0.325277462797551,0.594,0.486,1,"PPP1CB"
0.559539745171924,-0.325041303296944,0.257,0.238,1,"UTP11"
0.000254786537458502,0.324752605763194,0.136,0.093,1,"ENTR1"
0.190308384754786,-0.32473848531776,0.453,0.382,1,"CREB3"
0.825594795340074,-0.323876318000056,0.198,0.192,1,"ITGA3"
0.0433404501360976,-0.323793309868386,0.38,0.312,1,"LAMTOR3"
0.00132939745513363,0.323741748013907,0.151,0.111,1,"BTBD1"
0.525100602681912,-0.323713269359322,0.173,0.16,1,"AGO3"
0.19728054329113,-0.323550571633866,0.236,0.206,1,"ZNF800"
0.521672822724597,-0.323247770772855,0.487,0.463,1,"MAP3K13"
0.151767294353034,-0.323045023949459,0.179,0.153,1,"NCBP3"
0.134952687146237,-0.322988077011954,0.263,0.224,1,"GNL1"
0.0792275567065844,-0.322973816363579,0.199,0.168,1,"PRPF3"
0.282543686705655,-0.322809340286815,0.147,0.129,1,"HMGXB3"
0.0411854777160611,-0.322563387805974,0.817,0.717,1,"SNRPG"
0.0342358048455765,-0.321993436939539,0.294,0.241,1,"BPNT2"
0.00185610491325379,0.321919391751446,0.116,0.082,1,"ZNF561"
0.316096254341936,-0.321529533663722,0.264,0.233,1,"TFPT"
0.000226728974327798,0.321422088558922,0.114,0.075,1,"GUF1"
0.999251755570237,-0.32138597662625,0.137,0.135,1,"KLF9"
0.0239979570787847,-0.320849443180798,0.115,0.087,1,"TMPRSS3"
0.0497431904560476,-0.320827664813259,0.295,0.252,1,"GLOD4"
0.937326053332627,-0.320749657138263,0.329,0.305,1,"CEBPG"
0.116665905090507,-0.320734461478661,0.269,0.232,1,"BAZ2B"
0.957356713203411,-0.320247641034818,0.108,0.108,1,"PIGBOS1"
0.335115310589242,-0.319786909948985,0.236,0.214,1,"RSBN1"
0.150428177489983,-0.319285787644782,0.176,0.151,1,"GTPBP1"
0.0418968434534685,-0.318975500790033,0.278,0.231,1,"ACAT1"
0.0515606581588007,-0.31876604415168,0.196,0.161,1,"FAM83H"
0.000761026953933305,0.31859411931681,0.146,0.105,1,"PDK4"
0.618944329738161,-0.318446753734243,0.219,0.204,1,"POLDIP3"
0.0597643152984372,-0.318443302229813,0.191,0.157,1,"CCDC14"
0.450861914353585,-0.318312702334536,0.705,0.637,1,"PNISR"
0.000220009362661257,-0.318197260592497,0.112,0.072,1,"ARC"
0.0972472875012883,-0.318155480428319,0.257,0.214,1,"FAM189B"
0.0164537308184736,-0.317974344866412,0.166,0.13,1,"FBXW9"
0.533066869535673,-0.317773038436789,0.792,0.675,1,"PSME1"
0.90967097563813,-0.317717205766777,0.115,0.115,1,"ENTPD5"
0.741153914713499,-0.317602668562226,0.122,0.115,1,"RABL3"
0.564643321408063,-0.31756610347136,0.794,0.722,1,"PPP1R15A"
3.41509288350716e-05,0.316653137344009,0.244,0.182,1,"CSKMT"
0.682178657305221,-0.316626139521452,0.105,0.099,1,"RNF38"
0.491353094532535,-0.316545867264803,0.434,0.381,1,"PTS"
0.977032788450974,-0.316252831253733,0.598,0.545,1,"ARGLU1"
0.413254601619704,-0.316063538136214,0.142,0.127,1,"POLR2D"
0.106037896495859,-0.316010517417071,0.163,0.138,1,"MBD1"
8.13077827534908e-05,0.315889410762396,0.11,0.069,1,"TMTC4"
0.00339746542869056,-0.315320222350758,0.127,0.09,1,"ITSN1"
0.042216779490808,-0.3150911070859,0.74,0.622,1,"RSRC2"
0.805143535959168,-0.315035878720508,0.537,0.473,1,"PDCD4"
3.53072204637132e-05,0.314003549959,0.104,0.062,1,"SPSB2"
0.0708684702710753,-0.313932875529366,0.201,0.169,1,"EEF1AKNMT"
0.098625317764806,-0.31389984808639,0.318,0.269,1,"ODR4"
0.499221880223566,-0.313756522505114,0.364,0.322,1,"RELA"
0.283035465927763,-0.313600294248807,0.277,0.246,1,"MARCHF7"
0.00071808956039939,0.313581345876675,0.123,0.085,1,"FAM13B"
0.070822642815178,-0.31341187708541,0.135,0.11,1,"PIGG"
0.0745632457817824,-0.313238304693663,0.114,0.091,1,"PHRF1"
0.317846707923483,-0.313234151655051,0.2,0.177,1,"ACYP2"
0.0991592667707393,-0.312756326709102,0.114,0.094,1,"CLUH"
0.041731069496109,-0.312449924445114,0.162,0.132,1,"TRIM38"
0.974055844258008,-0.312275985496334,0.18,0.177,1,"HBS1L"
0.11167919745937,-0.312137166119771,0.42,0.357,1,"CCNC"
0.0678406815226824,-0.312070938237554,0.212,0.176,1,"MARS1"
0.000214437904567247,0.312055923284506,0.139,0.095,1,"TRAPPC6B"
0.987113336651914,-0.312033438018908,0.327,0.313,1,"MED19"
0.334626429945331,-0.311967661593797,0.335,0.297,1,"PPP2CB"
0.00851296530456779,-0.311845269103538,0.214,0.167,1,"NPLOC4"
0.00670738198340186,-0.310762558980557,0.547,0.436,1,"LSM8"
0.726922899466125,-0.309886631049231,0.11,0.104,1,"IKBKG"
0.778920683319932,-0.30947130838256,0.142,0.143,1,"ETV6"
0.155433518030348,-0.309419991916953,0.324,0.279,1,"BID"
0.0412435817241653,-0.308962895037197,0.187,0.152,1,"CRKL"
0.0517735605963681,-0.308494866627666,0.121,0.097,1,"DDI2"
0.102708045238739,-0.308475313651349,0.186,0.156,1,"TENT2"
0.0108444256895061,0.308456514427738,0.107,0.08,1,"C1orf109"
0.00018655468563227,0.308206091807536,0.22,0.165,1,"UXS1"
0.0846628875928532,-0.307929166768408,0.14,0.115,1,"IL10RB"
0.149684655174691,-0.307681605155772,0.125,0.105,1,"ABCC5"
0.000113421558951269,0.307643395103506,0.177,0.127,1,"ZNF506"
0.638567419224031,-0.307591858093598,0.395,0.358,1,"AP2A1"
0.0127358676259608,-0.307238900097493,0.17,0.132,1,"ZFC3H1"
0.263167111296991,-0.307147763282357,0.491,0.418,1,"CLNS1A"
0.352791384075067,-0.307118970091487,0.32,0.283,1,"REST"
0.0387014059971115,-0.306020569309938,0.132,0.104,1,"GTF2H4"
0.637134069079569,-0.30567599524506,0.137,0.128,1,"GLS"
0.559558458438881,-0.305545657409405,0.248,0.229,1,"GMPR2"
0.353133403603831,-0.305525341106512,0.267,0.238,1,"TNPO1"
0.0595324317867651,-0.3053263975449,0.781,0.694,1,"UBXN4"
0.0466021952902349,-0.305246147197268,0.517,0.427,1,"MACF1"
0.00019459104158541,-0.305064752723729,0.869,0.799,1,"KTN1"
0.000162001975734964,-0.304985283948557,0.379,0.29,1,"ZC3H12A"
0.143256269908528,-0.304965864923699,0.4,0.337,1,"TMUB1"
0.120388151745148,-0.304696319258138,0.343,0.295,1,"MED21"
0.000265516025958917,0.304505223695089,0.144,0.1,1,"MTR"
0.0685247045404002,-0.303967123322263,0.103,0.083,1,"ARHGEF16"
0.594269296591665,-0.303966177212181,0.304,0.286,1,"HMGB3"
0.0170724591630522,-0.303774376419098,0.194,0.154,1,"GPC1"
0.000381846639567087,0.303542657581337,0.136,0.094,1,"CAAP1"
0.106354125577302,-0.303169846153701,0.176,0.147,1,"TNPO3"
0.000317227940020847,-0.302935884017883,0.158,0.108,1,"SLC37A1"
0.97554775629097,-0.301594861504708,0.726,0.574,1,"C1QBP"
0.365868993243121,-0.301388137471648,0.155,0.139,1,"ALDH18A1"
0.81268419766546,-0.301035012250954,0.121,0.116,1,"RIOK1"
0.110999796198777,-0.300670913323594,0.108,0.088,1,"SND1-IT1"
0.237005982984211,-0.299885707468635,0.102,0.088,1,"PTPN23"
0.00424011669403718,-0.299726184921252,0.385,0.31,1,"PPP1R15B"
2.75645713725739e-05,0.299641244621466,0.124,0.078,1,"LSG1"
0.17529929537927,-0.299580023611116,0.138,0.117,1,"SLC66A2"
0.620791566451661,-0.299491487493511,0.263,0.244,1,"FIP1L1"
0.000171108601794329,0.299446155687213,0.166,0.119,1,"SEPHS1"
0.166455534698006,-0.299221476537191,0.43,0.371,1,"BSDC1"
0.158837568886485,-0.298673949968482,0.175,0.152,1,"RANGRF"
0.225075883939963,-0.29862762131894,0.319,0.282,1,"USP22"
0.53094309015842,-0.298368315152488,0.309,0.281,1,"ZFAND1"
0.0583066925012696,-0.298139266994107,0.245,0.203,1,"CASP7"
0.149176165743117,-0.298082294965511,0.1,0.083,1,"CDK19"
0.0590439724072546,-0.297848117950402,0.316,0.264,1,"IRF3"
0.272404755854325,-0.297803750118719,0.153,0.135,1,"MAGI3"
0.00012168026742654,0.29710602860063,0.126,0.082,1,"SLC2A8"
0.30659023621312,-0.296833954046279,0.105,0.092,1,"APC"
0.00256421104831945,-0.296688268232595,0.263,0.202,1,"ELF2"
0.364297301596436,-0.296469763667616,0.483,0.419,1,"EPB41L4A-AS1"
0.0434656189918882,-0.296212264940839,0.292,0.242,1,"DCP1A"
0.0106714952970132,0.295992656205351,0.103,0.077,1,"HOMEZ"
0.579757731197274,-0.295787003412822,0.628,0.539,1,"PSMB2"
0.141771481379107,-0.295432244630838,0.262,0.226,1,"EIF2B5"
0.0245772540129046,-0.294938076654147,0.102,0.077,1,"IRF1-AS1"
0.25741688400455,-0.29480682724395,0.138,0.12,1,"TTC4"
0.0010091493916561,0.294566357756646,0.146,0.105,1,"WIZ"
0.734027256549601,-0.294366945583785,0.199,0.187,1,"PUSL1"
0.109671800206001,-0.294030493315584,0.322,0.273,1,"CMAS"
0.539728604121769,-0.294013384677366,0.127,0.117,1,"ATP6V1B2"
0.720813821706517,-0.293970229708486,0.313,0.292,1,"CCNL2"
0.0147106764117599,-0.293948648600721,0.308,0.25,1,"SHTN1"
0.0799845702497544,-0.293737313093131,0.136,0.112,1,"NUDT15"
0.39197589146051,-0.293370403756969,0.583,0.485,1,"ZNF593"
0.0848276720416034,-0.293337372017356,0.107,0.086,1,"NEK1"
0.275145659512412,-0.293282119032985,0.518,0.447,1,"BCLAF1"
0.0018138294327739,0.293225299678992,0.114,0.08,1,"AL592295.5"
0.0856508028843314,-0.292966486343007,0.189,0.159,1,"TAP1"
0.0500793139168332,-0.2925416852136,0.315,0.27,1,"KDM6B"
0.198190623792396,-0.292223145276288,0.101,0.086,1,"NOC3L"
0.338480110381282,-0.292169678590794,0.283,0.253,1,"POLR2A"
0.0554474354801885,-0.291962350883361,0.282,0.235,1,"HDHD3"
0.947246948529481,-0.291931584363035,0.129,0.127,1,"SGSM2"
0.461153099829645,-0.289736185642891,0.315,0.286,1,"TPD52L2"
0.00318468723122001,-0.289620659620407,0.164,0.122,1,"CDK11A"
0.822409041825144,-0.289362456645837,0.119,0.115,1,"SMG9"
6.8383110471875e-05,-0.288930270996934,0.45,0.577,1,"BST2"
0.365056137079427,-0.288725139595178,0.216,0.192,1,"FAF2"
0.193506015005225,-0.288113729920743,0.469,0.404,1,"CTNNB1"
2.78711601083066e-05,-0.288058048121099,0.961,0.858,1,"EEF1B2"
0.998439715594839,-0.288001215188266,0.638,0.561,1,"ARPC5L"
0.046621769086684,-0.28795798274654,0.288,0.24,1,"KCTD3"
0.0653900279020939,-0.28749801673027,0.251,0.21,1,"AP2A2"
0.000143675970935785,0.287348714390245,0.113,0.073,1,"TRAPPC8"
0.209510160209841,-0.287013045029756,0.603,0.511,1,"CCT8"
0.053552968317464,-0.286773763770172,0.128,0.102,1,"HHLA3"
0.307094495338779,-0.286661427617009,0.239,0.213,1,"PLEKHA1"
0.152982079241752,-0.286482211388887,0.208,0.181,1,"CREB1"
0.199763815153974,-0.286472832148389,0.12,0.102,1,"AGL"
0.0302440788069029,-0.28618710950862,0.76,0.686,1,"UBE2I"
0.189071007564167,-0.28603976366374,0.307,0.263,1,"CTDNEP1"
0.00399424666145537,-0.285834320820958,0.777,0.708,1,"SERBP1"
0.0102581146971754,-0.285514385725487,0.186,0.144,1,"G6PD"
0.0720073924284831,-0.285411250149459,0.389,0.328,1,"CCDC186"
0.278012126025733,-0.285213536934598,0.105,0.091,1,"GCFC2"
0.0596863449063913,-0.284991815082858,0.326,0.271,1,"PPIH"
0.00705724816131841,-0.284816661233351,0.998,0.971,1,"GAPDH"
0.415288349460507,-0.284386338096093,0.158,0.144,1,"SULF2"
0.060842149151228,-0.284249713779805,0.242,0.203,1,"DNTTIP1"
0.0998302362088329,-0.283934921893321,0.157,0.131,1,"ATG16L1"
0.651192590075359,-0.283237216162209,0.103,0.097,1,"DHDDS"
0.112055961750538,-0.283222806449392,0.327,0.28,1,"CBWD1"
0.738440204837051,-0.282879092523517,0.387,0.376,1,"ADAM15"
0.449161383719152,-0.28284457796014,0.378,0.333,1,"RHOG"
0.207045575796074,-0.282255814830842,0.184,0.161,1,"NAA35"
6.67447180665476e-05,0.28225150099494,0.15,0.101,1,"PLAA"
0.00700791048914336,-0.282184404144427,0.518,0.412,1,"RNF10"
0.357967228016155,-0.281911342395345,0.225,0.203,1,"NAPRT"
0.0557312075462391,-0.281861585161431,0.147,0.119,1,"ZCCHC9"
0.14049582528192,-0.28128597189342,0.154,0.131,1,"KIAA0100"
0.0426820172289474,-0.281122866454716,0.255,0.208,1,"GLTP"
3.61711749277118e-05,0.280765813494323,0.102,0.061,1,"ZNF268"
0.313343861304262,-0.280138748696164,0.617,0.623,1,"XIST"
0.857470456591625,-0.279813134248978,0.125,0.121,1,"TXLNA"
0.000136432672247844,0.279795731321845,0.108,0.068,1,"AP5Z1"
0.0706694337691688,-0.279308938604321,0.507,0.519,1,"NBDY"
5.08782967425722e-05,0.279131280359767,0.125,0.08,1,"AC004148.1"
0.684368089890433,-0.278483179783115,0.324,0.298,1,"RPL39L"
0.100154484965364,-0.27804781316586,0.17,0.141,1,"BOK"
0.62874134045854,-0.277750996364931,0.123,0.114,1,"ZNF567"
0.845411402685496,-0.277521712446875,0.101,0.098,1,"PML"
0.165439278311813,-0.276341678724785,0.5,0.431,1,"SF3B1"
0.00036054272316749,0.276338488170347,0.14,0.097,1,"WDFY2"
0.707444482127674,-0.276046050396136,0.114,0.108,1,"RBM28"
0.00622983085827182,-0.275894822185747,0.647,0.494,1,"PARP1"
0.0934110071183776,-0.275696293669435,0.186,0.158,1,"FUCA1"
0.00142968319678283,-0.275369764583669,0.294,0.233,1,"BIK"
0.000497360345186192,0.275362063277548,0.121,0.082,1,"LINC01278"
5.96117119333202e-05,0.274609404574057,0.16,0.11,1,"GTF2IRD2"
0.000376901348586376,0.274457483562415,0.156,0.111,1,"PNPT1"
0.0410886233247013,-0.274315139788905,0.128,0.101,1,"THOC1"
0.526516643432365,-0.273772268844928,0.683,0.574,1,"PSMB4"
0.0006029748012048,0.273762118637007,0.138,0.097,1,"SELENOI"
0.0035840762780409,0.273743533954051,0.108,0.077,1,"PLPP1"
0.0296663957136379,-0.27357501550907,0.184,0.147,1,"P3H4"
0.148967259410493,-0.273434764495937,0.1,0.083,1,"CLK2"
0.266647701453413,-0.272982939494606,0.113,0.098,1,"FAM98A"
0.431008824544828,-0.272829211719076,0.695,0.591,1,"PSMB6"
0.580858881445511,-0.272785134589049,0.105,0.097,1,"ZNF48"
0.905884515105694,-0.272491123056771,0.213,0.206,1,"TIMM44"
0.0456622101232353,-0.272345982145721,0.162,0.132,1,"BTD"
0.00127817132606021,-0.272258651867924,0.337,0.258,1,"RIOK3"
0.00363796836564531,-0.272234969808361,0.283,0.223,1,"DLG1"
0.672010880927142,-0.272056195441739,0.112,0.116,1,"TOX3"
0.0611255540662749,-0.271804844958014,0.172,0.141,1,"ZNF7"
0.116850222110726,-0.271741889068492,0.114,0.094,1,"CEPT1"
0.0186869191262351,-0.271492017548562,0.196,0.157,1,"SEC23IP"
9.32209070060316e-05,0.270658210444541,0.149,0.101,1,"SELENON"
0.0964389090754472,-0.270500349839795,0.147,0.123,1,"GCHFR"
0.0298082168004818,-0.269919598245416,0.162,0.13,1,"MTAP"
0.441600217927353,-0.269847754884285,0.589,0.514,1,"CAPZA2"
0.112560116007139,-0.269677906322852,0.314,0.267,1,"SHC1"
0.00277424241001217,0.26913272274997,0.117,0.084,1,"SNHG21"
0.0211042219417432,-0.268088206945099,0.243,0.198,1,"GIGYF2"
0.884334483022489,-0.267921475278885,0.138,0.133,1,"POLR2M"
0.0888387372039796,-0.267759980873194,0.244,0.209,1,"CEBPZ"
0.000477550259205135,0.267700406514986,0.176,0.13,1,"PNMA1"
0.000119079787324103,-0.267135672504779,0.463,0.348,1,"NAA50"
0.375436911021539,-0.266756572794818,0.338,0.36,1,"PMP22"
0.416003562846192,-0.26646071346128,0.178,0.163,1,"NAPG"
0.000123895406908109,0.266078524676755,0.13,0.086,1,"QSER1"
0.0719801638889422,-0.26581391364051,0.317,0.269,1,"BRIX1"
0.155524467701452,-0.265744120750968,0.302,0.263,1,"RC3H1"
0.000453708339586251,-0.265222171554914,0.166,0.116,1,"GTF2H2"
0.0392821592701344,-0.264863359153241,0.279,0.23,1,"TMA16"
0.119486150248289,-0.264629181252583,0.46,0.395,1,"TRABD"
0.454807669319334,-0.264304010789813,0.167,0.154,1,"FPGS"
0.290476539911767,-0.263887156037058,0.275,0.244,1,"PPP1R16A"
0.096734839720599,-0.2636675263447,0.403,0.343,1,"TRAPPC4"
0.671607274240128,-0.262784131959131,0.495,0.439,1,"IQGAP1"
0.0712821199410354,-0.262678409628167,0.119,0.097,1,"ZNF160"
0.019720858098031,-0.262466942403509,0.233,0.187,1,"DDX23"
0.0906736899625471,-0.262312931355914,0.366,0.308,1,"PTPN12"
0.05168766096284,-0.262215781158462,0.462,0.382,1,"CALU"
0.00121815669737663,0.261933795796704,0.126,0.088,1,"MIEF1"
0.000258121092526874,-0.261891196980364,0.128,0.084,1,"SKIV2L"
0.171150695355635,-0.261708863219408,0.189,0.164,1,"HOOK1"
0.000710442916789774,0.261513571655098,0.182,0.136,1,"KCTD1"
0.00112078243092526,0.261360982051548,0.132,0.094,1,"SYT17"
0.0117950801811454,-0.261102870171614,0.236,0.186,1,"NUBP1"
0.178627222972895,-0.261092865390535,0.134,0.114,1,"BMS1"
0.233897123871768,-0.261054676306809,0.749,0.678,1,"RNF181"
0.0460361012402691,-0.260876862114862,0.729,0.587,1,"AKAP9"
0.0325419748526689,-0.260575083113426,0.147,0.116,1,"CORO2A"
0.219847111195253,-0.260359778650186,0.184,0.162,1,"BPNT1"
0.100993800649004,-0.260211304028258,0.481,0.426,1,"MDM4"
0.838817547158047,-0.260106203081232,0.673,0.589,1,"DAP3"
0.00228063474659229,-0.259467717575204,0.442,0.349,1,"SREK1IP1"
0.315618854684206,-0.259384335734183,0.552,0.481,1,"SAR1A"
0.0304565529778021,-0.258898220124133,0.164,0.131,1,"VPS45"
3.31693639711715e-05,0.258725727040941,0.153,0.102,1,"DHX40"
0.0377756102568093,-0.258612261043319,0.11,0.085,1,"FAM160B2"
3.82877199607905e-05,0.258406769734899,0.202,0.143,1,"UTP3"
0.772005594441117,-0.258368932680441,0.31,0.286,1,"LYRM4"
0.0312327522556937,-0.257856891691427,0.252,0.207,1,"PSMG4"
0.00212131248650192,-0.257683059842231,0.189,0.14,1,"ZRANB1"
0.00292738195564583,-0.257617630681365,0.307,0.243,1,"CREM"
0.0366663990933259,-0.257386393116421,0.332,0.28,1,"SNX9"
0.534111827340823,-0.257305596685633,0.658,0.56,1,"HEBP2"
0.000336460158742763,0.257188900211125,0.128,0.086,1,"ZMYM4"
0.000793925833356017,-0.257131616812106,0.893,0.792,1,"COMMD6"
5.59737403920932e-05,0.256930560697748,0.107,0.066,1,"EXOSC2"
0.0229104534356727,-0.256697989723952,0.22,0.179,1,"RAB40B"
0.0841321832893769,-0.256226534196283,0.217,0.184,1,"CRYZL1"
0.105341038736199,-0.255686780800728,0.569,0.469,1,"SCCPDH"
0.0235528004770379,-0.255478782385661,0.186,0.148,1,"AGFG1"
0.249736318516062,-0.25524280535444,0.496,0.439,1,"HNRNPAB"
0.040320974219096,-0.255160737757014,0.14,0.111,1,"SPATA2L"
0.152732505032062,-0.254644718336318,0.27,0.235,1,"MED8"
0.848222713375881,-0.254598830632904,0.476,0.451,1,"IFNGR2"
0.0473743579848395,-0.253930361188872,0.315,0.265,1,"C11orf1"
0.0909798803244254,-0.25361763536667,0.22,0.187,1,"PCID2"
0.125050070838257,-0.253404695543091,0.172,0.148,1,"NVL"
0.037051113560746,-0.253225848471847,0.188,0.152,1,"RARS2"
0.51858138421609,-0.253001202930991,0.256,0.233,1,"ARL5B"
0.266959368969394,-0.252612019910127,0.348,0.308,1,"RAB22A"
0.287380909685741,-0.252129748371609,0.101,0.089,1,"PHF10"
0.000538347789625242,-0.252124379115723,0.105,0.068,1,"BEX5"
0.129891009026552,-0.252105018000945,0.152,0.131,1,"OSGEP"
0.00677001912149705,-0.251893338878181,0.253,0.2,1,"IWS1"
0.150616740463673,-0.251840574991827,0.13,0.11,1,"PRKCZ"
0.719695437036923,-0.251835732564209,0.147,0.14,1,"CCDC92"
0.0707174925835288,-0.251701647702223,0.571,0.479,1,"PSMC4"
0.327945442204354,-0.251573659894015,0.443,0.391,1,"TNFRSF1A"
0.0396722238667198,-0.2514582627489,0.156,0.126,1,"MYO10"
3.82408280728131e-05,0.251219969532365,0.141,0.091,1,"ASXL2"
0.0635617550440774,-0.250927560351456,0.177,0.148,1,"SMYD2"
0.00428763244266172,-0.2506968166781,0.376,0.297,1,"VEZT"
0.10644865506046,-0.2505047902227,0.236,0.202,1,"ABL2"
0.140816447299722,-0.25047247389507,0.136,0.113,1,"DIP2A"
0.0195004672554302,-0.25009952704677,0.161,0.127,1,"CYTH1"
