"p_val","avg_log2FC","pct.1","pct.2","p_val_adj","gene","prevalence_difference","absolute_log2FC","direction","samples_tested","samples_prevalence_25pct","samples_prevalence_50pct","minimum_sample_prevalence","mean_sample_prevalence","maximum_sample_prevalence","consistency_category","biological_review_flag","fc_score","prevalence_score","specificity_score","significance_score","consistency_score","biomarker_score","adjusted_biomarker_score","priority_rank"
9.96866200410899e-213,1.81269487925189,0.966,0.633,3.65112214562496e-208,"H1-2",0.333,1.81269487925189,"Malignant_enriched",3,3,3,0.928057553956835,0.962348168672217,0.986842105263158,"Consistent_3_of_3","Standard_candidate",0.906347439625945,0.966,0.333,1,1,0.836386859906486,0.836386859906486,1
6.8888595207416e-124,1.98223851845253,0.818,0.471,2.52311368806682e-119,"CHCHD10",0.347,1.98223851845253,"Malignant_enriched",3,3,3,0.705035971223022,0.810558098016529,0.958217270194986,"Consistent_3_of_3","Standard_candidate",0.991119259226265,0.818,0.347,1,1,0.830779814806566,0.830779814806566,2
4.08622913903354e-195,1.64592916886974,0.912,0.475,1.49662228446243e-190,"SLC9A3R1",0.437,1.64592916886974,"Malignant_enriched",3,3,3,0.841225626740947,0.918039490120263,0.989208633093525,"Consistent_3_of_3","Standard_candidate",0.82296458443487,0.912,0.437,1,1,0.825541146108718,0.825541146108718,3
7.96113417382136e-130,2.04788098238135,0.717,0.31,2.91584500250381e-125,"GLRX5",0.407,2.04788098238135,"Malignant_enriched",3,3,3,0.543165467625899,0.704492579517972,0.891364902506964,"Consistent_3_of_3","Standard_candidate",1,0.717,0.407,1,1,0.8248,0.8248,4
5.12891971962594e-193,2.67024984721513,0.564,0.097,1.8785181365102e-188,"RETREG1",0.467,2.67024984721513,"Malignant_enriched",3,3,2,0.257894736842105,0.585827974477184,0.76978417266187,"Consistent_3_of_3","Standard_candidate",1,0.564,0.467,1,1,0.8062,0.8062,5
6.89599442412511e-135,1.60572394008108,0.966,0.693,2.52572691778006e-130,"DBI",0.273,1.60572394008108,"Malignant_enriched",3,3,3,0.938848920863309,0.963724209021582,0.994428969359331,"Consistent_3_of_3","Standard_candidate",0.80286197004054,0.966,0.273,1,1,0.798515492510135,0.798515492510135,6
1.10011603143848e-134,1.65428518900144,0.965,0.739,4.02928497674659e-130,"MPC2",0.226,1.65428518900144,"Malignant_enriched",3,3,3,0.910526315789474,0.968318428382935,1,"Consistent_3_of_3","Standard_candidate",0.82714259450072,0.965,0.226,1,1,0.79498564862518,0.79498564862518,7
1.80148556320101e-74,1.81799913321759,0.772,0.483,6.59812102378e-70,"ATP6AP2",0.289,1.81799913321759,"Malignant_enriched",3,3,3,0.528776978417266,0.754123919747064,0.988857938718663,"Consistent_3_of_3","Standard_candidate",0.908999566608795,0.772,0.289,1,1,0.789449891652199,0.789449891652199,8
6.19679870316029e-94,2.72474626626942,0.623,0.3,2.26963949301949e-89,"CKB",0.323,2.72474626626942,"Malignant_enriched",3,3,2,0.365789473684211,0.619685380562285,0.986072423398329,"Consistent_3_of_3","Standard_candidate",1,0.623,0.323,1,1,0.7892,0.7892,9
3.2312838040923e-199,1.60456313653701,0.983,0.788,1.18349000608685e-194,"H2AJ",0.195,1.60456313653701,"Malignant_enriched",3,3,3,0.963788300835655,0.9837769661122,0.994736842105263,"Consistent_3_of_3","Standard_candidate",0.802281568268505,0.983,0.195,1,1,0.786170392067126,0.786170392067126,10
3.83557486545496e-163,1.47413732569993,0.951,0.666,1.40481765022153e-158,"HSBP1",0.285,1.47413732569993,"Malignant_enriched",3,3,3,0.91726618705036,0.94837866695355,0.98050139275766,"Consistent_3_of_3","Standard_candidate",0.737068662849965,0.951,0.285,1,1,0.781467165712491,0.781467165712491,11
3.45014876171286e-118,1.5252539157301,0.8,0.398,1.26365148546495e-113,"TMEM160",0.402,1.5252539157301,"Malignant_enriched",3,3,3,0.658273381294964,0.788378181782385,0.868421052631579,"Consistent_3_of_3","Standard_candidate",0.76262695786505,0.8,0.402,1,1,0.781056739466263,0.781056739466263,12
1.51225322817161e-159,1.43758584763086,0.889,0.522,5.53877867350134e-155,"FKBP4",0.367,1.43758584763086,"Malignant_enriched",3,3,3,0.857938718662953,0.887317449954419,0.926315789473684,"Consistent_3_of_3","Standard_candidate",0.71879292381543,0.889,0.367,1,1,0.780898230953857,0.780898230953857,13
1.88453513487142e-43,1.78705746169767,0.789,0.571,6.90229838498006e-39,"ATP5F1A",0.218,1.78705746169767,"Malignant_enriched",3,3,3,0.564748201438849,0.772152054049474,0.983286908077994,"Consistent_3_of_3","Standard_candidate",0.893528730848835,0.789,0.218,1,1,0.774782182712209,0.774782182712209,14
3.19411647029733e-136,2.19875890360774,0.468,0.089,1.1698770984111e-131,"GASK1B",0.379,2.19875890360774,"Malignant_enriched",3,3,1,0.420863309352518,0.463871799496336,0.5,"Consistent_3_of_3","Standard_candidate",1,0.468,0.379,1,1,0.7694,0.7694,15
3.28989400936642e-112,1.57640748655421,0.739,0.378,1.20495657987054e-107,"PRSS23",0.361,1.57640748655421,"Malignant_enriched",3,3,2,0.465789473684211,0.758410723407786,0.920863309352518,"Consistent_3_of_3","Standard_candidate",0.788203743277105,0.739,0.361,1,1,0.767050935819276,0.767050935819276,16
7.52619200054638e-149,2.37194040602517,0.452,0.074,2.75654308212012e-144,"EPN3",0.378,2.37194040602517,"Malignant_enriched",3,3,1,0.35,0.455457472462142,0.54874651810585,"Consistent_3_of_3","Standard_candidate",1,0.452,0.378,1,1,0.766,0.766,17
3.65927394204643e-120,1.92552734646048,0.5,0.132,1.34024567401392e-115,"TM7SF2",0.368,1.92552734646048,"Malignant_enriched",3,3,1,0.373259052924791,0.49327617806063,0.660526315789474,"Consistent_3_of_3","Standard_candidate",0.96276367323024,0.5,0.368,1,1,0.76429091830756,0.76429091830756,18
3.87409395606642e-96,1.59718327609151,0.707,0.37,1.41892565234889e-91,"DCAF6",0.337,1.59718327609151,"Malignant_enriched",3,3,2,0.492105263157895,0.71914086382265,0.852367688022284,"Consistent_3_of_3","Standard_candidate",0.798591638045755,0.707,0.337,1,1,0.758447909511439,0.758447909511439,19
6.83421760388149e-127,1.461839802477,0.708,0.292,2.50310053959763e-122,"FCGRT",0.416,1.461839802477,"Malignant_enriched",3,3,2,0.37883008356546,0.723525211497713,0.949640287769784,"Consistent_3_of_3","Standard_candidate",0.7309199012385,0.708,0.416,1,1,0.757529975309625,0.757529975309625,20
6.84132629957398e-102,1.6129402681664,0.666,0.305,2.50570417048197e-97,"SNHG25",0.361,1.6129402681664,"Malignant_enriched",3,3,2,0.406685236768802,0.685031643355599,0.935251798561151,"Consistent_3_of_3","Standard_candidate",0.8064701340832,0.666,0.361,1,1,0.7570175335208,0.7570175335208,21
2.85368439974259e-53,2.56087183593064,0.588,0.393,1.04519044824972e-48,"PLAAT3",0.195,2.56087183593064,"Malignant_enriched",3,3,1,0.338129496402878,0.561588295702684,0.978947368421053,"Consistent_3_of_3","Standard_candidate",1,0.588,0.195,1,1,0.7566,0.7566,22
2.8601778271519e-84,2.12597677533072,0.469,0.159,1.04756873097266e-79,"GADD45G",0.31,2.12597677533072,"Malignant_enriched",3,3,1,0.31294964028777,0.458993280379362,0.682451253481894,"Consistent_3_of_3","Standard_candidate",1,0.469,0.31,1,1,0.7558,0.7558,23
2.18025103325032e-78,1.67816463918405,0.778,0.587,7.98538743438261e-74,"TSPAN13",0.191,1.67816463918405,"Malignant_enriched",3,3,2,0.406685236768802,0.787928273419968,0.989473684210526,"Consistent_3_of_3","Standard_candidate",0.839082319592025,0.778,0.191,1,1,0.753570579898006,0.753570579898006,24
1.49025300346534e-105,1.31662602974096,0.8,0.416,5.45820065049216e-101,"PBX1",0.384,1.31662602974096,"Malignant_enriched",3,3,3,0.671309192200557,0.814265754966764,0.982014388489209,"Consistent_3_of_3","Standard_candidate",0.65831301487048,0.8,0.384,1,1,0.75137825371762,0.75137825371762,25
3.47714240382836e-101,1.35146942289897,0.789,0.418,1.27353817682617e-96,"SELENOP",0.371,1.35146942289897,"Malignant_enriched",3,3,3,0.571942446043165,0.770743264646456,0.871866295264624,"Consistent_3_of_3","Standard_candidate",0.675734711449485,0.789,0.371,1,1,0.750933677862371,0.750933677862371,26
6.06385191878925e-82,1.77521873003108,0.582,0.269,2.22094640377575e-77,"RWDD4",0.313,1.77521873003108,"Malignant_enriched",3,3,1,0.438848920863309,0.573238942931566,0.796657381615599,"Consistent_3_of_3","Standard_candidate",0.88760936501554,0.582,0.313,1,1,0.750902341253885,0.750902341253885,27
1.24136309749487e-88,1.73424519429637,0.57,0.229,4.54661648088473e-84,"MAST4",0.341,1.73424519429637,"Malignant_enriched",3,3,2,0.305755395683453,0.550188513607821,0.763231197771588,"Consistent_3_of_3","Standard_candidate",0.867122597148185,0.57,0.341,1,1,0.748980649287046,0.748980649287046,28
3.76696828222507e-125,1.29734359086644,0.765,0.349,1.37968980304775e-120,"TBC1D9",0.416,1.29734359086644,"Malignant_enriched",3,3,3,0.626740947075209,0.769635597781854,0.845323741007194,"Consistent_3_of_3","Standard_candidate",0.64867179543322,0.765,0.416,1,1,0.748367948858305,0.748367948858305,29
5.11743628106195e-94,1.59103228990571,0.647,0.299,1.87431221230175e-89,"SCD",0.348,1.59103228990571,"Malignant_enriched",3,3,2,0.267409470752089,0.657431328064656,0.863157894736842,"Consistent_3_of_3","Standard_candidate",0.795516144952855,0.647,0.348,1,1,0.747879036238214,0.747879036238214,30
2.68231180182109e-87,1.89863155754591,0.476,0.166,9.82423520534992e-83,"GGA2",0.31,1.89863155754591,"Malignant_enriched",3,3,1,0.281578947368421,0.477452496293538,0.704735376044568,"Consistent_3_of_3","Standard_candidate",0.949315778772955,0.476,0.31,1,1,0.744528944693239,0.744528944693239,31
6.62409927960518e-93,1.62932214511696,0.598,0.242,2.42614260214819e-88,"RERG",0.356,1.62932214511696,"Malignant_enriched",3,3,2,0.402631578947368,0.60808212541534,0.738161559888579,"Consistent_3_of_3","Standard_candidate",0.81466107255848,0.598,0.356,1,1,0.74446526813962,0.74446526813962,32
4.20748976836004e-130,1.38518150129729,0.651,0.215,1.54103520255955e-125,"ETFB",0.436,1.38518150129729,"Malignant_enriched",3,3,3,0.58273381294964,0.643616641652226,0.763157894736842,"Consistent_3_of_3","Standard_candidate",0.692590750648645,0.651,0.436,1,1,0.740547687662161,0.740547687662161,33
3.33436805831595e-113,1.16990318412537,0.899,0.577,1.2212456450388e-108,"NUCB2",0.322,1.16990318412537,"Malignant_enriched",3,3,3,0.807894736842105,0.907568687756143,0.992805755395683,"Consistent_3_of_3","Standard_candidate",0.584951592062685,0.899,0.322,1,1,0.740437898015671,0.740437898015671,34
3.00008410948418e-106,1.18129195356569,0.84,0.481,1.09881080593968e-101,"STARD10",0.359,1.18129195356569,"Malignant_enriched",3,3,3,0.768421052631579,0.851545920571855,0.97841726618705,"Consistent_3_of_3","Standard_candidate",0.590645976782845,0.84,0.359,1,1,0.737461494195711,0.737461494195711,35
5.88898906793358e-115,1.11092520465223,0.839,0.442,2.15690113602135e-110,"HERPUD1",0.397,1.11092520465223,"Malignant_enriched",3,3,3,0.785515320334262,0.840924644831855,0.87410071942446,"Consistent_3_of_3","Standard_candidate",0.555462602326115,0.839,0.397,1,1,0.736065650581529,0.736065650581529,36
3.4682569797365e-38,1.41058628853859,0.859,0.677,1.27028380139829e-33,"YWHAQ",0.182,1.41058628853859,"Malignant_enriched",3,3,3,0.723684210526316,0.862601723342042,0.997214484679666,"Consistent_3_of_3","Standard_candidate",0.705293144269295,0.859,0.182,1,1,0.734523286067324,0.734523286067324,37
3.07692433650535e-96,1.40847090196759,0.677,0.313,1.12695430748845e-91,"RBBP7",0.364,1.40847090196759,"Malignant_enriched",3,3,3,0.510791366906475,0.660966520728586,0.881578947368421,"Consistent_3_of_3","Standard_candidate",0.704235450983795,0.677,0.364,1,1,0.734258862745949,0.734258862745949,38
3.56653951580094e-111,0.996524496988474,0.941,0.605,1.30628076305725e-106,"GATA3",0.336,0.996524496988474,"Malignant_enriched",3,3,3,0.934210526315789,0.942055533113459,0.953237410071942,"Consistent_3_of_3","Standard_candidate",0.498262248494237,0.941,0.336,1,1,0.729965562123559,0.729965562123559,39
3.58030028800939e-90,1.19080890163795,0.813,0.472,1.31132078348632e-85,"GTF2I",0.341,1.19080890163795,"Malignant_enriched",3,3,3,0.718421052631579,0.817441393608468,0.88857938718663,"Consistent_3_of_3","Standard_candidate",0.595404450818975,0.813,0.341,1,1,0.729651112704744,0.729651112704744,40
5.26006294224309e-106,1.28295746684836,0.699,0.307,1.92655065322595e-101,"CKS2",0.392,1.28295746684836,"Malignant_enriched",3,3,3,0.584958217270195,0.712025072802043,0.866906474820144,"Consistent_3_of_3","Standard_candidate",0.64147873342418,0.699,0.392,1,1,0.728569683356045,0.728569683356045,41
9.12052271701692e-112,2.05207205532322,0.624,0.279,3.34048265033462e-107,"SUSD3",0.345,2.05207205532322,"Malignant_enriched",3,2,2,0,0.574207105507501,0.933147632311978,"Consistent_2_of_3","Standard_candidate",1,0.624,0.345,1,0.67,0.7278,0.7278,42
1.0219801945554e-104,1.13542760222441,0.963,0.75,3.74310466057861e-100,"ATP5MC3",0.213,1.13542760222441,"Malignant_enriched",3,3,3,0.953237410071942,0.96202083634368,0.974930362116992,"Consistent_3_of_3","Standard_candidate",0.567713801112205,0.963,0.213,1,1,0.727128450278051,0.727128450278051,43
2.07816895841629e-125,1.0298049727488,0.963,0.691,7.6115016270955e-121,"HSPE1",0.272,1.0298049727488,"Malignant_enriched",3,3,3,0.935251798561151,0.960616845916318,0.986072423398329,"Consistent_3_of_3","Standard_candidate",0.5149024863744,0.963,0.272,1,1,0.7257256215936,0.7257256215936,44
3.47630377042568e-97,1.00083939334084,0.939,0.625,1.27323101895611e-92,"CLDN3",0.314,1.00083939334084,"Malignant_enriched",3,3,3,0.859712230215827,0.932702786605198,0.98050139275766,"Consistent_3_of_3","Standard_candidate",0.50041969667042,0.939,0.314,1,1,0.725704924167605,0.725704924167605,45
3.92766194885025e-126,0.815374533391467,0.961,0.555,1.43854546538589e-121,"HSPA1A",0.406,0.815374533391467,"Malignant_enriched",3,3,3,0.947075208913649,0.961362568060198,0.971223021582734,"Consistent_3_of_3","Standard_candidate",0.407687266695734,0.961,0.406,1,1,0.725321816673933,0.725321816673933,46
2.14888472101612e-163,1.9968838993186,0.527,0.097,7.87050517919364e-159,"TIMP3",0.43,1.9968838993186,"Malignant_enriched",3,2,2,0.147368421052632,0.566226672671539,0.949640287769784,"Consistent_2_of_3","Standard_candidate",0.9984419496593,0.527,0.43,1,0.67,0.725010487414825,0.725010487414825,47
1.882075647002e-95,1.56380763946051,0.539,0.182,6.89329026470953e-91,"HPN",0.357,1.56380763946051,"Malignant_enriched",3,3,2,0.399280575539568,0.527356340993764,0.593314763231198,"Consistent_3_of_3","Standard_candidate",0.781903819730255,0.539,0.357,1,1,0.724675954932564,0.724675954932564,48
8.35058826834983e-84,1.13909918583198,0.957,0.753,3.05848645916581e-79,"COX7B",0.204,1.13909918583198,"Malignant_enriched",3,3,3,0.935251798561151,0.955456312270225,0.991643454038997,"Consistent_3_of_3","Standard_candidate",0.56954959291599,0.957,0.204,1,1,0.724587398228997,0.724587398228997,49
2.8332544350787e-102,1.42231854451359,0.6,0.23,1.03770776939192e-97,"AMZ2",0.37,1.42231854451359,"Malignant_enriched",3,3,2,0.498607242339833,0.608963994322794,0.723021582733813,"Consistent_3_of_3","Standard_candidate",0.711159272256795,0.6,0.37,1,1,0.721789818064199,0.721789818064199,50
4.9538018078022e-71,1.4064782788405,0.665,0.353,1.81437945012564e-66,"RSBN1L",0.312,1.4064782788405,"Malignant_enriched",3,3,2,0.420863309352518,0.647469023754754,0.913649025069638,"Consistent_3_of_3","Standard_candidate",0.70323913942025,0.665,0.312,1,1,0.721209784855062,0.721209784855062,51
1.35445204314877e-114,0.983201735280551,0.887,0.534,4.96081605323668e-110,"TMEM230",0.353,0.983201735280551,"Malignant_enriched",3,3,3,0.86908077994429,0.888664942551164,0.910071942446043,"Consistent_3_of_3","Standard_candidate",0.491600867640275,0.887,0.353,1,1,0.720900216910069,0.720900216910069,52
9.36782656445836e-99,1.46283463610125,0.573,0.207,3.43106015749852e-94,"CMBL",0.366,1.46283463610125,"Malignant_enriched",3,3,2,0.436842105263158,0.572839942384166,0.749303621169916,"Consistent_3_of_3","Standard_candidate",0.731417318050625,0.573,0.366,1,1,0.720654329512656,0.720654329512656,53
6.66191552560751e-104,1.16186121332608,0.737,0.351,2.43999318040901e-99,"DNPH1",0.386,1.16186121332608,"Malignant_enriched",3,3,3,0.54874651810585,0.743637454792067,0.845323741007194,"Consistent_3_of_3","Standard_candidate",0.58093060666304,0.737,0.386,1,1,0.71983265166576,0.71983265166576,54
3.52599464006688e-88,1.13804664983769,0.971,0.808,1.2914307968709e-83,"CST3",0.163,1.13804664983769,"Malignant_enriched",3,3,3,0.958217270194986,0.972914528661487,1,"Consistent_3_of_3","Standard_candidate",0.569023324918845,0.971,0.163,1,1,0.719055831229711,0.719055831229711,55
4.76628424228605e-103,0.977485207260803,0.895,0.559,1.74569926657969e-98,"GPX1",0.336,0.977485207260803,"Malignant_enriched",3,3,3,0.846796657381616,0.898490467265537,0.946043165467626,"Consistent_3_of_3","Standard_candidate",0.488742603630402,0.895,0.336,1,1,0.7183856509076,0.7183856509076,56
1.44609629220075e-85,1.49743169461185,0.572,0.24,5.29647227981445e-81,"CTSF",0.332,1.49743169461185,"Malignant_enriched",3,3,2,0.305755395683453,0.547581369005367,0.810526315789474,"Consistent_3_of_3","Standard_candidate",0.748715847305925,0.572,0.332,1,1,0.717978961826481,0.717978961826481,57
8.48255968825224e-96,1.35430307286093,0.618,0.247,3.10682231141926e-91,"ESR1",0.371,1.35430307286093,"Malignant_enriched",3,3,2,0.410526315789474,0.636625008745386,0.805755395683453,"Consistent_3_of_3","Standard_candidate",0.677151536430465,0.618,0.371,1,1,0.717087884107616,0.717087884107616,58
7.61577908412744e-86,1.39868222124903,0.624,0.287,2.78935524735252e-81,"ACO2",0.337,1.39868222124903,"Malignant_enriched",3,3,3,0.503597122302158,0.615776570943802,0.743732590529248,"Consistent_3_of_3","Standard_candidate",0.699341110624515,0.624,0.337,1,1,0.717035277656129,0.717035277656129,59
4.32210698399394e-121,0.95303418932739,0.92,0.602,1.58301490395762e-116,"NDUFAB1",0.318,0.95303418932739,"Malignant_enriched",3,3,3,0.892086330935252,0.917649946894852,0.95,"Consistent_3_of_3","Standard_candidate",0.476517094663695,0.92,0.318,1,1,0.716729273665924,0.716729273665924,60
1.83280296465394e-91,1.26410097414455,0.679,0.318,6.71282413834153e-87,"IGFBP4",0.361,1.26410097414455,"Malignant_enriched",3,3,3,0.518105849582173,0.681663201911715,0.789473684210526,"Consistent_3_of_3","Standard_candidate",0.632050487072275,0.679,0.361,1,1,0.716012621768069,0.716012621768069,61
1.67875785726895e-61,1.46143071680438,0.627,0.343,6.14861852803325e-57,"PCMTD1",0.284,1.46143071680438,"Malignant_enriched",3,3,2,0.366906474820144,0.608897476652896,0.891364902506964,"Consistent_3_of_3","Standard_candidate",0.73071535840219,0.627,0.284,1,1,0.714878839600547,0.714878839600547,62
1.45922131197842e-72,1.055378041467,0.845,0.528,5.34454397725217e-68,"CAPG",0.317,1.055378041467,"Malignant_enriched",3,3,3,0.773684210526316,0.843370645808525,0.947075208913649,"Consistent_3_of_3","Standard_candidate",0.5276890207335,0.845,0.317,1,1,0.714322255183375,0.714322255183375,63
8.87876112477537e-178,1.0635670206572,0.981,0.807,3.25193504956023e-173,"COX8A",0.174,1.0635670206572,"Malignant_enriched",3,3,3,0.968421052631579,0.982162541481256,0.989208633093525,"Consistent_3_of_3","Standard_candidate",0.5317835103286,0.981,0.174,1,1,0.71394587758215,0.71394587758215,64
2.86527368219242e-96,1.49739238693144,0.529,0.18,1.0494351388398e-91,"PXMP2",0.349,1.49739238693144,"Malignant_enriched",3,3,1,0.479108635097493,0.523883113125392,0.610526315789474,"Consistent_3_of_3","Standard_candidate",0.74869619346572,0.529,0.349,1,1,0.71277404836643,0.71277404836643,65
8.77797168352809e-73,1.00949564463303,0.893,0.613,3.215019908809e-68,"MAGED2",0.28,1.00949564463303,"Malignant_enriched",3,3,3,0.810526315789474,0.899782059706289,0.964028776978417,"Consistent_3_of_3","Standard_candidate",0.504747822316515,0.893,0.28,1,1,0.710786955579129,0.710786955579129,66
1.04186843467645e-98,1.1335331417296,0.709,0.323,3.81594732884595e-94,"TNNT1",0.386,1.1335331417296,"Malignant_enriched",3,3,2,0.487465181058496,0.706127166878138,0.907894736842105,"Consistent_3_of_3","Standard_candidate",0.5667665708648,0.709,0.386,1,1,0.7106916427162,0.7106916427162,67
4.48479210156191e-82,1.11322114724514,0.777,0.449,1.64259995511806e-77,"PRKAR1A",0.328,1.11322114724514,"Malignant_enriched",3,3,3,0.660526315789474,0.793413783853433,0.967625899280576,"Consistent_3_of_3","Standard_candidate",0.55661057362257,0.777,0.328,1,1,0.710152643405642,0.710152643405642,68
3.76527974227296e-79,1.03680919260106,0.896,0.649,1.37907135840489e-74,"C18orf32",0.247,1.03680919260106,"Malignant_enriched",3,3,3,0.776978417266187,0.886447235702129,0.966573816155989,"Consistent_3_of_3","Standard_candidate",0.51840459630053,0.896,0.247,1,1,0.708201149075133,0.708201149075133,69
6.5784438963374e-96,1.03817833275683,0.783,0.426,2.40942086147254e-91,"H2BC5",0.357,1.03817833275683,"Malignant_enriched",3,3,3,0.62116991643454,0.781460273798261,0.921052631578947,"Consistent_3_of_3","Standard_candidate",0.519089166378415,0.783,0.357,1,1,0.707772291594604,0.707772291594604,70
1.32911466757339e-97,0.900552820573711,0.848,0.471,4.86801538145428e-93,"BEX3",0.377,0.900552820573711,"Malignant_enriched",3,3,3,0.754874651810585,0.853404512865298,0.931654676258993,"Consistent_3_of_3","Standard_candidate",0.450276410286855,0.848,0.377,1,1,0.707569102571714,0.707569102571714,71
1.37201102486892e-88,1.09387484004392,0.784,0.466,5.0251275796849e-84,"NDUFB5",0.318,1.09387484004392,"Malignant_enriched",3,3,3,0.615107913669065,0.770065536780369,0.863509749303621,"Consistent_3_of_3","Standard_candidate",0.54693742002196,0.784,0.318,1,1,0.70713435500549,0.70713435500549,72
2.31778712396193e-97,0.983117977407135,0.805,0.448,8.48912712022295e-93,"NDUFAF3",0.357,0.983117977407135,"Malignant_enriched",3,3,3,0.713091922005571,0.800110534648077,0.921052631578947,"Consistent_3_of_3","Standard_candidate",0.491558988703568,0.805,0.357,1,1,0.705289747175892,0.705289747175892,73
3.33026104197472e-53,1.40521996983848,0.626,0.357,1.21974140923366e-48,"AHCYL1",0.269,1.40521996983848,"Malignant_enriched",3,3,3,0.5,0.617773542491326,0.774373259052925,"Consistent_3_of_3","Standard_candidate",0.70260998491924,0.626,0.269,1,1,0.70465249622981,0.70465249622981,74
9.33771748712114e-86,1.05798518750939,0.768,0.425,3.42003240683299e-81,"ATP6AP1",0.343,1.05798518750939,"Malignant_enriched",3,3,3,0.696378830083565,0.768400415278392,0.821052631578947,"Consistent_3_of_3","Standard_candidate",0.528992593754695,0.768,0.343,1,1,0.704448148438674,0.704448148438674,75
1.37297119053658e-94,1.37515265893596,0.559,0.207,5.02864428245928e-90,"TPD52L1",0.352,1.37515265893596,"Malignant_enriched",3,3,2,0.397368421052632,0.583759721441437,0.852517985611511,"Consistent_3_of_3","Standard_candidate",0.68757632946798,0.559,0.352,1,1,0.704094082366995,0.704094082366995,76
6.2381493124305e-54,1.058221167379,0.892,0.676,2.2847845671708e-49,"MDH2",0.216,1.058221167379,"Malignant_enriched",3,3,3,0.820143884892086,0.887108509937395,0.983286908077994,"Consistent_3_of_3","Standard_candidate",0.5291105836895,0.892,0.216,1,1,0.703877645922375,0.703877645922375,77
6.34429229953685e-60,1.58524012072039,0.492,0.211,2.32366049762836e-55,"SORD",0.281,1.58524012072039,"Malignant_enriched",3,3,1,0.314763231197772,0.488809755596783,0.655263157894737,"Consistent_3_of_3","Standard_candidate",0.792620060360195,0.492,0.281,1,1,0.702755015090049,0.702755015090049,78
1.15919652677069e-145,0.926822912943061,0.985,0.789,4.24567319895033e-141,"MZT2B",0.196,0.926822912943061,"Malignant_enriched",3,3,3,0.978947368421053,0.985941849071688,0.992805755395683,"Consistent_3_of_3","Standard_candidate",0.46341145647153,0.985,0.196,1,1,0.702052864117883,0.702052864117883,79
4.15104045174189e-100,0.921313318816309,0.853,0.522,1.52036007585499e-95,"GABARAPL2",0.331,0.921313318816309,"Malignant_enriched",3,3,3,0.729805013927577,0.854753886379241,0.931578947368421,"Consistent_3_of_3","Standard_candidate",0.460656659408154,0.853,0.331,1,1,0.701964164852038,0.701964164852038,80
1.68982294094032e-86,1.11491404439855,0.703,0.346,6.189145503488e-82,"TEX264",0.357,1.11491404439855,"Malignant_enriched",3,3,3,0.546762589928058,0.688787940473014,0.831578947368421,"Consistent_3_of_3","Standard_candidate",0.557457022199275,0.703,0.357,1,1,0.701364255549819,0.701364255549819,81
2.67688963948768e-87,0.944859899925304,0.821,0.478,9.80437599358759e-83,"COX14",0.343,0.944859899925304,"Malignant_enriched",3,3,3,0.792105263157895,0.822080016678638,0.846796657381616,"Consistent_3_of_3","Standard_candidate",0.472429949962652,0.821,0.343,1,1,0.700907487490663,0.700907487490663,82
8.58835526305677e-65,1.01405730495725,0.849,0.585,3.14557099864717e-60,"CYC1",0.264,1.01405730495725,"Malignant_enriched",3,3,3,0.712230215827338,0.83788165479931,0.930362116991644,"Consistent_3_of_3","Standard_candidate",0.507028652478625,0.849,0.264,1,1,0.699357163119656,0.699357163119656,83
3.04013558497423e-123,2.47270294181761,0.465,0.107,1.11348005935266e-118,"KIF12",0.358,2.47270294181761,"Malignant_enriched",3,2,1,0.155263157894737,0.469972457747041,0.805013927576602,"Consistent_2_of_3","Standard_candidate",1,0.465,0.358,1,0.67,0.6986,0.6986,84
3.60717280546633e-72,1.05674232753098,0.758,0.438,1.3211631117301e-67,"EGR1",0.32,1.05674232753098,"Malignant_enriched",3,3,3,0.584958217270195,0.764978499534341,0.870503597122302,"Consistent_3_of_3","Standard_candidate",0.52837116376549,0.758,0.32,1,1,0.697692790941373,0.697692790941373,85
5.20688405163651e-87,0.854833366208147,0.882,0.569,1.90707335275239e-82,"CLU",0.313,0.854833366208147,"Malignant_enriched",3,3,3,0.713157894736842,0.893360801755898,0.989208633093525,"Consistent_3_of_3","Standard_candidate",0.427416683104073,0.882,0.313,1,1,0.695854170776018,0.695854170776018,86
1.46593272024284e-74,0.939483684954513,0.94,0.74,5.36912518116144e-70,"SLC39A6",0.2,0.939483684954513,"Malignant_enriched",3,3,3,0.891364902506964,0.93934049066274,0.984210526315789,"Consistent_3_of_3","Standard_candidate",0.469741842477256,0.94,0.2,1,1,0.695435460619314,0.695435460619314,87
6.78396728892441e-96,0.865754722004458,0.93,0.676,2.48469585924146e-91,"ATP5PD",0.254,0.865754722004458,"Malignant_enriched",3,3,3,0.918421052631579,0.931879314024224,0.949640287769784,"Consistent_3_of_3","Standard_candidate",0.432877361002229,0.93,0.254,1,1,0.695019340250557,0.695019340250557,88
8.77220267222145e-66,1.27819910649922,0.727,0.528,3.21290695072783e-61,"SYAP1",0.199,1.27819910649922,"Malignant_enriched",3,3,2,0.426183844011142,0.725293642816285,0.976315789473684,"Consistent_3_of_3","Standard_candidate",0.63909955324961,0.727,0.199,1,1,0.694974888312403,0.694974888312403,89
1.8118426479706e-84,1.02175577956207,0.725,0.364,6.63605488245711e-80,"HINT2",0.361,1.02175577956207,"Malignant_enriched",3,3,3,0.60431654676259,0.715493484116094,0.81058495821727,"Consistent_3_of_3","Standard_candidate",0.510877889781035,0.725,0.361,1,1,0.694919472445259,0.694919472445259,90
1.24308819898019e-53,0.966075376493722,0.896,0.673,4.55293483758485e-49,"ATP5F1B",0.223,0.966075376493722,"Malignant_enriched",3,3,3,0.802158273381295,0.888597545947995,0.96100278551532,"Consistent_3_of_3","Standard_candidate",0.483037688246861,0.896,0.223,1,1,0.694559422061715,0.694559422061715,91
7.06026767681519e-83,1.15402123127247,0.645,0.289,2.58589363931033e-78,"CSAD",0.356,1.15402123127247,"Malignant_enriched",3,3,3,0.557103064066852,0.63719666694441,0.778947368421053,"Consistent_3_of_3","Standard_candidate",0.577010615636235,0.645,0.356,1,1,0.694452653909059,0.694452653909059,92
1.20179397223327e-99,0.896406325038166,0.986,0.811,4.40169060270159e-95,"COX5B",0.175,0.896406325038166,"Malignant_enriched",3,3,3,0.984210526315789,0.986226658608606,0.988857938718663,"Consistent_3_of_3","Standard_candidate",0.448203162519083,0.986,0.175,1,1,0.694250790629771,0.694250790629771,93
3.29612106506274e-89,0.857666728192954,0.897,0.612,1.20723730128988e-84,"HSPD1",0.285,0.857666728192954,"Malignant_enriched",3,3,3,0.834532374100719,0.891139878011094,0.944736842105263,"Consistent_3_of_3","Standard_candidate",0.428833364096477,0.897,0.285,1,1,0.693608341024119,0.693608341024119,94
6.35803595952936e-67,1.01608499027319,0.889,0.699,2.32869425053722e-62,"PTMS",0.19,1.01608499027319,"Malignant_enriched",3,3,3,0.742105263157895,0.897131618850939,0.988857938718663,"Consistent_3_of_3","Standard_candidate",0.508042495136595,0.889,0.19,1,1,0.692810623784149,0.692810623784149,95
1.76021916013179e-40,1.10200508647511,0.809,0.595,6.44697869589869e-36,"SRI",0.214,1.10200508647511,"Malignant_enriched",3,3,3,0.600719424460432,0.793740272406031,0.98050139275766,"Consistent_3_of_3","Standard_candidate",0.551002543237555,0.809,0.214,1,1,0.692350635809389,0.692350635809389,96
2.0628803542635e-46,1.23423483396097,0.681,0.425,7.5555055855255e-42,"HEBP1",0.256,1.23423483396097,"Malignant_enriched",3,3,3,0.553956834532374,0.67305818151519,0.846796657381616,"Consistent_3_of_3","Standard_candidate",0.617117416980485,0.681,0.256,1,1,0.691679354245121,0.691679354245121,97
2.91838334019445e-81,1.1865295532583,0.619,0.273,1.06888708217962e-76,"DGCR6L",0.346,1.1865295532583,"Malignant_enriched",3,3,3,0.539568345323741,0.61301840802684,0.657381615598886,"Consistent_3_of_3","Standard_candidate",0.59326477662915,0.619,0.346,1,1,0.691316194157287,0.691316194157287,98
7.16270359064569e-81,1.25946293022263,0.577,0.237,2.62341181710989e-76,"NR2F6",0.34,1.25946293022263,"Malignant_enriched",3,3,3,0.540389972144847,0.581512042967883,0.633093525179856,"Consistent_3_of_3","Standard_candidate",0.629731465111315,0.577,0.34,1,1,0.690832866277829,0.690832866277829,99
2.0002949926289e-82,1.37416419717077,0.522,0.199,7.3262804400026e-78,"GALNT1",0.323,1.37416419717077,"Malignant_enriched",3,3,2,0.303621169916435,0.517406728480286,0.734210526315789,"Consistent_3_of_3","Standard_candidate",0.687082098585385,0.522,0.323,1,1,0.690770524646346,0.690770524646346,100
8.08302451740921e-73,1.14028182580688,0.721,0.458,2.9604885597463e-68,"TMEM134",0.263,1.14028182580688,"Malignant_enriched",3,3,3,0.58273381294964,0.706256528276865,0.931578947368421,"Consistent_3_of_3","Standard_candidate",0.57014091290344,0.721,0.263,1,1,0.68933522822586,0.68933522822586,101
1.85682630429041e-87,0.825810758407108,0.982,0.784,6.80081202209405e-83,"FXYD3",0.198,0.825810758407108,"Malignant_enriched",3,3,3,0.963157894736842,0.984005277818502,1,"Consistent_3_of_3","Standard_candidate",0.412905379203554,0.982,0.198,1,1,0.689226344800889,0.689226344800889,102
4.72044537018254e-84,1.00667975294758,0.729,0.392,1.72891032128306e-79,"SNF8",0.337,1.00667975294758,"Malignant_enriched",3,3,3,0.512534818941504,0.733788269194057,0.857894736842105,"Consistent_3_of_3","Standard_candidate",0.50333987647379,0.729,0.337,1,1,0.689034969118448,0.689034969118448,103
2.53267957743524e-115,2.83576948033119,0.443,0.112,9.27619222031431e-111,"RBP1",0.331,2.83576948033119,"Malignant_enriched",3,2,2,0.00789473684210526,0.457017930590288,0.852367688022284,"Consistent_2_of_3","Standard_candidate",1,0.443,0.331,1,0.67,0.6888,0.6888,104
4.21292216964775e-79,0.778021734693648,0.961,0.716,1.54302487385519e-74,"PRDX2",0.245,0.778021734693648,"Malignant_enriched",3,3,3,0.928947368421053,0.962622009121921,0.98050139275766,"Consistent_3_of_3","Standard_candidate",0.389010867346824,0.961,0.245,1,1,0.688452716836706,0.688452716836706,105
1.10566013843739e-75,1.11848679907978,0.657,0.323,4.04959082304077e-71,"P4HTM",0.334,1.11848679907978,"Malignant_enriched",3,3,3,0.60431654676259,0.65152925599705,0.726315789473684,"Consistent_3_of_3","Standard_candidate",0.55924339953989,0.657,0.334,1,1,0.688010849884973,0.688010849884973,106
9.0160499718577e-85,0.946569437537409,0.745,0.392,3.3022184626926e-80,"MRPS7",0.353,0.946569437537409,"Malignant_enriched",3,3,3,0.690647482014389,0.739689022861758,0.823684210526316,"Consistent_3_of_3","Standard_candidate",0.473284718768704,0.745,0.353,1,1,0.687921179692176,0.687921179692176,107
2.11164221869014e-85,1.42051109065144,0.48,0.159,7.73410079017451e-81,"C20orf27",0.321,1.42051109065144,"Malignant_enriched",3,3,2,0.334261838440111,0.485079580376162,0.568345323741007,"Consistent_3_of_3","Standard_candidate",0.71025554532572,0.48,0.321,1,1,0.68776388633143,0.68776388633143,108
1.70099103714545e-78,1.27135691263594,0.562,0.232,6.23004977264893e-74,"PDHB",0.33,1.27135691263594,"Malignant_enriched",3,3,2,0.345323741007194,0.545531116522996,0.6991643454039,"Consistent_3_of_3","Standard_candidate",0.63567845631797,0.562,0.33,1,1,0.687319614079493,0.687319614079493,109
2.67841677048152e-69,1.08085672494707,0.683,0.355,9.80996926356563e-65,"CMTM6",0.328,1.08085672494707,"Malignant_enriched",3,3,3,0.651079136690647,0.680936851457113,0.707520891364902,"Consistent_3_of_3","Standard_candidate",0.540428362473535,0.683,0.328,1,1,0.687307090618384,0.687307090618384,110
2.48757511521616e-55,1.34428160598023,0.583,0.321,9.11099261699071e-51,"CYB561",0.262,1.34428160598023,"Malignant_enriched",3,3,2,0.303621169916435,0.61105812315402,0.953237410071942,"Consistent_3_of_3","Standard_candidate",0.672140802990115,0.583,0.262,1,1,0.687035200747529,0.687035200747529,111
1.73033916578137e-94,0.821737929885207,0.91,0.649,6.33754022859085e-90,"DYNLRB1",0.261,0.821737929885207,"Malignant_enriched",3,3,3,0.881294964028777,0.907343153478976,0.927576601671309,"Consistent_3_of_3","Standard_candidate",0.410868964942603,0.91,0.261,1,1,0.686917241235651,0.686917241235651,112
1.63741794607026e-69,0.828463116047528,0.947,0.729,5.99720696927693e-65,"COX5A",0.218,0.828463116047528,"Malignant_enriched",3,3,3,0.928947368421053,0.947188116681556,0.966573816155989,"Consistent_3_of_3","Standard_candidate",0.414231558023764,0.947,0.218,1,1,0.686557889505941,0.686557889505941,113
1.71896542526654e-81,0.904803282832616,0.759,0.405,6.29588276658124e-77,"HACD3",0.354,0.904803282832616,"Malignant_enriched",3,3,3,0.660526315789474,0.76696140814954,0.838129496402878,"Consistent_3_of_3","Standard_candidate",0.452401641416308,0.759,0.354,1,1,0.685700410354077,0.685700410354077,114
5.01272396593438e-72,1.0783400766729,0.676,0.348,1.83596027976313e-67,"FOXA1",0.328,1.0783400766729,"Malignant_enriched",3,3,3,0.537604456824513,0.687437002457849,0.827338129496403,"Consistent_3_of_3","Standard_candidate",0.53917003833645,0.676,0.328,1,1,0.685592509584113,0.685592509584113,115
4.74791494448297e-82,1.09654078240759,0.655,0.32,1.73897132756633e-77,"MRPS23",0.335,1.09654078240759,"Malignant_enriched",3,3,3,0.518105849582173,0.66906696311328,0.841726618705036,"Consistent_3_of_3","Standard_candidate",0.548270391203795,0.655,0.335,1,1,0.685067597800949,0.685067597800949,116
5.53899618730645e-71,0.837010594495108,0.964,0.776,2.02871274356286e-66,"UQCR10",0.188,0.837010594495108,"Malignant_enriched",3,3,3,0.936842105263158,0.964983052408682,0.983286908077994,"Consistent_3_of_3","Standard_candidate",0.418505297247554,0.964,0.188,1,1,0.685026324311889,0.685026324311889,117
1.16618406359902e-76,0.74224228221405,0.931,0.651,4.27126575133778e-72,"NDUFB7",0.28,0.74224228221405,"Malignant_enriched",3,3,3,0.928947368421053,0.931520427991282,0.935251798561151,"Consistent_3_of_3","Standard_candidate",0.371121141107025,0.931,0.28,1,1,0.684980285276756,0.684980285276756,118
2.456037287952e-75,0.808822146652075,0.94,0.713,8.99548217085299e-71,"COPS9",0.227,0.808822146652075,"Malignant_enriched",3,3,3,0.918421052631579,0.940893829431397,0.958217270194986,"Consistent_3_of_3","Standard_candidate",0.404411073326037,0.94,0.227,1,1,0.684502768331509,0.684502768331509,119
6.19950453219926e-77,0.899326858087485,0.785,0.461,2.2706305299633e-72,"MRPL27",0.324,0.899326858087485,"Malignant_enriched",3,3,3,0.735376044568245,0.793042803698692,0.888489208633094,"Consistent_3_of_3","Standard_candidate",0.449663429043743,0.785,0.324,1,1,0.684215857260936,0.684215857260936,120
2.60977232741931e-95,0.755110018852341,0.975,0.754,9.55855212640596e-91,"PEBP1",0.221,0.755110018852341,"Malignant_enriched",3,3,3,0.960526315789474,0.976745447213553,0.989208633093525,"Consistent_3_of_3","Standard_candidate",0.37755500942617,0.975,0.221,1,1,0.683588752356543,0.683588752356543,121
2.60461959682571e-82,1.15176151349166,0.604,0.261,9.53967973533386e-78,"CCDC167",0.343,1.15176151349166,"Malignant_enriched",3,3,3,0.52158273381295,0.595680781280268,0.7,"Consistent_3_of_3","Standard_candidate",0.57588075674583,0.604,0.343,1,1,0.683370189186457,0.683370189186457,122
9.19258522147558e-98,0.837334688748328,0.727,0.315,3.36687626321765e-93,"NQO1",0.412,0.837334688748328,"Malignant_enriched",3,3,2,0.47075208913649,0.735448222568405,0.877697841726619,"Consistent_3_of_3","Standard_candidate",0.418667344374164,0.727,0.412,1,1,0.682466836093541,0.682466836093541,123
3.86992156735076e-81,0.787710049901196,0.97,0.772,1.41739747325789e-76,"NDUFB9",0.198,0.787710049901196,"Malignant_enriched",3,3,3,0.955263157894737,0.969924362518488,0.983286908077994,"Consistent_3_of_3","Standard_candidate",0.393855024950598,0.97,0.198,1,1,0.682063756237649,0.682063756237649,124
3.81643218523307e-81,0.751085981773012,0.925,0.66,1.39780645216347e-76,"NDUFB10",0.265,0.751085981773012,"Malignant_enriched",3,3,3,0.899721448467967,0.924405445589284,0.952631578947368,"Consistent_3_of_3","Standard_candidate",0.375542990886506,0.925,0.265,1,1,0.681885747721626,0.681885747721626,125
3.51026623592616e-75,0.89964539799516,0.764,0.431,1.28567011157031e-70,"MRPS26",0.333,0.89964539799516,"Malignant_enriched",3,3,3,0.707520891364902,0.774430477608823,0.892086330935252,"Consistent_3_of_3","Standard_candidate",0.44982269899758,0.764,0.333,1,1,0.681855674749395,0.681855674749395,126
2.81160994665786e-74,1.44369186782252,0.461,0.166,1.02978025906291e-69,"DYNLL2",0.295,1.44369186782252,"Malignant_enriched",3,3,2,0.278551532033426,0.472536235781936,0.62589928057554,"Consistent_3_of_3","Standard_candidate",0.72184593391126,0.461,0.295,1,1,0.681661483477815,0.681661483477815,127
6.50676388912468e-65,0.964846914631618,0.752,0.449,2.3831673420308e-60,"MRPS12",0.303,0.964846914631618,"Malignant_enriched",3,3,2,0.489208633093525,0.729961007004395,0.878947368421053,"Consistent_3_of_3","Standard_candidate",0.482423457315809,0.752,0.303,1,1,0.681605864328952,0.681605864328952,128
2.82752631571039e-77,0.827825072195108,0.944,0.749,1.03560978839209e-72,"MORF4L2",0.195,0.827825072195108,"Malignant_enriched",3,3,3,0.913669064748201,0.941300722799564,0.963157894736842,"Consistent_3_of_3","Standard_candidate",0.413912536097554,0.944,0.195,1,1,0.681278134024389,0.681278134024389,129
1.51049940029784e-94,1.76149162877114,0.544,0.204,5.53235510353087e-90,"SKIL",0.34,1.76149162877114,"Malignant_enriched",3,2,1,0.231197771587744,0.530864989872931,0.897368421052632,"Consistent_2_of_3","Standard_candidate",0.88074581438557,0.544,0.34,1,0.67,0.680986453596393,0.680986453596393,130
1.06830418914983e-63,0.841012496727239,0.971,0.818,3.91277092318017e-59,"UQCRH",0.153,0.841012496727239,"Malignant_enriched",3,3,3,0.956834532374101,0.970596605840969,0.994428969359331,"Consistent_3_of_3","Standard_candidate",0.420506248363619,0.971,0.153,1,1,0.679926562090905,0.679926562090905,131
9.28304882092352e-72,1.39444075927848,0.486,0.194,3.40000946115145e-67,"ACSF2",0.292,1.39444075927848,"Malignant_enriched",3,3,1,0.302631578947368,0.516897580015448,0.852517985611511,"Consistent_3_of_3","Standard_candidate",0.69722037963924,0.486,0.292,1,1,0.67990509490981,0.67990509490981,132
5.12929877021383e-78,1.24617034165665,0.546,0.223,1.87865696757852e-73,"RNF139",0.323,1.24617034165665,"Malignant_enriched",3,3,2,0.309192200557103,0.538883832092807,0.789473684210526,"Consistent_3_of_3","Standard_candidate",0.623085170828325,0.546,0.323,1,1,0.679571292707081,0.679571292707081,133
6.77641977339837e-73,0.707398037875157,0.856,0.508,2.48193150620489e-68,"PAFAH1B3",0.348,0.707398037875157,"Malignant_enriched",3,3,3,0.76978417266187,0.848663335861145,0.921052631578947,"Consistent_3_of_3","Standard_candidate",0.353699018937578,0.856,0.348,1,1,0.679224754734395,0.679224754734395,134
2.02005031375948e-67,1.0118574392986,0.7,0.388,7.39863627917549e-63,"MRPL12",0.312,1.0118574392986,"Malignant_enriched",3,3,2,0.492805755395683,0.682098326616525,0.823684210526316,"Consistent_3_of_3","Standard_candidate",0.5059287196493,0.7,0.312,1,1,0.678882179912325,0.678882179912325,135
5.45850026834321e-76,1.40729936378277,0.46,0.16,1.99923030828338e-71,"OCEL1",0.3,1.40729936378277,"Malignant_enriched",3,3,1,0.381294964028777,0.45495591798076,0.559888579387187,"Consistent_3_of_3","Standard_candidate",0.703649681891385,0.46,0.3,1,1,0.677912420472846,0.677912420472846,136
2.00270602238963e-58,1.47906565462366,0.455,0.195,7.33511107760427e-54,"C8orf82",0.26,1.47906565462366,"Malignant_enriched",3,3,1,0.294964028776978,0.442999542603126,0.568245125348189,"Consistent_3_of_3","Standard_candidate",0.73953282731183,0.455,0.26,1,1,0.677883206827957,0.677883206827957,137
1.56880246695514e-86,0.986408103295816,0.652,0.282,5.7458959154699e-82,"GCSH",0.37,0.986408103295816,"Malignant_enriched",3,3,3,0.54874651810585,0.646079711513006,0.781578947368421,"Consistent_3_of_3","Standard_candidate",0.493204051647908,0.652,0.37,1,1,0.677701012911977,0.677701012911977,138
2.73341543714579e-74,1.52021317500662,0.407,0.126,1.00114073800902e-69,"AL035661.1",0.281,1.52021317500662,"Malignant_enriched",3,3,0,0.344736842105263,0.40797921990805,0.476323119777159,"Consistent_3_of_3","Standard_candidate",0.76010658750331,0.407,0.281,1,1,0.677626646875828,0.677626646875828,139
2.40650504886004e-70,0.888320734935225,0.792,0.502,8.81406539195478e-66,"SELENOT",0.29,0.888320734935225,"Malignant_enriched",3,3,3,0.58273381294964,0.773878577829717,0.892105263157895,"Consistent_3_of_3","Standard_candidate",0.444160367467613,0.792,0.29,1,1,0.677440091866903,0.677440091866903,140
1.49557826440916e-80,1.05901833699299,0.618,0.263,5.47770495122498e-76,"PRLR",0.355,1.05901833699299,"Malignant_enriched",3,3,3,0.582172701949861,0.622108810532574,0.676258992805755,"Consistent_3_of_3","Standard_candidate",0.529509168496495,0.618,0.355,1,1,0.676977292124124,0.676977292124124,141
1.41085703301613e-54,0.956746563962134,0.761,0.486,5.16740496912487e-50,"NDUFS2",0.275,0.956746563962134,"Malignant_enriched",3,3,3,0.683453237410072,0.756159142470513,0.871866295264624,"Consistent_3_of_3","Standard_candidate",0.478373281981067,0.761,0.275,1,1,0.676793320495267,0.676793320495267,142
1.47822890872787e-81,1.48451017689686,0.41,0.115,5.41416120110671e-77,"IRF2BPL",0.295,1.48451017689686,"Malignant_enriched",3,3,0,0.294964028776978,0.400904053183197,0.473537604456825,"Consistent_3_of_3","Standard_candidate",0.74225508844843,0.41,0.295,1,1,0.676563772112108,0.676563772112108,143
2.08434953531988e-60,1.07204960438736,0.66,0.359,7.63413860806259e-56,"PHF14",0.301,1.07204960438736,"Malignant_enriched",3,3,3,0.629496402877698,0.657645260422654,0.690807799442897,"Consistent_3_of_3","Standard_candidate",0.53602480219368,0.66,0.301,1,1,0.67620620054842,0.67620620054842,144
6.06687253415066e-66,0.830029736639687,0.871,0.631,2.22205273435802e-61,"ATP5MC1",0.24,0.830029736639687,"Malignant_enriched",3,3,3,0.807799442896936,0.879616096010452,0.97841726618705,"Consistent_3_of_3","Standard_candidate",0.415014868319844,0.871,0.24,1,1,0.675953717079961,0.675953717079961,145
8.53240626069649e-72,1.60217800162711,0.366,0.105,3.1250791170427e-67,"TCTA",0.261,1.60217800162711,"Malignant_enriched",3,3,0,0.284122562674095,0.360515926798218,0.473684210526316,"Consistent_3_of_3","Standard_candidate",0.801089000813555,0.366,0.261,1,1,0.675672250203389,0.675672250203389,146
6.5517272779662e-70,1.07498747410781,0.637,0.318,2.3996356328279e-65,"LASP1",0.319,1.07498747410781,"Malignant_enriched",3,3,3,0.575539568345324,0.632488168679248,0.682451253481894,"Consistent_3_of_3","Standard_candidate",0.537493737053905,0.637,0.319,1,1,0.675573434263476,0.675573434263476,147
3.89911456598747e-58,0.894860736266229,0.826,0.585,1.42808970093857e-53,"MIEN1",0.241,0.894860736266229,"Malignant_enriched",3,3,3,0.633093525179856,0.809701946696564,0.91578947368421,"Consistent_3_of_3","Standard_candidate",0.447430368133114,0.826,0.241,1,1,0.675257592033279,0.675257592033279,148
2.73413541980125e-56,1.30575374509357,0.553,0.296,1.00140443885641e-51,"TXNIP",0.257,1.30575374509357,"Malignant_enriched",3,3,2,0.265789473684211,0.565604300022817,0.779944289693593,"Consistent_3_of_3","Standard_candidate",0.652876872546785,0.553,0.257,1,1,0.675219218136696,0.675219218136696,149
1.44268355860572e-71,0.822485215568076,0.785,0.459,5.28397280174931e-67,"NDUFA12",0.326,0.822485215568076,"Malignant_enriched",3,3,3,0.690647482014389,0.776931851381525,0.821727019498607,"Consistent_3_of_3","Standard_candidate",0.411242607784038,0.785,0.326,1,1,0.67501065194601,0.67501065194601,150
2.33559187323116e-66,1.47972234553536,0.426,0.153,8.55433879489644e-62,"STRBP",0.273,1.47972234553536,"Malignant_enriched",3,3,1,0.302158273381295,0.416711703207438,0.534818941504178,"Consistent_3_of_3","Standard_candidate",0.73986117276768,0.426,0.273,1,1,0.67476529319192,0.67476529319192,151
4.48691735624569e-70,1.24646816799124,0.538,0.235,1.64337835089855e-65,"PNPLA4",0.303,1.24646816799124,"Malignant_enriched",3,3,1,0.316546762589928,0.517075476109363,0.75,"Consistent_3_of_3","Standard_candidate",0.62323408399562,0.538,0.303,1,1,0.674008520998905,0.674008520998905,152
1.41156259823271e-104,2.02250841108622,0.389,0.078,5.16998917228713e-100,"TRH",0.311,2.02250841108622,"Malignant_enriched",3,2,1,0.0167130919220056,0.43714997800909,1,"Consistent_2_of_3","Standard_candidate",1,0.389,0.311,1,0.67,0.674,0.674,153
7.88287805847993e-70,1.02345069779216,0.655,0.33,2.88718291769886e-65,"TCEAL1",0.325,1.02345069779216,"Malignant_enriched",3,3,3,0.62116991643454,0.652942035757115,0.697368421052632,"Consistent_3_of_3","Standard_candidate",0.51172534889608,0.655,0.325,1,1,0.67393133722402,0.67393133722402,154
2.38208064480366e-79,2.0793499829434,0.416,0.134,8.7246085696579e-75,"MAFB",0.282,2.0793499829434,"Malignant_enriched",3,2,1,0.118705035971223,0.394193766816191,0.67966573816156,"Consistent_2_of_3","Standard_candidate",1,0.416,0.282,1,0.67,0.6736,0.6736,155
2.28350967341689e-79,1.4015123397886,0.443,0.144,8.3635825298567e-75,"SPATA20",0.299,1.4015123397886,"Malignant_enriched",3,3,1,0.307894736842105,0.462530846163122,0.661870503597122,"Consistent_3_of_3","Standard_candidate",0.7007561698943,0.443,0.299,1,1,0.673589042473575,0.673589042473575,156
4.42790256514023e-60,0.735045631408079,0.926,0.694,1.62176359350826e-55,"NDUFA1",0.232,0.735045631408079,"Malignant_enriched",3,3,3,0.902631578947368,0.926038345397571,0.958217270194986,"Consistent_3_of_3","Standard_candidate",0.367522815704039,0.926,0.232,1,1,0.67348070392601,0.67348070392601,157
1.59709508210382e-100,2.28051257611067,0.393,0.089,5.84952044771344e-96,"NFIX",0.304,2.28051257611067,"Malignant_enriched",3,2,1,0.0719424460431655,0.363933412718586,0.660526315789474,"Consistent_2_of_3","Standard_candidate",1,0.393,0.304,1,0.67,0.6734,0.6734,158
6.34677792091973e-61,1.02662403088449,0.69,0.407,2.32457088131606e-56,"UGCG",0.283,1.02662403088449,"Malignant_enriched",3,3,2,0.435251798561151,0.670383253578928,0.84958217270195,"Consistent_3_of_3","Standard_candidate",0.513312015442245,0.69,0.283,1,1,0.672928003860561,0.672928003860561,159
2.40483382576855e-59,0.791639087246923,0.811,0.504,8.8079443702599e-55,"CERS2",0.307,0.791639087246923,"Malignant_enriched",3,3,3,0.731578947368421,0.813975144470262,0.883008356545961,"Consistent_3_of_3","Standard_candidate",0.395819543623462,0.811,0.307,1,1,0.672554885905865,0.672554885905865,160
2.1786438589387e-66,0.794072963541858,0.84,0.564,7.9795009977489e-62,"BANF1",0.276,0.794072963541858,"Malignant_enriched",3,3,3,0.766187050359712,0.832146404266412,0.944736842105263,"Consistent_3_of_3","Standard_candidate",0.397036481770929,0.84,0.276,1,1,0.672459120442732,0.672459120442732,161
6.79444872600755e-93,1.76366370378781,0.51,0.18,2.48853479038753e-88,"KCNC2",0.33,1.76366370378781,"Malignant_enriched",3,2,2,0.00263157894736842,0.535138363433282,0.894150417827298,"Consistent_2_of_3","Standard_candidate",0.881831851893905,0.51,0.33,1,0.67,0.672457962973476,0.672457962973476,162
4.74394362671189e-60,0.90451701672477,0.744,0.444,1.7375167927195e-55,"NDUFA8",0.3,0.90451701672477,"Malignant_enriched",3,3,3,0.643884892086331,0.736628981523768,0.813370473537604,"Consistent_3_of_3","Standard_candidate",0.452258508362385,0.744,0.3,1,1,0.671864627090596,0.671864627090596,163
2.72983829373036e-69,0.891339976677975,0.732,0.412,9.9983057346168e-65,"MRPL23",0.32,0.891339976677975,"Malignant_enriched",3,3,3,0.651079136690647,0.724535053089327,0.781578947368421,"Consistent_3_of_3","Standard_candidate",0.445669988338988,0.732,0.32,1,1,0.671817497084747,0.671817497084747,164
3.20148700110458e-64,1.43204593353716,0.44,0.168,1.17257662902456e-59,"EML2",0.272,1.43204593353716,"Malignant_enriched",3,3,1,0.309352517985612,0.430611030893801,0.587743732590529,"Consistent_3_of_3","Standard_candidate",0.71602296676858,0.44,0.272,1,1,0.671405741692145,0.671405741692145,165
1.08636196729854e-64,0.660218922378154,0.908,0.624,3.97890934142764e-60,"IDH2",0.284,0.660218922378154,"Malignant_enriched",3,3,3,0.838129496402878,0.901316097100329,0.960526315789474,"Consistent_3_of_3","Standard_candidate",0.330109461189077,0.908,0.284,1,1,0.670927365297269,0.670927365297269,166
9.4833733164549e-67,0.907384632428568,0.727,0.417,3.47338031088477e-62,"COMT",0.31,0.907384632428568,"Malignant_enriched",3,3,3,0.571052631578947,0.738876958834633,0.848920863309353,"Consistent_3_of_3","Standard_candidate",0.453692316214284,0.727,0.31,1,1,0.670823079053571,0.670823079053571,167
5.1697186568177e-91,2.34000339106903,0.394,0.104,1.89346115524605e-86,"IDH3A",0.29,2.34000339106903,"Malignant_enriched",3,2,1,0.189473684210526,0.398394997533713,0.610027855153203,"Consistent_2_of_3","Standard_candidate",1,0.394,0.29,1,0.67,0.6708,0.6708,168
5.3062615777973e-54,0.740129611860846,0.892,0.646,1.94347136548404e-49,"PHPT1",0.246,0.740129611860846,"Malignant_enriched",3,3,3,0.848920863309353,0.889170170973616,0.955431754874652,"Consistent_3_of_3","Standard_candidate",0.370064805930423,0.892,0.246,1,1,0.670116201482606,0.670116201482606,169
1.07920290727241e-70,0.723295108579735,0.96,0.777,3.95268856817592e-66,"NDUFB4",0.183,0.723295108579735,"Malignant_enriched",3,3,3,0.944736842105263,0.959491881644955,0.98050139275766,"Consistent_3_of_3","Standard_candidate",0.361647554289868,0.96,0.183,1,1,0.669011888572467,0.669011888572467,170
1.25827296557722e-57,1.15717973674694,0.589,0.307,4.60855056372313e-53,"BPTF",0.282,1.15717973674694,"Malignant_enriched",3,3,2,0.342618384401114,0.609637151735876,0.870503597122302,"Consistent_3_of_3","Standard_candidate",0.57858986837347,0.589,0.282,1,1,0.668847467093368,0.668847467093368,171
6.43324159652425e-74,0.70448108533647,0.942,0.732,2.35623906714297e-69,"C1orf43",0.21,0.70448108533647,"Malignant_enriched",3,3,3,0.899280575539568,0.93820763357061,0.971052631578947,"Consistent_3_of_3","Standard_candidate",0.352240542668235,0.942,0.21,1,1,0.668460135667059,0.668460135667059,172
2.32473612690602e-77,0.682347355545644,0.912,0.66,8.51457853840597e-73,"TOMM6",0.252,0.682347355545644,"Malignant_enriched",3,3,3,0.874651810584958,0.911019239146141,0.944736842105263,"Consistent_3_of_3","Standard_candidate",0.341173677772822,0.912,0.252,1,1,0.668093419443206,0.668093419443206,173
1.26693304739717e-67,0.855067520317116,0.762,0.468,4.64026897939689e-63,"RTN3",0.294,0.855067520317116,"Malignant_enriched",3,3,3,0.64066852367688,0.759536232617776,0.878947368421053,"Consistent_3_of_3","Standard_candidate",0.427533760158558,0.762,0.294,1,1,0.66808344003964,0.66808344003964,174
8.9687598901569e-55,0.713177790542229,0.949,0.757,3.28489799736887e-50,"ATP5ME",0.192,0.713177790542229,"Malignant_enriched",3,3,3,0.886842105263158,0.952842013150951,0.986072423398329,"Consistent_3_of_3","Standard_candidate",0.356588895271114,0.949,0.192,1,1,0.667347223817779,0.667347223817779,175
8.13370496995302e-92,0.72534130134918,0.731,0.329,2.97905078229499e-87,"H2BC21",0.402,0.72534130134918,"Malignant_enriched",3,3,3,0.568345323741007,0.716050112556195,0.85,"Consistent_3_of_3","Standard_candidate",0.36267065067459,0.731,0.402,1,1,0.667267662668648,0.667267662668648,176
2.53475172333435e-68,1.08706491293915,0.58,0.254,9.28378166188439e-64,"VAV3",0.326,1.08706491293915,"Malignant_enriched",3,3,2,0.464028776978417,0.57127450949371,0.662952646239554,"Consistent_3_of_3","Standard_candidate",0.543532456469575,0.58,0.326,1,1,0.667083114117394,0.667083114117394,177
1.40507710766761e-74,0.751617797083834,0.947,0.779,5.1462354145434e-70,"DYNLL1",0.168,0.751617797083834,"Malignant_enriched",3,3,3,0.89568345323741,0.942220438573639,0.989473684210526,"Consistent_3_of_3","Standard_candidate",0.375808898541917,0.947,0.168,1,1,0.666952224635479,0.666952224635479,178
1.19111991111093e-93,1.46060794870201,0.653,0.307,4.36259578643489e-89,"S100P",0.346,1.46060794870201,"Malignant_enriched",3,2,2,0.0696378830083565,0.672890779884522,0.996402877697842,"Consistent_2_of_3","Standard_candidate",0.730303974351005,0.653,0.346,1,0.67,0.666375993587751,0.666375993587751,179
1.3365492893575e-61,0.743185094429304,0.827,0.538,4.89524542720079e-57,"CANX",0.289,0.743185094429304,"Malignant_enriched",3,3,3,0.796657381615599,0.82384477405614,0.876315789473684,"Consistent_3_of_3","Standard_candidate",0.371592547214652,0.827,0.289,1,1,0.666098136803663,0.666098136803663,180
2.42215753036978e-60,0.925590464646581,0.712,0.424,8.87139417073237e-56,"SEC11C",0.288,0.925590464646581,"Malignant_enriched",3,3,3,0.636690647482014,0.705960362922095,0.754874651810585,"Consistent_3_of_3","Standard_candidate",0.462795232323291,0.712,0.288,1,1,0.665698808080823,0.665698808080823,181
6.7092845833465e-68,0.663715074884758,0.91,0.658,2.45734257149649e-63,"COX17",0.252,0.663715074884758,"Malignant_enriched",3,3,3,0.880222841225627,0.914195194203822,0.967625899280576,"Consistent_3_of_3","Standard_candidate",0.331857537442379,0.91,0.252,1,1,0.665364384360595,0.665364384360595,182
1.43935681273541e-71,0.7385473813609,0.828,0.541,5.27178826232471e-67,"TMEM14B",0.287,0.7385473813609,"Malignant_enriched",3,3,3,0.715877437325905,0.830636414486648,0.894736842105263,"Consistent_3_of_3","Standard_candidate",0.36927369068045,0.828,0.287,1,1,0.665318422670113,0.665318422670113,183
4.94055776044029e-76,0.692548930106864,0.954,0.765,1.80952868533886e-71,"VAMP8",0.189,0.692548930106864,"Malignant_enriched",3,3,3,0.923684210526316,0.955684026301902,0.972144846796657,"Consistent_3_of_3","Standard_candidate",0.346274465053432,0.954,0.189,1,1,0.665168616263358,0.665168616263358,184
9.74671610909597e-66,0.881433575441203,0.717,0.41,3.56983224211749e-61,"MCRIP2",0.307,0.881433575441203,"Malignant_enriched",3,3,3,0.561151079136691,0.703177027356271,0.815789473684211,"Consistent_3_of_3","Standard_candidate",0.440716787720602,0.717,0.307,1,1,0.66497919693015,0.66497919693015,185
9.04072918280542e-69,1.32863028120061,0.455,0.167,3.31125747049431e-64,"COX11",0.288,1.32863028120061,"Malignant_enriched",3,3,1,0.423684210526316,0.459511604907542,0.503597122302158,"Consistent_3_of_3","Standard_candidate",0.664315140600305,0.455,0.288,1,1,0.664678785150076,0.664678785150076,186
1.52888072488593e-68,0.72417379351656,0.912,0.71,5.59967854296722e-64,"TMED2",0.202,0.72417379351656,"Malignant_enriched",3,3,3,0.827338129496403,0.905249639901039,0.955263157894737,"Consistent_3_of_3","Standard_candidate",0.36208689675828,0.912,0.202,1,1,0.66332172418957,0.66332172418957,187
6.34022498603921e-49,0.690386502846857,0.877,0.619,2.32217080338672e-44,"SSR3",0.258,0.690386502846857,"Malignant_enriched",3,3,3,0.85,0.877122368957202,0.910863509749304,"Consistent_3_of_3","Standard_candidate",0.345193251423428,0.877,0.258,1,1,0.663298312855857,0.663298312855857,188
7.46223227552934e-60,0.91756549829229,0.689,0.385,2.73311719323538e-55,"PRXL2A",0.304,0.91756549829229,"Malignant_enriched",3,3,3,0.602631578947368,0.695403020788178,0.748201438848921,"Consistent_3_of_3","Standard_candidate",0.458782749146145,0.689,0.304,1,1,0.663295687286536,0.663295687286536,189
1.60484432619704e-45,1.2047976876917,0.57,0.328,5.87790282912927e-41,"RHBDD2",0.242,1.2047976876917,"Malignant_enriched",3,3,1,0.406474820143885,0.559713372829079,0.79108635097493,"Consistent_3_of_3","Standard_candidate",0.60239884384585,0.57,0.242,1,1,0.662999710961462,0.662999710961462,190
1.27323006018198e-53,0.623598872526695,0.94,0.705,4.66333241842253e-49,"MRFAP1",0.235,0.623598872526695,"Malignant_enriched",3,3,3,0.924460431654676,0.939065366970461,0.963788300835655,"Consistent_3_of_3","Standard_candidate",0.311799436263347,0.94,0.235,1,1,0.662949859065837,0.662949859065837,191
1.8006211146458e-64,0.651486187945216,0.868,0.58,6.59495489450171e-60,"NDUFA7",0.288,0.651486187945216,"Malignant_enriched",3,3,3,0.839473684210526,0.872488035081391,0.91726618705036,"Consistent_3_of_3","Standard_candidate",0.325743093972608,0.868,0.288,1,1,0.662635773493152,0.662635773493152,192
1.925038162981e-67,0.900578054393485,0.663,0.326,7.05064477573419e-63,"MRPL40",0.337,0.900578054393485,"Malignant_enriched",3,3,3,0.543165467625899,0.652398556158738,0.731578947368421,"Consistent_3_of_3","Standard_candidate",0.450289027196743,0.663,0.337,1,1,0.662572256799186,0.662572256799186,193
9.20451268900979e-64,0.640511997166507,0.889,0.616,3.37124481747673e-59,"NDUFS6",0.273,0.640511997166507,"Malignant_enriched",3,3,3,0.866295264623955,0.887149538542454,0.921052631578947,"Consistent_3_of_3","Standard_candidate",0.320255998583253,0.889,0.273,1,1,0.662463999645813,0.662463999645813,194
1.07496248847823e-59,0.632439345243016,0.889,0.618,3.93715761030036e-55,"SCAND1",0.271,0.632439345243016,"Malignant_enriched",3,3,3,0.844011142061281,0.888670128257459,0.926315789473684,"Consistent_3_of_3","Standard_candidate",0.316219672621508,0.889,0.271,1,1,0.661054918155377,0.661054918155377,195
3.18668632446158e-61,0.710912392176193,0.882,0.654,1.1671557331973e-56,"ARL6IP4",0.228,0.710912392176193,"Malignant_enriched",3,3,3,0.798561151079137,0.874199072057411,0.960526315789474,"Consistent_3_of_3","Standard_candidate",0.355456196088096,0.882,0.228,1,1,0.660864049022024,0.660864049022024,196
1.73463235931888e-70,0.624145191370041,0.945,0.727,6.35326447924131e-66,"PRDX5",0.218,0.624145191370041,"Malignant_enriched",3,3,3,0.910071942446043,0.941753443748446,0.973684210526316,"Consistent_3_of_3","Standard_candidate",0.31207259568502,0.945,0.218,1,1,0.660618148921255,0.660618148921255,197
4.74571932349296e-70,0.85136245485373,0.678,0.336,1.73816715942253e-65,"TMEM14A",0.342,0.85136245485373,"Malignant_enriched",3,3,3,0.568345323741007,0.667301151015854,0.826315789473684,"Consistent_3_of_3","Standard_candidate",0.425681227426865,0.678,0.342,1,1,0.660420306856716,0.660420306856716,198
4.6544460986015e-62,0.660363113020736,0.881,0.623,1.70473742807379e-57,"NAXE",0.258,0.660363113020736,"Malignant_enriched",3,3,3,0.816546762589928,0.875392927118502,0.921052631578947,"Consistent_3_of_3","Standard_candidate",0.330181556510368,0.881,0.258,1,1,0.660345389127592,0.660345389127592,199
1.53404961649009e-66,1.22580722011411,0.492,0.199,5.6186101253566e-62,"USF2",0.293,1.22580722011411,"Malignant_enriched",3,3,1,0.413669064748201,0.484229423381102,0.571052631578947,"Consistent_3_of_3","Standard_candidate",0.612903610057055,0.492,0.293,1,1,0.660225902514264,0.660225902514264,200
4.04456897768515e-65,0.866104945023785,0.685,0.362,1.48136383376696e-60,"NDUFS3",0.323,0.866104945023785,"Malignant_enriched",3,3,3,0.550359712230216,0.674962302552035,0.777158774373259,"Consistent_3_of_3","Standard_candidate",0.433052472511892,0.685,0.323,1,1,0.659863118127973,0.659863118127973,201
1.27396909640925e-65,2.16187545781545,0.382,0.135,4.66603921250851e-61,"APTR",0.247,2.16187545781545,"Malignant_enriched",3,2,1,0.122302158273381,0.364326981458375,0.707520891364902,"Consistent_2_of_3","Standard_candidate",1,0.382,0.247,1,0.67,0.6598,0.6598,202
1.80466761220842e-67,0.671492985033344,0.929,0.729,6.60977559647456e-63,"ANAPC11",0.2,0.671492985033344,"Malignant_enriched",3,3,3,0.88857938718663,0.930605599086191,0.953237410071942,"Consistent_3_of_3","Standard_candidate",0.335746492516672,0.929,0.2,1,1,0.659736623129168,0.659736623129168,203
6.66271686086464e-62,0.70240856874392,0.858,0.608,2.44028667746028e-57,"SMDT1",0.25,0.70240856874392,"Malignant_enriched",3,3,3,0.793871866295265,0.861519070918313,0.906474820143885,"Consistent_3_of_3","Standard_candidate",0.35120428437196,0.858,0.25,1,1,0.65940107109299,0.65940107109299,204
2.17987918704351e-40,1.45921137007458,0.426,0.219,7.98402551046555e-36,"CAMK2N1",0.207,1.45921137007458,"Malignant_enriched",3,3,1,0.255263157894737,0.420872573309187,0.690807799442897,"Consistent_3_of_3","Standard_candidate",0.72960568503729,0.426,0.207,1,1,0.659001421259322,0.659001421259322,205
2.80849307708715e-55,2.65992258247897,0.397,0.17,1.02863867441394e-50,"PTGER3",0.227,2.65992258247897,"Malignant_enriched",3,2,1,0.00359712230215827,0.36892127113439,0.771587743732591,"Consistent_2_of_3","Standard_candidate",1,0.397,0.227,1,0.67,0.6588,0.6588,206
2.68626461517124e-52,0.580953946867604,0.877,0.574,9.83871277952617e-48,"ERP29",0.303,0.580953946867604,"Malignant_enriched",3,3,3,0.834532374100719,0.873698642610615,0.899721448467967,"Consistent_3_of_3","Standard_candidate",0.290476973433802,0.877,0.303,1,1,0.658619243358451,0.658619243358451,207
1.20910332589596e-52,0.626334354990783,0.901,0.651,4.42846184142655e-48,"CALR",0.25,0.626334354990783,"Malignant_enriched",3,3,3,0.838440111420613,0.897806428658569,0.973684210526316,"Consistent_3_of_3","Standard_candidate",0.313167177495392,0.901,0.25,1,1,0.658491794373848,0.658491794373848,208
1.05985683468287e-62,1.10891543839715,0.554,0.259,3.88183164270949e-58,"MRPS18A",0.295,1.10891543839715,"Malignant_enriched",3,3,2,0.482014388489209,0.547557549913742,0.586842105263158,"Consistent_3_of_3","Standard_candidate",0.554457719198575,0.554,0.295,1,1,0.658414429799644,0.658414429799644,209
1.29550748081409e-52,1.18344641735529,0.542,0.282,4.74492569922967e-48,"THSD4",0.26,1.18344641735529,"Malignant_enriched",3,3,2,0.323119777158774,0.568138247062517,0.881294964028777,"Consistent_3_of_3","Standard_candidate",0.591723208677645,0.542,0.26,1,1,0.658330802169411,0.658330802169411,210
1.76944430515391e-60,1.26639113975211,0.472,0.194,6.48076671205673e-56,"NUDT4",0.278,1.26639113975211,"Malignant_enriched",3,3,1,0.370503597122302,0.462105020572312,0.586842105263158,"Consistent_3_of_3","Standard_candidate",0.633195569876055,0.472,0.278,1,1,0.658298892469014,0.658298892469014,211
2.87560579088024e-60,0.99804930115749,0.621,0.327,1.0532193769678e-55,"NDUFV1",0.294,0.99804930115749,"Malignant_enriched",3,3,2,0.345323741007194,0.597444325729857,0.786842105263158,"Consistent_3_of_3","Standard_candidate",0.499024650578745,0.621,0.294,1,1,0.657756162644686,0.657756162644686,212
2.32928841565614e-61,0.783232847552155,0.743,0.437,8.53125175118217e-57,"PIGT",0.306,0.783232847552155,"Malignant_enriched",3,3,3,0.662952646239554,0.739417889526526,0.839473684210526,"Consistent_3_of_3","Standard_candidate",0.391616423776078,0.743,0.306,1,1,0.657704105944019,0.657704105944019,213
3.13330387775912e-67,0.63146672692883,0.942,0.741,1.14760387826806e-62,"SELENOW",0.201,0.63146672692883,"Malignant_enriched",3,3,3,0.894150417827298,0.944042818816344,0.974820143884892,"Consistent_3_of_3","Standard_candidate",0.315733363464415,0.942,0.201,1,1,0.657533340866104,0.657533340866104,214
1.46750645036243e-62,0.859695635370527,0.685,0.37,5.37488912509745e-58,"NORAD",0.315,0.859695635370527,"Malignant_enriched",3,3,3,0.554317548746518,0.694030373121236,0.809352517985611,"Consistent_3_of_3","Standard_candidate",0.429847817685263,0.685,0.315,1,1,0.657461954421316,0.657461954421316,215
6.44916396831865e-42,0.926683682037479,0.74,0.522,2.36207079503639e-37,"ATP5PB",0.218,0.926683682037479,"Malignant_enriched",3,3,2,0.413669064748201,0.714625748455626,0.927576601671309,"Consistent_3_of_3","Standard_candidate",0.463341841018739,0.74,0.218,1,1,0.657435460254685,0.657435460254685,216
1.35339547923972e-57,1.03289554119614,0.6,0.309,4.9569462822634e-53,"MARCHF6",0.291,1.03289554119614,"Malignant_enriched",3,3,2,0.467625899280576,0.589242841176406,0.668523676880223,"Consistent_3_of_3","Standard_candidate",0.51644777059807,0.6,0.291,1,1,0.657311942649518,0.657311942649518,217
1.02358840248145e-53,1.44553661697944,0.395,0.157,3.74899488292856e-49,"ZBTB20",0.238,1.44553661697944,"Malignant_enriched",3,3,1,0.259052924791086,0.424026097989809,0.744604316546763,"Consistent_3_of_3","Standard_candidate",0.72276830848972,0.395,0.238,1,1,0.65729207712243,0.65729207712243,218
1.1541919438967e-61,1.37346951719622,0.416,0.155,4.22734341371606e-57,"NECAB3",0.261,1.37346951719622,"Malignant_enriched",3,3,1,0.316546762589928,0.408765355403699,0.50974930362117,"Consistent_3_of_3","Standard_candidate",0.68673475859811,0.416,0.261,1,1,0.657083689649528,0.657083689649528,219
1.42068551099582e-45,0.707624085288372,0.879,0.665,5.20340275257328e-41,"SARAF",0.214,0.707624085288372,"Malignant_enriched",3,3,3,0.768802228412256,0.879156466646065,0.965789473684211,"Consistent_3_of_3","Standard_candidate",0.353812042644186,0.879,0.214,1,1,0.657053010661047,0.657053010661047,220
1.64784222785631e-69,0.579733482037749,0.959,0.749,6.0353869437465e-65,"TRMT112",0.21,0.579733482037749,"Malignant_enriched",3,3,3,0.935933147632312,0.957471846888418,0.986842105263158,"Consistent_3_of_3","Standard_candidate",0.289866741018874,0.959,0.21,1,1,0.656266685254719,0.656266685254719,221
7.27125412627078e-53,1.20550149277273,0.517,0.258,2.66316953628793e-48,"ECI1",0.259,1.20550149277273,"Malignant_enriched",3,3,1,0.402877697841727,0.509354873526776,0.646239554317549,"Consistent_3_of_3","Standard_candidate",0.602750746386365,0.517,0.259,1,1,0.655887686596591,0.655887686596591,222
4.72209226162084e-52,0.80472142350793,0.731,0.436,1.72951351174125e-47,"COA3",0.295,0.80472142350793,"Malignant_enriched",3,3,3,0.510791366906475,0.713209593591803,0.855153203342618,"Consistent_3_of_3","Standard_candidate",0.402360711753965,0.731,0.295,1,1,0.655790177938491,0.655790177938491,223
3.34306806300265e-54,0.949888183764226,0.636,0.337,1.22443210875535e-49,"TP53TG1",0.299,0.949888183764226,"Malignant_enriched",3,3,2,0.453237410071942,0.62374687846849,0.84958217270195,"Consistent_3_of_3","Standard_candidate",0.474944091882113,0.636,0.299,1,1,0.655736022970528,0.655736022970528,224
1.09442264244656e-65,0.727757864885848,0.855,0.637,4.00843237022478e-61,"APRT",0.218,0.727757864885848,"Malignant_enriched",3,3,3,0.671309192200557,0.861135627489798,0.956834532374101,"Consistent_3_of_3","Standard_candidate",0.363878932442924,0.855,0.218,1,1,0.655569733110731,0.655569733110731,225
9.98988796233483e-45,0.695499255646167,0.92,0.747,3.65889636508476e-40,"NENF",0.173,0.695499255646167,"Malignant_enriched",3,3,3,0.852367688022284,0.92397489133748,0.974820143884892,"Consistent_3_of_3","Standard_candidate",0.347749627823083,0.92,0.173,1,1,0.655537406955771,0.655537406955771,226
1.43074489078733e-53,1.14286785609035,0.545,0.28,5.24024623699767e-49,"ING2",0.265,1.14286785609035,"Malignant_enriched",3,3,2,0.428057553956835,0.535553466038194,0.612813370473538,"Consistent_3_of_3","Standard_candidate",0.571433928045175,0.545,0.265,1,1,0.654858482011294,0.654858482011294,227
1.49141810068006e-62,0.779264628348774,0.739,0.441,5.46246793555081e-58,"ZCRB1",0.298,0.779264628348774,"Malignant_enriched",3,3,3,0.661870503597122,0.732466828179444,0.797368421052632,"Consistent_3_of_3","Standard_candidate",0.389632314174387,0.739,0.298,1,1,0.654808078543597,0.654808078543597,228
1.36045374315669e-92,1.9638362985405,0.346,0.067,4.98279787968569e-88,"HOXB6",0.279,1.9638362985405,"Malignant_enriched",3,2,0,0.0755395683453237,0.322817054961807,0.497368421052632,"Consistent_2_of_3","Standard_candidate",0.98191814927025,0.346,0.279,1,0.67,0.654479537317562,0.654479537317562,229
6.70700306470996e-69,0.972663400087876,0.595,0.277,2.45650694248067e-64,"MED13L",0.318,0.972663400087876,"Malignant_enriched",3,3,2,0.353760445682451,0.596760234386893,0.771052631578947,"Consistent_3_of_3","Standard_candidate",0.486331700043938,0.595,0.318,1,1,0.654182925010985,0.654182925010985,230
6.76170533838422e-57,0.770062942086385,0.755,0.471,2.4765421972366e-52,"NDUFAF8",0.284,0.770062942086385,"Malignant_enriched",3,3,3,0.68705035971223,0.748036480652745,0.857894736842105,"Consistent_3_of_3","Standard_candidate",0.385031471043193,0.755,0.284,1,1,0.654057867760798,0.654057867760798,231
1.48541515638222e-54,0.93707160805912,0.653,0.372,5.44048155176552e-50,"TMEM9B",0.281,0.93707160805912,"Malignant_enriched",3,3,2,0.352517985611511,0.628364618084158,0.779944289693593,"Consistent_3_of_3","Standard_candidate",0.46853580402956,0.653,0.281,1,1,0.65393395100739,0.65393395100739,232
2.1830370539329e-46,0.916956915371953,0.681,0.416,7.99559151373466e-42,"DHRS7",0.265,0.916956915371953,"Malignant_enriched",3,3,3,0.561151079136691,0.674368934701235,0.883008356545961,"Consistent_3_of_3","Standard_candidate",0.458478457685977,0.681,0.265,1,1,0.653819614421494,0.653819614421494,233
2.23740710055385e-56,0.615910931219153,0.865,0.596,8.19472724648855e-52,"MRPS24",0.269,0.615910931219153,"Malignant_enriched",3,3,3,0.802158273381295,0.85945470276762,0.921052631578947,"Consistent_3_of_3","Standard_candidate",0.307955465609576,0.865,0.269,1,1,0.653788866402394,0.653788866402394,234
3.91258307195549e-60,1.0020418512546,0.599,0.308,1.43302267593442e-55,"SHARPIN",0.291,1.0020418512546,"Malignant_enriched",3,3,2,0.406474820143885,0.581560120617771,0.742105263157895,"Consistent_3_of_3","Standard_candidate",0.5010209256273,0.599,0.291,1,1,0.653255231406825,0.653255231406825,235
6.39359642080255e-55,0.664156110610981,0.804,0.507,2.34171862508314e-50,"H2AC6",0.297,0.664156110610981,"Malignant_enriched",3,3,3,0.647482014388489,0.790305664865557,0.918421052631579,"Consistent_3_of_3","Standard_candidate",0.332078055305491,0.804,0.297,1,1,0.653219513826373,0.653219513826373,236
5.47915127126087e-60,1.33292468109739,0.418,0.155,2.00679394461201e-55,"IDH1",0.263,1.33292468109739,"Malignant_enriched",3,3,0,0.370503597122302,0.415142209645273,0.498607242339833,"Consistent_3_of_3","Standard_candidate",0.666462340548695,0.418,0.263,1,1,0.652815585137174,0.652815585137174,237
1.78900373708186e-63,0.852919486116977,0.653,0.326,6.55240508743602e-59,"ISOC2",0.327,0.852919486116977,"Malignant_enriched",3,3,3,0.526462395543176,0.646868255285817,0.802631578947368,"Consistent_3_of_3","Standard_candidate",0.426459743058488,0.653,0.327,1,1,0.652614935764622,0.652614935764622,238
6.46577431448989e-93,1.58853090854773,0.513,0.178,2.36815450042507e-88,"DNAJA4",0.335,1.58853090854773,"Malignant_enriched",3,2,2,0.203342618384401,0.535665512451496,0.827338129496403,"Consistent_2_of_3","Standard_candidate",0.794265454273865,0.513,0.335,1,0.67,0.652166363568466,0.652166363568466,239
3.74400962832975e-48,0.981447651827864,0.655,0.413,1.37128096647206e-43,"SIAH2",0.242,0.981447651827864,"Malignant_enriched",3,3,2,0.348920863309353,0.628976162274989,0.802631578947368,"Consistent_3_of_3","Standard_candidate",0.490723825913932,0.655,0.242,1,1,0.652080956478483,0.652080956478483,240
6.34535589669716e-53,0.740293229837035,0.744,0.441,2.3240500507243e-48,"CALM3",0.303,0.740293229837035,"Malignant_enriched",3,3,3,0.607242339832869,0.750211664710161,0.838129496402878,"Consistent_3_of_3","Standard_candidate",0.370146614918518,0.744,0.303,1,1,0.651936653729629,0.651936653729629,241
8.15665446205004e-59,1.47681054743407,0.352,0.118,2.98745626327045e-54,"SAC3D1",0.234,1.47681054743407,"Malignant_enriched",3,3,1,0.251798561151079,0.341336460226336,0.513157894736842,"Consistent_3_of_3","Standard_candidate",0.738405273717035,0.352,0.234,1,1,0.651801318429259,0.651801318429259,242
8.4687703882536e-45,0.703009135273006,0.854,0.64,3.10177184240176e-40,"DDT",0.214,0.703009135273006,"Malignant_enriched",3,3,3,0.805263157894737,0.853663165348091,0.924791086350975,"Consistent_3_of_3","Standard_candidate",0.351504567636503,0.854,0.214,1,1,0.651476141909126,0.651476141909126,243
6.77726447782297e-36,0.710411524010644,0.837,0.613,2.48224088764744e-31,"COX7A2L",0.224,0.710411524010644,"Malignant_enriched",3,3,3,0.784210526315789,0.835196285135797,0.919220055710306,"Consistent_3_of_3","Standard_candidate",0.355205762005322,0.837,0.224,1,1,0.65100144050133,0.65100144050133,244
1.30817451897674e-52,0.608841608100312,0.923,0.724,4.79131999320421e-48,"MZT2A",0.199,0.608841608100312,"Malignant_enriched",3,3,3,0.857938718662953,0.928640181243072,0.996402877697842,"Consistent_3_of_3","Standard_candidate",0.304420804050156,0.923,0.199,1,1,0.650505201012539,0.650505201012539,245
1.06851779692797e-52,0.667816205844752,0.824,0.566,3.9135532830284e-48,"MRPS34",0.258,0.667816205844752,"Malignant_enriched",3,3,3,0.697841726618705,0.812868514746918,0.907894736842105,"Consistent_3_of_3","Standard_candidate",0.333908102922376,0.824,0.258,1,1,0.649877025730594,0.649877025730594,246
2.02272348229702e-57,1.50800441626816,0.329,0.102,7.40842702626106e-53,"MTSS1",0.227,1.50800441626816,"Malignant_enriched",3,3,0,0.267409470752089,0.327751913701409,0.392105263157895,"Consistent_3_of_3","Standard_candidate",0.75400220813408,0.329,0.227,1,1,0.64970055203352,0.64970055203352,247
6.57302186035659e-42,0.609835177365444,0.884,0.651,2.4074349865742e-37,"NDUFA6",0.233,0.609835177365444,"Malignant_enriched",3,3,3,0.847368421052632,0.883943752489578,0.930362116991644,"Consistent_3_of_3","Standard_candidate",0.304917588682722,0.884,0.233,1,1,0.649629397170681,0.649629397170681,248
4.95845797406116e-115,3.09674057779831,0.305,0.032,1.81608481757964e-110,"HOXB5",0.273,3.09674057779831,"Malignant_enriched",3,2,0,0.0215827338129496,0.282327411784104,0.459610027855153,"Consistent_2_of_3","Standard_candidate",1,0.305,0.273,1,0.67,0.6496,0.6496,249
4.04870795942247e-61,1.28831784276008,0.426,0.16,1.48287977721808e-56,"TESMIN",0.266,1.28831784276008,"Malignant_enriched",3,3,1,0.328690807799443,0.416776779426774,0.576315789473684,"Consistent_3_of_3","Standard_candidate",0.64415892138004,0.426,0.266,1,1,0.64943973034501,0.64943973034501,250
6.3157483969822e-33,1.11357502192922,0.602,0.403,2.3132060078787e-28,"SDHB",0.199,1.11357502192922,"Malignant_enriched",3,3,2,0.41726618705036,0.58967270986026,0.841225626740947,"Consistent_3_of_3","Standard_candidate",0.55678751096461,0.602,0.199,1,1,0.649396877741153,0.649396877741153,251
9.31146201015949e-58,0.713386771994173,0.75,0.452,3.41041607584102e-53,"YIPF3",0.298,0.713386771994173,"Malignant_enriched",3,3,3,0.649025069637883,0.744336136427319,0.878947368421053,"Consistent_3_of_3","Standard_candidate",0.356693385997086,0.75,0.298,1,1,0.648773346499272,0.648773346499272,252
3.80266953425321e-49,0.907540280319843,0.652,0.379,1.39276574361558e-44,"CISD3",0.273,0.907540280319843,"Malignant_enriched",3,3,2,0.496402877697842,0.636512927174753,0.842105263157895,"Consistent_3_of_3","Standard_candidate",0.453770140159922,0.652,0.273,1,1,0.648442535039981,0.648442535039981,253
6.53707686986553e-65,1.09305663488933,0.511,0.213,2.39426977435695e-60,"COA1",0.298,1.09305663488933,"Malignant_enriched",3,3,1,0.345323741007194,0.496017359986809,0.655263157894737,"Consistent_3_of_3","Standard_candidate",0.546528317444665,0.511,0.298,1,1,0.648432079361166,0.648432079361166,254
1.93538340797593e-62,1.1922024423248,0.466,0.185,7.08853527005263e-58,"SPOP",0.281,1.1922024423248,"Malignant_enriched",3,3,2,0.397368421052632,0.470508817985928,0.507194244604317,"Consistent_3_of_3","Standard_candidate",0.5961012211624,0.466,0.281,1,1,0.6484253052906,0.6484253052906,255
4.01618009666503e-56,0.696043692700439,0.777,0.497,1.47096612220453e-51,"TOB1",0.28,0.696043692700439,"Malignant_enriched",3,3,3,0.554317548746518,0.787195840747135,0.938848920863309,"Consistent_3_of_3","Standard_candidate",0.348021846350219,0.777,0.28,1,1,0.648405461587555,0.648405461587555,256
3.91705884014762e-60,1.12816646417713,0.5,0.215,1.43466197079247e-55,"ZDHHC24",0.285,1.12816646417713,"Malignant_enriched",3,3,1,0.295264623955432,0.494736068643985,0.710526315789474,"Consistent_3_of_3","Standard_candidate",0.564083232088565,0.5,0.285,1,1,0.648020808022141,0.648020808022141,257
5.72309766899696e-44,0.860215410024594,0.695,0.439,2.09614175224683e-39,"DUT",0.256,0.860215410024594,"Malignant_enriched",3,3,2,0.406474820143885,0.672758869579311,0.880222841225627,"Consistent_3_of_3","Standard_candidate",0.430107705012297,0.695,0.256,1,1,0.647726926253074,0.647726926253074,258
7.81890719872374e-52,0.941280248374726,0.64,0.38,2.86375295060456e-47,"CORO1B",0.26,0.941280248374726,"Malignant_enriched",3,3,2,0.445682451253482,0.627217891425021,0.9,"Consistent_3_of_3","Standard_candidate",0.470640124187363,0.64,0.26,1,1,0.647660031046841,0.647660031046841,259
1.21517733101931e-49,0.576277237146016,0.831,0.535,4.45070849259133e-45,"PMVK",0.296,0.576277237146016,"Malignant_enriched",3,3,3,0.79136690647482,0.826709850416105,0.892105263157895,"Consistent_3_of_3","Standard_candidate",0.288138618573008,0.831,0.296,1,1,0.647434654643252,0.647434654643252,260
7.14793087665655e-51,0.726000257856995,0.776,0.519,2.61800116288423e-46,"PPP1CA",0.257,0.726000257856995,"Malignant_enriched",3,3,3,0.671309192200557,0.766266259826034,0.936842105263158,"Consistent_3_of_3","Standard_candidate",0.363000128928497,0.776,0.257,1,1,0.647350032232124,0.647350032232124,261
1.06208309475288e-54,1.11631821359852,0.514,0.24,3.88998554284191e-50,"COMTD1",0.274,1.11631821359852,"Malignant_enriched",3,3,2,0.485611510791367,0.512227245032884,0.543175487465181,"Consistent_3_of_3","Standard_candidate",0.55815910679926,0.514,0.274,1,1,0.647139776699815,0.647139776699815,262
3.4202408565085e-66,0.785906944961308,0.661,0.329,1.2526974161048e-61,"TRAPPC6A",0.332,0.785906944961308,"Malignant_enriched",3,3,3,0.600719424460432,0.654767492266266,0.736842105263158,"Consistent_3_of_3","Standard_candidate",0.392953472480654,0.661,0.332,1,1,0.646838368120163,0.646838368120163,263
3.50157241845599e-84,1.93692936318467,0.34,0.077,1.28248591398369e-79,"ITPK1",0.263,1.93692936318467,"Malignant_enriched",3,2,1,0.223684210526316,0.359645870753917,0.568345323741007,"Consistent_2_of_3","Standard_candidate",0.968464681592335,0.34,0.263,1,0.67,0.646716170398084,0.646716170398084,264
5.53494254314377e-54,0.636572133194911,0.801,0.517,2.02722805585184e-49,"MRPL57",0.284,0.636572133194911,"Malignant_enriched",3,3,3,0.752089136490251,0.802791544802569,0.828947368421053,"Consistent_3_of_3","Standard_candidate",0.318286066597456,0.801,0.284,1,1,0.646571516649364,0.646571516649364,265
3.58650918147546e-43,0.569338079325638,0.921,0.715,1.3135948528072e-38,"C11orf58",0.206,0.569338079325638,"Malignant_enriched",3,3,3,0.87410071942446,0.917687582817487,0.952646239554318,"Consistent_3_of_3","Standard_candidate",0.284669039662819,0.921,0.206,1,1,0.646567259915705,0.646567259915705,266
4.73562500352001e-53,0.800769994295541,0.697,0.412,1.73447001378924e-48,"PTOV1",0.285,0.800769994295541,"Malignant_enriched",3,3,3,0.636690647482014,0.691109168082628,0.773684210526316,"Consistent_3_of_3","Standard_candidate",0.40038499714777,0.697,0.285,1,1,0.646496249286943,0.646496249286943,267
3.373950240819e-70,0.997852183436832,0.536,0.215,1.23574301520237e-65,"CTSH",0.321,0.997852183436832,"Malignant_enriched",3,3,2,0.465181058495822,0.541997119208313,0.618705035971223,"Consistent_3_of_3","Standard_candidate",0.498926091718416,0.536,0.321,1,1,0.646131522929604,0.646131522929604,268
9.47670921938665e-52,0.70002094404657,0.725,0.407,3.47093951869255e-47,"SPDEF",0.318,0.70002094404657,"Malignant_enriched",3,3,3,0.590529247910863,0.720773412057628,0.863157894736842,"Consistent_3_of_3","Standard_candidate",0.350010472023285,0.725,0.318,1,1,0.646102618005821,0.646102618005821,269
1.51321504340325e-42,0.531585055444476,0.845,0.544,5.54230141796875e-38,"TECR",0.301,0.531585055444476,"Malignant_enriched",3,3,3,0.787769784172662,0.840413316612507,0.891364902506964,"Consistent_3_of_3","Standard_candidate",0.265792527722238,0.845,0.301,1,1,0.64564813193056,0.64564813193056,270
6.52852173815202e-54,0.698585559167374,0.766,0.491,2.39113637181556e-49,"DDRGK1",0.275,0.698585559167374,"Malignant_enriched",3,3,3,0.685236768802228,0.767406324170981,0.818421052631579,"Consistent_3_of_3","Standard_candidate",0.349292779583687,0.766,0.275,1,1,0.645523194895922,0.645523194895922,271
3.27243412778871e-60,0.605446214941069,0.778,0.46,1.19856172364389e-55,"TMEM141",0.318,0.605446214941069,"Malignant_enriched",3,3,3,0.732590529247911,0.773011685945189,0.852631578947368,"Consistent_3_of_3","Standard_candidate",0.302723107470534,0.778,0.318,1,1,0.644880776867634,0.644880776867634,272
4.31884645281739e-61,0.956124028193965,0.58,0.284,1.5818207018089e-56,"EIF2AK1",0.296,0.956124028193965,"Malignant_enriched",3,3,3,0.512534818941504,0.579446479467943,0.639473684210526,"Consistent_3_of_3","Standard_candidate",0.478062014096983,0.58,0.296,1,1,0.644715503524246,0.644715503524246,273
2.00479789449806e-83,1.12033703727027,0.451,0.129,7.34277276838859e-79,"SEZ6L2",0.322,1.12033703727027,"Malignant_enriched",3,3,0,0.413157894736842,0.453297476371637,0.479108635097493,"Consistent_3_of_3","Standard_candidate",0.560168518635135,0.451,0.322,1,1,0.644642129658784,0.644642129658784,274
3.92238056156538e-50,0.749742702209136,0.748,0.493,1.43661110447894e-45,"YIF1A",0.255,0.749742702209136,"Malignant_enriched",3,3,3,0.607913669064748,0.734353669388196,0.921052631578947,"Consistent_3_of_3","Standard_candidate",0.374871351104568,0.748,0.255,1,1,0.644317837776142,0.644317837776142,275
5.3140694850017e-57,0.56036801974045,0.833,0.546,1.94633108957672e-52,"CRNDE",0.287,0.56036801974045,"Malignant_enriched",3,3,3,0.727019498607242,0.830721758907198,0.934210526315789,"Consistent_3_of_3","Standard_candidate",0.280184009870225,0.833,0.287,1,1,0.644046002467556,0.644046002467556,276
5.97047617243774e-41,0.666389259152479,0.84,0.628,2.18674660291705e-36,"FOSB",0.212,0.666389259152479,"Malignant_enriched",3,3,3,0.637883008356546,0.841335229719757,0.986842105263158,"Consistent_3_of_3","Standard_candidate",0.33319462957624,0.84,0.212,1,1,0.64369865739406,0.64369865739406,277
2.97537421200495e-68,2.07997361780612,0.315,0.082,1.08976055888893e-63,"PIK3R1",0.233,2.07997361780612,"Malignant_enriched",3,2,1,0.0755395683453237,0.297261173614986,0.532033426183844,"Consistent_2_of_3","Standard_candidate",1,0.315,0.233,1,0.67,0.6436,0.6436,278
5.20402344528009e-45,0.523932334094548,0.857,0.576,1.90602562706828e-40,"PCBD1",0.281,0.523932334094548,"Malignant_enriched",3,3,3,0.816546762589928,0.854186359166588,0.880222841225627,"Consistent_3_of_3","Standard_candidate",0.261966167047274,0.857,0.281,1,1,0.643091541761819,0.643091541761819,279
1.64780509472924e-48,1.53564655842371,0.303,0.102,6.03525093995533e-44,"MTARC2",0.201,1.53564655842371,"Malignant_enriched",3,3,0,0.25,0.303018309586314,0.367688022284123,"Consistent_3_of_3","Standard_candidate",0.767823279211855,0.303,0.201,1,1,0.642755819802964,0.642755819802964,280
8.77149070308486e-56,0.778563071449458,0.684,0.391,3.21264618491186e-51,"ARF3",0.293,0.778563071449458,"Malignant_enriched",3,3,3,0.587743732590529,0.677354688599216,0.818421052631579,"Consistent_3_of_3","Standard_candidate",0.389281535724729,0.684,0.293,1,1,0.642720383931182,0.642720383931182,281
1.72881636693843e-63,0.935943165960568,0.569,0.261,6.3319628255487e-59,"TERF2IP",0.308,0.935943165960568,"Malignant_enriched",3,3,3,0.513157894736842,0.57818876111543,0.672661870503597,"Consistent_3_of_3","Standard_candidate",0.467971582980284,0.569,0.308,1,1,0.642392895745071,0.642392895745071,282
4.37984959439285e-52,0.973177792672262,0.58,0.307,1.60416371244233e-47,"YIPF6",0.273,0.973177792672262,"Malignant_enriched",3,3,3,0.525179856115108,0.574898685361929,0.636842105263158,"Consistent_3_of_3","Standard_candidate",0.486588896336131,0.58,0.273,1,1,0.642247224084033,0.642247224084033,283
3.09322561527694e-52,0.65927585079776,0.764,0.48,1.13292481385133e-47,"SUPT4H1",0.284,0.65927585079776,"Malignant_enriched",3,3,3,0.601671309192201,0.773124312454449,0.899280575539568,"Consistent_3_of_3","Standard_candidate",0.32963792539888,0.764,0.284,1,1,0.64200948134972,0.64200948134972,284
4.08265884713472e-58,1.12833288869714,0.478,0.203,1.49531462935156e-53,"ABHD12",0.275,1.12833288869714,"Malignant_enriched",3,3,2,0.287769784172662,0.461607667391962,0.578947368421053,"Consistent_3_of_3","Standard_candidate",0.56416644434857,0.478,0.275,1,1,0.641641611087143,0.641641611087143,285
8.49179856065151e-56,0.754420882682773,0.689,0.392,3.11020614082422e-51,"SDF2L1",0.297,0.754420882682773,"Malignant_enriched",3,3,3,0.551532033426184,0.69040718165828,0.789473684210526,"Consistent_3_of_3","Standard_candidate",0.377210441341386,0.689,0.297,1,1,0.641502610335347,0.641502610335347,286
1.69739571461866e-50,0.835725616535616,0.644,0.355,6.21688154436231e-46,"BLVRA",0.289,0.835725616535616,"Malignant_enriched",3,3,2,0.370503597122302,0.622130432291024,0.782729805013928,"Consistent_3_of_3","Standard_candidate",0.417862808267808,0.644,0.289,1,1,0.641065702066952,0.641065702066952,287
1.96648617932983e-58,0.806286180344643,0.627,0.304,7.20245228041342e-54,"GAMT",0.323,0.806286180344643,"Malignant_enriched",3,3,2,0.471223021582734,0.612791977237738,0.771052631578947,"Consistent_3_of_3","Standard_candidate",0.403143090172322,0.627,0.323,1,1,0.64078577254308,0.64078577254308,288
1.86545125731761e-52,0.53828362413429,0.833,0.55,6.83240177505149e-48,"NDUFB1",0.283,0.53828362413429,"Malignant_enriched",3,3,3,0.747368421052632,0.838152418982568,0.885793871866295,"Consistent_3_of_3","Standard_candidate",0.269141812067145,0.833,0.283,1,1,0.640485453016786,0.640485453016786,289
2.07463683775527e-107,2.12030008959823,0.279,0.026,7.59856488196244e-103,"HOXB-AS3",0.253,2.12030008959823,"Malignant_enriched",3,2,0,0,0.255588134682109,0.415789473684211,"Consistent_2_of_3","Standard_candidate",1,0.279,0.253,1,0.67,0.6404,0.6404,290
8.57664683481449e-47,0.542076707035761,0.852,0.594,3.14128266971916e-42,"GADD45GIP1",0.258,0.542076707035761,"Malignant_enriched",3,3,3,0.805013927576602,0.847215926130229,0.923684210526316,"Consistent_3_of_3","Standard_candidate",0.271038353517881,0.852,0.258,1,1,0.63975958837947,0.63975958837947,291
3.18444378765876e-49,2.34038480062992,0.331,0.135,1.1663343816679e-44,"LDOC1",0.196,2.34038480062992,"Malignant_enriched",3,2,1,0,0.332114252887384,0.740947075208914,"Consistent_2_of_3","Standard_candidate",1,0.331,0.196,1,0.67,0.6394,0.6394,292
9.40185020911965e-68,2.13421517216771,0.298,0.073,3.44352165759216e-63,"SEPTIN8",0.225,2.13421517216771,"Malignant_enriched",3,2,0,0.079136690647482,0.281080064844181,0.445682451253482,"Consistent_2_of_3","Standard_candidate",1,0.298,0.225,1,0.67,0.6386,0.6386,293
4.66509292658367e-67,1.33860205371482,0.657,0.38,1.70863693529053e-62,"GSTM3",0.277,1.33860205371482,"Malignant_enriched",3,2,2,0.143884892086331,0.614848206466347,0.86908077994429,"Consistent_2_of_3","Standard_candidate",0.66930102685741,0.657,0.277,1,0.67,0.638125256714352,0.638125256714352,294
1.86796714225902e-55,0.984688740310106,0.545,0.268,6.84161645523789e-51,"COPRS",0.277,0.984688740310106,"Malignant_enriched",3,3,1,0.428057553956835,0.532526050703199,0.721052631578947,"Consistent_3_of_3","Standard_candidate",0.492344370155053,0.545,0.277,1,1,0.637486092538763,0.637486092538763,295
5.09017267502452e-45,0.505459186751491,0.892,0.663,1.86432664395448e-40,"ST13",0.229,0.505459186751491,"Malignant_enriched",3,3,3,0.848920863309353,0.887887367865567,0.928947368421053,"Consistent_3_of_3","Standard_candidate",0.252729593375746,0.892,0.229,1,1,0.637382398343936,0.637382398343936,296
3.01902044436159e-42,0.539576133881018,0.84,0.582,1.10574642795188e-37,"NDUFB8",0.258,0.539576133881018,"Malignant_enriched",3,3,3,0.757894736842105,0.846069920196375,0.902877697841727,"Consistent_3_of_3","Standard_candidate",0.269788066940509,0.84,0.258,1,1,0.637047016735127,0.637047016735127,297
6.42988950104916e-53,0.865979608325122,0.647,0.401,2.35501132865427e-48,"MRPL21",0.246,0.865979608325122,"Malignant_enriched",3,3,2,0.320143884892086,0.617177414790056,0.91578947368421,"Consistent_3_of_3","Standard_candidate",0.432989804162561,0.647,0.246,1,1,0.63684745104064,0.63684745104064,298
5.32332469306055e-68,1.92570693889127,0.324,0.088,1.94972090208036e-63,"GLCE",0.236,1.92570693889127,"Malignant_enriched",3,2,0,0.176258992805755,0.313500590818944,0.495821727019499,"Consistent_2_of_3","Standard_candidate",0.962853469445635,0.324,0.236,1,0.67,0.636713367361409,0.636713367361409,299
1.07391922122812e-55,0.919123005696885,0.573,0.287,3.93333653967012e-51,"FAM120AOS",0.286,0.919123005696885,"Malignant_enriched",3,3,1,0.467966573816156,0.56250785326877,0.744736842105263,"Consistent_3_of_3","Standard_candidate",0.459561502848442,0.573,0.286,1,1,0.636690375712111,0.636690375712111,300
4.3810653205832e-68,1.88825746645175,0.339,0.096,1.6046089843168e-63,"ANXA9",0.243,1.88825746645175,"Malignant_enriched",3,2,0,0.151079136690647,0.32466699855187,0.462395543175487,"Consistent_2_of_3","Standard_candidate",0.944128733225875,0.339,0.243,1,0.67,0.636432183306469,0.636432183306469,301
4.04228874298353e-60,1.07781886044053,0.478,0.199,1.48052867500515e-55,"PTPMT1",0.279,1.07781886044053,"Malignant_enriched",3,3,1,0.381294964028777,0.467974536951585,0.613157894736842,"Consistent_3_of_3","Standard_candidate",0.538909430220265,0.478,0.279,1,1,0.636127357555066,0.636127357555066,302
6.77987148997045e-53,0.979190126922748,0.541,0.264,2.48319573191658e-48,"CLPTM1",0.277,0.979190126922748,"Malignant_enriched",3,3,2,0.320143884892086,0.521106457452422,0.7,"Consistent_3_of_3","Standard_candidate",0.489595063461374,0.541,0.277,1,1,0.635998765865343,0.635998765865343,303
2.14858649913747e-47,0.791245993025689,0.735,0.536,7.86941291174091e-43,"BCAM",0.199,0.791245993025689,"Malignant_enriched",3,3,2,0.345403899721448,0.748202915456815,0.967625899280576,"Consistent_3_of_3","Standard_candidate",0.395622996512844,0.735,0.199,1,1,0.635705749128211,0.635705749128211,304
4.14776309649608e-53,0.776345898937901,0.657,0.371,1.51915971172265e-48,"LAMP2",0.286,0.776345898937901,"Malignant_enriched",3,3,3,0.600719424460432,0.651361344585086,0.721052631578947,"Consistent_3_of_3","Standard_candidate",0.38817294946895,0.657,0.286,1,1,0.635643237367238,0.635643237367238,305
1.46982183076795e-53,1.05889219282954,0.496,0.226,5.3833694373707e-49,"TAF15",0.27,1.05889219282954,"Malignant_enriched",3,3,1,0.426183844011142,0.494371012499486,0.560526315789474,"Consistent_3_of_3","Standard_candidate",0.52944609641477,0.496,0.27,1,1,0.635561524103692,0.635561524103692,306
5.63827876042814e-44,1.27722659000357,0.405,0.182,2.06507597879441e-39,"TJP3",0.223,1.27722659000357,"Malignant_enriched",3,3,0,0.266187050359712,0.393891993867155,0.47075208913649,"Consistent_3_of_3","Standard_candidate",0.638613295001785,0.405,0.223,1,1,0.635253323750446,0.635253323750446,307
1.98944333042156e-41,0.824714686154001,0.657,0.405,7.28653514200202e-37,"TLE5",0.252,0.824714686154001,"Malignant_enriched",3,3,3,0.55,0.66308323814486,0.727019498607242,"Consistent_3_of_3","Standard_candidate",0.412357343077001,0.657,0.252,1,1,0.63488933576925,0.63488933576925,308
4.52593144909712e-46,0.719547874806178,0.719,0.464,1.65766765254631e-41,"TOMM22",0.255,0.719547874806178,"Malignant_enriched",3,3,2,0.453237410071942,0.696353534384045,0.844736842105263,"Consistent_3_of_3","Standard_candidate",0.359773937403089,0.719,0.255,1,1,0.634743484350772,0.634743484350772,309
1.05252798220321e-82,1.80166258857721,0.356,0.085,3.85498898761747e-78,"SERPINA5",0.271,1.80166258857721,"Malignant_enriched",3,2,1,0.0763157894736842,0.395230785024524,0.805755395683453,"Consistent_2_of_3","Standard_candidate",0.900831294288605,0.356,0.271,1,0.67,0.634607823572151,0.634607823572151,310
9.56748630002354e-26,0.600451803444679,0.837,0.628,3.50418753224662e-21,"BTG2",0.209,0.600451803444679,"Malignant_enriched",3,3,3,0.723684210526316,0.849362175704386,0.974820143884892,"Consistent_3_of_3","Standard_candidate",0.300225901722339,0.837,0.209,1,1,0.634256475430585,0.634256475430585,311
2.64830504140471e-53,1.12234365300773,0.462,0.206,9.69968204464891e-49,"CNPY3",0.256,1.12234365300773,"Malignant_enriched",3,3,1,0.405263157894737,0.46258282627673,0.52924791086351,"Consistent_3_of_3","Standard_candidate",0.561171826503865,0.462,0.256,1,1,0.633892956625966,0.633892956625966,312
5.32623472635705e-48,0.560458950374947,0.781,0.493,1.95078673087553e-43,"MRPL24",0.288,0.560458950374947,"Malignant_enriched",3,3,3,0.643884892086331,0.768982497626001,0.855263157894737,"Consistent_3_of_3","Standard_candidate",0.280229475187473,0.781,0.288,1,1,0.633857368796868,0.633857368796868,313
8.13774454597922e-54,0.905654287902327,0.581,0.31,2.98053031741035e-49,"BAG3",0.271,0.905654287902327,"Malignant_enriched",3,3,2,0.345403899721448,0.601383528860829,0.856115107913669,"Consistent_3_of_3","Standard_candidate",0.452827143951164,0.581,0.271,1,1,0.633606785987791,0.633606785987791,314
4.80791114319808e-60,1.11282279985365,0.451,0.181,1.76094553530773e-55,"CDS2",0.27,1.11282279985365,"Malignant_enriched",3,3,1,0.315789473684211,0.468722808001949,0.647482014388489,"Consistent_3_of_3","Standard_candidate",0.556411399926825,0.451,0.27,1,1,0.633302849981706,0.633302849981706,315
7.1313947833499e-52,0.820952971800046,0.627,0.351,2.61194465334973e-47,"ERLEC1",0.276,0.820952971800046,"Malignant_enriched",3,3,2,0.442896935933148,0.637326872119076,0.776978417266187,"Consistent_3_of_3","Standard_candidate",0.410476485900023,0.627,0.276,1,1,0.633219121475006,0.633219121475006,316
2.21097754478046e-47,0.867116485877938,0.597,0.32,8.09792635551292e-43,"DMAC1",0.277,0.867116485877938,"Malignant_enriched",3,3,3,0.523684210526316,0.594512907486648,0.713091922005571,"Consistent_3_of_3","Standard_candidate",0.433558242938969,0.597,0.277,1,1,0.633189560734742,0.633189560734742,317
4.58932630952406e-92,1.73477228689096,0.37,0.079,1.68088665412628e-87,"STC1",0.291,1.73477228689096,"Malignant_enriched",3,2,1,0.0250696378830084,0.414610490174053,0.942446043165468,"Consistent_2_of_3","Standard_candidate",0.86738614344548,0.37,0.291,1,0.67,0.63304653586137,0.63304653586137,318
4.58266081441772e-43,0.60032917433144,0.792,0.545,1.67844534988863e-38,"RPN2",0.247,0.60032917433144,"Malignant_enriched",3,3,3,0.71866295264624,0.791472782776564,0.85,"Consistent_3_of_3","Standard_candidate",0.30016458716572,0.792,0.247,1,1,0.63284114679143,0.63284114679143,319
6.98853770215184e-36,0.567154884593953,0.817,0.577,2.55962181879013e-31,"MICOS13",0.24,0.567154884593953,"Malignant_enriched",3,3,3,0.73021582733813,0.810137915177314,0.860724233983287,"Consistent_3_of_3","Standard_candidate",0.283577442296977,0.817,0.24,1,1,0.632294360574244,0.632294360574244,320
2.15223651422961e-47,0.832631999157237,0.627,0.363,7.88278145701738e-43,"SERINC3",0.264,0.832631999157237,"Malignant_enriched",3,3,2,0.476323119777159,0.63890816096573,0.787769784172662,"Consistent_3_of_3","Standard_candidate",0.416315999578618,0.627,0.264,1,1,0.632278999894655,0.632278999894655,321
1.24160888000119e-33,0.886357967335605,0.631,0.405,4.54751668389235e-29,"MDH1",0.226,0.886357967335605,"Malignant_enriched",3,3,2,0.420863309352518,0.61646428349184,0.84958217270195,"Consistent_3_of_3","Standard_candidate",0.443178983667803,0.631,0.226,1,1,0.632194745916951,0.632194745916951,322
1.07962239671698e-42,0.630145324881234,0.794,0.572,3.95422499021561e-38,"MLF2",0.222,0.630145324881234,"Malignant_enriched",3,3,3,0.721448467966574,0.788040565934586,0.905263157894737,"Consistent_3_of_3","Standard_candidate",0.315072662440617,0.794,0.222,1,1,0.631968165610154,0.631968165610154,323
5.29352688466988e-36,0.517177732964641,0.897,0.708,1.93880715677919e-31,"PTGES3",0.189,0.517177732964641,"Malignant_enriched",3,3,3,0.766187050359712,0.886051012583863,0.949860724233983,"Consistent_3_of_3","Standard_candidate",0.25858886648232,0.897,0.189,1,1,0.63184721662058,0.63184721662058,324
4.76289326232456e-54,0.56026228037974,0.764,0.47,1.74445728625899e-49,"TSC22D3",0.294,0.56026228037974,"Malignant_enriched",3,3,3,0.715877437325905,0.765894523788681,0.794964028776978,"Consistent_3_of_3","Standard_candidate",0.28013114018987,0.764,0.294,1,1,0.631632785047467,0.631632785047467,325
6.29597143162475e-51,0.806555539242413,0.63,0.356,2.30596249654688e-46,"ZMAT2",0.274,0.806555539242413,"Malignant_enriched",3,3,2,0.341726618705036,0.605017214787033,0.813157894736842,"Consistent_3_of_3","Standard_candidate",0.403277769621206,0.63,0.274,1,1,0.631619442405302,0.631619442405302,326
8.26739289637152e-48,1.11768821842482,0.468,0.227,3.02801532222503e-43,"C15orf61",0.241,1.11768821842482,"Malignant_enriched",3,3,2,0.260526315789474,0.485043878106721,0.640287769784173,"Consistent_3_of_3","Standard_candidate",0.55884410921241,0.468,0.241,1,1,0.631511027303103,0.631511027303103,327
4.82271113545899e-33,0.536766659610725,0.869,0.668,1.76636618047321e-28,"RABAC1",0.201,0.536766659610725,"Malignant_enriched",3,3,3,0.763231197771588,0.869960064787929,0.947368421052632,"Consistent_3_of_3","Standard_candidate",0.268383329805363,0.869,0.201,1,1,0.631095832451341,0.631095832451341,328
4.95054246420722e-47,0.612456998867984,0.733,0.445,1.81318568294054e-42,"NDUFB6",0.288,0.612456998867984,"Malignant_enriched",3,3,3,0.697841726618705,0.729955452146127,0.760445682451253,"Consistent_3_of_3","Standard_candidate",0.306228499433992,0.733,0.288,1,1,0.630757124858498,0.630757124858498,329
3.50483984123719e-50,0.708963435360822,0.657,0.355,1.28368264025153e-45,"PNKD",0.302,0.708963435360822,"Malignant_enriched",3,3,3,0.60431654676259,0.651734504494337,0.715789473684211,"Consistent_3_of_3","Standard_candidate",0.354481717680411,0.657,0.302,1,1,0.630420429420103,0.630420429420103,330
7.92893732153776e-42,0.715929412872533,0.773,0.592,2.90405258338642e-37,"POLD4",0.181,0.715929412872533,"Malignant_enriched",3,3,3,0.573816155988858,0.769241255580787,0.960526315789474,"Consistent_3_of_3","Standard_candidate",0.357964706436266,0.773,0.181,1,1,0.630291176609067,0.630291176609067,331
5.05294337169344e-48,0.669545956636448,0.704,0.426,1.85069103931644e-43,"TCEAL3",0.278,0.669545956636448,"Malignant_enriched",3,3,3,0.568245125348189,0.710631752624583,0.805755395683453,"Consistent_3_of_3","Standard_candidate",0.334772978318224,0.704,0.278,1,1,0.630093244579556,0.630093244579556,332
2.10787422573044e-26,1.14290604482093,0.521,0.357,7.72030013916033e-22,"STMN1",0.164,1.14290604482093,"Malignant_enriched",3,3,1,0.278947368421053,0.51101683086898,0.930362116991644,"Consistent_3_of_3","Standard_candidate",0.571453022410465,0.521,0.164,1,1,0.629863255602616,0.629863255602616,333
5.24032761955964e-47,1.23529587762893,0.399,0.171,1.91932239393991e-42,"PRR15L",0.228,1.23529587762893,"Malignant_enriched",3,3,0,0.31294964028777,0.392812857176508,0.47075208913649,"Consistent_3_of_3","Standard_candidate",0.617647938814465,0.399,0.228,1,1,0.629811984703616,0.629811984703616,334
1.33026601312182e-27,0.615759749056845,0.784,0.556,4.87223229966e-23,"FDPS",0.228,0.615759749056845,"Malignant_enriched",3,3,3,0.754874651810585,0.78898446995226,0.848920863309353,"Consistent_3_of_3","Standard_candidate",0.307879874528423,0.784,0.228,1,1,0.629369968632106,0.629369968632106,335
7.0132238751259e-43,0.620811142202362,0.754,0.501,2.56866337650361e-38,"GTF3A",0.253,0.620811142202362,"Malignant_enriched",3,3,3,0.571030640668524,0.762822405907557,0.888489208633094,"Consistent_3_of_3","Standard_candidate",0.310405571101181,0.754,0.253,1,1,0.629001392775295,0.629001392775295,336
3.04333282370711e-77,2.09430453417566,0.259,0.043,1.11465108001096e-72,"PSIP1",0.216,2.09430453417566,"Malignant_enriched",3,2,0,0.0947368421052632,0.262098709831431,0.428969359331476,"Consistent_2_of_3","Standard_candidate",1,0.259,0.216,1,0.67,0.629,0.629,337
1.29601240082022e-34,0.545568934342559,0.811,0.568,4.74677501924413e-30,"LSM4",0.243,0.545568934342559,"Malignant_enriched",3,3,3,0.755395683453237,0.807640813020307,0.88857938718663,"Consistent_3_of_3","Standard_candidate",0.27278446717128,0.811,0.243,1,1,0.62899611679282,0.62899611679282,338
1.19086369354741e-45,0.938226310452213,0.554,0.301,4.36165736398675e-41,"SLC35B1",0.253,0.938226310452213,"Malignant_enriched",3,3,1,0.431754874651811,0.573263236647158,0.798561151079137,"Consistent_3_of_3","Standard_candidate",0.469113155226107,0.554,0.253,1,1,0.628678288806527,0.628678288806527,339
2.13014681884916e-44,0.640522454917316,0.704,0.415,7.80187573871695e-40,"PPCS",0.289,0.640522454917316,"Malignant_enriched",3,3,3,0.52158273381295,0.688284505074433,0.807894736842105,"Consistent_3_of_3","Standard_candidate",0.320261227458658,0.704,0.289,1,1,0.628665306864665,0.628665306864665,340
5.27675052098645e-53,0.9980959807168,0.5,0.232,1.9326626458165e-48,"FSIP1",0.268,0.9980959807168,"Malignant_enriched",3,3,2,0.273381294964029,0.482189014951358,0.610027855153203,"Consistent_3_of_3","Standard_candidate",0.4990479903584,0.5,0.268,1,1,0.6283619975896,0.6283619975896,341
8.45285072141201e-55,0.898764506432124,0.541,0.255,3.09594110522436e-50,"EPHX1",0.286,0.898764506432124,"Malignant_enriched",3,3,2,0.420863309352518,0.530015571181817,0.631578947368421,"Consistent_3_of_3","Standard_candidate",0.449382253216062,0.541,0.286,1,1,0.627745563304016,0.627745563304016,342
4.92898110774948e-36,0.58504478665865,0.771,0.52,1.80528862052433e-31,"DCXR",0.251,0.58504478665865,"Malignant_enriched",3,3,3,0.543175487465181,0.774968630871582,0.918421052631579,"Consistent_3_of_3","Standard_candidate",0.292522393329325,0.771,0.251,1,1,0.627530598332331,0.627530598332331,343
4.79517559894363e-39,0.772900846111479,0.669,0.434,1.75628101486909e-34,"METRN",0.235,0.772900846111479,"Malignant_enriched",3,3,2,0.446043165467626,0.647535084379352,0.892105263157895,"Consistent_3_of_3","Standard_candidate",0.38645042305574,0.669,0.235,1,1,0.627412605763935,0.627412605763935,344
8.87558727442268e-46,0.78184999105345,0.635,0.372,3.25077259513005e-41,"CDH1",0.263,0.78184999105345,"Malignant_enriched",3,3,2,0.295264623955432,0.648061829088261,0.848920863309353,"Consistent_3_of_3","Standard_candidate",0.390924995526725,0.635,0.263,1,1,0.627331248881681,0.627331248881681,345
1.99240334474158e-40,0.62483702804248,0.73,0.464,7.29737649045053e-36,"HSD17B10",0.266,0.62483702804248,"Malignant_enriched",3,3,3,0.62589928057554,0.721246102370413,0.779944289693593,"Consistent_3_of_3","Standard_candidate",0.31241851402124,0.73,0.266,1,1,0.62730462850531,0.62730462850531,346
7.02657346527284e-35,0.547406685344724,0.816,0.591,2.57355279739083e-30,"GHITM",0.225,0.547406685344724,"Malignant_enriched",3,3,3,0.792105263157895,0.817978562465963,0.834532374100719,"Consistent_3_of_3","Standard_candidate",0.273703342672362,0.816,0.225,1,1,0.62662583566809,0.62662583566809,347
7.71732296568989e-43,1.23517534905251,0.394,0.177,2.82654670941358e-38,"ABHD2",0.217,1.23517534905251,"Malignant_enriched",3,3,1,0.268421052631579,0.393609205876759,0.559888579387187,"Consistent_3_of_3","Standard_candidate",0.617587674526255,0.394,0.217,1,1,0.626596918631564,0.626596918631564,348
1.16166966476602e-47,0.817833530311269,0.605,0.34,4.25473131417203e-43,"POLDIP2",0.265,0.817833530311269,"Malignant_enriched",3,3,2,0.402877697841727,0.586244870105968,0.773684210526316,"Consistent_3_of_3","Standard_candidate",0.408916765155635,0.605,0.265,1,1,0.626229191288909,0.626229191288909,349
8.28460137011848e-37,0.921509148083091,0.586,0.367,3.0343180978196e-32,"ATXN10",0.219,0.921509148083091,"Malignant_enriched",3,3,2,0.424460431654676,0.575203763100061,0.782729805013928,"Consistent_3_of_3","Standard_candidate",0.460754574041546,0.586,0.219,1,1,0.626188643510386,0.626188643510386,350
7.7462995134678e-42,0.556038940211703,0.756,0.479,2.83715965980272e-37,"NDUFS7",0.277,0.556038940211703,"Malignant_enriched",3,3,3,0.647482014388489,0.746091717741479,0.852631578947368,"Consistent_3_of_3","Standard_candidate",0.278019470105851,0.756,0.277,1,1,0.626104867526463,0.626104867526463,351
1.91432388775737e-43,0.921504205729306,0.559,0.315,7.01140267130013e-39,"SQLE",0.244,0.921504205729306,"Malignant_enriched",3,3,2,0.413157894736842,0.568301851701457,0.651079136690647,"Consistent_3_of_3","Standard_candidate",0.460752102864653,0.559,0.244,1,1,0.625788025716163,0.625788025716163,352
5.55780530583377e-31,0.526519979457244,0.821,0.593,2.03560177131468e-26,"ANAPC16",0.228,0.526519979457244,"Malignant_enriched",3,3,3,0.690647482014389,0.810876043337739,0.902506963788301,"Consistent_3_of_3","Standard_candidate",0.263259989728622,0.821,0.228,1,1,0.625614997432156,0.625614997432156,353
2.26443507649458e-50,0.62463823284241,0.735,0.483,8.29371991116903e-46,"GNG10",0.252,0.62463823284241,"Malignant_enriched",3,3,3,0.576601671309192,0.732740756522476,0.884210526315789,"Consistent_3_of_3","Standard_candidate",0.312319116421205,0.735,0.252,1,1,0.625479779105301,0.625479779105301,354
1.54459723815527e-55,1.27946946368794,0.345,0.113,5.65724184446749e-51,"AKAP1",0.232,1.27946946368794,"Malignant_enriched",3,3,0,0.292479108635098,0.350295005162854,0.413669064748201,"Consistent_3_of_3","Standard_candidate",0.63973473184397,0.345,0.232,1,1,0.625333682960993,0.625333682960993,355
1.12038296027206e-43,0.568568824335839,0.737,0.454,4.10351463029246e-39,"CHCHD5",0.283,0.568568824335839,"Malignant_enriched",3,3,3,0.702631578947368,0.740032052938502,0.762589928057554,"Consistent_3_of_3","Standard_candidate",0.284284412167919,0.737,0.283,1,1,0.62507110304198,0.62507110304198,356
1.01757776413584e-49,0.777986121357455,0.616,0.343,3.72698031892392e-45,"OS9",0.273,0.777986121357455,"Malignant_enriched",3,3,3,0.571030640668524,0.611137438092335,0.686842105263158,"Consistent_3_of_3","Standard_candidate",0.388993060678728,0.616,0.273,1,1,0.625048265169682,0.625048265169682,357
1.15760176779982e-56,1.06790625382101,0.446,0.187,4.23983223474361e-52,"MAP4K3-DT",0.259,1.06790625382101,"Malignant_enriched",3,3,1,0.289473684210526,0.469463045602222,0.712230215827338,"Consistent_3_of_3","Standard_candidate",0.533953126910505,0.446,0.259,1,1,0.624488281727626,0.624488281727626,358
4.72018739855653e-49,0.990663890874045,0.493,0.233,1.72881583659532e-44,"SRPRB",0.26,0.990663890874045,"Malignant_enriched",3,3,1,0.431654676258993,0.486869791661173,0.552631578947368,"Consistent_3_of_3","Standard_candidate",0.495331945437023,0.493,0.26,1,1,0.624432986359256,0.624432986359256,359
7.67332900628168e-42,1.07993861275339,0.463,0.229,2.81043348184073e-37,"HMGCS1",0.234,1.07993861275339,"Malignant_enriched",3,3,1,0.392105263157895,0.474589318429438,0.597122302158273,"Consistent_3_of_3","Standard_candidate",0.539969306376695,0.463,0.234,1,1,0.624392326594174,0.624392326594174,360
3.39444268206602e-32,0.500553503400204,0.802,0.547,1.2432485767335e-27,"RNF187",0.255,0.500553503400204,"Malignant_enriched",3,3,3,0.762589928057554,0.798953032267047,0.823684210526316,"Consistent_3_of_3","Standard_candidate",0.250276751700102,0.802,0.255,1,1,0.623969187925026,0.623969187925026,361
1.28566278087978e-52,0.581880278981335,0.682,0.361,4.70886850125029e-48,"IRX3",0.321,0.581880278981335,"Malignant_enriched",3,3,3,0.535971223021583,0.668836911119103,0.813157894736842,"Consistent_3_of_3","Standard_candidate",0.290940139490667,0.682,0.321,1,1,0.623335034872667,0.623335034872667,362
1.69846762866939e-44,0.679646452045178,0.664,0.387,6.22080753676451e-40,"NINJ1",0.277,0.679646452045178,"Malignant_enriched",3,3,2,0.341726618705036,0.636329827795878,0.826315789473684,"Consistent_3_of_3","Standard_candidate",0.339823226022589,0.664,0.277,1,1,0.623155806505647,0.623155806505647,363
2.76142723485569e-47,0.678023913850196,0.682,0.422,1.01140033903825e-42,"BAD",0.26,0.678023913850196,"Malignant_enriched",3,3,3,0.579136690647482,0.672032026922078,0.815789473684211,"Consistent_3_of_3","Standard_candidate",0.339011956925098,0.682,0.26,1,1,0.623152989231275,0.623152989231275,364
3.86899151343253e-46,0.652012234406633,0.691,0.425,1.4170568317098e-41,"MRPL36",0.266,0.652012234406633,"Malignant_enriched",3,3,3,0.615598885793872,0.684008160719628,0.810526315789474,"Consistent_3_of_3","Standard_candidate",0.326006117203317,0.691,0.266,1,1,0.622901529300829,0.622901529300829,365
5.79097757011516e-47,0.602578416733561,0.684,0.381,2.12100344483038e-42,"PIN1",0.303,0.602578416733561,"Malignant_enriched",3,3,3,0.632311977715877,0.681394160437667,0.75,"Consistent_3_of_3","Standard_candidate",0.301289208366781,0.684,0.303,1,1,0.622722302091695,0.622722302091695,366
2.12023050505647e-46,0.765510274752277,0.613,0.343,7.76555624781982e-42,"HAGH",0.27,0.765510274752277,"Malignant_enriched",3,3,2,0.454038997214485,0.606994445493305,0.784210526315789,"Consistent_3_of_3","Standard_candidate",0.382755137376138,0.613,0.27,1,1,0.622288784344035,0.622288784344035,367
1.55976849430352e-45,0.92132914165868,0.529,0.274,5.71280808723607e-41,"SERTAD3",0.255,0.92132914165868,"Malignant_enriched",3,3,1,0.273381294964029,0.505318565848099,0.757894736842105,"Consistent_3_of_3","Standard_candidate",0.46066457082934,0.529,0.255,1,1,0.621966142707335,0.621966142707335,368
4.0551347155067e-44,0.550480959272148,0.713,0.411,1.48523364090149e-39,"UQCC3",0.302,0.550480959272148,"Malignant_enriched",3,3,3,0.576601671309192,0.713530861280774,0.815789473684211,"Consistent_3_of_3","Standard_candidate",0.275240479636074,0.713,0.302,1,1,0.621810119909018,0.621810119909018,369
1.36037592667358e-50,0.815975692716803,0.572,0.295,4.98251286903464e-46,"RNASEH2C",0.277,0.815975692716803,"Malignant_enriched",3,3,1,0.431754874651811,0.559354363745479,0.789473684210526,"Consistent_3_of_3","Standard_candidate",0.407987846358402,0.572,0.277,1,1,0.6217969615896,0.6217969615896,370
2.01602244014856e-44,0.83309085843455,0.577,0.317,7.3838837892881e-40,"SIGIRR",0.26,0.83309085843455,"Malignant_enriched",3,3,2,0.392086330935252,0.562359911220708,0.671309192200557,"Consistent_3_of_3","Standard_candidate",0.416545429217275,0.577,0.26,1,1,0.621536357304319,0.621536357304319,371
8.70189777434831e-47,0.683781940109307,0.646,0.364,3.18715707883281e-42,"RBM47",0.282,0.683781940109307,"Malignant_enriched",3,3,2,0.493036211699164,0.652342374744099,0.748201438848921,"Consistent_3_of_3","Standard_candidate",0.341890970054654,0.646,0.282,1,1,0.621072742513664,0.621072742513664,372
4.50142011517574e-40,0.559697814600396,0.731,0.459,1.64869013138427e-35,"POLR2F",0.272,0.559697814600396,"Malignant_enriched",3,3,3,0.721052631578947,0.732632260999586,0.755395683453237,"Consistent_3_of_3","Standard_candidate",0.279848907300198,0.731,0.272,1,1,0.620562226825049,0.620562226825049,373
1.99346251815244e-35,1.97923216186751,0.277,0.111,7.30125581898512e-31,"SYT1",0.166,1.97923216186751,"Malignant_enriched",3,2,0,0.214484679665738,0.280929450838977,0.330935251798561,"Consistent_2_of_3","Standard_candidate",0.989616080933755,0.277,0.166,1,0.67,0.620004020233439,0.620004020233439,374
6.99119744100442e-63,1.60880168529005,0.413,0.152,2.56059597474228e-58,"RXYLT1",0.261,1.60880168529005,"Malignant_enriched",3,2,2,0.0935251798561151,0.386435774412284,0.542105263157895,"Consistent_2_of_3","Standard_candidate",0.804400842645025,0.413,0.261,1,0.67,0.619900210661256,0.619900210661256,375
9.61616943872458e-46,0.762673432752545,0.603,0.335,3.52201821862727e-41,"UHMK1",0.268,0.762673432752545,"Malignant_enriched",3,3,3,0.543165467625899,0.597555668996543,0.639473684210526,"Consistent_3_of_3","Standard_candidate",0.381336716376272,0.603,0.268,1,1,0.619534179094068,0.619534179094068,376
1.1476280600893e-40,0.543222154951691,0.74,0.476,4.20330253288306e-36,"ECH1",0.264,0.543222154951691,"Malignant_enriched",3,3,3,0.615107913669065,0.72992968182264,0.794736842105263,"Consistent_3_of_3","Standard_candidate",0.271611077475846,0.74,0.264,1,1,0.618702769368961,0.618702769368961,377
1.17780133461909e-38,0.524296136404504,0.833,0.651,4.31381516817588e-34,"BLVRB",0.182,0.524296136404504,"Malignant_enriched",3,3,3,0.610027855153203,0.839831322158224,0.956834532374101,"Consistent_3_of_3","Standard_candidate",0.262148068202252,0.833,0.182,1,1,0.618537017050563,0.618537017050563,378
3.21284538787026e-45,0.836211142567623,0.573,0.326,1.17673675176136e-40,"JOSD2",0.247,0.836211142567623,"Malignant_enriched",3,3,2,0.384401114206128,0.564186967388412,0.797368421052632,"Consistent_3_of_3","Standard_candidate",0.418105571283811,0.573,0.247,1,1,0.618526392820953,0.618526392820953,379
4.71454972815944e-94,1.36007919561788,0.484,0.146,1.72675098343568e-89,"RTN2",0.338,1.36007919561788,"Malignant_enriched",3,2,2,0.247910863509749,0.486675828667077,0.647368421052632,"Consistent_2_of_3","Standard_candidate",0.68003959780894,0.484,0.338,1,0.67,0.618409899452235,0.618409899452235,380
8.04495134396577e-39,0.51850752364874,0.752,0.489,2.9465438792409e-34,"CACYBP",0.263,0.51850752364874,"Malignant_enriched",3,3,3,0.643884892086331,0.742774219269944,0.818421052631579,"Consistent_3_of_3","Standard_candidate",0.25925376182437,0.752,0.263,1,1,0.617813440456092,0.617813440456092,381
8.40155318960923e-50,1.0520521951568,0.432,0.184,3.07715287122628e-45,"SAYSD1",0.248,1.0520521951568,"Malignant_enriched",3,3,1,0.258992805755396,0.416008890585816,0.568421052631579,"Consistent_3_of_3","Standard_candidate",0.5260260975784,0.432,0.248,1,1,0.6175065243946,0.6175065243946,382
1.71471254271224e-25,0.54149902403695,0.821,0.645,6.28030615893787e-21,"SELENOS",0.176,0.54149902403695,"Malignant_enriched",3,3,3,0.682451253481894,0.832570208310701,0.97841726618705,"Consistent_3_of_3","Standard_candidate",0.270749512018475,0.821,0.176,1,1,0.617087378004619,0.617087378004619,383
2.161728885659e-63,1.73878913712462,0.336,0.096,7.91754821661464e-59,"CEACAM5",0.24,1.73878913712462,"Malignant_enriched",3,2,1,0.00278551532033426,0.334489025111827,0.615789473684211,"Consistent_2_of_3","Standard_candidate",0.86939456856231,0.336,0.24,1,0.67,0.616548642140577,0.616548642140577,384
4.63444855276144e-55,1.32553615854616,0.566,0.299,1.6974131269344e-50,"TNFSF10",0.267,1.32553615854616,"Malignant_enriched",3,2,2,0.0251798561151079,0.520549371967021,0.828947368421053,"Consistent_2_of_3","Standard_candidate",0.66276807927308,0.566,0.267,1,0.67,0.61629201981827,0.61629201981827,385
1.27446189546108e-46,0.76050081687159,0.587,0.32,4.66784413831574e-42,"PLD3",0.267,0.76050081687159,"Malignant_enriched",3,3,2,0.442446043165468,0.573739161434377,0.710526315789474,"Consistent_3_of_3","Standard_candidate",0.380250408435795,0.587,0.267,1,1,0.615862602108949,0.615862602108949,386
1.84714166777679e-44,0.785545679422354,0.58,0.322,6.76534107239928e-40,"GRAMD1A",0.258,0.785545679422354,"Malignant_enriched",3,3,2,0.435251798561151,0.565826248252241,0.755263157894737,"Consistent_3_of_3","Standard_candidate",0.392772839711177,0.58,0.258,1,1,0.615793209927794,0.615793209927794,387
5.71736011675186e-29,0.770935460295075,0.638,0.429,2.09404031636153e-24,"POLE4",0.209,0.770935460295075,"Malignant_enriched",3,3,3,0.543165467625899,0.630725292218944,0.696378830083565,"Consistent_3_of_3","Standard_candidate",0.385467730147537,0.638,0.209,1,1,0.615766932536884,0.615766932536884,388
1.86187353670401e-45,0.829640967312082,0.552,0.296,6.8192980155321e-41,"CXXC5",0.256,0.829640967312082,"Malignant_enriched",3,3,1,0.392757660167131,0.539571245803533,0.776315789473684,"Consistent_3_of_3","Standard_candidate",0.414820483656041,0.552,0.256,1,1,0.61530512091401,0.61530512091401,389
3.53380114858883e-44,0.836967245139896,0.546,0.291,1.29429000868215e-39,"MRPS18B",0.255,0.836967245139896,"Malignant_enriched",3,3,2,0.392086330935252,0.533417429668639,0.623955431754875,"Consistent_3_of_3","Standard_candidate",0.418483622569948,0.546,0.255,1,1,0.614820905642487,0.614820905642487,390
3.88444668819476e-38,0.598471569567423,0.681,0.412,1.42271744401821e-33,"TRPS1",0.269,0.598471569567423,"Malignant_enriched",3,3,3,0.50974930362117,0.674573761310553,0.873684210526316,"Consistent_3_of_3","Standard_candidate",0.299235784783711,0.681,0.269,1,1,0.614808946195928,0.614808946195928,391
4.70759784950526e-43,0.599104680723122,0.681,0.413,1.7242047883598e-38,"EMC10",0.268,0.599104680723122,"Malignant_enriched",3,3,2,0.481894150417827,0.681463139120722,0.839473684210526,"Consistent_3_of_3","Standard_candidate",0.299552340361561,0.681,0.268,1,1,0.61468808509039,0.61468808509039,392
1.88220094624698e-52,0.953050748813541,0.466,0.206,6.8937491857242e-48,"NFU1",0.26,0.953050748813541,"Malignant_enriched",3,3,1,0.394736842105263,0.46650209520113,0.551532033426184,"Consistent_3_of_3","Standard_candidate",0.476525374406771,0.466,0.26,1,1,0.614331343601693,0.614331343601693,393
2.84872028940735e-54,0.674405119318101,0.606,0.312,1.04337229319834e-49,"CMC1",0.294,0.674405119318101,"Malignant_enriched",3,3,3,0.520891364902507,0.603051128954628,0.694736842105263,"Consistent_3_of_3","Standard_candidate",0.33720255965905,0.606,0.294,1,1,0.614300639914763,0.614300639914763,394
4.92992103225065e-53,1.48793147459907,0.475,0.231,1.80563287727212e-48,"NFKBIZ",0.244,1.48793147459907,"Malignant_enriched",3,2,1,0.15041782729805,0.452524735819027,0.91578947368421,"Consistent_2_of_3","Standard_candidate",0.743965737299535,0.475,0.244,1,0.67,0.613791434324884,0.613791434324884,395
3.74009176555757e-50,0.854045641053235,0.519,0.254,1.36984601005312e-45,"FAM174A",0.265,0.854045641053235,"Malignant_enriched",3,3,1,0.366906474820144,0.504401557188496,0.689473684210526,"Consistent_3_of_3","Standard_candidate",0.427022820526617,0.519,0.265,1,1,0.613555705131654,0.613555705131654,396
2.10477723939623e-47,0.8531298760227,0.519,0.254,7.70895711701262e-43,"PGP",0.265,0.8531298760227,"Malignant_enriched",3,3,1,0.454038997214485,0.515936765321653,0.597368421052632,"Consistent_3_of_3","Standard_candidate",0.42656493801135,0.519,0.265,1,1,0.613441234502837,0.613441234502837,397
1.68062111994977e-70,1.75616818248009,0.313,0.077,6.15544291392804e-66,"CCDC151",0.236,1.75616818248009,"Malignant_enriched",3,2,1,0.0157894736842105,0.340406742191645,0.60431654676259,"Consistent_2_of_3","Standard_candidate",0.878084091240045,0.313,0.236,1,0.67,0.613321022810011,0.613321022810011,398
1.39372122907765e-39,0.707480430964689,0.614,0.354,5.1046433736198e-35,"ARL3",0.26,0.707480430964689,"Malignant_enriched",3,3,2,0.446043165467626,0.601285756323837,0.760445682451253,"Consistent_3_of_3","Standard_candidate",0.353740215482345,0.614,0.26,1,1,0.613235053870586,0.613235053870586,399
2.40704707310302e-36,0.512029256760451,0.759,0.523,8.8160506099471e-32,"MTCH1",0.236,0.512029256760451,"Malignant_enriched",3,3,3,0.654676258992806,0.749315680134385,0.857894736842105,"Consistent_3_of_3","Standard_candidate",0.256014628380225,0.759,0.236,1,1,0.613003657095056,0.613003657095056,400
9.25985854985682e-49,1.00785823154012,0.437,0.189,3.39151579247056e-44,"MACROD1",0.248,1.00785823154012,"Malignant_enriched",3,3,1,0.262589928057554,0.420152269915485,0.607894736842105,"Consistent_3_of_3","Standard_candidate",0.50392911577006,0.437,0.248,1,1,0.612982278942515,0.612982278942515,401
3.48056859713483e-29,0.67653312974666,0.676,0.461,1.2747930543866e-24,"NDUFA10",0.215,0.67653312974666,"Malignant_enriched",3,3,2,0.377697841726619,0.651306112418378,0.807799442896936,"Consistent_3_of_3","Standard_candidate",0.33826656487333,0.676,0.215,1,1,0.612766641218333,0.612766641218333,402
6.8501192963253e-106,3.12756462259232,0.419,0.105,2.5089246934721e-101,"ISOC1",0.314,3.12756462259232,"Malignant_enriched",3,1,1,0.161870503597122,0.403201813274494,0.816155988857939,"Sample_specific","Standard_candidate",1,0.419,0.314,1,0.33,0.6126,0.6126,403
4.38883769034849e-51,0.743860359562716,0.566,0.285,1.60745569246704e-46,"SRSF6",0.281,0.743860359562716,"Malignant_enriched",3,3,3,0.506963788300836,0.569316087959423,0.611510791366906,"Consistent_3_of_3","Standard_candidate",0.371930179781358,0.566,0.281,1,1,0.61238254494534,0.61238254494534,404
1.55101041018245e-42,1.12579718741318,0.389,0.171,5.68073072833425e-38,"RAB17",0.218,1.12579718741318,"Malignant_enriched",3,3,0,0.323741007194245,0.383723667598687,0.426315789473684,"Consistent_3_of_3","Standard_candidate",0.56289859370659,0.389,0.218,1,1,0.612124648426648,0.612124648426648,405
3.57475624142762e-42,0.692180507565537,0.621,0.367,1.30929022098528e-37,"TMEM208",0.254,0.692180507565537,"Malignant_enriched",3,3,2,0.334261838440111,0.627165911311414,0.802631578947368,"Consistent_3_of_3","Standard_candidate",0.346090253782768,0.621,0.254,1,1,0.611522563445692,0.611522563445692,406
6.7569968121675e-41,0.683069162570246,0.645,0.412,2.47481765242447e-36,"MEA1",0.233,0.683069162570246,"Malignant_enriched",3,3,2,0.496402877697842,0.630013391427307,0.842105263157895,"Consistent_3_of_3","Standard_candidate",0.341534581285123,0.645,0.233,1,1,0.610983645321281,0.610983645321281,407
1.4947926565175e-44,0.517462223913225,0.682,0.383,5.47482758376101e-40,"BSCL2",0.299,0.517462223913225,"Malignant_enriched",3,3,3,0.62116991643454,0.679434525975466,0.755263157894737,"Consistent_3_of_3","Standard_candidate",0.258731111956613,0.682,0.299,1,1,0.610882777989153,0.610882777989153,408
1.42805583758336e-45,1.25287124109841,0.316,0.111,5.23039731073281e-41,"ZBED5-AS1",0.205,1.25287124109841,"Malignant_enriched",3,3,0,0.251798561151079,0.310009186610541,0.357894736842105,"Consistent_3_of_3","Standard_candidate",0.626435620549205,0.316,0.205,1,1,0.610808905137301,0.610808905137301,409
1.90328445503716e-52,1.73631104448103,0.331,0.114,6.9709696450191e-48,"STAU2",0.217,1.73631104448103,"Malignant_enriched",3,2,1,0.212230215827338,0.323890548900859,0.504178272980501,"Consistent_2_of_3","Standard_candidate",0.868155522240515,0.331,0.217,1,0.67,0.610638880560129,0.610638880560129,410
1.53895227077545e-59,1.88164432574817,0.258,0.06,5.63656658694218e-55,"CDKN1C",0.198,1.88164432574817,"Malignant_enriched",3,2,0,0.123684210526316,0.261417378338936,0.387186629526462,"Consistent_2_of_3","Standard_candidate",0.940822162874085,0.258,0.198,1,0.67,0.610405540718521,0.610405540718521,411
2.03885458477573e-55,0.909326836766321,0.463,0.193,7.46750880219958e-51,"FLYWCH2",0.27,0.909326836766321,"Malignant_enriched",3,3,1,0.266187050359712,0.444671449469951,0.65,"Consistent_3_of_3","Standard_candidate",0.45466341838316,0.463,0.27,1,1,0.61026585459579,0.61026585459579,412
4.9925331379965e-48,0.755507276388245,0.556,0.283,1.8285651871226e-43,"HDDC2",0.273,0.755507276388245,"Malignant_enriched",3,3,2,0.465181058495822,0.564690543416315,0.676258992805755,"Consistent_3_of_3","Standard_candidate",0.377753638194122,0.556,0.273,1,1,0.610238409548531,0.610238409548531,413
3.04804526924861e-51,0.941085631991993,0.453,0.194,1.116377060315e-46,"SPR",0.259,0.941085631991993,"Malignant_enriched",3,3,0,0.426183844011142,0.455042475329222,0.47841726618705,"Consistent_3_of_3","Standard_candidate",0.470542815995997,0.453,0.259,1,1,0.610035703998999,0.610035703998999,414
1.84139653874828e-39,0.585330945335301,0.673,0.412,6.74429896281943e-35,"FLOT1",0.261,0.585330945335301,"Malignant_enriched",3,3,3,0.573816155988858,0.662065943199113,0.836842105263158,"Consistent_3_of_3","Standard_candidate",0.29266547266765,0.673,0.261,1,1,0.609966368166913,0.609966368166913,415
1.10776729163648e-39,1.03133973125152,0.436,0.219,4.05730848234775e-35,"LLGL2",0.217,1.03133973125152,"Malignant_enriched",3,3,1,0.264623955431755,0.453334831035626,0.669064748201439,"Consistent_3_of_3","Standard_candidate",0.51566986562576,0.436,0.217,1,1,0.60951746640644,0.60951746640644,416
1.69916370192632e-41,0.565039964097961,0.655,0.367,6.22335697467533e-37,"MRPS14",0.288,0.565039964097961,"Malignant_enriched",3,3,3,0.575539568345324,0.647764521120239,0.713157894736842,"Consistent_3_of_3","Standard_candidate",0.28251998204898,0.655,0.288,1,1,0.609229995512245,0.609229995512245,417
2.94156500385286e-41,0.717472400789756,0.595,0.343,1.07737759831115e-36,"FAM102A",0.252,0.717472400789756,"Malignant_enriched",3,3,2,0.476323119777159,0.608351553620027,0.76978417266187,"Consistent_3_of_3","Standard_candidate",0.358736200394878,0.595,0.252,1,1,0.60908405009872,0.60908405009872,418
1.22281918377868e-48,0.895217961460383,0.475,0.215,4.4786975425078e-44,"RNF13",0.26,0.895217961460383,"Malignant_enriched",3,3,1,0.359712230215827,0.463103998548705,0.636842105263158,"Consistent_3_of_3","Standard_candidate",0.447608980730192,0.475,0.26,1,1,0.608902245182548,0.608902245182548,419
2.58227242215964e-48,1.17797539463539,0.34,0.122,9.45783097340189e-44,"SKAP1",0.218,1.17797539463539,"Malignant_enriched",3,3,0,0.289473684210526,0.351329140470061,0.474820143884892,"Consistent_3_of_3","Standard_candidate",0.588987697317695,0.34,0.218,1,1,0.608846924329424,0.608846924329424,420
8.55019267171854e-56,1.04695938912629,0.391,0.143,3.13159356794363e-51,"ACOT13",0.248,1.04695938912629,"Malignant_enriched",3,3,1,0.284122562674095,0.385575878836588,0.523684210526316,"Consistent_3_of_3","Standard_candidate",0.523479694563145,0.391,0.248,1,1,0.608669923640786,0.608669923640786,421
1.32427563556241e-37,0.535757200885312,0.688,0.419,4.85029194281088e-33,"LRPAP1",0.269,0.535757200885312,"Malignant_enriched",3,3,3,0.54874651810585,0.690122372121362,0.784210526315789,"Consistent_3_of_3","Standard_candidate",0.267878600442656,0.688,0.269,1,1,0.608369650110664,0.608369650110664,422
6.70276557869856e-35,0.728597021556837,0.616,0.397,2.45495492085414e-30,"GRN",0.219,0.728597021556837,"Malignant_enriched",3,3,1,0.460431654676259,0.598939760374665,0.868421052631579,"Consistent_3_of_3","Standard_candidate",0.364298510778419,0.616,0.219,1,1,0.608074627694605,0.608074627694605,423
7.42888992678953e-52,0.878531042754286,0.476,0.212,2.72090522458593e-47,"BEX4",0.264,0.878531042754286,"Malignant_enriched",3,3,1,0.28133704735376,0.469331205611673,0.684210526315789,"Consistent_3_of_3","Standard_candidate",0.439265521377143,0.476,0.264,1,1,0.607816380344286,0.607816380344286,424
1.5311769981042e-48,0.645935796049395,0.593,0.301,5.60808887325645e-44,"HTATIP2",0.292,0.645935796049395,"Malignant_enriched",3,3,3,0.504178272980501,0.600351485414806,0.694244604316547,"Consistent_3_of_3","Standard_candidate",0.322967898024697,0.593,0.292,1,1,0.607741974506174,0.607741974506174,425
1.69512392473752e-61,1.83431799849603,0.268,0.064,6.20856088674363e-57,"STMN3",0.204,1.83431799849603,"Malignant_enriched",3,2,0,0.0447368421052632,0.282097975043217,0.409470752089136,"Consistent_2_of_3","Standard_candidate",0.917158999248015,0.268,0.204,1,0.67,0.607689749812004,0.607689749812004,426
4.96479835350961e-38,0.581332922950329,0.666,0.407,1.81840704495643e-33,"SRSF1",0.259,0.581332922950329,"Malignant_enriched",3,3,3,0.607242339832869,0.671668183705491,0.744604316546763,"Consistent_3_of_3","Standard_candidate",0.290666461475165,0.666,0.259,1,1,0.607666615368791,0.607666615368791,427
3.80759344825766e-58,1.79992657418095,0.283,0.075,1.39456917635885e-53,"DACH1",0.208,1.79992657418095,"Malignant_enriched",3,2,1,0.0222841225626741,0.310974677229335,0.647482014388489,"Consistent_2_of_3","Standard_candidate",0.899963287090475,0.283,0.208,1,0.67,0.607190821772619,0.607190821772619,428
6.7402780976447e-38,0.997929303097096,0.441,0.22,2.46869425604335e-33,"FAM110A",0.221,0.997929303097096,"Malignant_enriched",3,3,1,0.323119777158774,0.44077487460259,0.531578947368421,"Consistent_3_of_3","Standard_candidate",0.498964651548548,0.441,0.221,1,1,0.607141162887137,0.607141162887137,429
3.24557185777242e-36,0.643516825887716,0.645,0.408,1.18872314862773e-31,"MCTS1",0.237,0.643516825887716,"Malignant_enriched",3,3,2,0.39568345323741,0.624234317281551,0.75,"Consistent_3_of_3","Standard_candidate",0.321758412943858,0.645,0.237,1,1,0.606839603235964,0.606839603235964,430
9.92086372067403e-34,0.615206298568197,0.658,0.417,3.63361554633407e-29,"DEK",0.241,0.615206298568197,"Malignant_enriched",3,3,3,0.503597122302158,0.644626201985194,0.739473684210526,"Consistent_3_of_3","Standard_candidate",0.307603149284098,0.658,0.241,1,1,0.606700787321025,0.606700787321025,431
6.79027046901252e-40,0.652876741757526,0.618,0.363,2.48700446198053e-35,"PPP1CC",0.255,0.652876741757526,"Malignant_enriched",3,3,2,0.428057553956835,0.600778506354863,0.792105263157895,"Consistent_3_of_3","Standard_candidate",0.326438370878763,0.618,0.255,1,1,0.606209592719691,0.606209592719691,432
1.56403005354566e-69,1.79442207746618,0.272,0.055,5.72841647411632e-65,"HSPB8",0.217,1.79442207746618,"Malignant_enriched",3,2,1,0,0.267442887795027,0.528947368421053,"Consistent_2_of_3","Standard_candidate",0.89721103873309,0.272,0.217,1,0.67,0.606102759683273,0.606102759683273,433
2.78456154192279e-54,1.32275781352669,0.545,0.307,1.01987351034464e-49,"HOXB2",0.238,1.32275781352669,"Malignant_enriched",3,2,2,0.133093525179856,0.507417335446992,0.871052631578947,"Consistent_2_of_3","Standard_candidate",0.661378906763345,0.545,0.238,1,0.67,0.605944726690836,0.605944726690836,434
1.75716260285794e-45,0.527336877062397,0.673,0.396,6.4357837492275e-41,"DCTN3",0.277,0.527336877062397,"Malignant_enriched",3,3,3,0.532033426183844,0.670951694882183,0.797368421052632,"Consistent_3_of_3","Standard_candidate",0.263668438531198,0.673,0.277,1,1,0.6059171096328,0.6059171096328,435
7.27342532659743e-45,0.726977198158476,0.558,0.291,2.66396476011958e-40,"ADI1",0.267,0.726977198158476,"Malignant_enriched",3,3,1,0.454038997214485,0.576216962216768,0.787769784172662,"Consistent_3_of_3","Standard_candidate",0.363488599079238,0.558,0.267,1,1,0.60587214976981,0.60587214976981,436
2.05594555808022e-34,0.817189262382344,0.553,0.338,7.53010620102463e-30,"GPAA1",0.215,0.817189262382344,"Malignant_enriched",3,3,2,0.258992805755396,0.525956112400799,0.786842105263158,"Consistent_3_of_3","Standard_candidate",0.408594631191172,0.553,0.215,1,1,0.605748657797793,0.605748657797793,437
1.4332742812123e-45,0.845129146079902,0.492,0.237,5.24951038236817e-41,"EBP",0.255,0.845129146079902,"Malignant_enriched",3,3,2,0.384892086330935,0.483091380582676,0.545961002785515,"Consistent_3_of_3","Standard_candidate",0.422564573039951,0.492,0.255,1,1,0.605041143259988,0.605041143259988,438
6.00135226061106e-50,0.852782289625999,0.477,0.213,2.19805527897141e-45,"PIGX",0.264,0.852782289625999,"Malignant_enriched",3,3,1,0.309192200557103,0.472652606546928,0.644736842105263,"Consistent_3_of_3","Standard_candidate",0.426391144813,0.477,0.264,1,1,0.60479778620325,0.60479778620325,439
1.11704473639731e-41,0.7688817941497,0.54,0.287,4.09128805152879e-37,"RPN1",0.253,0.7688817941497,"Malignant_enriched",3,3,3,0.503597122302158,0.53654087725275,0.568421052631579,"Consistent_3_of_3","Standard_candidate",0.38444089707485,0.54,0.253,1,1,0.604710224268713,0.604710224268713,440
1.044089731035e-40,0.540367954460541,0.655,0.375,3.82408304888878e-36,"WBP1",0.28,0.540367954460541,"Malignant_enriched",3,3,3,0.584958217270195,0.659033781624459,0.715827338129496,"Consistent_3_of_3","Standard_candidate",0.27018397723027,0.655,0.28,1,1,0.604545994307568,0.604545994307568,441
2.04977847367981e-51,0.798517070426401,0.501,0.23,7.50751863769969e-47,"CTSA",0.271,0.798517070426401,"Malignant_enriched",3,3,1,0.37883008356546,0.49489969086159,0.652631578947368,"Consistent_3_of_3","Standard_candidate",0.3992585352132,0.501,0.271,1,1,0.6042146338033,0.6042146338033,442
1.45031419466956e-34,0.58645400357236,0.645,0.386,5.31192076939672e-30,"TXN2",0.259,0.58645400357236,"Malignant_enriched",3,3,3,0.517985611510791,0.634202211607052,0.710526315789474,"Consistent_3_of_3","Standard_candidate",0.29322700178618,0.645,0.259,1,1,0.604106750446545,0.604106750446545,443
1.41145735524174e-46,0.624720509617326,0.604,0.329,5.16960370930841e-42,"ANAPC13",0.275,0.624720509617326,"Malignant_enriched",3,3,3,0.554317548746518,0.602878031836369,0.65,"Consistent_3_of_3","Standard_candidate",0.312360254808663,0.604,0.275,1,1,0.603890063702166,0.603890063702166,444
1.3204702175454e-36,0.639812906289814,0.632,0.395,4.83635421878179e-32,"ERBB3",0.237,0.639812906289814,"Malignant_enriched",3,3,2,0.442896935933148,0.62208012215063,0.865789473684211,"Consistent_3_of_3","Standard_candidate",0.319906453144907,0.632,0.237,1,1,0.603776613286227,0.603776613286227,445
9.40710977594426e-32,0.64864388426651,0.617,0.374,3.44544802653734e-27,"MRPL34",0.243,0.64864388426651,"Malignant_enriched",3,3,3,0.552631578947368,0.613330183236492,0.729805013927577,"Consistent_3_of_3","Standard_candidate",0.324321942133255,0.617,0.243,1,1,0.603080485533314,0.603080485533314,446
4.67527974485761e-43,1.15125011129003,0.339,0.133,1.71236795935155e-38,"NPTN",0.206,1.15125011129003,"Malignant_enriched",3,3,0,0.261838440111421,0.346720348395085,0.438848920863309,"Consistent_3_of_3","Standard_candidate",0.575625055645015,0.339,0.206,1,1,0.602906263911254,0.602906263911254,447
4.02853543199368e-36,0.803783669345402,0.525,0.288,1.47549138732201e-31,"CTSZ",0.237,0.803783669345402,"Malignant_enriched",3,3,2,0.264623955431755,0.535412326933644,0.694244604316547,"Consistent_3_of_3","Standard_candidate",0.401891834672701,0.525,0.237,1,1,0.602872958668175,0.602872958668175,448
1.15626188211744e-42,0.76303588344332,0.536,0.285,4.23492476944333e-38,"TIMMDC1",0.251,0.76303588344332,"Malignant_enriched",3,3,2,0.356115107913669,0.519579785519188,0.678947368421053,"Consistent_3_of_3","Standard_candidate",0.38151794172166,0.536,0.251,1,1,0.602779485430415,0.602779485430415,449
2.38861324961849e-52,1.49281767559135,0.42,0.18,8.74853488805267e-48,"BLCAP",0.24,1.49281767559135,"Malignant_enriched",3,2,1,0.118705035971223,0.397702538746015,0.67966573816156,"Consistent_2_of_3","Standard_candidate",0.746408837795675,0.42,0.24,1,0.67,0.602602209448919,0.602602209448919,450
4.02055517812527e-37,0.735633237607061,0.565,0.327,1.47256853954016e-32,"NT5C",0.238,0.735633237607061,"Malignant_enriched",3,3,2,0.498607242339833,0.57311267537795,0.665467625899281,"Consistent_3_of_3","Standard_candidate",0.367816618803531,0.565,0.238,1,1,0.602554154700883,0.602554154700883,451
5.54051774781922e-68,2.07099480849208,0.425,0.168,2.02927003031627e-63,"LY6K",0.257,2.07099480849208,"Malignant_enriched",3,1,1,0,0.383411523237062,0.907894736842105,"Sample_specific","Standard_candidate",1,0.425,0.257,1,0.33,0.6024,0.6024,452
5.9105624055493e-44,0.726373072870408,0.545,0.282,2.16480258665649e-39,"COQ4",0.263,0.726373072870408,"Malignant_enriched",3,3,2,0.465181058495822,0.549570008265488,0.615107913669065,"Consistent_3_of_3","Standard_candidate",0.363186536435204,0.545,0.263,1,1,0.602396634108801,0.602396634108801,453
8.78256210607632e-52,1.77019834820177,0.285,0.085,3.21670119697152e-47,"ZNF44",0.2,1.77019834820177,"Malignant_enriched",3,2,0,0.121052631578947,0.303969508750132,0.492805755395683,"Consistent_2_of_3","Standard_candidate",0.885099174100885,0.285,0.2,1,0.67,0.602274793525221,0.602274793525221,454
4.37453618156285e-46,1.1735401876999,0.639,0.421,1.60221762185921e-41,"DNAJC12",0.218,1.1735401876999,"Malignant_enriched",3,2,2,0.239473684210526,0.657565154444396,0.952646239554318,"Consistent_2_of_3","Standard_candidate",0.58677009384995,0.639,0.218,1,0.67,0.602092523462488,0.602092523462488,455
2.17407609033251e-37,0.560119583300181,0.65,0.39,7.96277108845187e-33,"ARMCX3",0.26,0.560119583300181,"Malignant_enriched",3,3,3,0.526462395543176,0.646811458617888,0.773684210526316,"Consistent_3_of_3","Standard_candidate",0.28005979165009,0.65,0.26,1,1,0.602014947912523,0.602014947912523,456
3.11229673408185e-49,1.06597326910313,0.364,0.135,1.13990980182482e-44,"CH17-340M24.3",0.229,1.06597326910313,"Malignant_enriched",3,3,0,0.298561151079137,0.358407154938708,0.389473684210526,"Consistent_3_of_3","Standard_candidate",0.532986634551565,0.364,0.229,1,1,0.601846658637891,0.601846658637891,457
2.16497579723465e-43,0.669133726229352,0.571,0.305,7.92944035495163e-39,"WDR61",0.266,0.669133726229352,"Malignant_enriched",3,3,3,0.55,0.57364615271571,0.597122302158273,"Consistent_3_of_3","Standard_candidate",0.334566863114676,0.571,0.266,1,1,0.601041715778669,0.601041715778669,458
9.57895019455254e-77,2.76671388715444,0.409,0.143,3.50838629825681e-72,"HAUS1",0.266,2.76671388715444,"Malignant_enriched",3,1,1,0.12589928057554,0.391673214719531,0.841225626740947,"Sample_specific","Standard_candidate",1,0.409,0.266,1,0.33,0.601,0.601,459
4.27189347012532e-45,0.750139151888154,0.523,0.26,1.5646237023681e-40,"CAND1",0.263,0.750139151888154,"Malignant_enriched",3,3,2,0.495821727019499,0.521824458040956,0.555263157894737,"Consistent_3_of_3","Standard_candidate",0.375069575944077,0.523,0.263,1,1,0.600967393986019,0.600967393986019,460
1.50791134052035e-41,0.929195868221196,0.44,0.206,5.52287607578984e-37,"NOL3",0.234,0.929195868221196,"Malignant_enriched",3,3,2,0.275766016713092,0.44353124449568,0.536842105263158,"Consistent_3_of_3","Standard_candidate",0.464597934110598,0.44,0.234,1,1,0.600949483527649,0.600949483527649,461
4.82067932527987e-33,0.532405326029655,0.677,0.433,1.765622009677e-28,"RPP21",0.244,0.532405326029655,"Malignant_enriched",3,3,3,0.651079136690647,0.674955323821869,0.705263157894737,"Consistent_3_of_3","Standard_candidate",0.266202663014827,0.677,0.244,1,1,0.600750665753707,0.600750665753707,462
5.49713732302758e-45,0.622856847999012,0.601,0.338,2.01338151593208e-40,"C7orf50",0.263,0.622856847999012,"Malignant_enriched",3,3,2,0.389972144846797,0.600437515403306,0.771052631578947,"Consistent_3_of_3","Standard_candidate",0.311428423999506,0.601,0.263,1,1,0.600657105999876,0.600657105999876,463
1.27077296069853e-43,0.542388892994809,0.618,0.322,4.65433304585445e-39,"MGMT",0.296,0.542388892994809,"Malignant_enriched",3,3,3,0.568245125348189,0.62305129067835,0.679856115107914,"Consistent_3_of_3","Standard_candidate",0.271194446497404,0.618,0.296,1,1,0.600598611624351,0.600598611624351,464
1.98951279691787e-46,0.972202426908789,0.407,0.171,7.2867895699914e-42,"ITFG1",0.236,0.972202426908789,"Malignant_enriched",3,3,1,0.311977715877437,0.403020717863475,0.515789473684211,"Consistent_3_of_3","Standard_candidate",0.486101213454394,0.407,0.236,1,1,0.600125303363599,0.600125303363599,465
9.60075950826353e-37,0.547935168720707,0.656,0.405,3.5163741774966e-32,"RCN2",0.251,0.547935168720707,"Malignant_enriched",3,3,3,0.618384401114206,0.651836829905669,0.718421052631579,"Consistent_3_of_3","Standard_candidate",0.273967584360354,0.656,0.251,1,1,0.599891896090088,0.599891896090088,466
8.29589299983254e-38,0.815920996809526,0.505,0.272,3.03845377011867e-33,"CHPF",0.233,0.815920996809526,"Malignant_enriched",3,3,2,0.314763231197772,0.517182846597667,0.676258992805755,"Consistent_3_of_3","Standard_candidate",0.407960498404763,0.505,0.233,1,1,0.599590124601191,0.599590124601191,467
4.86077675981891e-30,0.743905202486425,0.57,0.357,1.78030809605128e-25,"RAP1A",0.213,0.743905202486425,"Malignant_enriched",3,3,2,0.381294964028777,0.555561889734657,0.688022284122563,"Consistent_3_of_3","Standard_candidate",0.371952601243212,0.57,0.213,1,1,0.599588150310803,0.599588150310803,468
1.70836169581561e-38,0.683457515456863,0.564,0.312,6.25704554709424e-34,"SEC61A1",0.252,0.683457515456863,"Malignant_enriched",3,3,2,0.370473537604457,0.568587733536965,0.684210526315789,"Consistent_3_of_3","Standard_candidate",0.341728757728431,0.564,0.252,1,1,0.598632189432108,0.598632189432108,469
3.7208145770614e-35,0.609589293499569,0.614,0.366,1.36278554699451e-30,"SH3YL1",0.248,0.609589293499569,"Malignant_enriched",3,3,2,0.37410071942446,0.593617309641511,0.713157894736842,"Consistent_3_of_3","Standard_candidate",0.304794646749785,0.614,0.248,1,1,0.598598661687446,0.598598661687446,470
1.63670697310695e-37,0.815190241454291,0.5,0.268,5.99460295970152e-33,"HMGN4",0.232,0.815190241454291,"Malignant_enriched",3,3,2,0.31294964028777,0.483928529365336,0.578947368421053,"Consistent_3_of_3","Standard_candidate",0.407595120727145,0.5,0.232,1,1,0.598298780181786,0.598298780181786,471
3.16178935580082e-44,0.784781644720663,0.498,0.246,1.15803696945561e-39,"SWI5",0.252,0.784781644720663,"Malignant_enriched",3,3,1,0.484679665738162,0.500099583139529,0.528776978417266,"Consistent_3_of_3","Standard_candidate",0.392390822360332,0.498,0.252,1,1,0.598097705590083,0.598097705590083,472
3.9915838543036e-36,0.697560277279035,0.583,0.362,1.46195750247724e-31,"SNRPN",0.221,0.697560277279035,"Malignant_enriched",3,3,2,0.378947368421053,0.600297606805334,0.758992805755396,"Consistent_3_of_3","Standard_candidate",0.348780138639518,0.583,0.221,1,1,0.597995034659879,0.597995034659879,473
9.55337937910131e-35,0.634696451460964,0.603,0.363,3.49902073138964e-30,"CCDC85B",0.24,0.634696451460964,"Malignant_enriched",3,3,2,0.376044568245125,0.596142080617869,0.836842105263158,"Consistent_3_of_3","Standard_candidate",0.317348225730482,0.603,0.24,1,1,0.597937056432621,0.597937056432621,474
5.26832523359612e-42,0.869767353526204,0.466,0.236,1.92957680005691e-37,"CANT1",0.23,0.869767353526204,"Malignant_enriched",3,3,1,0.384401114206128,0.471147714580132,0.539568345323741,"Consistent_3_of_3","Standard_candidate",0.434883676763102,0.466,0.23,1,1,0.597920919190776,0.597920919190776,475
1.35350404955236e-34,0.790845770354998,0.521,0.298,4.95734393189047e-30,"BRMS1",0.223,0.790845770354998,"Malignant_enriched",3,3,1,0.338129496402878,0.503324600252359,0.728947368421053,"Consistent_3_of_3","Standard_candidate",0.395422885177499,0.521,0.223,1,1,0.597655721294375,0.597655721294375,476
1.46673310482684e-27,0.614518607430124,0.639,0.424,5.3720566697388e-23,"ATG101",0.215,0.614518607430124,"Malignant_enriched",3,3,2,0.392086330935252,0.618444063104596,0.747368421052632,"Consistent_3_of_3","Standard_candidate",0.307259303715062,0.639,0.215,1,1,0.597614825928765,0.597614825928765,477
5.50033654744428e-106,3.66988755885992,0.367,0.076,2.01455326386694e-101,"NFATC4",0.291,3.66988755885992,"Malignant_enriched",3,1,1,0.079136690647482,0.349975143767115,0.852367688022284,"Sample_specific","Standard_candidate",1,0.367,0.291,1,0.33,0.5976,0.5976,478
3.41507885744957e-50,0.85399145394135,0.447,0.19,1.25080678232948e-45,"IFT27",0.257,0.85399145394135,"Malignant_enriched",3,3,1,0.373259052924791,0.444942213653209,0.526315789473684,"Consistent_3_of_3","Standard_candidate",0.426995726970675,0.447,0.257,1,1,0.597548931742669,0.597548931742669,479
1.32141815528727e-41,0.832457524269406,0.48,0.243,4.83982613555515e-37,"MAGEF1",0.237,0.832457524269406,"Malignant_enriched",3,3,0,0.460431654676259,0.478451562163259,0.498607242339833,"Consistent_3_of_3","Standard_candidate",0.416228762134703,0.48,0.237,1,1,0.597457190533676,0.597457190533676,480
2.25101001541606e-52,1.62911295974534,0.33,0.114,8.24454928246284e-48,"AUTS2",0.216,1.62911295974534,"Malignant_enriched",3,2,0,0.197841726618705,0.32085365866521,0.456824512534819,"Consistent_2_of_3","Standard_candidate",0.81455647987267,0.33,0.216,1,0.67,0.596839119968168,0.596839119968168,481
1.71476234656838e-65,1.76075442215801,0.257,0.052,6.28048857054135e-61,"KAZALD1",0.205,1.76075442215801,"Malignant_enriched",3,2,0,0.0921052631578947,0.266515331936181,0.362116991643454,"Consistent_2_of_3","Standard_candidate",0.880377211079005,0.257,0.205,1,0.67,0.596494302769751,0.596494302769751,482
1.99338641403036e-41,0.660676621668785,0.567,0.316,7.3009770800276e-37,"PIGP",0.251,0.660676621668785,"Malignant_enriched",3,3,2,0.384401114206128,0.571797720890873,0.676315789473684,"Consistent_3_of_3","Standard_candidate",0.330338310834393,0.567,0.251,1,1,0.596184577708598,0.596184577708598,483
9.01928150180138e-37,0.784572774359052,0.51,0.28,3.30340204284977e-32,"MTX2",0.23,0.784572774359052,"Malignant_enriched",3,3,2,0.363309352517986,0.497826960539763,0.58421052631579,"Consistent_3_of_3","Standard_candidate",0.392286387179526,0.51,0.23,1,1,0.596071596794882,0.596071596794882,484
5.73185567448673e-33,0.524372618340899,0.652,0.404,2.09934945933751e-28,"TMEM9",0.248,0.524372618340899,"Malignant_enriched",3,3,3,0.590529247910863,0.649746023442205,0.718421052631579,"Consistent_3_of_3","Standard_candidate",0.262186309170449,0.652,0.248,1,1,0.595546577292612,0.595546577292612,485
2.16369370164912e-56,0.858256388239774,0.425,0.159,7.92474455166008e-52,"H2BC4",0.266,0.858256388239774,"Malignant_enriched",3,3,1,0.284172661870504,0.410017677105933,0.639473684210526,"Consistent_3_of_3","Standard_candidate",0.429128194119887,0.425,0.266,1,1,0.595482048529972,0.595482048529972,486
1.06062813586261e-110,4.43100914662802,0.357,0.069,3.88465661041038e-106,"SERPINI1",0.288,4.43100914662802,"Malignant_enriched",3,1,1,0.0287769784172662,0.338390645056159,0.944289693593315,"Sample_specific","Standard_candidate",1,0.357,0.288,1,0.33,0.595,0.595,487
2.62816226817633e-32,0.56928719108331,0.642,0.416,9.62590712342263e-28,"EGLN2",0.226,0.56928719108331,"Malignant_enriched",3,3,2,0.485611510791367,0.627032014617012,0.810526315789474,"Consistent_3_of_3","Standard_candidate",0.284643595541655,0.642,0.226,1,1,0.594760898885414,0.594760898885414,488
9.05721288826132e-45,0.973727592502403,0.385,0.156,3.31729479245459e-40,"ABHD14A",0.229,0.973727592502403,"Malignant_enriched",3,3,0,0.370473537604457,0.386409265784851,0.399280575539568,"Consistent_3_of_3","Standard_candidate",0.486863796251202,0.385,0.229,1,1,0.5945159490628,0.5945159490628,489
2.80578723341971e-48,0.680516174214728,0.522,0.247,1.0276476321123e-43,"FBP1",0.275,0.680516174214728,"Malignant_enriched",3,3,2,0.381578947368421,0.535374515224355,0.661870503597122,"Consistent_3_of_3","Standard_candidate",0.340258087107364,0.522,0.275,1,1,0.594464521776841,0.594464521776841,490
2.14144371254573e-31,0.970782663975928,0.42,0.227,7.84325174157001e-27,"DCAF7",0.193,0.970782663975928,"Malignant_enriched",3,3,1,0.250696378830084,0.446445681748107,0.751798561151079,"Consistent_3_of_3","Standard_candidate",0.485391331987964,0.42,0.193,1,1,0.593947832996991,0.593947832996991,491
1.81515338989033e-36,0.661982491088967,0.567,0.329,6.64818080581231e-32,"TIMM17B",0.238,0.661982491088967,"Malignant_enriched",3,3,2,0.403899721448468,0.572156905761126,0.657894736842105,"Consistent_3_of_3","Standard_candidate",0.330991245544484,0.567,0.238,1,1,0.593747811386121,0.593747811386121,492
7.46108640928419e-46,0.885247622153707,0.424,0.184,2.73269750826443e-41,"CCDC34",0.24,0.885247622153707,"Malignant_enriched",3,3,1,0.284122562674095,0.437052592202737,0.600719424460432,"Consistent_3_of_3","Standard_candidate",0.442623811076854,0.424,0.24,1,1,0.593455952769213,0.593455952769213,493
1.71150342489116e-34,0.937143681343693,0.419,0.21,6.26855244400635e-30,"ZNF385A",0.209,0.937143681343693,"Malignant_enriched",3,3,0,0.258992805755396,0.405580312176003,0.484210526315789,"Consistent_3_of_3","Standard_candidate",0.468571840671846,0.419,0.209,1,1,0.592742960167962,0.592742960167962,494
2.49595653594649e-32,0.61215443824701,0.599,0.367,9.1416904085576e-28,"VDAC3",0.232,0.61215443824701,"Malignant_enriched",3,3,2,0.420863309352518,0.585515742222232,0.740947075208914,"Consistent_3_of_3","Standard_candidate",0.306077219123505,0.599,0.232,1,1,0.592719304780876,0.592719304780876,495
9.61442781020805e-40,0.934239311095012,0.409,0.189,3.5213803297668e-35,"ARL2BP",0.22,0.934239311095012,"Malignant_enriched",3,3,0,0.341726618705036,0.403543823788645,0.437325905292479,"Consistent_3_of_3","Standard_candidate",0.467119655547506,0.409,0.22,1,1,0.592579913886877,0.592579913886877,496
5.88747163059245e-28,0.510651546280311,0.671,0.451,2.15634535942079e-23,"GRINA",0.22,0.510651546280311,"Malignant_enriched",3,3,3,0.540389972144847,0.661626898451917,0.847368421052632,"Consistent_3_of_3","Standard_candidate",0.255325773140155,0.671,0.22,1,1,0.592031443285039,0.592031443285039,497
1.28391280344209e-90,3.0984282188749,0.358,0.086,4.70245903388699e-86,"RGS16",0.272,3.0984282188749,"Malignant_enriched",3,1,1,0.105263157894737,0.348097478621706,0.777158774373259,"Sample_specific","Standard_candidate",1,0.358,0.272,1,0.33,0.592,0.592,498
2.76735445868992e-30,0.811660842178567,0.499,0.297,1.01357124403977e-25,"RBBP4",0.202,0.811660842178567,"Malignant_enriched",3,3,1,0.273381294964029,0.482076616964748,0.6991643454039,"Consistent_3_of_3","Standard_candidate",0.405830421089284,0.499,0.202,1,1,0.591657605272321,0.591657605272321,499
6.09556178755151e-37,0.720844391012015,0.518,0.279,2.23256046030862e-32,"GPR160",0.239,0.720844391012015,"Malignant_enriched",3,3,1,0.431654676258993,0.512396351794096,0.623955431754875,"Consistent_3_of_3","Standard_candidate",0.360422195506008,0.518,0.239,1,1,0.591505548876502,0.591505548876502,500
2.30437969835253e-29,0.822546365091087,0.49,0.287,8.44002108318599e-25,"KRR1",0.203,0.822546365091087,"Malignant_enriched",3,3,2,0.258992805755396,0.471355125253265,0.615598885793872,"Consistent_3_of_3","Standard_candidate",0.411273182545544,0.49,0.203,1,1,0.591418295636386,0.591418295636386,501
5.98397409110276e-83,0.973018743366619,0.569,0.21,2.1916903506073e-78,"IFI27",0.359,0.973018743366619,"Malignant_enriched",3,2,2,0.0194986072423398,0.597083910353025,0.992805755395683,"Consistent_2_of_3","Standard_candidate",0.486509371683309,0.569,0.359,1,0.67,0.591227342920827,0.591227342920827,502
2.99062037955827e-32,0.58695041622951,0.597,0.358,1.09534462021701e-27,"SPINT1-AS1",0.239,0.58695041622951,"Malignant_enriched",3,3,2,0.384892086330935,0.580440254159376,0.735376044568245,"Consistent_3_of_3","Standard_candidate",0.293475208114755,0.597,0.239,1,1,0.590568802028689,0.590568802028689,503
5.50008904508468e-51,1.54588281745689,0.347,0.128,2.01446261365272e-46,"IFI27L1",0.219,1.54588281745689,"Malignant_enriched",3,2,0,0.111510791366906,0.328708650144831,0.493036211699164,"Consistent_2_of_3","Standard_candidate",0.772941408728445,0.347,0.219,1,0.67,0.590435352182111,0.590435352182111,504
8.33646897635161e-77,2.43228152494316,0.362,0.102,3.05331512727854e-72,"CEACAM6",0.26,2.43228152494316,"Malignant_enriched",3,1,1,0.0501392757660167,0.334995308254203,0.828947368421053,"Sample_specific","Standard_candidate",1,0.362,0.26,1,0.33,0.5904,0.5904,505
1.26314048072113e-29,0.669705670179023,0.562,0.341,4.62637832468921e-25,"CLTC",0.221,0.669705670179023,"Malignant_enriched",3,3,2,0.373259052924791,0.580080418878502,0.798561151079137,"Consistent_3_of_3","Standard_candidate",0.334852835089512,0.562,0.221,1,1,0.590313208772378,0.590313208772378,506
1.96208791016062e-35,1.2270241733128,0.268,0.102,7.18634317975428e-31,"RXRA",0.166,1.2270241733128,"Malignant_enriched",3,3,0,0.25,0.271061702170297,0.298561151079137,"Consistent_3_of_3","Standard_candidate",0.6135120866564,0.268,0.166,1,1,0.5901780216641,0.5901780216641,507
9.19691450570337e-49,1.68661225576144,0.282,0.088,3.36846190685892e-44,"SLC49A3",0.194,1.68661225576144,"Malignant_enriched",3,2,0,0.0431654676258993,0.261774014302705,0.407894736842105,"Consistent_2_of_3","Standard_candidate",0.84330612788072,0.282,0.194,1,0.67,0.59002653197018,0.59002653197018,508
2.41316507399983e-36,0.798684273904314,0.476,0.252,8.83845840003179e-32,"RETREG2",0.224,0.798684273904314,"Malignant_enriched",3,3,1,0.440111420612813,0.478692952396623,0.514388489208633,"Consistent_3_of_3","Standard_candidate",0.399342136952157,0.476,0.224,1,1,0.589835534238039,0.589835534238039,509
1.21851866328801e-63,1.39255766516344,0.399,0.14,4.46294645615865e-59,"WASHC3",0.259,1.39255766516344,"Malignant_enriched",3,2,1,0.244604316546763,0.388031864495209,0.543175487465181,"Consistent_2_of_3","Standard_candidate",0.69627883258172,0.399,0.259,1,0.67,0.58966970814543,0.58966970814543,510
5.88545176078497e-31,0.566012730251981,0.61,0.377,2.1556055619051e-26,"MYADM",0.233,0.566012730251981,"Malignant_enriched",3,3,2,0.334261838440111,0.611490030963061,0.813157894736842,"Consistent_3_of_3","Standard_candidate",0.28300636512599,0.61,0.233,1,1,0.589351591281498,0.589351591281498,511
4.24748875018185e-30,0.730747810952069,0.522,0.304,1.55568522964161e-25,"OTUD6B-AS1",0.218,0.730747810952069,"Malignant_enriched",3,3,1,0.384892086330935,0.512285535887373,0.654596100278552,"Consistent_3_of_3","Standard_candidate",0.365373905476034,0.522,0.218,1,1,0.589343476369009,0.589343476369009,512
8.42262228800504e-36,0.527722572107036,0.607,0.349,3.08486963920473e-31,"CREG1",0.258,0.527722572107036,"Malignant_enriched",3,3,3,0.557103064066852,0.611676030821729,0.672661870503597,"Consistent_3_of_3","Standard_candidate",0.263861286053518,0.607,0.258,1,1,0.588965321513379,0.588965321513379,513
1.97608050746753e-53,1.41004117595134,0.407,0.171,7.23759246665056e-49,"HDGFL3",0.236,1.41004117595134,"Malignant_enriched",3,2,1,0.226315789473684,0.425979333817801,0.611510791366906,"Consistent_2_of_3","Standard_candidate",0.70502058797567,0.407,0.236,1,0.67,0.588855146993917,0.588855146993917,514
4.51131910751018e-35,0.548862553556596,0.608,0.365,1.65231573631668e-30,"METTL5",0.243,0.548862553556596,"Malignant_enriched",3,3,3,0.517985611510791,0.600150508533212,0.647368421052632,"Consistent_3_of_3","Standard_candidate",0.274431276778298,0.608,0.243,1,1,0.588807819194574,0.588807819194574,515
1.80863219045409e-45,1.02931015086079,0.337,0.124,6.62429626075715e-41,"THNSL2",0.213,1.02931015086079,"Malignant_enriched",3,3,0,0.276978417266187,0.330893309102901,0.431578947368421,"Consistent_3_of_3","Standard_candidate",0.514655075430395,0.337,0.213,1,1,0.588663768857599,0.588663768857599,516
6.80854613669519e-41,0.896681969024276,0.404,0.179,2.49369810802598e-36,"EXOSC5",0.225,0.896681969024276,"Malignant_enriched",3,3,0,0.309352517985612,0.395799419693098,0.465789473684211,"Consistent_3_of_3","Standard_candidate",0.448340984512138,0.404,0.225,1,1,0.587885246128035,0.587885246128035,517
4.58116192527444e-54,1.39869979859081,0.402,0.16,1.67789636675102e-49,"PDE4DIP",0.242,1.39869979859081,"Malignant_enriched",3,2,1,0.169064748201439,0.384366449077946,0.568245125348189,"Consistent_2_of_3","Standard_candidate",0.699349899295405,0.402,0.242,1,0.67,0.587637474823851,0.587637474823851,518
1.00845392919841e-41,0.865708350622564,0.422,0.197,3.69356336108209e-37,"ZNF830",0.225,0.865708350622564,"Malignant_enriched",3,3,1,0.286908077994429,0.439533539566236,0.647482014388489,"Consistent_3_of_3","Standard_candidate",0.432854175311282,0.422,0.225,1,1,0.58761354382782,0.58761354382782,519
2.24544697125398e-35,0.847198430934755,0.447,0.236,8.22417407691482e-31,"NFE2L1",0.211,0.847198430934755,"Malignant_enriched",3,3,1,0.264623955431755,0.4638611468251,0.669064748201439,"Consistent_3_of_3","Standard_candidate",0.423599215467377,0.447,0.211,1,1,0.587499803866844,0.587499803866844,520
4.4831865198084e-61,1.11841251510367,0.532,0.246,1.64201189474502e-56,"ABHD14B",0.286,1.11841251510367,"Malignant_enriched",3,2,2,0.212230215827338,0.50412072042996,0.726315789473684,"Consistent_2_of_3","Standard_candidate",0.559206257551835,0.532,0.286,1,0.67,0.587401564387959,0.587401564387959,521
7.27669134955394e-36,0.541699246594768,0.599,0.35,2.66516097368763e-31,"SURF1",0.249,0.541699246594768,"Malignant_enriched",3,3,2,0.45125348189415,0.592731344905017,0.765789473684211,"Consistent_3_of_3","Standard_candidate",0.270849623297384,0.599,0.249,1,1,0.587312405824346,0.587312405824346,522
1.50407252258956e-64,1.52551045923885,0.322,0.086,5.50881602123651e-60,"AC068888.1",0.236,1.52551045923885,"Malignant_enriched",3,2,0,0.244604316546763,0.31519308230296,0.350974930362117,"Consistent_2_of_3","Standard_candidate",0.762755229619425,0.322,0.236,1,0.67,0.586288807404856,0.586288807404856,523
3.89431943491048e-39,0.812117712407266,0.446,0.221,1.42633343623031e-34,"RPRD1A",0.225,0.812117712407266,"Malignant_enriched",3,3,1,0.26978417266187,0.429054774066687,0.655263157894737,"Consistent_3_of_3","Standard_candidate",0.406058856203633,0.446,0.225,1,1,0.585714714050908,0.585714714050908,524
1.73770298010126e-34,0.732422053205977,0.491,0.262,6.36451093491888e-30,"PAGR1",0.229,0.732422053205977,"Malignant_enriched",3,3,2,0.284172661870504,0.473305073870826,0.58421052631579,"Consistent_3_of_3","Standard_candidate",0.366211026602988,0.491,0.229,1,1,0.585552756650747,0.585552756650747,525
6.17612204044611e-29,0.517662861259953,0.642,0.431,2.26206645853379e-24,"C1orf122",0.211,0.517662861259953,"Malignant_enriched",3,3,3,0.543165467625899,0.632335515548857,0.760526315789474,"Consistent_3_of_3","Standard_candidate",0.258831430629976,0.642,0.211,1,1,0.585307857657494,0.585307857657494,526
1.95032185528356e-78,0.896314103304911,0.619,0.292,7.14324882716155e-74,"WFDC2",0.327,0.896314103304911,"Malignant_enriched",3,2,2,0.0539568345323741,0.572955557266546,0.841225626740947,"Consistent_2_of_3","Standard_candidate",0.448157051652456,0.619,0.327,1,0.67,0.585239262913114,0.585239262913114,527
1.10646646819808e-148,4.939207916625,0.304,0.012,4.0525440864223e-144,"SYT13",0.292,4.939207916625,"Malignant_enriched",3,1,1,0.0368421052631579,0.296199527696418,0.71866295264624,"Sample_specific","Standard_candidate",1,0.304,0.292,1,0.33,0.5852,0.5852,528
7.62342934577216e-38,0.983190642578015,0.359,0.158,2.79215723218251e-33,"CYB5B",0.201,0.983190642578015,"Malignant_enriched",3,3,0,0.287769784172662,0.352799086050028,0.397368421052632,"Consistent_3_of_3","Standard_candidate",0.491595321289008,0.359,0.201,1,1,0.584898830322252,0.584898830322252,529
1.46389539639534e-70,1.4669816691438,0.338,0.089,5.36166327883756e-66,"SNX10",0.249,1.4669816691438,"Malignant_enriched",3,2,1,0.197771587743733,0.357858735735352,0.586330935251799,"Consistent_2_of_3","Standard_candidate",0.7334908345719,0.338,0.249,1,0.67,0.584772708642975,0.584772708642975,530
1.51802745306771e-33,0.519607469919131,0.608,0.367,5.55992734960578e-29,"RNF5",0.241,0.519607469919131,"Malignant_enriched",3,3,3,0.540389972144847,0.603555460865145,0.694736842105263,"Consistent_3_of_3","Standard_candidate",0.259803734959565,0.608,0.241,1,1,0.584750933739891,0.584750933739891,531
1.71397470264239e-103,3.1480830037799,0.322,0.051,6.27760374589803e-99,"ENPP5",0.271,3.1480830037799,"Malignant_enriched",3,1,1,0,0.299362263597713,0.67966573816156,"Sample_specific","Standard_candidate",1,0.322,0.271,1,0.33,0.5846,0.5846,532
2.2697713884963e-104,2.33693319006476,0.318,0.044,8.31326468750655e-100,"ELOVL2",0.274,2.33693319006476,"Malignant_enriched",3,1,1,0.183844011142061,0.343686991471183,0.636690647482014,"Sample_specific","Standard_candidate",1,0.318,0.274,1,0.33,0.5844,0.5844,533
4.49929067516164e-26,0.850101455459866,0.459,0.279,1.6479102026847e-21,"MPC1",0.18,0.850101455459866,"Malignant_enriched",3,3,1,0.330935251798561,0.451727965230806,0.676880222841226,"Consistent_3_of_3","Standard_candidate",0.425050727729933,0.459,0.18,1,1,0.584062681932483,0.584062681932483,534
7.74413886899465e-29,0.676888213723871,0.539,0.331,2.83636830215798e-24,"ATP6V1H",0.208,0.676888213723871,"Malignant_enriched",3,3,2,0.345323741007194,0.524067987949473,0.676880222841226,"Consistent_3_of_3","Standard_candidate",0.338444106861935,0.539,0.208,1,1,0.584011026715484,0.584011026715484,535
3.0011946851094e-34,0.616429013031154,0.559,0.334,1.09921756536817e-29,"SS18L2",0.225,0.616429013031154,"Malignant_enriched",3,3,1,0.417827298050139,0.549713731433853,0.742105263157895,"Consistent_3_of_3","Standard_candidate",0.308214506515577,0.559,0.225,1,1,0.583853626628894,0.583853626628894,536
6.44176522285337e-98,5.04744895794886,0.328,0.069,2.35936093052228e-93,"SLC27A2",0.259,5.04744895794886,"Malignant_enriched",3,1,1,0,0.309966769290915,0.922005571030641,"Sample_specific","Standard_candidate",1,0.328,0.259,1,0.33,0.5834,0.5834,537
6.71388688764395e-37,0.899176063427978,0.392,0.182,2.45902821146847e-32,"TMEM251",0.21,0.899176063427978,"Malignant_enriched",3,3,0,0.345323741007194,0.38813239688267,0.426315789473684,"Consistent_3_of_3","Standard_candidate",0.449588031713989,0.392,0.21,1,1,0.582797007928497,0.582797007928497,538
2.3376997451756e-36,0.589795379365804,0.548,0.301,8.56205908668017e-32,"A1BG",0.247,0.589795379365804,"Malignant_enriched",3,3,1,0.434540389972145,0.536832155738538,0.726315789473684,"Consistent_3_of_3","Standard_candidate",0.294897689682902,0.548,0.247,1,1,0.582724422420726,0.582724422420726,539
7.34709485168277e-64,1.50088955850955,0.319,0.084,2.69094696037733e-59,"RAMP3",0.235,1.50088955850955,"Malignant_enriched",3,2,1,0,0.34439606209769,0.672661870503597,"Consistent_2_of_3","Standard_candidate",0.750444779254775,0.319,0.235,1,0.67,0.582411194813694,0.582411194813694,540
1.22448409127083e-41,0.638388357454048,0.514,0.265,4.48479543268855e-37,"HEXIM1",0.249,0.638388357454048,"Malignant_enriched",3,3,2,0.341726618705036,0.501354506484242,0.651810584958217,"Consistent_3_of_3","Standard_candidate",0.319194178727024,0.514,0.249,1,1,0.582398544681756,0.582398544681756,541
3.07387916317494e-32,0.546124972055779,0.585,0.35,1.12583898230445e-27,"ZNF24",0.235,0.546124972055779,"Malignant_enriched",3,3,3,0.559888579387187,0.586313989418347,0.60431654676259,"Consistent_3_of_3","Standard_candidate",0.27306248602789,0.585,0.235,1,1,0.582265621506972,0.582265621506972,542
1.37681820199197e-34,0.702344225261213,0.495,0.271,5.0427343466158e-30,"CDIPT",0.224,0.702344225261213,"Malignant_enriched",3,3,2,0.317548746518106,0.494067428947913,0.639473684210526,"Consistent_3_of_3","Standard_candidate",0.351172112630606,0.495,0.224,1,1,0.581593028157652,0.581593028157652,543
3.0461225049274e-50,1.56380220538575,0.305,0.103,1.11567282865471e-45,"MT1F",0.202,1.56380220538575,"Malignant_enriched",3,2,1,0.0710526315789474,0.324326148229635,0.503597122302158,"Consistent_2_of_3","Standard_candidate",0.781901102692875,0.305,0.202,1,0.67,0.580875275673219,0.580875275673219,544
2.47308528624646e-29,0.534739856413452,0.599,0.378,9.05792216940629e-25,"POP7",0.221,0.534739856413452,"Malignant_enriched",3,3,2,0.489208633093525,0.589013931795481,0.678947368421053,"Consistent_3_of_3","Standard_candidate",0.267369928206726,0.599,0.221,1,1,0.580842482051682,0.580842482051682,545
9.28431383077243e-108,3.24843333089166,0.306,0.04,3.40047278365871e-103,"FGF2",0.266,3.24843333089166,"Malignant_enriched",3,1,1,0,0.273781947905977,0.768421052631579,"Sample_specific","Standard_candidate",1,0.306,0.266,1,0.33,0.5804,0.5804,546
2.99096771563982e-39,0.801051061361165,0.424,0.199,1.09547183553024e-34,"GOSR2",0.225,0.801051061361165,"Malignant_enriched",3,3,1,0.306406685236769,0.425232873369974,0.505263157894737,"Consistent_3_of_3","Standard_candidate",0.400525530680582,0.424,0.225,1,1,0.579931382670146,0.579931382670146,547
4.05264314285773e-34,0.604821902577814,0.535,0.299,1.48432107750307e-29,"RPA3",0.236,0.604821902577814,"Malignant_enriched",3,3,2,0.320143884892086,0.515535426811754,0.7,"Consistent_3_of_3","Standard_candidate",0.302410951288907,0.535,0.236,1,1,0.579802737822227,0.579802737822227,548
1.05047400153388e-37,0.780403161499755,0.44,0.219,3.84746607801799e-33,"STARD7",0.221,0.780403161499755,"Malignant_enriched",3,3,1,0.363309352517986,0.43384807181377,0.501392757660167,"Consistent_3_of_3","Standard_candidate",0.390201580749877,0.44,0.221,1,1,0.579750395187469,0.579750395187469,549
1.30187749359053e-34,0.842872198175263,0.408,0.199,4.76825650802469e-30,"AKT2",0.209,0.842872198175263,"Malignant_enriched",3,3,0,0.33983286908078,0.404732879874081,0.489473684210526,"Consistent_3_of_3","Standard_candidate",0.421436099087632,0.408,0.209,1,1,0.578759024771908,0.578759024771908,550
5.35397840737486e-75,2.22386077335781,0.321,0.079,1.96094813148511e-70,"WWOX",0.242,2.22386077335781,"Malignant_enriched",3,1,1,0.0863509749303621,0.295923630542861,0.707894736842105,"Sample_specific","Standard_candidate",1,0.321,0.242,1,0.33,0.5786,0.5786,551
1.05926101385022e-31,0.558328925951811,0.553,0.312,3.87964938932783e-27,"ELAPOR1",0.241,0.558328925951811,"Malignant_enriched",3,3,2,0.337047353760446,0.551008716557029,0.736842105263158,"Consistent_3_of_3","Standard_candidate",0.279164462975906,0.553,0.241,1,1,0.578591115743976,0.578591115743976,552
9.48384528445521e-31,0.914678144643555,0.382,0.193,3.47355317388457e-26,"PRPSAP1",0.189,0.914678144643555,"Malignant_enriched",3,3,0,0.326315789473684,0.378516023129305,0.481894150417827,"Consistent_3_of_3","Standard_candidate",0.457339072321778,0.382,0.189,1,1,0.578534768080444,0.578534768080444,553
4.76207885062132e-33,0.732696624620891,0.462,0.243,1.74415899982856e-28,"SYS1",0.219,0.732696624620891,"Malignant_enriched",3,3,1,0.356115107913669,0.45122470561888,0.613157894736842,"Consistent_3_of_3","Standard_candidate",0.366348312310446,0.462,0.219,1,1,0.577787078077611,0.577787078077611,554
8.12948901872039e-41,0.786647308036177,0.419,0.192,2.97750664799653e-36,"POLR2C",0.227,0.786647308036177,"Malignant_enriched",3,3,1,0.275766016713092,0.416098453886063,0.555263157894737,"Consistent_3_of_3","Standard_candidate",0.393323654018088,0.419,0.227,1,1,0.577530913504522,0.577530913504522,555
5.95348790726889e-46,1.20449974606807,0.479,0.244,2.1805244809163e-41,"IGF1R",0.235,1.20449974606807,"Malignant_enriched",3,2,1,0.167130919220056,0.511055503932875,0.902877697841727,"Consistent_2_of_3","Standard_candidate",0.602249873034035,0.479,0.235,1,0.67,0.577362468258509,0.577362468258509,556
3.79163700054504e-32,0.6040362128274,0.532,0.305,1.38872496781962e-27,"FAM120A",0.227,0.6040362128274,"Malignant_enriched",3,3,2,0.401114206128134,0.529905669365695,0.652631578947368,"Consistent_3_of_3","Standard_candidate",0.3020181064137,0.532,0.227,1,1,0.577304526603425,0.577304526603425,557
2.74308644160403e-32,0.788163375854833,0.436,0.229,1.00468284010189e-27,"M6PR",0.207,0.788163375854833,"Malignant_enriched",3,3,0,0.284172661870504,0.423053400118199,0.494736842105263,"Consistent_3_of_3","Standard_candidate",0.394081687927416,0.436,0.207,1,1,0.577120421981854,0.577120421981854,558
2.00893558242795e-29,0.538250712598783,0.581,0.363,7.3579274642006e-25,"TSG101",0.218,0.538250712598783,"Malignant_enriched",3,3,2,0.47841726618705,0.572156290507837,0.644736842105263,"Consistent_3_of_3","Standard_candidate",0.269125356299391,0.581,0.218,1,1,0.577081339074848,0.577081339074848,559
1.12594336820591e-29,0.626328033542703,0.537,0.331,4.12388018039096e-25,"ERGIC1",0.206,0.626328033542703,"Malignant_enriched",3,3,2,0.264623955431755,0.538536143669729,0.739473684210526,"Consistent_3_of_3","Standard_candidate",0.313164016771352,0.537,0.206,1,1,0.576891004192838,0.576891004192838,560
4.60758217884859e-41,0.85175094086593,0.381,0.16,1.68757304882508e-36,"CD27-AS1",0.221,0.85175094086593,"Malignant_enriched",3,3,0,0.334261838440111,0.380712547686525,0.415789473684211,"Consistent_3_of_3","Standard_candidate",0.425875470432965,0.381,0.221,1,1,0.576868867608241,0.576868867608241,561
5.50618153902641e-34,0.533298372763483,0.558,0.315,2.01669405048381e-29,"LYPD3",0.243,0.533298372763483,"Malignant_enriched",3,3,2,0.481894150417827,0.56031584642856,0.60431654676259,"Consistent_3_of_3","Standard_candidate",0.266649186381742,0.558,0.243,1,1,0.576862296595435,0.576862296595435,562
1.70270964687866e-28,0.535491933948898,0.582,0.367,6.23634435265778e-24,"OTUB1",0.215,0.535491933948898,"Malignant_enriched",3,3,1,0.476323119777159,0.570878374268772,0.757894736842105,"Consistent_3_of_3","Standard_candidate",0.267745966974449,0.582,0.215,1,1,0.576336491743612,0.576336491743612,563
9.0134019689727e-30,0.828004294099095,0.42,0.228,3.30124860515594e-25,"UNC50",0.192,0.828004294099095,"Malignant_enriched",3,3,1,0.262589928057554,0.408062156051438,0.543175487465181,"Consistent_3_of_3","Standard_candidate",0.414002147049548,0.42,0.192,1,1,0.575900536762387,0.575900536762387,564
1.08167081172487e-33,1.39893401230476,0.399,0.214,3.96172751502352e-29,"PDRG1",0.185,1.39893401230476,"Malignant_enriched",3,2,1,0.122302158273381,0.37970595814801,0.685236768802228,"Consistent_2_of_3","Standard_candidate",0.69946700615238,0.399,0.185,1,0.67,0.575666751538095,0.575666751538095,565
1.19908145792481e-31,0.587469796890129,0.526,0.293,4.39175574779541e-27,"CYHR1",0.233,0.587469796890129,"Malignant_enriched",3,3,2,0.381294964028777,0.513625223556677,0.605263157894737,"Consistent_3_of_3","Standard_candidate",0.293734898445065,0.526,0.233,1,1,0.575233724611266,0.575233724611266,566
9.44132252127324e-89,2.92667052138197,0.299,0.052,3.45797878664154e-84,"CXCL17",0.247,2.92667052138197,"Malignant_enriched",3,1,1,0,0.269563296731036,0.776315789473684,"Sample_specific","Standard_candidate",1,0.299,0.247,1,0.33,0.5752,0.5752,567
1.78657460562501e-28,0.576160873560849,0.553,0.341,6.54350815056217e-24,"KCNK6",0.212,0.576160873560849,"Malignant_enriched",3,3,2,0.253481894150418,0.561699568654708,0.715827338129496,"Consistent_3_of_3","Standard_candidate",0.288080436780424,0.553,0.212,1,1,0.575020109195106,0.575020109195106,568
1.26803229303507e-55,1.60198079287901,0.258,0.063,4.64429507647026e-51,"HOXB7",0.195,1.60198079287901,"Malignant_enriched",3,2,0,0.168421052631579,0.264873642795191,0.330935251798561,"Consistent_2_of_3","Standard_candidate",0.800990396439505,0.258,0.195,1,0.67,0.574847599109876,0.574847599109876,569
2.7770259100129e-39,0.801071741631108,0.404,0.185,1.01711350980132e-34,"DHX30",0.219,0.801071741631108,"Malignant_enriched",3,3,0,0.331476323119777,0.407507127269889,0.456834532374101,"Consistent_3_of_3","Standard_candidate",0.400535870815554,0.404,0.219,1,1,0.574733967703889,0.574733967703889,570
7.85964197621994e-30,0.825866495088685,0.41,0.214,2.87867247021032e-25,"CCDC91",0.196,0.825866495088685,"Malignant_enriched",3,3,0,0.31294964028777,0.402308043610559,0.462395543175487,"Consistent_3_of_3","Standard_candidate",0.412933247544343,0.41,0.196,1,1,0.574433311886086,0.574433311886086,571
7.16026146197958e-32,0.598279951848608,0.525,0.302,2.62251736306464e-27,"ANAPC5",0.223,0.598279951848608,"Malignant_enriched",3,3,1,0.402877697841727,0.512985817181177,0.673684210526316,"Consistent_3_of_3","Standard_candidate",0.299139975924304,0.525,0.223,1,1,0.574384993981076,0.574384993981076,572
6.06869361495413e-44,1.30567797453102,0.413,0.191,2.2227197234131e-39,"MRFAP1L1",0.222,1.30567797453102,"Malignant_enriched",3,2,1,0.248201438848921,0.401455408023676,0.587743732590529,"Consistent_2_of_3","Standard_candidate",0.65283898726551,0.413,0.222,1,0.67,0.574209746816377,0.574209746816377,573
9.31849974714243e-27,0.541594598170034,0.576,0.37,3.41299371738839e-22,"FIBP",0.206,0.541594598170034,"Malignant_enriched",3,3,1,0.39568345323741,0.557699596077426,0.828947368421053,"Consistent_3_of_3","Standard_candidate",0.270797299085017,0.576,0.206,1,1,0.574099324771254,0.574099324771254,574
1.37333125822268e-35,0.930289415770702,0.344,0.153,5.02996306636637e-31,"TP53I11",0.191,0.930289415770702,"Malignant_enriched",3,3,0,0.294736842105263,0.348988752115153,0.39568345323741,"Consistent_3_of_3","Standard_candidate",0.465144707885351,0.344,0.191,1,1,0.573286176971338,0.573286176971338,575
1.31051386745464e-28,0.618045356750663,0.519,0.308,4.79988809093938e-24,"ZNRD2",0.211,0.618045356750663,"Malignant_enriched",3,3,1,0.323741007194245,0.49956445340722,0.771052631578947,"Consistent_3_of_3","Standard_candidate",0.309022678375331,0.519,0.211,1,1,0.573255669593833,0.573255669593833,576
2.80701744288552e-34,0.70227152894751,0.459,0.242,1.02809820863125e-29,"CRLS1",0.217,0.70227152894751,"Malignant_enriched",3,3,2,0.306406685236769,0.464214319791784,0.546762589928058,"Consistent_3_of_3","Standard_candidate",0.351135764473755,0.459,0.217,1,1,0.572983941118439,0.572983941118439,577
1.37111882966989e-31,0.932781862900431,0.349,0.167,5.02185982554892e-27,"PTPN18",0.182,0.932781862900431,"Malignant_enriched",3,3,0,0.29136690647482,0.343835882767177,0.394736842105263,"Consistent_3_of_3","Standard_candidate",0.466390931450215,0.349,0.182,1,1,0.572797732862554,0.572797732862554,578
1.34701561925854e-30,0.684893852168352,0.471,0.26,4.93357940709633e-26,"MTHFS",0.211,0.684893852168352,"Malignant_enriched",3,3,1,0.431754874651811,0.473509355541516,0.507194244604317,"Consistent_3_of_3","Standard_candidate",0.342446926084176,0.471,0.211,1,1,0.572011731521044,0.572011731521044,579
1.25154901836885e-29,1.40483553271311,0.395,0.229,4.58392343467774e-25,"LAPTM4B",0.166,1.40483553271311,"Malignant_enriched",3,2,1,0.231578947368421,0.393903402421004,0.615598885793872,"Consistent_2_of_3","Standard_candidate",0.702417766356555,0.395,0.166,1,0.67,0.571804441589139,0.571804441589139,580
1.47865501443735e-35,2.0696279846405,0.359,0.189,5.41572185587826e-31,"CLEC3A",0.17,2.0696279846405,"Malignant_enriched",3,1,1,0,0.320175438596491,0.960526315789474,"Sample_specific","Standard_candidate",1,0.359,0.17,1,0.33,0.5718,0.5718,581
4.758077469554e-32,0.601229313871602,0.512,0.291,1.74269345399885e-27,"EBLN3P",0.221,0.601229313871602,"Malignant_enriched",3,3,2,0.387186629526462,0.517254813653842,0.593525179856115,"Consistent_3_of_3","Standard_candidate",0.300614656935801,0.512,0.221,1,1,0.57175366423395,0.57175366423395,582
4.72315194177455e-30,0.573984493765218,0.529,0.308,1.72990163019435e-25,"MPLKIP",0.221,0.573984493765218,"Malignant_enriched",3,3,1,0.410071942446043,0.516676475561963,0.702631578947368,"Consistent_3_of_3","Standard_candidate",0.286992246882609,0.529,0.221,1,1,0.571748061720652,0.571748061720652,583
2.52578021139803e-28,0.848231790627319,0.395,0.212,9.25092260226641e-24,"FBXL15",0.183,0.848231790627319,"Malignant_enriched",3,3,0,0.334210526315789,0.393795979196704,0.487465181058496,"Consistent_3_of_3","Standard_candidate",0.42411589531366,0.395,0.183,1,1,0.571628973828415,0.571628973828415,584
2.92687981404589e-33,0.920153560553976,0.344,0.155,1.07199900069245e-28,"SMARCA2",0.189,0.920153560553976,"Malignant_enriched",3,3,0,0.297368421052632,0.347043690366575,0.373259052924791,"Consistent_3_of_3","Standard_candidate",0.460076780276988,0.344,0.189,1,1,0.571619195069247,0.571619195069247,585
3.46804271052476e-33,0.599666683318803,0.506,0.279,1.2702053231568e-28,"KRCC1",0.227,0.599666683318803,"Malignant_enriched",3,3,2,0.348920863309353,0.492825548972931,0.594736842105263,"Consistent_3_of_3","Standard_candidate",0.299833341659402,0.506,0.227,1,1,0.57155833541485,0.57155833541485,586
4.09060478940321e-34,0.618839695814119,0.498,0.275,1.49822491016682e-29,"PDZD11",0.223,0.618839695814119,"Malignant_enriched",3,3,1,0.392086330935252,0.486945749074395,0.634210526315789,"Consistent_3_of_3","Standard_candidate",0.30941984790706,0.498,0.223,1,1,0.571554961976765,0.571554961976765,587
2.14887180123013e-52,1.53377100186303,0.278,0.079,7.87045785918546e-48,"RBL2",0.199,1.53377100186303,"Malignant_enriched",3,2,0,0.125348189415042,0.28499237261708,0.384892086330935,"Consistent_2_of_3","Standard_candidate",0.766885500931515,0.278,0.199,1,0.67,0.571121375232879,0.571121375232879,588
7.85142195391799e-33,0.800751749075252,0.402,0.2,2.875661804842e-28,"SLC22A18",0.202,0.800751749075252,"Malignant_enriched",3,3,0,0.37883008356546,0.402119178429431,0.421052631578947,"Consistent_3_of_3","Standard_candidate",0.400375874537626,0.402,0.202,1,1,0.570893968634407,0.570893968634407,589
1.18644790105213e-28,0.557007134519277,0.545,0.334,4.34548408239352e-24,"NUCB1",0.211,0.557007134519277,"Malignant_enriched",3,3,1,0.316546762589928,0.523369763359522,0.760526315789474,"Consistent_3_of_3","Standard_candidate",0.278503567259638,0.545,0.211,1,1,0.57082589181491,0.57082589181491,590
5.5230433869141e-51,1.12917361301937,0.47,0.216,2.02286987089116e-46,"RASD1",0.254,1.12917361301937,"Malignant_enriched",3,2,2,0.0947075208913649,0.473182198999633,0.742105263157895,"Consistent_2_of_3","Standard_candidate",0.564586806509685,0.47,0.254,1,0.67,0.569946701627421,0.569946701627421,591
8.59889199329487e-33,0.792379634625445,0.403,0.202,3.14943018146418e-28,"ZNF664",0.201,0.792379634625445,"Malignant_enriched",3,3,1,0.295264623955432,0.410790593445197,0.510791366906475,"Consistent_3_of_3","Standard_candidate",0.396189817312723,0.403,0.201,1,1,0.569847454328181,0.569847454328181,592
7.25744277550388e-38,0.811289286624569,0.381,0.172,2.65811099095605e-33,"BCAT2",0.209,0.811289286624569,"Malignant_enriched",3,3,0,0.321052631578947,0.386076747750019,0.438848920863309,"Consistent_3_of_3","Standard_candidate",0.405644643312285,0.381,0.209,1,1,0.569411160828071,0.569411160828071,593
7.67432745934547e-32,0.858472463040446,0.368,0.176,2.81079917525987e-27,"COQ7",0.192,0.858472463040446,"Malignant_enriched",3,3,0,0.280575539568345,0.35994750307363,0.431578947368421,"Consistent_3_of_3","Standard_candidate",0.429236231520223,0.368,0.192,1,1,0.569309057880056,0.569309057880056,594
5.01257479492571e-67,1.26690769394766,0.371,0.11,1.83590564438949e-62,"ALDH3B2",0.261,1.26690769394766,"Malignant_enriched",3,2,1,0.192200557103064,0.370611090661264,0.513157894736842,"Consistent_2_of_3","Standard_candidate",0.63345384697383,0.371,0.261,1,0.67,0.568763461743457,0.568763461743457,595
3.02342925210698e-24,0.510953770879042,0.605,0.397,1.1073611978767e-19,"MRPS36",0.208,0.510953770879042,"Malignant_enriched",3,3,2,0.399280575539568,0.587051889056121,0.718421052631579,"Consistent_3_of_3","Standard_candidate",0.255476885439521,0.605,0.208,0.947785534915472,1,0.568637051597201,0.568637051597201,596
7.06647141330148e-38,2.10914983770951,0.331,0.149,2.5881658198358e-33,"ECPAS",0.182,2.10914983770951,"Malignant_enriched",3,1,1,0.194736842105263,0.326423406063304,0.554317548746518,"Sample_specific","Standard_candidate",1,0.331,0.182,1,0.33,0.5686,0.5686,597
1.69023196862436e-32,0.658868446466485,0.466,0.251,6.19064360828359e-28,"ALG13",0.215,0.658868446466485,"Malignant_enriched",3,3,0,0.39568345323741,0.460326288155812,0.495821727019499,"Consistent_3_of_3","Standard_candidate",0.329434223233243,0.466,0.215,1,1,0.568558555808311,0.568558555808311,598
1.82653933177745e-28,0.856009544682094,0.374,0.192,6.6898829565681e-24,"OIP5-AS1",0.182,0.856009544682094,"Malignant_enriched",3,3,0,0.273381294964029,0.366568138247063,0.476323119777159,"Consistent_3_of_3","Standard_candidate",0.428004772341047,0.374,0.182,1,1,0.568201193085262,0.568201193085262,599
4.82535043838014e-52,1.35272609632856,0.35,0.125,1.76733285156111e-47,"SLC2A10",0.225,1.35272609632856,"Malignant_enriched",3,2,1,0.0584958217270195,0.384486616834666,0.794964028776978,"Consistent_2_of_3","Standard_candidate",0.67636304816428,0.35,0.225,1,0.67,0.56809076204107,0.56809076204107,600
5.5567307035641e-34,0.697775676340546,0.436,0.218,2.03520818748739e-29,"SMUG1",0.218,0.697775676340546,"Malignant_enriched",3,3,1,0.330935251798561,0.424312630235937,0.610526315789474,"Consistent_3_of_3","Standard_candidate",0.348887838170273,0.436,0.218,1,1,0.568021959542568,0.568021959542568,601
1.93722023047287e-35,0.563346244553013,0.494,0.251,7.09526281612992e-31,"DNASE2",0.243,0.563346244553013,"Malignant_enriched",3,3,1,0.406685236768802,0.485176790395861,0.631578947368421,"Consistent_3_of_3","Standard_candidate",0.281673122276506,0.494,0.243,1,1,0.567818280569127,0.567818280569127,602
8.08058807199546e-119,4.97119293273542,0.259,0.014,2.95959618724906e-114,"CYP4B1",0.245,4.97119293273542,"Malignant_enriched",3,1,1,0.0107913669064748,0.243109901464549,0.62116991643454,"Sample_specific","Standard_candidate",1,0.259,0.245,1,0.33,0.5668,0.5668,603
1.00577043684256e-25,0.636580634221236,0.493,0.301,3.68373480197954e-21,"CERS6",0.192,0.636580634221236,"Malignant_enriched",3,3,1,0.356545961002786,0.48498521810026,0.663157894736842,"Consistent_3_of_3","Standard_candidate",0.318290317110618,0.493,0.192,1,1,0.566572579277655,0.566572579277655,604
3.46411083925159e-28,0.527072266013513,0.538,0.323,1.26876523598429e-23,"NUBP2",0.215,0.527072266013513,"Malignant_enriched",3,3,1,0.37883008356546,0.523171810008378,0.784210526315789,"Consistent_3_of_3","Standard_candidate",0.263536133006756,0.538,0.215,1,1,0.566484033251689,0.566484033251689,605
1.91955189653509e-52,0.937133296575161,0.545,0.268,7.03055077624943e-48,"ARSD",0.277,0.937133296575161,"Malignant_enriched",3,2,2,0.200557103064067,0.553385246648012,0.747368421052632,"Consistent_2_of_3","Standard_candidate",0.46856664828758,0.545,0.277,1,0.67,0.565541662071895,0.565541662071895,606
1.60026875526727e-35,0.61079712904753,0.468,0.241,5.86114434304191e-31,"POLR3K",0.227,0.61079712904753,"Malignant_enriched",3,3,1,0.342618384401114,0.460224050637807,0.631578947368421,"Consistent_3_of_3","Standard_candidate",0.305398564523765,0.468,0.227,1,1,0.565349641130941,0.565349641130941,607
4.65634060489547e-46,1.40293669297156,0.32,0.116,1.70543130994902e-41,"E4F1",0.204,1.40293669297156,"Malignant_enriched",3,2,0,0.219424460431655,0.312365940702943,0.415041782729805,"Consistent_2_of_3","Standard_candidate",0.70146834648578,0.32,0.204,1,0.67,0.564167086621445,0.564167086621445,608
7.84100183486121e-31,0.553188130336329,0.508,0.292,2.87184533203627e-26,"AK1",0.216,0.553188130336329,"Malignant_enriched",3,3,2,0.384401114206128,0.516269511879135,0.622302158273381,"Consistent_3_of_3","Standard_candidate",0.276594065168164,0.508,0.216,1,1,0.563948516292041,0.563948516292041,609
8.15818568182828e-33,0.872819595977959,0.338,0.152,2.98801708782643e-28,"HDDC3",0.186,0.872819595977959,"Malignant_enriched",3,3,0,0.302158273381295,0.335665424558169,0.373259052924791,"Consistent_3_of_3","Standard_candidate",0.436409797988979,0.338,0.186,1,1,0.563902449497245,0.563902449497245,610
3.26462418585423e-34,0.537661676907208,0.507,0.282,1.19570125431097e-29,"TPGS2",0.225,0.537661676907208,"Malignant_enriched",3,3,1,0.373259052924791,0.495232507733734,0.713157894736842,"Consistent_3_of_3","Standard_candidate",0.268830838453604,0.507,0.225,1,1,0.563607709613401,0.563607709613401,611
9.22750170044924e-27,0.67405611465297,0.447,0.248,3.37966477280654e-22,"VEZF1",0.199,0.67405611465297,"Malignant_enriched",3,3,2,0.275766016713092,0.453123570634769,0.546762589928058,"Consistent_3_of_3","Standard_candidate",0.337028057326485,0.447,0.199,1,1,0.563457014331621,0.563457014331621,612
1.95870688734094e-38,0.783566306581581,0.365,0.155,7.17395984557493e-34,"PDHX",0.21,0.783566306581581,"Malignant_enriched",3,3,0,0.284172661870504,0.356919402170684,0.457894736842105,"Consistent_3_of_3","Standard_candidate",0.39178315329079,0.365,0.21,1,1,0.562945788322698,0.562945788322698,613
7.54784603828289e-44,0.549738320601957,0.472,0.225,2.76447408998149e-39,"ARMT1",0.247,0.549738320601957,"Malignant_enriched",3,3,1,0.389473684210526,0.486514140102666,0.643884892086331,"Consistent_3_of_3","Standard_candidate",0.274869160300979,0.472,0.247,1,1,0.562517290075245,0.562517290075245,614
6.93862516347888e-43,1.40938626395009,0.313,0.115,2.54134085237577e-38,"MSMB",0.198,1.40938626395009,"Malignant_enriched",3,2,1,0.00278551532033426,0.345943019810804,0.748201438848921,"Consistent_2_of_3","Standard_candidate",0.704693131975045,0.313,0.198,1,0.67,0.562373282993761,0.562373282993761,615
1.34822787090385e-36,0.615341368718326,0.452,0.227,4.93801939997244e-32,"CCS",0.225,0.615341368718326,"Malignant_enriched",3,3,1,0.309192200557103,0.442354739577346,0.647368421052632,"Consistent_3_of_3","Standard_candidate",0.307670684359163,0.452,0.225,1,1,0.562317671089791,0.562317671089791,616
1.1142911671468e-28,0.950405118746964,0.304,0.141,4.08120282879188e-24,"KIF21A",0.163,0.950405118746964,"Malignant_enriched",3,3,0,0.278947368421053,0.307710951895279,0.348920863309353,"Consistent_3_of_3","Standard_candidate",0.475202559373482,0.304,0.163,1,1,0.562200639843371,0.562200639843371,617
3.9168759826952e-29,0.748600519820618,0.4,0.207,1.43459499742194e-24,"THAP7",0.193,0.748600519820618,"Malignant_enriched",3,3,0,0.316546762589928,0.392729094835845,0.460526315789474,"Consistent_3_of_3","Standard_candidate",0.374300259910309,0.4,0.193,1,1,0.562175064977577,0.562175064977577,618
1.68431357215795e-34,0.668787695553926,0.424,0.207,6.1689668893857e-30,"SMIM10L1",0.217,0.668787695553926,"Malignant_enriched",3,3,1,0.334261838440111,0.420596430054315,0.521052631578947,"Consistent_3_of_3","Standard_candidate",0.334393847776963,0.424,0.217,1,1,0.561798461944241,0.561798461944241,619
5.01307217385714e-25,0.767426128740677,0.412,0.236,1.83608781439692e-20,"ZNF32",0.176,0.767426128740677,"Malignant_enriched",3,3,1,0.316546762589928,0.405769704717094,0.537604456824513,"Consistent_3_of_3","Standard_candidate",0.383713064370338,0.412,0.176,0.986805327583863,1,0.561549065230164,0.561549065230164,620
1.29230235150796e-31,0.669788293633769,0.433,0.227,4.73318659263305e-27,"CCDC57",0.206,0.669788293633769,"Malignant_enriched",3,3,1,0.303621169916435,0.446915752839746,0.618705035971223,"Consistent_3_of_3","Standard_candidate",0.334894146816885,0.433,0.206,1,1,0.561523536704221,0.561523536704221,621
2.81808905643235e-33,1.3041870419581,0.384,0.196,1.03215329780891e-28,"EXOSC3",0.188,1.3041870419581,"Malignant_enriched",3,2,1,0.111510791366906,0.362298544099774,0.506963788300836,"Consistent_2_of_3","Standard_candidate",0.65209352097905,0.384,0.188,1,0.67,0.561423380244763,0.561423380244763,622
7.64980168831131e-49,0.975068704188288,0.524,0.273,2.8018163663609e-44,"MRPL11",0.251,0.975068704188288,"Malignant_enriched",3,2,1,0.205035971223022,0.494714868773505,0.8,"Consistent_2_of_3","Standard_candidate",0.487534352094144,0.524,0.251,1,0.67,0.560883588023536,0.560883588023536,623
5.01634100279391e-31,0.712267305859576,0.407,0.206,1.8372850556833e-26,"ARFGAP2",0.201,0.712267305859576,"Malignant_enriched",3,3,0,0.35933147632312,0.402927480622158,0.478947368421053,"Consistent_3_of_3","Standard_candidate",0.356133652929788,0.407,0.201,1,1,0.560633413232447,0.560633413232447,624
4.33093208175016e-32,0.732632378963121,0.395,0.197,1.58624718426181e-27,"CPEB4",0.198,0.732632378963121,"Malignant_enriched",3,3,0,0.287769784172662,0.385819659768447,0.465789473684211,"Consistent_3_of_3","Standard_candidate",0.36631618948156,0.395,0.198,1,1,0.56017904737039,0.56017904737039,625
2.49927784249344e-46,1.4667670571357,0.276,0.088,9.15385502591647e-42,"FBLN1",0.188,1.4667670571357,"Malignant_enriched",3,2,1,0.0278551532033426,0.272430324322861,0.505263157894737,"Consistent_2_of_3","Standard_candidate",0.73338352856785,0.276,0.188,1,0.67,0.560145882141962,0.560145882141962,626
5.1885940959954e-28,0.770529441859541,0.387,0.205,1.90037447359927e-23,"GET1",0.182,0.770529441859541,"Malignant_enriched",3,3,0,0.26978417266187,0.377449437605758,0.444736842105263,"Consistent_3_of_3","Standard_candidate",0.38526472092977,0.387,0.182,1,1,0.560116180232443,0.560116180232443,627
5.57669629857271e-50,2.38356602499372,0.279,0.089,2.04252078631524e-45,"PITX1",0.19,2.38356602499372,"Malignant_enriched",3,1,1,0.00359712230215827,0.24959859117544,0.736842105263158,"Sample_specific","Standard_candidate",1,0.279,0.19,1,0.33,0.5598,0.5598,628
2.44379950413805e-30,0.902332800103452,0.313,0.141,8.95066006385601e-26,"NDUFS1",0.172,0.902332800103452,"Malignant_enriched",3,3,0,0.29136690647482,0.311328430291978,0.342618384401114,"Consistent_3_of_3","Standard_candidate",0.451166400051726,0.313,0.172,1,1,0.559791600012931,0.559791600012931,629
2.14092923399945e-51,1.22673296402721,0.377,0.143,7.84136741244638e-47,"TMX4",0.234,1.22673296402721,"Malignant_enriched",3,2,1,0.197771587743733,0.394322196545652,0.611510791366906,"Consistent_2_of_3","Standard_candidate",0.613366482013605,0.377,0.234,1,0.67,0.559541620503401,0.559541620503401,630
4.8943776683929e-37,0.705833379310415,0.393,0.18,1.79261476482559e-32,"MMAB",0.213,0.705833379310415,"Malignant_enriched",3,3,0,0.302158273381295,0.384634295202747,0.486842105263158,"Consistent_3_of_3","Standard_candidate",0.352916689655208,0.393,0.213,1,1,0.559429172413802,0.559429172413802,631
2.77994286347816e-32,0.591271418307511,0.464,0.251,1.01818187317751e-27,"CRELD2",0.213,0.591271418307511,"Malignant_enriched",3,3,1,0.289693593314763,0.463142847399254,0.610526315789474,"Consistent_3_of_3","Standard_candidate",0.295635709153755,0.464,0.213,1,1,0.559308927288439,0.559308927288439,632
6.48601777227077e-43,2.30968377235875,0.289,0.112,2.37556886927189e-38,"KLHL5",0.177,2.30968377235875,"Malignant_enriched",3,1,1,0.039568345323741,0.27344209956767,0.651810584958217,"Sample_specific","Standard_candidate",1,0.289,0.177,1,0.33,0.5592,0.5592,633
1.32298246864711e-28,0.617601405189962,0.457,0.255,4.8455555896669e-24,"SLC39A3",0.202,0.617601405189962,"Malignant_enriched",3,3,1,0.305755395683453,0.442178935344614,0.644736842105263,"Consistent_3_of_3","Standard_candidate",0.308800702594981,0.457,0.202,1,1,0.559000175648745,0.559000175648745,634
9.75571514329448e-50,1.268430865221,0.357,0.132,3.57312822838304e-45,"GAS2L1",0.225,1.268430865221,"Malignant_enriched",3,2,1,0.12589928057554,0.335843180022761,0.547368421052632,"Consistent_2_of_3","Standard_candidate",0.6342154326105,0.357,0.225,1,0.67,0.558953858152625,0.558953858152625,635
2.94349957496302e-31,0.832222230931803,0.341,0.159,1.07808615432596e-26,"TRUB2",0.182,0.832222230931803,"Malignant_enriched",3,3,0,0.309352517985612,0.338068392961924,0.378947368421053,"Consistent_3_of_3","Standard_candidate",0.416111115465902,0.341,0.182,1,1,0.558627778866475,0.558627778866475,636
1.54703108458085e-35,0.625796657256942,0.428,0.204,5.66615605038583e-31,"DST",0.224,0.625796657256942,"Malignant_enriched",3,3,0,0.423684210526316,0.427561677384379,0.434540389972145,"Consistent_3_of_3","Standard_candidate",0.312898328628471,0.428,0.224,1,1,0.558624582157118,0.558624582157118,637
4.43644402752434e-61,4.66693162215952,0.265,0.068,1.62489198952107e-56,"APOE",0.197,4.66693162215952,"Malignant_enriched",3,1,1,0.0359712230215827,0.251652236340234,0.676880222841226,"Sample_specific","Standard_candidate",1,0.265,0.197,1,0.33,0.5584,0.5584,638
1.75579520773899e-69,3.45964287621712,0.258,0.055,6.43077552786483e-65,"MT1G",0.203,3.45964287621712,"Malignant_enriched",3,1,1,0,0.242857840981283,0.707520891364902,"Sample_specific","Standard_candidate",1,0.258,0.203,1,0.33,0.5582,0.5582,639
3.83342844213688e-30,0.546051210512574,0.489,0.28,1.40403150121705e-25,"STIP1",0.209,0.546051210512574,"Malignant_enriched",3,3,1,0.33983286908078,0.478593791145064,0.689473684210526,"Consistent_3_of_3","Standard_candidate",0.273025605256287,0.489,0.209,1,1,0.557856401314072,0.557856401314072,640
1.33423233417546e-26,0.72977572617626,0.403,0.224,4.88675934715105e-22,"HK1",0.179,0.72977572617626,"Malignant_enriched",3,3,0,0.318421052631579,0.404507785063549,0.495821727019499,"Consistent_3_of_3","Standard_candidate",0.36488786308813,0.403,0.179,1,1,0.557621965772032,0.557621965772032,641
1.00397599607165e-52,1.37233913567988,0.301,0.092,3.67716248321201e-48,"NPEPL1",0.209,1.37233913567988,"Malignant_enriched",3,2,0,0.203342618384401,0.311110419683605,0.435251798561151,"Consistent_2_of_3","Standard_candidate",0.68616956783994,0.301,0.209,1,0.67,0.557542391959985,0.557542391959985,642
9.31006214566121e-24,0.750658737848571,0.454,0.282,3.40990336146987e-19,"KCNQ1OT1",0.172,0.750658737848571,"Malignant_enriched",3,3,1,0.267409470752089,0.477133461095074,0.748201438848921,"Consistent_3_of_3","Standard_candidate",0.375329368924285,0.454,0.172,0.923362896448837,1,0.557536776698397,0.557536776698397,643
3.38344817651179e-23,0.563244861326467,0.575,0.389,1.23922172912921e-18,"MSI2",0.186,0.563244861326467,"Malignant_enriched",3,3,2,0.420612813370474,0.596218407183065,0.841726618705036,"Consistent_3_of_3","Standard_candidate",0.281622430663234,0.575,0.186,0.895342549002348,1,0.556906990016161,0.556906990016161,644
7.37470763134207e-28,0.543177221862797,0.484,0.273,2.70106041705535e-23,"ERG28",0.211,0.543177221862797,"Malignant_enriched",3,3,2,0.363309352517986,0.473629628770228,0.539473684210526,"Consistent_3_of_3","Standard_candidate",0.271588610931399,0.484,0.211,1,1,0.55689715273285,0.55689715273285,645
1.10925364332447e-24,0.506890945863032,0.534,0.328,4.06275239404019e-20,"CDK4",0.206,0.506890945863032,"Malignant_enriched",3,3,1,0.431654676258993,0.523763209048653,0.660526315789474,"Consistent_3_of_3","Standard_candidate",0.253445472931516,0.534,0.206,0.969558982255311,1,0.556795215571176,0.556795215571176,646
1.62787008147117e-37,2.51806340377511,0.278,0.106,5.9622369603963e-33,"CGA",0.172,2.51806340377511,"Malignant_enriched",3,1,1,0,0.337397450460684,0.996402877697842,"Sample_specific","Standard_candidate",1,0.278,0.172,1,0.33,0.556,0.556,647
8.61115606832936e-30,0.943636438790102,0.279,0.119,3.15392202158631e-25,"DCTN1",0.16,0.943636438790102,"Malignant_enriched",3,3,0,0.252631578947368,0.279600732256886,0.309192200557103,"Consistent_3_of_3","Standard_candidate",0.471818219395051,0.279,0.16,1,1,0.555754554848763,0.555754554848763,648
3.40570078104124e-47,1.43157061641803,0.272,0.083,1.24737196806416e-42,"PCP2",0.189,1.43157061641803,"Malignant_enriched",3,2,0,0.0921052631578947,0.28678212685679,0.41726618705036,"Consistent_2_of_3","Standard_candidate",0.715785308209015,0.272,0.189,1,0.67,0.555146327052254,0.555146327052254,649
6.85469670501671e-42,1.17431701646712,0.399,0.182,2.51060121517942e-37,"CCDC115",0.217,1.17431701646712,"Malignant_enriched",3,2,1,0.169064748201439,0.382658488368373,0.618384401114206,"Consistent_2_of_3","Standard_candidate",0.58715850823356,0.399,0.217,1,0.67,0.55398962705839,0.55398962705839,650
2.72013689517583e-29,0.618383114739628,0.432,0.231,9.96277339227101e-25,"PARL",0.201,0.618383114739628,"Malignant_enriched",3,3,1,0.31294964028777,0.418989370884175,0.623684210526316,"Consistent_3_of_3","Standard_candidate",0.309191557369814,0.432,0.201,1,1,0.553897889342454,0.553897889342454,651
1.17335297245859e-27,0.781930642520165,0.351,0.174,4.29752259692684e-23,"COPG1",0.177,0.781930642520165,"Malignant_enriched",3,3,0,0.250696378830084,0.354466633407832,0.410071942446043,"Consistent_3_of_3","Standard_candidate",0.390965321260082,0.351,0.177,1,1,0.553341330315021,0.553341330315021,652
2.48470521951536e-27,0.567258201710662,0.459,0.256,9.10048133699697e-23,"SECISBP2",0.203,0.567258201710662,"Malignant_enriched",3,3,2,0.28133704735376,0.461177728393447,0.58421052631579,"Consistent_3_of_3","Standard_candidate",0.283629100855331,0.459,0.203,1,1,0.553307275213833,0.553307275213833,653
2.35545935711668e-27,0.620886643692154,0.433,0.238,8.62710544137553e-23,"GSTO2",0.195,0.620886643692154,"Malignant_enriched",3,3,1,0.328947368421053,0.434863046375684,0.540389972144847,"Consistent_3_of_3","Standard_candidate",0.310443321846077,0.433,0.195,1,1,0.553210830461519,0.553210830461519,654
3.78384499651099e-26,0.600789911804038,0.444,0.251,1.38587106842212e-21,"TSR3",0.193,0.600789911804038,"Malignant_enriched",3,3,1,0.292479108635098,0.428592367273166,0.694736842105263,"Consistent_3_of_3","Standard_candidate",0.300394955902019,0.444,0.193,1,1,0.552498738975505,0.552498738975505,655
5.77587559888553e-49,2.12566826187442,0.252,0.072,2.11547219684781e-44,"IDNK",0.18,2.12566826187442,"Malignant_enriched",3,1,0,0.118705035971223,0.24334100817865,0.442896935933148,"Sample_specific","Standard_candidate",1,0.252,0.18,1,0.33,0.5524,0.5524,656
1.31790463014557e-22,0.581593275009395,0.559,0.37,4.82695749837118e-18,"ETHE1",0.189,0.581593275009395,"Malignant_enriched",3,3,1,0.316546762589928,0.535753089362552,0.792105263157895,"Consistent_3_of_3","Standard_candidate",0.290796637504697,0.559,0.189,0.865816326257575,1,0.552171608314811,0.552171608314811,657
2.53818403555985e-43,1.33202212143623,0.311,0.115,9.2963528486415e-39,"SLC35E3",0.196,1.33202212143623,"Malignant_enriched",3,2,0,0.197368421052632,0.310660985945154,0.454038997214485,"Consistent_2_of_3","Standard_candidate",0.666011060718115,0.311,0.196,1,0.67,0.551902765179529,0.551902765179529,658
1.2228496370148e-24,0.504558354291594,0.519,0.32,4.47880908053041e-20,"IARS2",0.199,0.504558354291594,"Malignant_enriched",3,3,2,0.431754874651811,0.520032137316096,0.581578947368421,"Consistent_3_of_3","Standard_candidate",0.252279177145797,0.519,0.199,0.967441872497763,1,0.551786075161114,0.551786075161114,659
1.05618315715483e-26,0.643314090845108,0.416,0.226,3.8683764313953e-22,"ENDOV",0.19,0.643314090845108,"Malignant_enriched",3,3,0,0.359712230215827,0.410421107477015,0.481578947368421,"Consistent_3_of_3","Standard_candidate",0.321657045422554,0.416,0.19,1,1,0.551614261355639,0.551614261355639,660
1.18244580398386e-50,0.948753584004195,0.483,0.221,4.3308260016713e-46,"VPS51",0.262,0.948753584004195,"Malignant_enriched",3,2,1,0.23021582733813,0.460433570750788,0.655263157894737,"Consistent_2_of_3","Standard_candidate",0.474376792002097,0.483,0.262,1,0.67,0.551594198000524,0.551594198000524,661
5.07972269031994e-30,0.711490901412376,0.372,0.181,1.86049923255658e-25,"ACY1",0.191,0.711490901412376,"Malignant_enriched",3,3,0,0.302158273381295,0.364976864718458,0.447368421052632,"Consistent_3_of_3","Standard_candidate",0.355745450706188,0.372,0.191,1,1,0.551536362676547,0.551536362676547,662
2.34694532977318e-39,1.23801131275132,0.36,0.157,8.59592196482725e-35,"RNF14",0.203,1.23801131275132,"Malignant_enriched",3,2,0,0.205035971223022,0.347915767957398,0.462395543175487,"Consistent_2_of_3","Standard_candidate",0.61900565637566,0.36,0.203,1,0.67,0.551351414093915,0.551351414093915,663
2.45517875654003e-26,0.649195191235029,0.415,0.229,8.99233771370353e-22,"EBAG9",0.186,0.649195191235029,"Malignant_enriched",3,3,1,0.255395683453237,0.399543271115405,0.589473684210526,"Consistent_3_of_3","Standard_candidate",0.324597595617515,0.415,0.186,1,1,0.551349398904379,0.551349398904379,664
1.93068602202989e-43,1.04815778328708,0.453,0.227,7.07133062428667e-39,"TMEM98",0.226,1.04815778328708,"Malignant_enriched",3,2,2,0.0215827338129496,0.415553233999811,0.723684210526316,"Consistent_2_of_3","Standard_candidate",0.52407889164354,0.453,0.226,1,0.67,0.550819722910885,0.550819722910885,665
4.94464574305107e-31,0.801184476988638,0.324,0.145,1.81102594984988e-26,"MTUS1",0.179,0.801184476988638,"Malignant_enriched",3,3,0,0.255395683453237,0.316373647893004,0.426315789473684,"Consistent_3_of_3","Standard_candidate",0.400592238494319,0.324,0.179,1,1,0.55074805962358,0.55074805962358,666
2.09649466453125e-25,0.665156369744972,0.408,0.228,7.67862135831214e-21,"OGFR",0.18,0.665156369744972,"Malignant_enriched",3,3,1,0.278551532033426,0.420661945740285,0.575539568345324,"Consistent_3_of_3","Standard_candidate",0.332578184872486,0.408,0.18,1,1,0.550744546218122,0.550744546218122,667
6.97151594022045e-28,0.910614442676069,0.278,0.122,2.55338742826514e-23,"LINC00472",0.156,0.910614442676069,"Malignant_enriched",3,3,0,0.262589928057554,0.276666466269881,0.3,"Consistent_3_of_3","Standard_candidate",0.455307221338034,0.278,0.156,1,1,0.550626805334509,0.550626805334509,668
5.84392925448961e-53,0.77334911882807,0.557,0.265,2.14039752874936e-48,"TSPAN1",0.292,0.77334911882807,"Malignant_enriched",3,2,2,0.158273381294964,0.523018752568682,0.739473684210526,"Consistent_2_of_3","Standard_candidate",0.386674559414035,0.557,0.292,1,0.67,0.550468639853509,0.550468639853509,669
2.93851276107434e-27,0.844629946131082,0.311,0.149,1.07625968387109e-22,"MRPL35",0.162,0.844629946131082,"Malignant_enriched",3,3,0,0.303621169916435,0.311430456865998,0.320143884892086,"Consistent_3_of_3","Standard_candidate",0.422314973065541,0.311,0.162,1,1,0.550178743266385,0.550178743266385,670
1.15302697600523e-44,1.20241682693604,0.362,0.146,4.22307660231676e-40,"DNAJC30",0.216,1.20241682693604,"Malignant_enriched",3,2,0,0.205035971223022,0.349464905425022,0.45125348189415,"Consistent_2_of_3","Standard_candidate",0.60120841346802,0.362,0.216,1,0.67,0.549902103367005,0.549902103367005,671
1.27994950645969e-26,0.618913626902082,0.418,0.226,4.68794306235926e-22,"C15orf40",0.192,0.618913626902082,"Malignant_enriched",3,3,0,0.356545961002786,0.414456378014433,0.494736842105263,"Consistent_3_of_3","Standard_candidate",0.309456813451041,0.418,0.192,1,1,0.54936420336276,0.54936420336276,672
1.58065208617044e-52,1.21656323508504,0.341,0.116,5.78929633080786e-48,"TACO1",0.225,1.21656323508504,"Malignant_enriched",3,2,0,0.194986072423398,0.349496177870781,0.464028776978417,"Consistent_2_of_3","Standard_candidate",0.60828161754252,0.341,0.225,1,0.67,0.54927040438563,0.54927040438563,673
1.44033175495547e-25,0.680510128418004,0.392,0.214,5.2753590856999e-21,"GFPT1",0.178,0.680510128418004,"Malignant_enriched",3,3,1,0.323119777158774,0.402941983021119,0.525179856115108,"Consistent_3_of_3","Standard_candidate",0.340255064209002,0.392,0.178,1,1,0.549063766052251,0.549063766052251,674
1.19477754870131e-33,0.741613499124905,0.341,0.152,4.37599224987342e-29,"PSME3IP1",0.189,0.741613499124905,"Malignant_enriched",3,3,0,0.272980501392758,0.338380853739527,0.418421052631579,"Consistent_3_of_3","Standard_candidate",0.370806749562453,0.341,0.189,1,1,0.548701687390613,0.548701687390613,675
7.28868624140107e-27,0.641948830295929,0.404,0.216,2.66955422277556e-22,"TLE3",0.188,0.641948830295929,"Malignant_enriched",3,3,0,0.345403899721448,0.409372926816149,0.474820143884892,"Consistent_3_of_3","Standard_candidate",0.320974415147964,0.404,0.188,1,1,0.548643603786991,0.548643603786991,676
3.46580386646177e-27,0.615669584946277,0.412,0.218,1.26938532413029e-22,"ETFRF1",0.194,0.615669584946277,"Malignant_enriched",3,3,1,0.266187050359712,0.398954790133587,0.518421052631579,"Consistent_3_of_3","Standard_candidate",0.307834792473138,0.412,0.194,1,1,0.548158698118285,0.548158698118285,677
3.91207610137127e-33,0.604108306382486,0.406,0.2,1.43283699288824e-28,"CCZ1",0.206,0.604108306382486,"Malignant_enriched",3,3,0,0.317548746518106,0.408683104828262,0.455263157894737,"Consistent_3_of_3","Standard_candidate",0.302054153191243,0.406,0.206,1,1,0.547913538297811,0.547913538297811,678
7.12007093507263e-26,0.500469097314336,0.474,0.273,2.6077971806797e-21,"TMED7",0.201,0.500469097314336,"Malignant_enriched",3,3,1,0.323741007194245,0.459572761084491,0.631578947368421,"Consistent_3_of_3","Standard_candidate",0.250234548657168,0.474,0.201,1,1,0.547558637164292,0.547558637164292,679
1.62542404227655e-50,1.93950319978035,0.259,0.074,5.9532780972421e-46,"TMEM64",0.185,1.93950319978035,"Malignant_enriched",3,1,1,0.00557103064066852,0.306116760308217,0.841726618705036,"Sample_specific","Standard_candidate",0.969751599890175,0.259,0.185,1,0.33,0.547237899972544,0.547237899972544,680
4.19223933524927e-33,0.774113151791692,0.627,0.423,1.5354495789284e-28,"LY6E",0.204,0.774113151791692,"Malignant_enriched",3,2,2,0.211699164345404,0.632746118015425,0.913157894736842,"Consistent_2_of_3","Standard_candidate",0.387056575895846,0.627,0.204,1,0.67,0.546964143973962,0.546964143973962,681
2.28017845556809e-25,0.777470600450265,0.334,0.17,8.35138161136369e-21,"FBXL5",0.164,0.777470600450265,"Malignant_enriched",3,3,0,0.284210526315789,0.33314555802946,0.409470752089136,"Consistent_3_of_3","Standard_candidate",0.388735300225132,0.334,0.164,1,1,0.546783825056283,0.546783825056283,682
2.36607514053769e-49,1.27199786754357,0.309,0.1,8.66598680973333e-45,"CTPS2",0.209,1.27199786754357,"Malignant_enriched",3,2,1,0.0362116991643454,0.30120978133195,0.586842105263158,"Consistent_2_of_3","Standard_candidate",0.635998933771785,0.309,0.209,1,0.67,0.546599733442946,0.546599733442946,683
1.50709252544159e-48,1.02149248951482,0.43,0.188,5.51987708368237e-44,"TCTN1",0.242,1.02149248951482,"Malignant_enriched",3,2,1,0.236768802228412,0.418914099038904,0.671052631578947,"Consistent_2_of_3","Standard_candidate",0.51074624475741,0.43,0.242,1,0.67,0.546086561189353,0.546086561189353,684
3.68733010318473e-32,0.688402802110471,0.36,0.172,1.35052152359244e-27,"DHRS4L2",0.188,0.688402802110471,"Malignant_enriched",3,3,0,0.331578947368421,0.363667535404311,0.402877697841727,"Consistent_3_of_3","Standard_candidate",0.344201401055236,0.36,0.188,1,1,0.545650350263809,0.545650350263809,685
2.2770456592362e-30,0.656755742240595,0.376,0.185,8.33990743151849e-26,"GPS1",0.191,0.656755742240595,"Malignant_enriched",3,3,1,0.264623955431755,0.366675737258016,0.536842105263158,"Consistent_3_of_3","Standard_candidate",0.328377871120297,0.376,0.191,1,1,0.545494467780074,0.545494467780074,686
5.12355139224778e-33,0.739099551652346,0.329,0.143,1.87655193292467e-28,"ZFX",0.186,0.739099551652346,"Malignant_enriched",3,3,0,0.284122562674095,0.33353119879115,0.384892086330935,"Consistent_3_of_3","Standard_candidate",0.369549775826173,0.329,0.186,1,1,0.545387443956543,0.545387443956543,687
2.70231979306734e-47,1.13609946131833,0.369,0.145,9.89751647408843e-43,"IRX5",0.224,1.13609946131833,"Malignant_enriched",3,2,1,0.147632311977716,0.37157603634143,0.521052631578947,"Consistent_2_of_3","Standard_candidate",0.568049730659165,0.369,0.224,1,0.67,0.544612432664791,0.544612432664791,688
5.53524847398305e-25,0.502163835828922,0.469,0.269,2.02734010608103e-20,"OXLD1",0.2,0.502163835828922,"Malignant_enriched",3,3,1,0.302158273381295,0.452896524592377,0.652631578947368,"Consistent_3_of_3","Standard_candidate",0.251081917914461,0.469,0.2,0.984653669402942,1,0.544268529889057,0.544268529889057,689
1.83916281571673e-27,0.538321494147573,0.442,0.25,6.7361177288441e-23,"BAIAP2",0.192,0.538321494147573,"Malignant_enriched",3,3,2,0.259052924791086,0.445533102912187,0.563157894736842,"Consistent_3_of_3","Standard_candidate",0.269160747073787,0.442,0.192,1,1,0.544090186768447,0.544090186768447,690
1.67407435495608e-25,0.700091146297791,0.35,0.18,6.13146473246213e-21,"ZNF467",0.17,0.700091146297791,"Malignant_enriched",3,3,0,0.331476323119777,0.351859014181413,0.37410071942446,"Consistent_3_of_3","Standard_candidate",0.350045573148896,0.35,0.17,1,1,0.541511393287224,0.541511393287224,691
4.22152124705789e-21,0.516569987646358,0.595,0.4,1.54617437194742e-16,"BRI3",0.195,0.516569987646358,"Malignant_enriched",3,3,2,0.467966573816156,0.604979139397762,0.733812949640288,"Consistent_3_of_3","Standard_candidate",0.258284993823179,0.595,0.195,0.790537076474824,1,0.541151809927018,0.541151809927018,692
3.52423700280045e-27,0.543105225937137,0.42,0.225,1.29078704464569e-22,"HNRNPL",0.195,0.543105225937137,"Malignant_enriched",3,3,1,0.33983286908078,0.416224739018344,0.513157894736842,"Consistent_3_of_3","Standard_candidate",0.271552612968568,0.42,0.195,1,1,0.540888153242142,0.540888153242142,693
4.27918931113409e-25,0.509375680514805,0.451,0.26,1.56729587709597e-20,"AKT1S1",0.191,0.509375680514805,"Malignant_enriched",3,3,1,0.362116991643454,0.442774324741936,0.592105263157895,"Consistent_3_of_3","Standard_candidate",0.254687840257402,0.451,0.191,0.990242450442674,1,0.540608327630752,0.540608327630752,694
9.84209086545662e-37,1.26018612838898,0.312,0.129,3.60476420038214e-32,"INO80C",0.183,1.26018612838898,"Malignant_enriched",3,2,0,0.183453237410072,0.300795803761623,0.376315789473684,"Consistent_2_of_3","Standard_candidate",0.63009306419449,0.312,0.183,1,0.67,0.540523266048623,0.540523266048623,695
1.60547973388038e-57,1.25511327229189,0.285,0.073,5.88023007331027e-53,"ADCY1",0.212,1.25511327229189,"Malignant_enriched",3,2,1,0.00557103064066852,0.302122061330557,0.532374100719424,"Consistent_2_of_3","Standard_candidate",0.627556636145945,0.285,0.212,1,0.67,0.540289159036486,0.540289159036486,696
3.90681078978102e-75,1.66619277090303,0.327,0.079,1.4309085198652e-70,"PCMTD2",0.248,1.66619277090303,"Malignant_enriched",3,1,1,0.123684210526316,0.36115819849618,0.723021582733813,"Sample_specific","Standard_candidate",0.833096385451515,0.327,0.248,1,0.33,0.539274096362879,0.539274096362879,697
2.84218614371536e-24,0.602139863679465,0.423,0.238,1.04097909699719e-19,"B3GAT3",0.185,0.602139863679465,"Malignant_enriched",3,3,1,0.330935251798561,0.414397173069344,0.5,"Consistent_3_of_3","Standard_candidate",0.301069931839733,0.423,0.185,0.949127899554729,1,0.539236667893142,0.539236667893142,698
1.8560491193217e-35,0.812257295017346,0.552,0.337,6.79796550442766e-31,"HSPH1",0.215,0.812257295017346,"Malignant_enriched",3,2,2,0.172701949860724,0.560299867421705,0.781578947368421,"Consistent_2_of_3","Standard_candidate",0.406128647508673,0.552,0.215,1,0.67,0.538932161877168,0.538932161877168,699
1.8396696186176e-50,1.13055400590406,0.339,0.117,6.73797394514884e-46,"SCNN1A",0.222,1.13055400590406,"Malignant_enriched",3,2,1,0.206128133704735,0.352452909392175,0.514388489208633,"Consistent_2_of_3","Standard_candidate",0.56527700295203,0.339,0.222,1,0.67,0.537519250738008,0.537519250738008,700
9.87909228948661e-31,0.699364260204696,0.323,0.148,3.61831634194737e-26,"NIPSNAP1",0.175,0.699364260204696,"Malignant_enriched",3,3,0,0.29136690647482,0.319792487370608,0.342105263157895,"Consistent_3_of_3","Standard_candidate",0.349682130102348,0.323,0.175,1,1,0.537020532525587,0.537020532525587,701
2.28069754367552e-48,1.0768613356227,0.365,0.14,8.35328282346596e-44,"PIGS",0.225,1.0768613356227,"Malignant_enriched",3,2,0,0.214484679665738,0.366402125330962,0.471052631578947,"Consistent_2_of_3","Standard_candidate",0.53843066781135,0.365,0.225,1,0.67,0.536607666952837,0.536607666952837,702
2.77896364760544e-23,0.549863075702978,0.48,0.297,1.01782322557197e-18,"KAT6B",0.183,0.549863075702978,"Malignant_enriched",3,3,2,0.3008356545961,0.489613399443178,0.62589928057554,"Consistent_3_of_3","Standard_candidate",0.274931537851489,0.48,0.183,0.8996163821621,1,0.536275341787187,0.536275341787187,703
1.06124669706803e-23,0.523180463886104,0.469,0.276,3.88692215268137e-19,"SYNE4",0.193,0.523180463886104,"Malignant_enriched",3,3,1,0.366906474820144,0.458946345342726,0.592105263157895,"Consistent_3_of_3","Standard_candidate",0.261590231943052,0.469,0.193,0.920519707866809,1,0.535875514165784,0.535875514165784,704
8.09110303535561e-24,0.615614658636414,0.41,0.229,2.96344739772935e-19,"PTGES2",0.181,0.615614658636414,"Malignant_enriched",3,3,1,0.284172661870504,0.400502943195949,0.504178272980501,"Consistent_3_of_3","Standard_candidate",0.307807329318207,0.41,0.181,0.926410138862089,1,0.534113353158865,0.534113353158865,705
5.19278475421071e-27,0.728114153934864,0.299,0.138,1.90190934407722e-22,"CRELD1",0.161,0.728114153934864,"Malignant_enriched",3,3,0,0.275766016713092,0.296850694199076,0.334210526315789,"Consistent_3_of_3","Standard_candidate",0.364057076967432,0.299,0.161,1,1,0.533014269241858,0.533014269241858,706
1.25136011724971e-55,0.999765438705215,0.372,0.126,4.58323156543879e-51,"THBS1",0.246,0.999765438705215,"Malignant_enriched",3,2,1,0.179856115107914,0.352392052052538,0.621052631578947,"Consistent_2_of_3","Standard_candidate",0.499882719352607,0.372,0.246,1,0.67,0.532570679838152,0.532570679838152,707
1.12857003604782e-48,1.16428609214873,0.309,0.103,4.13350061402873e-44,"JARID2",0.206,1.16428609214873,"Malignant_enriched",3,2,0,0.194986072423398,0.316686636030569,0.420863309352518,"Consistent_2_of_3","Standard_candidate",0.582143046074365,0.309,0.206,1,0.67,0.532535761518591,0.532535761518591,708
1.43446948009424e-18,0.670063636324208,0.576,0.407,5.25388791779316e-14,"HADHB",0.169,0.670063636324208,"Malignant_enriched",3,3,2,0.402877697841727,0.564449434441598,0.779944289693593,"Consistent_3_of_3","Standard_candidate",0.335031818162104,0.576,0.169,0.663975959816964,1,0.532354348513071,0.532354348513071,709
1.44457306545851e-18,0.764186801755397,0.522,0.359,5.29089330954834e-14,"GPATCH2",0.163,0.764186801755397,"Malignant_enriched",3,3,1,0.407894736842105,0.516735504720399,0.721448467966574,"Consistent_3_of_3","Standard_candidate",0.382093400877698,0.522,0.163,0.663823549794703,1,0.53209688268863,0.53209688268863,710
2.35078494806088e-27,0.887606834110769,0.497,0.312,8.60998495076776e-23,"CD81",0.185,0.887606834110769,"Malignant_enriched",3,2,2,0.16991643454039,0.514666073914069,0.766187050359712,"Consistent_2_of_3","Standard_candidate",0.443803417055385,0.497,0.185,1,0.67,0.531350854263846,0.531350854263846,711
3.6027919293905e-44,1.65173036037451,0.342,0.141,1.31955857205856e-39,"ANKRD26",0.201,1.65173036037451,"Malignant_enriched",3,1,1,0.190647482014388,0.333712382095496,0.618384401114206,"Sample_specific","Standard_candidate",0.825865180187255,0.342,0.201,1,0.33,0.531066295046814,0.531066295046814,712
1.44463409011941e-24,0.540531549697488,0.413,0.232,5.29111681847136e-20,"TM2D3",0.181,0.540531549697488,"Malignant_enriched",3,3,0,0.371052631578947,0.418177306857051,0.471223021582734,"Consistent_3_of_3","Standard_candidate",0.270265774848744,0.413,0.181,0.963822632495525,1,0.530939838586515,0.530939838586515,713
1.02738760492413e-36,1.18712992915616,0.306,0.122,3.76290984179512e-32,"OAZ3",0.184,1.18712992915616,"Malignant_enriched",3,2,0,0.10431654676259,0.287015255117413,0.492105263157895,"Consistent_2_of_3","Standard_candidate",0.59356496457808,0.306,0.184,1,0.67,0.53039124114452,0.53039124114452,714
2.12298752561931e-41,1.09222825630921,0.342,0.138,7.77565411133329e-37,"TXNDC15",0.204,1.09222825630921,"Malignant_enriched",3,2,0,0.23021582733813,0.332583304416429,0.402631578947368,"Consistent_2_of_3","Standard_candidate",0.546114128154605,0.342,0.204,1,0.67,0.529728532038651,0.529728532038651,715
3.48275368896132e-47,0.973153930303926,0.386,0.154,1.27559336611897e-42,"PREX1",0.232,0.973153930303926,"Malignant_enriched",3,2,2,0.0557103064066852,0.392431013406545,0.6,"Consistent_2_of_3","Standard_candidate",0.486576965151963,0.386,0.232,1,0.67,0.529244241287991,0.529244241287991,716
5.53782594390094e-55,1.21405006686876,0.262,0.064,2.02828413021316e-50,"AC008268.1",0.198,1.21405006686876,"Malignant_enriched",3,2,0,0.0710526315789474,0.272650497107079,0.387186629526462,"Consistent_2_of_3","Standard_candidate",0.60702503343438,0.262,0.198,1,0.67,0.527756258358595,0.527756258358595,717
2.51086597116832e-33,0.939484563399669,0.425,0.22,9.1962977060011e-29,"CPD",0.205,0.939484563399669,"Malignant_enriched",3,2,1,0.194986072423398,0.411827365552214,0.713157894736842,"Consistent_2_of_3","Standard_candidate",0.469742281699835,0.425,0.205,1,0.67,0.527435570424959,0.527435570424959,718
3.98538952715747e-27,1.06550404298769,0.376,0.204,1.45968876821669e-22,"NUDT9",0.172,1.06550404298769,"Malignant_enriched",3,2,1,0.140287769784173,0.359031074509986,0.618384401114206,"Consistent_2_of_3","Standard_candidate",0.532752021493845,0.376,0.172,1,0.67,0.526788005373461,0.526788005373461,719
1.84231694967911e-23,0.589223013198706,0.408,0.234,6.74767005989471e-19,"COPS7A",0.174,0.589223013198706,"Malignant_enriched",3,3,0,0.345323741007194,0.402167484601968,0.468421052631579,"Consistent_3_of_3","Standard_candidate",0.294611506599353,0.408,0.174,0.908542308060742,1,0.52633422285895,0.52633422285895,720
6.87505263911162e-43,0.93729371296704,0.399,0.173,2.51805677960102e-38,"GOT2",0.226,0.93729371296704,"Malignant_enriched",3,2,1,0.222841225626741,0.408844336347371,0.543165467625899,"Consistent_2_of_3","Standard_candidate",0.46864685648352,0.399,0.226,1,0.67,0.52616171412088,0.52616171412088,721
2.97581893023402e-23,0.78463702612084,0.308,0.157,1.08992344138751e-18,"RMND1",0.151,0.78463702612084,"Malignant_enriched",3,3,0,0.289693593314763,0.31015155622167,0.338129496402878,"Consistent_3_of_3","Standard_candidate",0.39231851306042,0.308,0.151,0.898130200339238,1,0.524599158315991,0.524599158315991,722
1.75209313813121e-35,1.02966761325815,0.362,0.167,6.41721632771937e-31,"CRBN",0.195,1.02966761325815,"Malignant_enriched",3,2,0,0.169064748201439,0.347016109440552,0.493036211699164,"Consistent_2_of_3","Standard_candidate",0.514833806629075,0.362,0.195,1,0.67,0.524108451657269,0.524108451657269,723
3.24423920223225e-24,0.576770452250274,0.378,0.206,1.18823505020958e-19,"NKAP",0.172,0.576770452250274,"Malignant_enriched",3,3,1,0.272980501392758,0.370836994090404,0.515789473684211,"Consistent_3_of_3","Standard_candidate",0.288385226125137,0.378,0.172,0.946254882053946,1,0.524034538839376,0.524034538839376,724
7.12561818803288e-31,1.11973981500357,0.328,0.156,2.60982891754892e-26,"SMC4",0.172,1.11973981500357,"Malignant_enriched",3,2,0,0.202631578947368,0.329706274563988,0.473537604456825,"Consistent_2_of_3","Standard_candidate",0.559869907501785,0.328,0.172,1,0.67,0.523967476875446,0.523967476875446,725
4.15617526259162e-23,0.833479752640194,0.59,0.42,1.52224075167681e-18,"IER5",0.17,0.833479752640194,"Malignant_enriched",3,2,2,0.194986072423398,0.606185563204619,0.852517985611511,"Consistent_2_of_3","Standard_candidate",0.416739876320097,0.59,0.17,0.890875832790357,0.67,0.523816343998578,0.523816343998578,726
8.36897265916369e-50,0.713189255239043,0.476,0.204,3.06521992614529e-45,"MYL9",0.272,0.713189255239043,"Malignant_enriched",3,2,1,0.237410071942446,0.458323515648704,0.67966573816156,"Consistent_2_of_3","Standard_candidate",0.356594627619521,0.476,0.272,1,0.67,0.52274865690488,0.52274865690488,727
7.47301302576889e-24,0.72006619009203,0.61,0.423,2.73706575081811e-19,"DEGS2",0.187,0.72006619009203,"Malignant_enriched",3,2,2,0.233812949640288,0.579557646947975,0.802228412256267,"Consistent_2_of_3","Standard_candidate",0.360033095046015,0.61,0.187,0.928135738483997,0.67,0.522628634534103,0.522628634534103,728
1.1324393332382e-34,0.9772964712045,0.379,0.176,4.14767230191823e-30,"MB",0.203,0.9772964712045,"Malignant_enriched",3,2,1,0.197841726618705,0.362091502578614,0.526315789473684,"Consistent_2_of_3","Standard_candidate",0.48864823560225,0.379,0.203,1,0.67,0.522562058900563,0.522562058900563,729
8.51957451915983e-25,0.549540663255054,0.364,0.191,3.12037936338748e-20,"HTATSF1",0.173,0.549540663255054,"Malignant_enriched",3,3,0,0.323741007194245,0.359839095444067,0.413157894736842,"Consistent_3_of_3","Standard_candidate",0.274770331627527,0.364,0.173,0.975289630148273,1,0.522386027429123,0.522386027429123,730
8.48519375676767e-33,0.910049929660182,0.425,0.227,3.10778706535373e-28,"DDX42",0.198,0.910049929660182,"Malignant_enriched",3,2,1,0.206128133704735,0.448079565961657,0.73021582733813,"Consistent_2_of_3","Standard_candidate",0.455024964830091,0.425,0.198,1,0.67,0.522356241207523,0.522356241207523,731
2.03610744319282e-22,0.606850841386523,0.416,0.243,7.457447121438e-18,"ZDHHC4",0.173,0.606850841386523,"Malignant_enriched",3,3,1,0.334532374100719,0.408168172982505,0.5,"Consistent_3_of_3","Standard_candidate",0.303425420693262,0.416,0.173,0.856370490870465,1,0.522111928803885,0.522111928803885,732
3.27877874738338e-21,0.506296882382972,0.512,0.328,1.20088550401664e-16,"TPGS1",0.184,0.506296882382972,"Malignant_enriched",3,3,1,0.434210526315789,0.510995367318519,0.623955431754875,"Consistent_3_of_3","Standard_candidate",0.253148441191486,0.512,0.184,0.796024919877322,1,0.52189084827947,0.52189084827947,733
2.5500105116636e-23,0.501863323714513,0.433,0.248,9.3396685000191e-19,"HRAS",0.185,0.501863323714513,"Malignant_enriched",3,3,2,0.284122562674095,0.436901134421593,0.515789473684211,"Consistent_3_of_3","Standard_candidate",0.250931661857257,0.433,0.185,0.90148342691209,1,0.521555429501128,0.521555429501128,734
1.74322574894528e-33,1.07920881568954,0.329,0.146,6.38473862808697e-29,"MRS2",0.183,1.07920881568954,"Malignant_enriched",3,2,0,0.205035971223022,0.318978173274311,0.384210526315789,"Consistent_2_of_3","Standard_candidate",0.53960440784477,0.329,0.183,1,0.67,0.521301101961193,0.521301101961193,735
7.22999187289577e-32,1.15033735104424,0.299,0.133,2.6480568233668e-27,"STYXL1",0.166,1.15033735104424,"Malignant_enriched",3,2,0,0.201438848920863,0.29248958551968,0.423398328690808,"Consistent_2_of_3","Standard_candidate",0.57516867552212,0.299,0.166,1,0.67,0.52079216888053,0.52079216888053,736
6.87650136597243e-21,0.519787252370131,0.518,0.343,2.51858739030106e-16,"HSBP1L1",0.175,0.519787252370131,"Malignant_enriched",3,3,1,0.392105263157895,0.518198998930162,0.676880222841226,"Consistent_3_of_3","Standard_candidate",0.259893626185066,0.518,0.175,0.779942148766677,1,0.520564728861268,0.520564728861268,737
2.23483340987198e-37,1.09449915306171,0.312,0.129,8.1853008469971e-33,"MAGI1",0.183,1.09449915306171,"Malignant_enriched",3,2,1,0.197368421052632,0.328903773330844,0.510791366906475,"Consistent_2_of_3","Standard_candidate",0.547249576530855,0.312,0.183,1,0.67,0.519812394132714,0.519812394132714,738
1.42315549832913e-29,0.508063412042156,0.346,0.164,5.21244932818026e-25,"H2BC15",0.182,0.508063412042156,"Malignant_enriched",3,3,0,0.303621169916435,0.345906034298789,0.381578947368421,"Consistent_3_of_3","Standard_candidate",0.254031706021078,0.346,0.182,1,1,0.519107926505269,0.519107926505269,739
4.4160824231052e-35,1.12892291194777,0.293,0.118,1.61743434828651e-30,"MINDY1",0.175,1.12892291194777,"Malignant_enriched",3,2,0,0.228947368421053,0.293873219852501,0.364902506963788,"Consistent_2_of_3","Standard_candidate",0.564461455973885,0.293,0.175,1,0.67,0.518715363993471,0.518715363993471,740
1.56528972007694e-31,1.12015886762521,0.298,0.128,5.73303012875381e-27,"ZNF75A",0.17,1.12015886762521,"Malignant_enriched",3,2,0,0.0467625899280576,0.276592758925831,0.423684210526316,"Consistent_2_of_3","Standard_candidate",0.560079433812605,0.298,0.17,1,0.67,0.517619858453151,0.517619858453151,741
1.31732497691004e-31,0.945979837094642,0.384,0.193,4.8248344604307e-27,"ZCCHC10",0.191,0.945979837094642,"Malignant_enriched",3,2,1,0.0827338129496403,0.3598776981933,0.515320334261838,"Consistent_2_of_3","Standard_candidate",0.472989918547321,0.384,0.191,1,0.67,0.51724747963683,0.51724747963683,742
1.75824401761817e-23,0.799191468211695,0.554,0.375,6.43974453892832e-19,"C3orf14",0.179,0.799191468211695,"Malignant_enriched",3,2,2,0.165467625899281,0.524314845147779,0.84958217270195,"Consistent_2_of_3","Standard_candidate",0.399595734105847,0.554,0.179,0.909556568025909,0.67,0.516932418730348,0.516932418730348,743
6.38853511910143e-38,1.11826566852615,0.287,0.109,2.33986487272209e-33,"TRAK1",0.178,1.11826566852615,"Malignant_enriched",3,2,0,0.244736842105263,0.286371102502253,0.348189415041783,"Consistent_2_of_3","Standard_candidate",0.559132834263075,0.287,0.178,1,0.67,0.516783208565769,0.516783208565769,744
2.92676132713555e-37,0.864868636590354,0.408,0.196,1.07195560367667e-32,"TRPT1",0.212,0.864868636590354,"Malignant_enriched",3,2,1,0.233812949640288,0.391112648658379,0.605263157894737,"Consistent_2_of_3","Standard_candidate",0.432434318295177,0.408,0.212,1,0.67,0.516108579573794,0.516108579573794,745
1.85700694535133e-57,1.55557342373852,0.31,0.092,6.80147363804378e-53,"AGPAT1",0.218,1.55557342373852,"Malignant_enriched",3,1,0,0.194244604316547,0.297851851929979,0.473684210526316,"Sample_specific","Standard_candidate",0.77778671186926,0.31,0.218,1,0.33,0.516046677967315,0.516046677967315,746
2.1350073617829e-20,0.513783308540888,0.511,0.332,7.81967796326604e-16,"AHCY",0.179,0.513783308540888,"Malignant_enriched",3,3,2,0.484679665738162,0.513023980463774,0.535971223021583,"Consistent_3_of_3","Standard_candidate",0.256891654270444,0.511,0.179,0.755340556603123,1,0.515523997058079,0.515523997058079,747
5.89243932053792e-29,1.13962747210412,0.285,0.127,2.15816482554022e-24,"NFYC",0.158,1.13962747210412,"Malignant_enriched",3,2,0,0.0503597122302158,0.266126843430695,0.392757660167131,"Consistent_2_of_3","Standard_candidate",0.56981373605206,0.285,0.158,1,0.67,0.515053434013015,0.515053434013015,748
7.13529645876001e-39,1.01424525942047,0.323,0.127,2.61337368098544e-34,"HOXC10",0.196,1.01424525942047,"Malignant_enriched",3,2,1,0,0.320869620093399,0.592105263157895,"Consistent_2_of_3","Standard_candidate",0.507122629710235,0.323,0.196,1,0.67,0.514580657427559,0.514580657427559,749
2.31064275956159e-22,0.623989008334552,0.379,0.216,8.46296017117028e-18,"PIGF",0.163,0.623989008334552,"Malignant_enriched",3,3,0,0.262589928057554,0.369167565815402,0.431754874651811,"Consistent_3_of_3","Standard_candidate",0.311994504167276,0.379,0.163,0.853623885150988,1,0.514442208814467,0.514442208814467,750
1.50401611130539e-24,0.555210909682802,0.339,0.178,5.50860940926713e-20,"PCNA",0.161,0.555210909682802,"Malignant_enriched",3,3,0,0.284122562674095,0.35067117102389,0.47841726618705,"Consistent_3_of_3","Standard_candidate",0.277605454841401,0.339,0.161,0.962947901020231,1,0.513843548863385,0.513843548863385,751
5.67599533562406e-22,0.584373589883711,0.409,0.243,2.07889005162567e-17,"HAGHL",0.166,0.584373589883711,"Malignant_enriched",3,3,1,0.258992805755396,0.397629376340593,0.518105849582173,"Consistent_3_of_3","Standard_candidate",0.292186794941856,0.409,0.166,0.834108423951775,1,0.51316296232823,0.51316296232823,752
5.70541805997536e-35,1.14868583458639,0.263,0.099,2.08966641864657e-30,"EPM2AIP1",0.164,1.14868583458639,"Malignant_enriched",3,2,0,0.163157894736842,0.267183971632253,0.33983286908078,"Consistent_2_of_3","Standard_candidate",0.574342917293195,0.263,0.164,1,0.67,0.512985729323299,0.512985729323299,753
2.25536903338389e-39,1.08487260004722,0.284,0.103,8.26051462167185e-35,"AC018521.5",0.181,1.08487260004722,"Malignant_enriched",3,2,0,0.171052631578947,0.287457147608405,0.392757660167131,"Consistent_2_of_3","Standard_candidate",0.54243630002361,0.284,0.181,1,0.67,0.512609075005902,0.512609075005902,754
4.57125768395439e-37,1.14246465755941,0.261,0.093,1.67426883932514e-32,"NDRG3",0.168,1.14246465755941,"Malignant_enriched",3,2,0,0.136690647482014,0.250895123221171,0.337047353760446,"Consistent_2_of_3","Standard_candidate",0.571232328779705,0.261,0.168,1,0.67,0.512608082194926,0.512608082194926,755
1.19069495155841e-63,1.5914469823678,0.275,0.063,4.36103932957783e-59,"PDK2",0.212,1.5914469823678,"Malignant_enriched",3,1,0,0.239473684210526,0.283177199627192,0.370503597122302,"Sample_specific","Standard_candidate",0.7957234911839,0.275,0.212,1,0.33,0.512330872795975,0.512330872795975,756
2.40585041382563e-41,1.65787028136552,0.27,0.095,8.81166772567774e-37,"NDRG2",0.175,1.65787028136552,"Malignant_enriched",3,1,1,0.0359712230215827,0.254606348640484,0.551532033426184,"Sample_specific","Standard_candidate",0.82893514068276,0.27,0.175,1,0.33,0.51223378517069,0.51223378517069,757
1.17535620402851e-31,0.953841977194492,0.359,0.174,4.30485963287483e-27,"ZNF444",0.185,0.953841977194492,"Malignant_enriched",3,2,0,0.233812949640288,0.347406935908537,0.465789473684211,"Consistent_2_of_3","Standard_candidate",0.476920988597246,0.359,0.185,1,0.67,0.512030247149311,0.512030247149311,758
1.65483710597973e-32,0.936036099366363,0.364,0.175,6.06100638436135e-28,"ADIPOR2",0.189,0.936036099366363,"Malignant_enriched",3,2,1,0.153203342618384,0.364074217828493,0.528947368421053,"Consistent_2_of_3","Standard_candidate",0.468018049683182,0.364,0.189,1,0.67,0.511604512420795,0.511604512420795,759
4.69808182114969e-33,0.748719980170257,0.453,0.241,1.72071944781428e-28,"DEDD2",0.212,0.748719980170257,"Malignant_enriched",3,2,2,0.214484679665738,0.455970470654703,0.621052631578947,"Consistent_2_of_3","Standard_candidate",0.374359990085128,0.453,0.212,1,0.67,0.510589997521282,0.510589997521282,760
1.29157701021954e-24,0.517749465481703,0.336,0.169,4.73052995763009e-20,"TMEM223",0.167,0.517749465481703,"Malignant_enriched",3,3,0,0.284172661870504,0.330813748063271,0.415789473684211,"Consistent_3_of_3","Standard_candidate",0.258874732740851,0.336,0.167,0.966254510143007,1,0.510256859706664,0.510256859706664,761
1.96420531657407e-20,0.553707603460351,0.46,0.283,7.1940983924842e-16,"FAM200B",0.177,0.553707603460351,"Malignant_enriched",3,3,1,0.413669064748201,0.457390738926232,0.534818941504178,"Consistent_3_of_3","Standard_candidate",0.276853801730175,0.46,0.177,0.757151181335184,1,0.510186127632821,0.510186127632821,762
3.25973295451172e-25,0.658814625907276,0.528,0.334,1.19390979191946e-20,"PPP2R5A",0.194,0.658814625907276,"Malignant_enriched",3,2,2,0.214484679665738,0.555143763599295,0.89568345323741,"Consistent_2_of_3","Standard_candidate",0.329407312953638,0.528,0.194,0.996151424294822,0.67,0.510174541882633,0.510174541882633,763
1.29269547351363e-41,1.02683180526835,0.298,0.108,4.73462644129103e-37,"ACOT8",0.19,1.02683180526835,"Malignant_enriched",3,2,0,0.200557103064067,0.292656987150347,0.418421052631579,"Consistent_2_of_3","Standard_candidate",0.513415902634175,0.298,0.19,1,0.67,0.509953975658544,0.509953975658544,764
4.29696617923935e-20,0.637007927963047,0.423,0.256,1.5738068328082e-15,"CYP51A1",0.167,0.637007927963047,"Malignant_enriched",3,3,0,0.357894736842105,0.426366240243401,0.467966573816156,"Consistent_3_of_3","Standard_candidate",0.318503963981523,0.423,0.167,0.740152428674885,1,0.508648855296614,0.508648855296614,765
1.82946600799222e-30,0.926089270745327,0.36,0.177,6.70060220087232e-26,"ATPAF1",0.183,0.926089270745327,"Malignant_enriched",3,2,0,0.176258992805755,0.344827864434739,0.434540389972145,"Consistent_2_of_3","Standard_candidate",0.463044635372663,0.36,0.183,1,0.67,0.508361158843166,0.508361158843166,766
1.28599711227953e-34,0.829609056068558,0.395,0.19,4.71009302343501e-30,"SUMF1",0.205,0.829609056068558,"Malignant_enriched",3,2,1,0.158273381294964,0.372642463656988,0.642105263157895,"Consistent_2_of_3","Standard_candidate",0.414804528034279,0.395,0.205,1,0.67,0.50770113200857,0.50770113200857,767
3.79573073421153e-23,0.573865410447036,0.348,0.187,1.39022433871231e-18,"FUNDC1",0.161,0.573865410447036,"Malignant_enriched",3,3,0,0.276978417266187,0.342543604758474,0.392757660167131,"Consistent_3_of_3","Standard_candidate",0.286932705223518,0.348,0.161,0.89284575562746,1,0.507460039649999,0.507460039649999,768
2.79450725853545e-37,1.04086821221826,0.283,0.104,1.02351622851119e-32,"OLMALINC",0.179,1.04086821221826,"Malignant_enriched",3,2,0,0.147632311977716,0.299444268071835,0.492805755395683,"Consistent_2_of_3","Standard_candidate",0.52043410610913,0.283,0.179,1,0.67,0.506508526527283,0.506508526527283,769
4.42617096526068e-32,0.805748206401137,0.403,0.198,1.62112937773638e-27,"RING1",0.205,0.805748206401137,"Malignant_enriched",3,2,1,0.219424460431655,0.385028795611803,0.623684210526316,"Consistent_2_of_3","Standard_candidate",0.402874103200568,0.403,0.205,1,0.67,0.506318525800142,0.506318525800142,770
2.34351743964998e-34,0.82359961116315,0.392,0.188,8.583366974462e-30,"KLHDC3",0.204,0.82359961116315,"Malignant_enriched",3,2,1,0.154676258992806,0.370407406665197,0.6,"Consistent_2_of_3","Standard_candidate",0.411799805581575,0.392,0.204,1,0.67,0.506149951395394,0.506149951395394,771
3.74507825473937e-63,1.48392545227704,0.299,0.075,1.37167236158084e-58,"LINC02802",0.224,1.48392545227704,"Malignant_enriched",3,1,1,0.133704735376045,0.285865733450478,0.536842105263158,"Sample_specific","Standard_candidate",0.74196272613852,0.299,0.224,1,0.33,0.50609068153463,0.50609068153463,772
4.46650189516991e-21,0.724257234807845,0.331,0.177,1.63590098412493e-16,"KEAP1",0.154,0.724257234807845,"Malignant_enriched",3,3,0,0.276978417266187,0.326656393694603,0.363157894736842,"Consistent_3_of_3","Standard_candidate",0.362128617403922,0.331,0.154,0.789312149316533,1,0.505928976748461,0.505928976748461,773
1.08298371405642e-32,0.770557730180999,0.423,0.218,3.96653615110304e-28,"FAM89B",0.205,0.770557730180999,"Malignant_enriched",3,2,1,0.206128133704735,0.418646270492769,0.628947368421053,"Consistent_2_of_3","Standard_candidate",0.3852788650905,0.423,0.205,1,0.67,0.505919716272625,0.505919716272625,774
1.42900836040757e-22,0.532107397692503,0.379,0.21,5.23388602082875e-18,"TTC14",0.169,0.532107397692503,"Malignant_enriched",3,3,0,0.352631578947368,0.377652207511223,0.420612813370474,"Consistent_3_of_3","Standard_candidate",0.266053698846252,0.379,0.169,0.864058786964671,1,0.505722242756264,0.505722242756264,775
3.77903607849669e-33,0.907736704018614,0.351,0.162,1.3841097541102e-28,"MDM2",0.189,0.907736704018614,"Malignant_enriched",3,2,1,0.186629526462396,0.362941888096325,0.517985611510791,"Consistent_2_of_3","Standard_candidate",0.453868352009307,0.351,0.189,1,0.67,0.505467088002327,0.505467088002327,776
1.77100453034745e-21,0.552231302362523,0.403,0.231,6.48648119285058e-17,"OARD1",0.172,0.552231302362523,"Malignant_enriched",3,3,1,0.262589928057554,0.390532957009264,0.507894736842105,"Consistent_3_of_3","Standard_candidate",0.276115651181262,0.403,0.172,0.809399541839211,1,0.505438844071197,0.505438844071197,777
1.44974201391972e-45,0.72990743454682,0.407,0.166,5.30982510018236e-41,"ZNF587",0.241,0.72990743454682,"Malignant_enriched",3,2,1,0.136490250696379,0.409443487579091,0.602631578947368,"Consistent_2_of_3","Standard_candidate",0.36495371727341,0.407,0.241,1,0.67,0.504838429318353,0.504838429318353,778
3.45614702333894e-36,0.926336550971284,0.331,0.14,1.26584840876812e-31,"GNS",0.191,0.926336550971284,"Malignant_enriched",3,2,0,0.11142061281337,0.337253797606981,0.457894736842105,"Consistent_2_of_3","Standard_candidate",0.463168275485642,0.331,0.191,1,0.67,0.504192068871411,0.504192068871411,779
1.98608354607928e-27,0.985230994238877,0.319,0.154,7.27422959586997e-23,"SMARCD2",0.165,0.985230994238877,"Malignant_enriched",3,2,1,0.0752089136490251,0.335160512551694,0.553956834532374,"Consistent_2_of_3","Standard_candidate",0.492615497119438,0.319,0.165,1,0.67,0.50395387427986,0.50395387427986,780
1.32424658624325e-53,1.3340077370793,0.373,0.14,4.85018554677454e-49,"USP32",0.233,1.3340077370793,"Malignant_enriched",3,1,1,0.175487465181058,0.408104555792399,0.809352517985611,"Sample_specific","Standard_candidate",0.66700386853965,0.373,0.233,1,0.33,0.503950967134912,0.503950967134912,781
1.34731071683411e-22,0.523231075339697,0.372,0.201,4.93466023147662e-18,"FAM210B",0.171,0.523231075339697,"Malignant_enriched",3,3,1,0.267409470752089,0.361287190742934,0.539473684210526,"Consistent_3_of_3","Standard_candidate",0.261615537669849,0.372,0.171,0.865337137232541,1,0.503804455002343,0.503804455002343,782
8.93298447551857e-26,0.788058730818927,0.424,0.244,3.27179489400343e-21,"MYLIP",0.18,0.788058730818927,"Malignant_enriched",3,2,1,0.0557103064066852,0.41675260876184,0.773684210526316,"Consistent_2_of_3","Standard_candidate",0.394029365409463,0.424,0.18,1,0.67,0.503307341352366,0.503307341352366,783
6.42303530140944e-34,1.06277556552821,0.265,0.1,2.35250090949422e-29,"KCNK15",0.165,1.06277556552821,"Malignant_enriched",3,2,0,0.0696378830083565,0.262351842613287,0.436842105263158,"Consistent_2_of_3","Standard_candidate",0.531387782764105,0.265,0.165,1,0.67,0.502846945691026,0.502846945691026,784
2.13162677842128e-38,0.952923979862557,0.309,0.12,7.80729623864577e-34,"NECAP1",0.189,0.952923979862557,"Malignant_enriched",3,2,0,0.242339832869081,0.307259813026283,0.373684210526316,"Consistent_2_of_3","Standard_candidate",0.476461989931278,0.309,0.189,1,0.67,0.50271549748282,0.50271549748282,785
6.29193149279159e-26,0.787986720552066,0.421,0.241,2.30448282854985e-21,"MRPL45",0.18,0.787986720552066,"Malignant_enriched",3,2,1,0.115107913669065,0.392459613895162,0.697368421052632,"Consistent_2_of_3","Standard_candidate",0.393993360276033,0.421,0.18,1,0.67,0.502698340069008,0.502698340069008,786
4.53434593114502e-21,0.569551284723998,0.401,0.237,1.66074954074118e-16,"XAB2",0.164,0.569551284723998,"Malignant_enriched",3,3,1,0.339473684210526,0.411438490316089,0.52158273381295,"Consistent_3_of_3","Standard_candidate",0.284775642361999,0.401,0.164,0.788984792949246,1,0.502541629532887,0.502541629532887,787
1.73694618358415e-36,0.900544946529032,0.334,0.139,6.36173909199532e-32,"ASXL1",0.195,0.900544946529032,"Malignant_enriched",3,2,0,0.233812949640288,0.32537448709849,0.405263157894737,"Consistent_2_of_3","Standard_candidate",0.450272473264516,0.334,0.195,1,0.67,0.502368118316129,0.502368118316129,788
1.48185394067012e-33,1.05308930013053,0.268,0.103,5.42743824309838e-29,"MTERF2",0.165,1.05308930013053,"Malignant_enriched",3,2,0,0.147482014388489,0.258570337689678,0.32033426183844,"Consistent_2_of_3","Standard_candidate",0.526544650065265,0.268,0.165,1,0.67,0.502236162516316,0.502236162516316,789
1.51707105112301e-30,0.920794779244647,0.338,0.161,5.55642443184312e-26,"COG2",0.177,0.920794779244647,"Malignant_enriched",3,2,0,0.223684210526316,0.336687079012937,0.498607242339833,"Consistent_2_of_3","Standard_candidate",0.460397389622324,0.338,0.177,1,0.67,0.502099347405581,0.502099347405581,790
1.06104441760421e-30,0.919264474820012,0.331,0.152,3.88618128391718e-26,"MRPL2",0.179,0.919264474820012,"Malignant_enriched",3,2,0,0.176258992805755,0.317695967840886,0.434210526315789,"Consistent_2_of_3","Standard_candidate",0.459632237410006,0.331,0.179,1,0.67,0.500908059352501,0.500908059352501,791
8.32090764377288e-19,0.533366937032447,0.477,0.29,3.04761563360825e-14,"MT-ND6",0.187,0.533366937032447,"Malignant_enriched",3,3,1,0.370503597122302,0.467260667349422,0.560526315789474,"Consistent_3_of_3","Standard_candidate",0.266683468516223,0.477,0.187,0.675801990362833,1,0.500841165683481,0.500841165683481,792
2.80836493684753e-22,0.646015072596583,0.309,0.157,1.02859174176978e-17,"FBXO21",0.152,0.646015072596583,"Malignant_enriched",3,3,0,0.258992805755396,0.304307282805921,0.344736842105263,"Consistent_3_of_3","Standard_candidate",0.323007536298291,0.309,0.152,0.849387848340539,1,0.500360061325654,0.500360061325654,793
4.33221143991319e-38,1.54307641758095,0.283,0.111,1.58671576198261e-33,"DHRS2",0.172,1.54307641758095,"Malignant_enriched",3,1,1,0,0.341461567588035,0.992805755395683,"Sample_specific","Standard_candidate",0.771538208790475,0.283,0.172,1,0.33,0.499884552197619,0.499884552197619,794
2.19651411248476e-23,0.817313474178397,0.463,0.288,8.04495258838669e-19,"UBE2S",0.175,0.817313474178397,"Malignant_enriched",3,2,2,0.225626740947075,0.467200583471062,0.618421052631579,"Consistent_2_of_3","Standard_candidate",0.408656737089198,0.463,0.175,0.904723825550048,0.67,0.499472758104807,0.499472758104807,795
3.39754754327613e-20,0.541893733323489,0.429,0.259,1.24438576320031e-15,"NCBP2AS2",0.17,0.541893733323489,"Malignant_enriched",3,3,1,0.255395683453237,0.411926597118435,0.621052631578947,"Consistent_3_of_3","Standard_candidate",0.270946866661745,0.429,0.17,0.745252248311103,1,0.499324553912102,0.499324553912102,796
1.29023883684143e-27,0.611458948032662,0.495,0.296,4.72562876381541e-23,"WNK1",0.199,0.611458948032662,"Malignant_enriched",3,2,1,0.245125348189415,0.489192988081313,0.736842105263158,"Consistent_2_of_3","Standard_candidate",0.305729474016331,0.495,0.199,1,0.67,0.499232368504083,0.499232368504083,797
3.86727125523905e-22,0.538748926805604,0.362,0.198,1.41642676994385e-17,"CDS1",0.164,0.538748926805604,"Malignant_enriched",3,3,0,0.306406685236769,0.362567216421849,0.4,"Consistent_3_of_3","Standard_candidate",0.269374463402802,0.362,0.164,0.842440293691537,1,0.498909659904431,0.498909659904431,798
1.47744546354683e-37,0.748468919274631,0.392,0.178,5.41129175478663e-33,"TPP1",0.214,0.748468919274631,"Malignant_enriched",3,2,1,0.236768802228412,0.39105217804938,0.526315789473684,"Consistent_2_of_3","Standard_candidate",0.374234459637315,0.392,0.214,1,0.67,0.498758614909329,0.498758614909329,799
2.37712247191055e-30,0.930565175554797,0.316,0.141,8.70644876561959e-26,"CFD",0.175,0.930565175554797,"Malignant_enriched",3,2,0,0.212230215827338,0.306263612479024,0.397368421052632,"Consistent_2_of_3","Standard_candidate",0.465282587777399,0.316,0.175,1,0.67,0.49852064694435,0.49852064694435,800
4.3237264242398e-35,0.79167018400795,0.374,0.171,1.58360804014207e-30,"STX16",0.203,0.79167018400795,"Malignant_enriched",3,2,1,0.247910863509749,0.385855432352549,0.535971223021583,"Consistent_2_of_3","Standard_candidate",0.395835092003975,0.374,0.203,1,0.67,0.498358773000994,0.498358773000994,801
2.77708690979556e-34,0.860045585477562,0.343,0.153,1.01713585158172e-29,"NSD1",0.19,0.860045585477562,"Malignant_enriched",3,2,0,0.154676258992806,0.326599069666712,0.465789473684211,"Consistent_2_of_3","Standard_candidate",0.430022792738781,0.343,0.19,1,0.67,0.498105698184695,0.498105698184695,802
4.13815130487996e-21,0.55204940747214,0.384,0.222,1.51563929692533e-16,"TAOK3",0.162,0.55204940747214,"Malignant_enriched",3,3,0,0.305755395683453,0.377677151637435,0.428947368421053,"Consistent_3_of_3","Standard_candidate",0.27602470373607,0.384,0.162,0.790970207151359,1,0.496851707006721,0.496851707006721,803
4.94615410312868e-34,0.752337242266949,0.39,0.186,1.81157840181191e-29,"PTPRA",0.204,0.752337242266949,"Malignant_enriched",3,2,0,0.203342618384401,0.395440850076133,0.497368421052632,"Consistent_2_of_3","Standard_candidate",0.376168621133474,0.39,0.204,1,0.67,0.496842155283369,0.496842155283369,804
6.26799764441097e-21,0.638036324036951,0.344,0.191,2.29571681724196e-16,"IMMP1L",0.153,0.638036324036951,"Malignant_enriched",3,3,0,0.287769784172662,0.340051688307762,0.395543175487465,"Consistent_3_of_3","Standard_candidate",0.319018162018475,0.344,0.153,0.781954084217321,1,0.496447653137217,0.496447653137217,805
1.6343820598709e-47,1.398425913012,0.325,0.122,5.98608773248317e-43,"FAM3B",0.203,1.398425913012,"Malignant_enriched",3,1,1,0.0157894736842105,0.37276748312536,0.87410071942446,"Sample_specific","Standard_candidate",0.699212956506,0.325,0.203,1,0.33,0.4964032391265,0.4964032391265,806
3.98335926704908e-28,0.761438396359241,0.398,0.211,1.4589451651494e-23,"AIP",0.187,0.761438396359241,"Malignant_enriched",3,2,1,0.18705035971223,0.37795144913244,0.623684210526316,"Consistent_2_of_3","Standard_candidate",0.380719198179621,0.398,0.187,1,0.67,0.496179799544905,0.496179799544905,807
1.34416817198748e-29,0.858961991023397,0.344,0.167,4.92315034672133e-25,"NSMCE4A",0.177,0.858961991023397,"Malignant_enriched",3,2,0,0.231578947368421,0.353466671026176,0.438848920863309,"Consistent_2_of_3","Standard_candidate",0.429480995511698,0.344,0.177,1,0.67,0.495570248877925,0.495570248877925,808
8.36677201615571e-26,0.793905127573449,0.38,0.202,3.06441391863719e-21,"NCOA4",0.178,0.793905127573449,"Malignant_enriched",3,2,0,0.223021582733813,0.366093936169053,0.465789473684211,"Consistent_2_of_3","Standard_candidate",0.396952563786724,0.38,0.178,1,0.67,0.494838140946681,0.494838140946681,809
5.57034486612654e-30,0.923232676741905,0.31,0.143,2.04019451066751e-25,"MAVS",0.167,0.923232676741905,"Malignant_enriched",3,2,1,0.194986072423398,0.327862958130783,0.535971223021583,"Consistent_2_of_3","Standard_candidate",0.461616338370953,0.31,0.167,1,0.67,0.494804084592738,0.494804084592738,810
4.85181365917868e-32,0.801108298942011,0.363,0.173,1.77702527081078e-27,"SLC25A1",0.19,0.801108298942011,"Malignant_enriched",3,2,1,0.164345403899721,0.373057706891224,0.517985611510791,"Consistent_2_of_3","Standard_candidate",0.400554149471005,0.363,0.19,1,0.67,0.494738537367751,0.494738537367751,811
7.06084251618844e-34,0.528221070307098,0.503,0.283,2.58610417997918e-29,"IFI6",0.22,0.528221070307098,"Malignant_enriched",3,2,2,0.0222841225626741,0.534501119233626,0.949640287769784,"Consistent_2_of_3","Standard_candidate",0.264110535153549,0.503,0.22,1,0.67,0.494627633788387,0.494627633788387,812
2.09033911966494e-32,0.931160147445149,0.298,0.126,7.65607605968479e-28,"CMC4",0.172,0.931160147445149,"Malignant_enriched",3,2,0,0.244604316546763,0.292908959740286,0.35,"Consistent_2_of_3","Standard_candidate",0.465580073722574,0.298,0.172,1,0.67,0.494395018430644,0.494395018430644,813
2.00041076111542e-25,0.788890681081711,0.382,0.206,7.32670445366134e-21,"G6PC3",0.176,0.788890681081711,"Malignant_enriched",3,2,1,0.183453237410072,0.363333066137619,0.55,"Consistent_2_of_3","Standard_candidate",0.394445340540856,0.382,0.176,1,0.67,0.494211335135214,0.494211335135214,814
3.42420721583935e-33,0.892964680133867,0.312,0.132,1.25415013487332e-28,"TSPYL2",0.18,0.892964680133867,"Malignant_enriched",3,2,0,0.167130919220056,0.324920201648387,0.489208633093525,"Consistent_2_of_3","Standard_candidate",0.446482340066933,0.312,0.18,1,0.67,0.494020585016733,0.494020585016733,815
1.53371240406291e-33,0.917439902632978,0.299,0.122,5.61737505112082e-29,"ANKRD40",0.177,0.917439902632978,"Malignant_enriched",3,2,0,0.161559888579387,0.309551895208654,0.446043165467626,"Consistent_2_of_3","Standard_candidate",0.458719951316489,0.299,0.177,1,0.67,0.493879987829122,0.493879987829122,816
1.0473433844179e-35,0.794958946335395,0.353,0.155,3.83599987976902e-31,"MBTPS1",0.198,0.794958946335395,"Malignant_enriched",3,2,0,0.20891364902507,0.354485794153125,0.455263157894737,"Consistent_2_of_3","Standard_candidate",0.397479473167697,0.353,0.198,1,0.67,0.493569868291924,0.493569868291924,817
5.0292667831111e-26,0.535363060848708,0.511,0.309,1.84201925198227e-21,"PFDN6",0.202,0.535363060848708,"Malignant_enriched",3,2,2,0.23021582733813,0.486077415739304,0.721052631578947,"Consistent_2_of_3","Standard_candidate",0.267681530424354,0.511,0.202,1,0.67,0.493520382606089,0.493520382606089,818
1.54481076139193e-31,0.950174465470395,0.285,0.119,5.65802389467408e-27,"NCOA3",0.166,0.950174465470395,"Malignant_enriched",3,2,0,0.0919220055710306,0.282792631164091,0.457894736842105,"Consistent_2_of_3","Standard_candidate",0.475087232735197,0.285,0.166,1,0.67,0.492971808183799,0.492971808183799,819
6.83397322184799e-26,0.696684674605228,0.421,0.235,2.50301103223405e-21,"TMEM54",0.186,0.696684674605228,"Malignant_enriched",3,2,1,0.214484679665738,0.416723973115892,0.618421052631579,"Consistent_2_of_3","Standard_candidate",0.348342337302614,0.421,0.186,1,0.67,0.492485584325653,0.492485584325653,820
2.78830910970941e-41,0.783020760125983,0.341,0.131,1.02124609452217e-36,"ELP5",0.21,0.783020760125983,"Malignant_enriched",3,2,1,0.100278551532033,0.343889392224675,0.510526315789474,"Consistent_2_of_3","Standard_candidate",0.391510380062991,0.341,0.21,1,0.67,0.492077595015748,0.492077595015748,821
2.78519799670876e-30,0.948906692531631,0.281,0.119,1.02010661827455e-25,"COQ9",0.162,0.948906692531631,"Malignant_enriched",3,2,0,0.194244604316547,0.273901307044088,0.321052631578947,"Consistent_2_of_3","Standard_candidate",0.474453346265815,0.281,0.162,1,0.67,0.491213336566454,0.491213336566454,822
1.10636682308167e-21,0.500760843596156,0.363,0.198,4.05217912621892e-17,"SYNJ2BP",0.165,0.500760843596156,"Malignant_enriched",3,3,0,0.309352517985612,0.358546817435364,0.389972144846797,"Consistent_3_of_3","Standard_candidate",0.250380421798078,0.363,0.165,0.819615568246918,1,0.491137440686557,0.491137440686557,823
1.2105453084581e-29,0.839131957360183,0.332,0.157,4.43374324675862e-25,"GPRC5C",0.175,0.839131957360183,"Malignant_enriched",3,2,1,0.0584958217270195,0.349064428269728,0.575539568345324,"Consistent_2_of_3","Standard_candidate",0.419565978680091,0.332,0.175,1,0.67,0.490291494670023,0.490291494670023,824
2.47208025228344e-55,1.48856451892321,0.251,0.061,9.05424113201334e-51,"MTARC1",0.19,1.48856451892321,"Malignant_enriched",3,1,1,0.0668523676880223,0.275767651528975,0.568345323741007,"Sample_specific","Standard_candidate",0.744282259461605,0.251,0.19,1,0.33,0.490270564865401,0.490270564865401,825
1.29855757478069e-21,0.567604347910846,0.33,0.176,4.75609697339175e-17,"FGD5-AS1",0.154,0.567604347910846,"Malignant_enriched",3,3,0,0.295264623955432,0.327532989002435,0.381578947368421,"Consistent_3_of_3","Standard_candidate",0.283802173955423,0.33,0.154,0.816137464950569,1,0.490171163231441,0.490171163231441,826
8.13187228481204e-38,1.44290830249033,0.29,0.113,2.97837954303526e-33,"RCC1L",0.177,1.44290830249033,"Malignant_enriched",3,1,0,0.197841726618705,0.284478249389932,0.434540389972145,"Sample_specific","Standard_candidate",0.721454151245165,0.29,0.177,1,0.33,0.489763537811291,0.489763537811291,827
2.72149942827376e-26,0.718458938222698,0.396,0.213,9.96776380599548e-22,"CMTM8",0.183,0.718458938222698,"Malignant_enriched",3,2,1,0.183844011142061,0.381033956004819,0.689473684210526,"Consistent_2_of_3","Standard_candidate",0.359229469111349,0.396,0.183,1,0.67,0.489607367277837,0.489607367277837,828
2.80983555350766e-27,0.701400367441602,0.401,0.214,1.02913036982772e-22,"GOLM2",0.187,0.701400367441602,"Malignant_enriched",3,2,1,0.153203342618384,0.414465483763114,0.600719424460432,"Consistent_2_of_3","Standard_candidate",0.350700183720801,0.401,0.187,1,0.67,0.4892750459302,0.4892750459302,829
5.37729068582496e-27,0.669199771116366,0.416,0.225,1.96948648659025e-22,"MAGED1",0.191,0.669199771116366,"Malignant_enriched",3,2,1,0.200557103064067,0.429139380183289,0.607913669064748,"Consistent_2_of_3","Standard_candidate",0.334599885558183,0.416,0.191,1,0.67,0.489049971389546,0.489049971389546,830
3.0667347079112e-51,1.46297852971552,0.261,0.072,1.12322225411955e-46,"HOPX",0.189,1.46297852971552,"Malignant_enriched",3,1,1,0,0.300687870756027,0.762589928057554,"Sample_specific","Standard_candidate",0.73148926485776,0.261,0.189,1,0.33,0.48887231621444,0.48887231621444,831
1.10230002981133e-24,0.755701509258272,0.394,0.217,4.03728408918699e-20,"NABP2",0.177,0.755701509258272,"Malignant_enriched",3,2,1,0.176258992805755,0.375119121826128,0.536842105263158,"Consistent_2_of_3","Standard_candidate",0.377850754629136,0.394,0.177,0.969695534488546,0.67,0.488117018830566,0.488117018830566,832
6.57694320402065e-33,0.804764489005218,0.331,0.145,2.4088712179046e-28,"AMFR",0.186,0.804764489005218,"Malignant_enriched",3,2,0,0.181058495821727,0.333065188371221,0.436842105263158,"Consistent_2_of_3","Standard_candidate",0.402382244502609,0.331,0.186,1,0.67,0.487995561125652,0.487995561125652,833
2.87203725331979e-29,0.86041487195549,0.311,0.14,1.05191236440091e-24,"ZNF688",0.171,0.86041487195549,"Malignant_enriched",3,2,0,0.223021582733813,0.302381381802636,0.4,"Consistent_2_of_3","Standard_candidate",0.430207435977745,0.311,0.171,1,0.67,0.487951858994436,0.487951858994436,834
1.01539421244191e-27,0.561339877317321,0.468,0.27,3.71898284248972e-23,"RAB1B",0.198,0.561339877317321,"Malignant_enriched",3,2,1,0.242339832869081,0.457411270807427,0.734210526315789,"Consistent_2_of_3","Standard_candidate",0.280669938658661,0.468,0.198,1,0.67,0.487367484664665,0.487367484664665,835
3.39070134397816e-22,0.535640412052615,0.314,0.162,1.24187827424544e-17,"GATAD1",0.152,0.535640412052615,"Malignant_enriched",3,3,0,0.250696378830084,0.319845908934779,0.39568345323741,"Consistent_3_of_3","Standard_candidate",0.267820206026308,0.314,0.152,0.845296048525776,1,0.486949458785443,0.486949458785443,836
4.26080619869107e-28,0.906683066594766,0.286,0.126,1.56056287833259e-23,"VPS26B",0.16,0.906683066594766,"Malignant_enriched",3,2,0,0.140287769784173,0.273202994560809,0.386842105263158,"Consistent_2_of_3","Standard_candidate",0.453341533297383,0.286,0.16,1,0.67,0.486535383324346,0.486535383324346,837
1.22172835538134e-38,0.636231026166252,0.396,0.177,4.47470227441971e-34,"SLC2A4RG",0.219,0.636231026166252,"Malignant_enriched",3,2,1,0.15041782729805,0.410671902296371,0.607913669064748,"Consistent_2_of_3","Standard_candidate",0.318115513083126,0.396,0.219,1,0.67,0.486528878270782,0.486528878270782,838
6.99659231829581e-56,1.35475864311054,0.294,0.083,2.56257190249902e-51,"RBP7",0.211,1.35475864311054,"Malignant_enriched",3,1,1,0.153203342618384,0.317885905320605,0.589928057553957,"Sample_specific","Standard_candidate",0.67737932155527,0.294,0.211,1,0.33,0.486344830388818,0.486344830388818,839
2.4023516501477e-27,0.839431113126985,0.317,0.151,8.79885315383097e-23,"TBCC",0.166,0.839431113126985,"Malignant_enriched",3,2,0,0.172661870503597,0.303805728324539,0.418421052631579,"Consistent_2_of_3","Standard_candidate",0.419715556563493,0.317,0.166,1,0.67,0.485528889140873,0.485528889140873,840
4.15114224494062e-27,0.787611904755049,0.346,0.178,1.52039735863195e-22,"STK24",0.168,0.787611904755049,"Malignant_enriched",3,2,1,0.0891364902506964,0.367059127950535,0.633093525179856,"Consistent_2_of_3","Standard_candidate",0.393805952377525,0.346,0.168,1,0.67,0.485251488094381,0.485251488094381,841
1.56427250032451e-32,0.8057771394868,0.32,0.138,5.72930445968855e-28,"ATP6V1A",0.182,0.8057771394868,"Malignant_enriched",3,2,0,0.222841225626741,0.321377467736996,0.381578947368421,"Consistent_2_of_3","Standard_candidate",0.4028885697434,0.32,0.182,1,0.67,0.48512214243585,0.48512214243585,842
5.87743801118464e-30,0.878460036400325,0.289,0.123,2.15267044597649e-25,"RAMP2",0.166,0.878460036400325,"Malignant_enriched",3,2,0,0.183453237410072,0.28056905304081,0.33983286908078,"Consistent_2_of_3","Standard_candidate",0.439230018200162,0.289,0.166,1,0.67,0.484807504550041,0.484807504550041,843
1.80069878082389e-24,0.929132766655835,0.302,0.15,6.59523935464558e-20,"RELL1",0.152,0.929132766655835,"Malignant_enriched",3,2,0,0.160526315789474,0.31086834388229,0.387186629526462,"Consistent_2_of_3","Standard_candidate",0.464566383327917,0.302,0.152,0.959038471920093,0.67,0.484797366619993,0.484797366619993,844
2.43046526519811e-18,0.540807332939997,0.434,0.273,8.90182208031459e-14,"GNPAT",0.161,0.540807332939997,"Malignant_enriched",3,3,0,0.388489208633094,0.42970898167846,0.460526315789474,"Consistent_3_of_3","Standard_candidate",0.270403666469999,0.434,0.161,0.652526054508009,1,0.484479824793701,0.484479824793701,845
1.34259338742795e-28,0.690178289764771,0.379,0.191,4.9173825407936e-24,"USP9X",0.188,0.690178289764771,"Malignant_enriched",3,2,2,0.136490250696379,0.385935977797442,0.510791366906475,"Consistent_2_of_3","Standard_candidate",0.345089144882386,0.379,0.188,1,0.67,0.483672286220596,0.483672286220596,846
2.34743894180839e-31,0.775166261365532,0.33,0.149,8.59772986826739e-27,"PDCD7",0.181,0.775166261365532,"Malignant_enriched",3,2,0,0.211699164345404,0.336292754390535,0.420863309352518,"Consistent_2_of_3","Standard_candidate",0.387583130682766,0.33,0.181,1,0.67,0.483095782670692,0.483095782670692,847
1.01497377289846e-24,0.72447650275427,0.388,0.213,3.71744294061789e-20,"MLST8",0.175,0.72447650275427,"Malignant_enriched",3,2,1,0.205035971223022,0.371968937091933,0.523684210526316,"Consistent_2_of_3","Standard_candidate",0.362238251377135,0.388,0.175,0.971487784439089,0.67,0.482882730510147,0.482882730510147,848
1.5441183743408e-24,0.776074224541986,0.364,0.193,5.65548795786062e-20,"CZIB",0.171,0.776074224541986,"Malignant_enriched",3,2,0,0.179856115107914,0.348607172025171,0.434210526315789,"Consistent_2_of_3","Standard_candidate",0.388037112270993,0.364,0.171,0.962376495900641,0.67,0.482365752452844,0.482365752452844,849
2.89358326465007e-28,0.787078240427214,0.328,0.157,1.05980380651074e-23,"GEMIN8",0.171,0.787078240427214,"Malignant_enriched",3,2,1,0.161870503597122,0.312288946148462,0.513157894736842,"Consistent_2_of_3","Standard_candidate",0.393539120213607,0.328,0.171,1,0.67,0.482184780053402,0.482184780053402,850
4.40405531072723e-25,0.68622034439964,0.394,0.22,1.61302929810696e-20,"BATF",0.174,0.68622034439964,"Malignant_enriched",3,2,1,0.123684210526316,0.403465299890274,0.64066852367688,"Consistent_2_of_3","Standard_candidate",0.34311017219982,0.394,0.174,0.989617887213607,0.67,0.481820226131996,0.481820226131996,851
7.55340414871348e-31,0.596372959892354,0.413,0.212,2.7665098035078e-26,"DHRSX",0.201,0.596372959892354,"Malignant_enriched",3,2,1,0.211699164345404,0.405471095927832,0.634210526315789,"Consistent_2_of_3","Standard_candidate",0.298186479946177,0.413,0.201,1,0.67,0.481346619986544,0.481346619986544,852
2.36766317989681e-34,0.879549269842419,0.267,0.099,8.67180316269006e-30,"NSF",0.168,0.879549269842419,"Malignant_enriched",3,2,0,0.11142061281337,0.280879949317192,0.449640287769784,"Consistent_2_of_3","Standard_candidate",0.439774634921209,0.267,0.168,1,0.67,0.480943658730302,0.480943658730302,853
4.09094903918033e-28,0.8243984727344,0.304,0.139,1.49835099509019e-23,"RITA1",0.165,0.8243984727344,"Malignant_enriched",3,2,0,0.183844011142061,0.299543359008732,0.434210526315789,"Consistent_2_of_3","Standard_candidate",0.4121992363672,0.304,0.165,1,0.67,0.4808498090918,0.4808498090918,854
1.09968903578093e-24,0.682584764054269,0.402,0.224,4.02772106245124e-20,"MAT2A",0.178,0.682584764054269,"Malignant_enriched",3,2,0,0.215827338129496,0.386600609557802,0.481578947368421,"Consistent_2_of_3","Standard_candidate",0.341292382027135,0.402,0.178,0.96974703069481,0.67,0.480785150111005,0.480785150111005,855
7.27269992243762e-35,0.823313869509966,0.291,0.114,2.663699073592e-30,"SKA2",0.177,0.823313869509966,"Malignant_enriched",3,2,0,0.167130919220056,0.28847567306073,0.410526315789474,"Consistent_2_of_3","Standard_candidate",0.411656934754983,0.291,0.177,1,0.67,0.480514233688746,0.480514233688746,856
2.92011521339607e-26,0.829484893870224,0.305,0.146,1.06952139805845e-21,"ALDH7A1",0.159,0.829484893870224,"Malignant_enriched",3,2,0,0.237410071942446,0.300098915150243,0.376044568245125,"Consistent_2_of_3","Standard_candidate",0.414742446935112,0.305,0.159,1,0.67,0.480485611733778,0.480485611733778,857
2.14285111303124e-36,0.634255803024545,0.374,0.162,7.84840648658823e-32,"SRARP",0.212,0.634255803024545,"Malignant_enriched",3,2,2,0.0222841225626741,0.39006719269065,0.629496402877698,"Consistent_2_of_3","Standard_candidate",0.317127901512272,0.374,0.212,1,0.67,0.480481975378068,0.480481975378068,858
6.11550608433824e-32,0.731270659525551,0.338,0.151,2.23986525844972e-27,"SIRT2",0.187,0.731270659525551,"Malignant_enriched",3,2,1,0.205035971223022,0.324769113019217,0.515789473684211,"Consistent_2_of_3","Standard_candidate",0.365635329762776,0.338,0.187,1,0.67,0.480408832440694,0.480408832440694,859
3.75222272475683e-26,0.619573663298535,0.4,0.212,1.37428909516944e-21,"NSL1",0.188,0.619573663298535,"Malignant_enriched",3,2,1,0.172661870503597,0.38098405017373,0.507894736842105,"Consistent_2_of_3","Standard_candidate",0.309786831649268,0.4,0.188,1,0.67,0.479046707912317,0.479046707912317,860
1.46848090654538e-24,0.83086815452552,0.323,0.164,5.37845816831312e-20,"MOAP1",0.159,0.83086815452552,"Malignant_enriched",3,2,0,0.244736842105263,0.323584785594776,0.409470752089136,"Consistent_2_of_3","Standard_candidate",0.41543407726276,0.323,0.159,0.963467110240493,0.67,0.478778585851764,0.478778585851764,861
9.8161716832192e-27,0.795972356678948,0.312,0.149,3.59527104069586e-22,"SLC35C2",0.163,0.795972356678948,"Malignant_enriched",3,2,0,0.167130919220056,0.307218573477239,0.463157894736842,"Consistent_2_of_3","Standard_candidate",0.397986178339474,0.312,0.163,1,0.67,0.478496544584868,0.478496544584868,862
1.47113874906933e-31,1.30070919429188,0.325,0.152,5.38819278234132e-27,"SLC30A1",0.173,1.30070919429188,"Malignant_enriched",3,1,1,0.0974930362116992,0.302124082877079,0.697368421052632,"Sample_specific","Standard_candidate",0.65035459714594,0.325,0.173,1,0.33,0.478188649286485,0.478188649286485,863
1.15359674021061e-26,1.31897427276337,0.33,0.174,4.22516342069538e-22,"VWA1",0.156,1.31897427276337,"Malignant_enriched",3,1,1,0.0250696378830084,0.306141475911779,0.771052631578947,"Sample_specific","Standard_candidate",0.659487136381685,0.33,0.156,1,0.33,0.478071784095421,0.478071784095421,864
9.22258613677212e-25,0.846371312848865,0.307,0.153,3.37786439845416e-20,"POR",0.154,0.846371312848865,"Malignant_enriched",3,2,0,0.237410071942446,0.302417734482697,0.406685236768802,"Consistent_2_of_3","Standard_candidate",0.423185656424433,0.307,0.154,0.973567889440221,0.67,0.478031597522141,0.478031597522141,865
5.63667282892258e-25,0.556286429474733,0.437,0.247,2.06448779032119e-20,"DYNC1LI2",0.19,0.556286429474733,"Malignant_enriched",3,2,2,0.231197771587744,0.44361899719339,0.557553956834532,"Consistent_2_of_3","Standard_candidate",0.278143214737366,0.437,0.19,0.984259384063097,0.67,0.476574711293806,0.476574711293806,866
7.40500461351456e-28,0.590497885218441,0.399,0.207,2.71215698974584e-23,"TUG1",0.192,0.590497885218441,"Malignant_enriched",3,2,0,0.222841225626741,0.404338467358352,0.497368421052632,"Consistent_2_of_3","Standard_candidate",0.295248942609221,0.399,0.192,1,0.67,0.476012235652305,0.476012235652305,867
2.43629375750059e-30,1.39901102630006,0.272,0.119,8.92316951622167e-26,"GOT1",0.153,1.39901102630006,"Malignant_enriched",3,1,0,0.129496402877698,0.263240725408238,0.47075208913649,"Sample_specific","Standard_candidate",0.69950551315003,0.272,0.153,1,0.33,0.475876378287507,0.475876378287507,868
9.48896210124192e-30,0.636213083903716,0.37,0.179,3.47542725920086e-25,"GAA",0.191,0.636213083903716,"Malignant_enriched",3,2,1,0.155988857938719,0.362951732148953,0.594736842105263,"Consistent_2_of_3","Standard_candidate",0.318106541951858,0.37,0.191,1,0.67,0.475726635487965,0.475726635487965,869
9.433190758164e-30,0.610545823918786,0.386,0.196,3.45500044708515e-25,"CHMP1A",0.19,0.610545823918786,"Malignant_enriched",3,2,1,0.183844011142061,0.378377134093927,0.613157894736842,"Consistent_2_of_3","Standard_candidate",0.305272911959393,0.386,0.19,1,0.67,0.475518227989848,0.475518227989848,870
1.13372323732231e-22,0.672885804235274,0.463,0.292,4.15237472901671e-18,"DCAF10",0.171,0.672885804235274,"Malignant_enriched",3,2,1,0.215827338129496,0.440370828978219,0.676315789473684,"Consistent_2_of_3","Standard_candidate",0.336442902117637,0.463,0.171,0.869085173034947,0.67,0.475273501484651,0.475273501484651,871
3.23884668619041e-35,0.857187419622791,0.254,0.088,1.1862599872841e-30,"AC091271.1",0.166,0.857187419622791,"Malignant_enriched",3,2,0,0.233983286908078,0.254764591786474,0.26978417266187,"Consistent_2_of_3","Standard_candidate",0.428593709811395,0.254,0.166,1,0.67,0.475148427452849,0.475148427452849,872
1.00080902357661e-24,0.681201274216696,0.375,0.2,3.6655631297517e-20,"PPP1R37",0.175,0.681201274216696,"Malignant_enriched",3,2,1,0.233812949640288,0.360313156892753,0.565789473684211,"Consistent_2_of_3","Standard_candidate",0.340600637108348,0.375,0.175,0.971792964825263,0.67,0.474919104000877,0.474919104000877,873
7.3139667913075e-26,0.63884239181246,0.38,0.205,2.67881347698428e-21,"IRS1",0.175,0.63884239181246,"Malignant_enriched",3,2,1,0.155263157894737,0.389733584778563,0.557103064066852,"Consistent_2_of_3","Standard_candidate",0.31942119590623,0.38,0.175,1,0.67,0.474855298976558,0.474855298976558,874
1.6835386190237e-27,0.841758011164451,0.275,0.122,6.1661285460362e-23,"ARMC1",0.153,0.841758011164451,"Malignant_enriched",3,2,0,0.176258992805755,0.266413164732838,0.35,"Consistent_2_of_3","Standard_candidate",0.420879005582226,0.275,0.153,1,0.67,0.474819751395556,0.474819751395556,875
1.23085859838477e-26,1.19941999728543,0.381,0.218,4.50814270244405e-22,"OSBPL8",0.163,1.19941999728543,"Malignant_enriched",3,1,1,0.223684210526316,0.373636906337707,0.649025069637883,"Sample_specific","Standard_candidate",0.599709998642715,0.381,0.163,1,0.33,0.474727499660679,0.474727499660679,876
4.12218765704001e-19,0.523620278836428,0.367,0.214,1.50979245126747e-14,"MALSU1",0.153,0.523620278836428,"Malignant_enriched",3,3,0,0.251798561151079,0.357316521800885,0.412256267409471,"Consistent_3_of_3","Standard_candidate",0.261810139418214,0.367,0.153,0.691054137518272,1,0.473110655482294,0.473110655482294,877
6.11031646963725e-30,0.734843866626629,0.312,0.14,2.23796451016934e-25,"SDSL",0.172,0.734843866626629,"Malignant_enriched",3,2,0,0.181058495821727,0.309084373023499,0.436842105263158,"Consistent_2_of_3","Standard_candidate",0.367421933313315,0.312,0.172,1,0.67,0.472655483328329,0.472655483328329,878
1.12657425011095e-25,0.788104578363148,0.296,0.143,4.12619084845635e-21,"PHYH",0.153,0.788104578363148,"Malignant_enriched",3,2,0,0.205263157894737,0.306589292413013,0.413669064748201,"Consistent_2_of_3","Standard_candidate",0.394052289181574,0.296,0.153,1,0.67,0.472313072295394,0.472313072295394,879
9.84103476261541e-19,0.5414622706651,0.367,0.217,3.60437739215552e-14,"TMX1",0.15,0.5414622706651,"Malignant_enriched",3,3,0,0.273381294964029,0.359247608510465,0.412256267409471,"Consistent_3_of_3","Standard_candidate",0.27073113533255,0.367,0.15,0.672158487150604,1,0.471906556905728,0.471906556905728,880
4.79151368844665e-26,0.756298534459263,0.304,0.144,1.75493980353047e-21,"LTBP4",0.16,0.756298534459263,"Malignant_enriched",3,2,0,0.247910863509749,0.305551254642086,0.334532374100719,"Consistent_2_of_3","Standard_candidate",0.378149267229631,0.304,0.16,1,0.67,0.471337316807408,0.471337316807408,881
4.0849673931661e-33,0.752351664163053,0.292,0.118,1.49616015742101e-28,"PCYOX1",0.174,0.752351664163053,"Malignant_enriched",3,2,0,0.139275766016713,0.298173330562936,0.392086330935252,"Consistent_2_of_3","Standard_candidate",0.376175832081526,0.292,0.174,1,0.67,0.471243958020382,0.471243958020382,882
2.22643288927718e-27,0.729704630671478,0.312,0.144,8.1545331002666e-23,"DNAJA3",0.168,0.729704630671478,"Malignant_enriched",3,2,0,0.20863309352518,0.301765935148084,0.423684210526316,"Consistent_2_of_3","Standard_candidate",0.364852315335739,0.312,0.168,1,0.67,0.471213078833935,0.471213078833935,883
1.14454106518842e-19,0.50449055936433,0.346,0.195,4.1919961053591e-15,"C22orf39",0.151,0.50449055936433,"Malignant_enriched",3,3,0,0.270194986072423,0.348186918871295,0.389473684210526,"Consistent_3_of_3","Standard_candidate",0.252245279682165,0.346,0.151,0.718878956475618,1,0.470293163391884,0.470293163391884,884
1.14523802686802e-25,0.603250692918565,0.378,0.202,4.19454879720682e-21,"INSIG1",0.176,0.603250692918565,"Malignant_enriched",3,2,1,0.211699164345404,0.395134102364788,0.607913669064748,"Consistent_2_of_3","Standard_candidate",0.301625346459283,0.378,0.176,1,0.67,0.470206336614821,0.470206336614821,885
2.77045322257611e-24,0.676363438246465,0.374,0.202,1.01470619730072e-19,"ZMPSTE24",0.172,0.676363438246465,"Malignant_enriched",3,2,0,0.154676258992806,0.355998473468696,0.479108635097493,"Consistent_2_of_3","Standard_candidate",0.338181719123233,0.374,0.172,0.949682984358562,0.67,0.470197877434592,0.470197877434592,886
1.79334238441837e-23,0.597300030944779,0.446,0.267,6.56829581717073e-19,"ZFAND2A",0.179,0.597300030944779,"Malignant_enriched",3,2,2,0.197771587743733,0.454349963805528,0.586330935251799,"Consistent_2_of_3","Standard_candidate",0.29865001547239,0.446,0.179,0.909127364803628,0.67,0.470031608588642,0.470031608588642,887
2.67889265701927e-36,1.34010239006885,0.265,0.098,9.81171224559877e-32,"C20orf204",0.167,1.34010239006885,"Malignant_enriched",3,1,1,0.134210526315789,0.290977732401383,0.58273381294964,"Sample_specific","Standard_candidate",0.670051195034425,0.265,0.167,1,0.33,0.469912798758606,0.469912798758606,888
1.25483302305197e-23,0.582750562329582,0.444,0.262,4.59595143023015e-19,"IDH3B",0.182,0.582750562329582,"Malignant_enriched",3,2,1,0.190647482014388,0.422631406676447,0.58421052631579,"Consistent_2_of_3","Standard_candidate",0.291375281164791,0.444,0.182,0.916881228478022,0.67,0.469576004562901,0.469576004562901,889
4.75402974248209e-53,1.31725667770044,0.254,0.065,1.74121093348149e-48,"FDXR",0.189,1.31725667770044,"Malignant_enriched",3,1,0,0.175487465181058,0.262698775153752,0.370503597122302,"Sample_specific","Standard_candidate",0.65862833885022,0.254,0.189,1,0.33,0.469257084712555,0.469257084712555,890
1.61683124865315e-22,0.817623142582328,0.359,0.199,5.92180613131704e-18,"CDK12",0.16,0.817623142582328,"Malignant_enriched",3,2,1,0.15041782729805,0.347084877179623,0.621052631578947,"Consistent_2_of_3","Standard_candidate",0.408811571291164,0.359,0.16,0.861377290734514,0.67,0.469209486432968,0.469209486432968,891
1.31390998052363e-20,0.528120123415041,0.616,0.461,4.81232669466585e-16,"NR4A1",0.155,0.528120123415041,"Malignant_enriched",3,2,2,0.18941504178273,0.633395825488854,0.902877697841727,"Consistent_2_of_3","Standard_candidate",0.26406006170752,0.616,0.155,0.765882244867996,0.67,0.46909735215708,0.46909735215708,892
2.62154311805324e-31,0.686764686063551,0.316,0.137,9.60166382418181e-27,"GSE1",0.179,0.686764686063551,"Malignant_enriched",3,2,0,0.119777158774373,0.321119711766139,0.426315789473684,"Consistent_2_of_3","Standard_candidate",0.343382343031776,0.316,0.179,1,0.67,0.468845585757944,0.468845585757944,893
1.37118161407767e-40,1.33942268517323,0.255,0.084,5.02208977972087e-36,"ZFHX3",0.171,1.33942268517323,"Malignant_enriched",3,1,0,0.133704735376045,0.272461719819277,0.47841726618705,"Sample_specific","Standard_candidate",0.669711342586615,0.255,0.171,1,0.33,0.468627835646654,0.468627835646654,894
1.39025577051173e-23,0.65918985600049,0.394,0.217,5.09195078507627e-19,"LMTK3",0.177,0.65918985600049,"Malignant_enriched",3,2,1,0.0323741007194245,0.362860955920793,0.610526315789474,"Consistent_2_of_3","Standard_candidate",0.329594928000245,0.394,0.177,0.914655790127913,0.67,0.467797100519248,0.467797100519248,895
2.09739119208436e-27,0.760702096584788,0.285,0.129,7.68190498012819e-23,"PNPO",0.156,0.760702096584788,"Malignant_enriched",3,2,0,0.0974930362116992,0.297700253519512,0.464028776978417,"Consistent_2_of_3","Standard_candidate",0.380351048292394,0.285,0.156,1,0.67,0.467287762073099,0.467287762073099,896
5.35049402932907e-25,0.795484359965274,0.28,0.13,1.95967194318207e-20,"EPS15L1",0.15,0.795484359965274,"Malignant_enriched",3,2,0,0.194244604316547,0.272254432196802,0.357894736842105,"Consistent_2_of_3","Standard_candidate",0.397742179982637,0.28,0.15,0.985390831258462,0.67,0.467244169684429,0.467244169684429,897
1.97741393825702e-23,0.786713217981651,0.337,0.18,7.24247629026016e-19,"SAMM50",0.157,0.786713217981651,"Malignant_enriched",3,2,0,0.201438848920863,0.326392239089538,0.406685236768802,"Consistent_2_of_3","Standard_candidate",0.393356608990825,0.337,0.157,0.907005645893721,0.67,0.467189999131765,0.467189999131765,898
2.32307385626935e-35,0.732513922064788,0.279,0.102,8.50849030597212e-31,"GREB1",0.177,0.732513922064788,"Malignant_enriched",3,2,1,0.0362116991643454,0.299354423512942,0.553956834532374,"Consistent_2_of_3","Standard_candidate",0.366256961032394,0.279,0.177,1,0.67,0.466764240258099,0.466764240258099,899
2.26127154490461e-28,0.625442318948843,0.345,0.168,8.28213316036761e-24,"GUCD1",0.177,0.625442318948843,"Malignant_enriched",3,2,1,0.181058495821727,0.341161868921517,0.507894736842105,"Consistent_2_of_3","Standard_candidate",0.312721159474421,0.345,0.177,1,0.67,0.466580289868605,0.466580289868605,900
2.93882703060018e-26,0.707265558850497,0.303,0.141,1.07637478822762e-21,"NUDT16",0.162,0.707265558850497,"Malignant_enriched",3,2,0,0.194244604316547,0.292224622296006,0.428947368421053,"Consistent_2_of_3","Standard_candidate",0.353632779425249,0.303,0.162,1,0.67,0.465408194856312,0.465408194856312,901
1.00534379280495e-26,0.731885711450156,0.29,0.132,3.6821721755274e-22,"SLC38A10",0.158,0.731885711450156,"Malignant_enriched",3,2,0,0.172701949860724,0.291885125531008,0.368421052631579,"Consistent_2_of_3","Standard_candidate",0.365942855725078,0.29,0.158,1,0.67,0.46508571393127,0.46508571393127,902
1.47352369171195e-24,0.731901439180623,0.316,0.159,5.3969278732642e-20,"MDP1",0.157,0.731901439180623,"Malignant_enriched",3,2,0,0.244736842105263,0.330070961556513,0.489208633093525,"Consistent_2_of_3","Standard_candidate",0.365950719590312,0.316,0.157,0.963392669299191,0.67,0.464596580292457,0.464596580292457,903
1.73203039066404e-23,0.66722209459045,0.379,0.21,6.3437345088461e-19,"MRPS25",0.169,0.66722209459045,"Malignant_enriched",3,2,0,0.215827338129496,0.364675671865381,0.463157894736842,"Consistent_2_of_3","Standard_candidate",0.333611047295225,0.379,0.169,0.909882750046785,0.67,0.463485174330824,0.463485174330824,904
1.11707123570153e-21,0.820053730207644,0.36,0.202,4.09138510788041e-17,"PANK3",0.158,0.820053730207644,"Malignant_enriched",3,2,0,0.212230215827338,0.349226521143443,0.498607242339833,"Consistent_2_of_3","Standard_candidate",0.410026865103822,0.36,0.158,0.819406481997267,0.67,0.463017688575545,0.463017688575545,905
4.39353646761083e-20,0.756618626589177,0.453,0.29,1.60917666662714e-15,"AFTPH",0.163,0.756618626589177,"Malignant_enriched",3,2,1,0.192200557103064,0.476801927465505,0.76978417266187,"Consistent_2_of_3","Standard_candidate",0.378309313294589,0.453,0.163,0.739669813670455,0.67,0.462727800374215,0.462727800374215,906
5.92361745307402e-37,1.27385760234206,0.265,0.095,2.16958412836289e-32,"PXMP4",0.17,1.27385760234206,"Malignant_enriched",3,1,0,0.10431654676259,0.250691157966458,0.402631578947368,"Sample_specific","Standard_candidate",0.63692880117103,0.265,0.17,1,0.33,0.462232200292758,0.462232200292758,907
5.75253774084882e-26,0.549246004831762,0.365,0.185,2.10692447296329e-21,"ACP5",0.18,0.549246004831762,"Malignant_enriched",3,2,0,0.236768802228412,0.361341209981729,0.494736842105263,"Consistent_2_of_3","Standard_candidate",0.274623002415881,0.365,0.18,1,0.67,0.46165575060397,0.46165575060397,908
2.75770214505362e-53,1.15115393335491,0.296,0.085,1.01003598764734e-48,"PDZK1",0.211,1.15115393335491,"Malignant_enriched",3,1,1,0.00557103064066852,0.335909768007321,0.802158273381295,"Sample_specific","Standard_candidate",0.575576966677455,0.296,0.211,1,0.33,0.461294241669364,0.461294241669364,909
2.09052966819928e-22,0.704201794726577,0.389,0.227,7.65677396274669e-18,"POLR1H",0.162,0.704201794726577,"Malignant_enriched",3,2,1,0.214484679665738,0.375458038495168,0.642105263157895,"Consistent_2_of_3","Standard_candidate",0.352100897363288,0.389,0.162,0.855797708680831,0.67,0.460594880642947,0.460594880642947,910
2.38413984448779e-23,0.759320908503528,0.326,0.171,8.73215059442098e-19,"TMEM25",0.155,0.759320908503528,"Malignant_enriched",3,2,0,0.183453237410072,0.314672068238973,0.381615598885794,"Consistent_2_of_3","Standard_candidate",0.379660454251764,0.326,0.155,0.902943939153401,0.67,0.460556704435951,0.460556704435951,911
1.36525928877577e-23,0.621129675344104,0.379,0.208,5.00039867107015e-19,"ATF7",0.171,0.621129675344104,"Malignant_enriched",3,2,1,0.172701949860724,0.366970320532901,0.636842105263158,"Consistent_2_of_3","Standard_candidate",0.310564837672052,0.379,0.171,0.915049768445763,0.67,0.458898674684877,0.458898674684877,912
2.55667081394191e-24,0.702250873988219,0.313,0.155,9.36406252314364e-20,"RHPN1",0.158,0.702250873988219,"Malignant_enriched",3,2,1,0.0919220055710306,0.307997730242723,0.526315789473684,"Consistent_2_of_3","Standard_candidate",0.351125436994109,0.313,0.158,0.951426784760701,0.67,0.458695376962633,0.458695376962633,913
7.44692474400568e-24,0.7598204533101,0.301,0.15,2.72751065673952e-19,"SNRNP35",0.151,0.7598204533101,"Malignant_enriched",3,2,0,0.183453237410072,0.29099274458164,0.355263157894737,"Consistent_2_of_3","Standard_candidate",0.37991022665505,0.301,0.151,0.928211677194559,0.67,0.458609308242946,0.458609308242946,914
5.96293402492982e-33,1.24880864010515,0.267,0.104,2.1839842159708e-28,"VAMP5",0.163,1.24880864010515,"Malignant_enriched",3,1,0,0.107913669064748,0.252562143219012,0.415789473684211,"Sample_specific","Standard_candidate",0.624404320052575,0.267,0.163,1,0.33,0.458101080013144,0.458101080013144,915
9.11289941017069e-23,0.777083287701966,0.324,0.169,3.33769053796912e-18,"PTPN1",0.155,0.777083287701966,"Malignant_enriched",3,2,0,0.223021582733813,0.316504433163629,0.431754874651811,"Consistent_2_of_3","Standard_candidate",0.388541643850983,0.324,0.155,0.873827696622543,0.67,0.458009565456127,0.458009565456127,916
2.6415842767089e-27,0.523760572385664,0.356,0.177,9.67506657187401e-23,"HIBADH",0.179,0.523760572385664,"Malignant_enriched",3,2,0,0.241007194244604,0.345624301028317,0.442105263157895,"Consistent_2_of_3","Standard_candidate",0.261880286192832,0.356,0.179,1,0.67,0.456470071548208,0.456470071548208,917
1.81597964045952e-23,0.550520005961378,0.407,0.229,6.65120703114704e-19,"ROGDI",0.178,0.550520005961378,"Malignant_enriched",3,2,1,0.244604316546763,0.390585253538849,0.626315789473684,"Consistent_2_of_3","Standard_candidate",0.275260002980689,0.407,0.178,0.908854976686736,0.67,0.456143247248183,0.456143247248183,918
9.20510494997654e-25,0.642011080711473,0.317,0.155,3.37146173897841e-20,"RPS6KB1",0.162,0.642011080711473,"Malignant_enriched",3,2,1,0.0779944289693593,0.334101134280964,0.561151079136691,"Consistent_2_of_3","Standard_candidate",0.321005540355736,0.317,0.162,0.973609088227438,0.67,0.45609274832305,0.45609274832305,919
8.04553607716333e-27,0.531917703870292,0.348,0.173,2.94675804362184e-22,"BRAF",0.175,0.531917703870292,"Malignant_enriched",3,2,1,0.167130919220056,0.367031775547162,0.597122302158273,"Consistent_2_of_3","Standard_candidate",0.265958851935146,0.348,0.175,1,0.67,0.455089712983787,0.455089712983787,920
1.02874494928965e-22,0.667406069227239,0.374,0.215,3.76788125126827e-18,"HID1",0.159,0.667406069227239,"Malignant_enriched",3,2,1,0.147632311977716,0.398169498413877,0.694244604316547,"Consistent_2_of_3","Standard_candidate",0.333703034613619,0.374,0.159,0.871195139645492,0.67,0.454705029600229,0.454705029600229,921
9.10841431329623e-22,0.680584584474781,0.389,0.222,3.33604782638788e-17,"TIMM10B",0.167,0.680584584474781,"Malignant_enriched",3,2,0,0.23021582733813,0.375509561563475,0.486842105263158,"Consistent_2_of_3","Standard_candidate",0.34029229223739,0.389,0.167,0.823838386591951,0.67,0.45384883104814,0.45384883104814,922
1.31919602624297e-23,0.6490688485153,0.341,0.178,4.83168736571751e-19,"SLC1A5",0.163,0.6490688485153,"Malignant_enriched",3,2,1,0.0668523676880223,0.345526581227321,0.523684210526316,"Consistent_2_of_3","Standard_candidate",0.32453442425765,0.341,0.163,0.915795058724896,0.67,0.453302864873147,0.453302864873147,923
1.57737606199704e-22,0.608240257380862,0.392,0.218,5.77729756467036e-18,"KDM2A",0.174,0.608240257380862,"Malignant_enriched",3,2,1,0.247910863509749,0.387717100912438,0.544736842105263,"Consistent_2_of_3","Standard_candidate",0.304120128690431,0.392,0.174,0.861913763158621,0.67,0.452517096646401,0.452517096646401,924
9.63046085450019e-38,1.17077634754848,0.273,0.099,3.52725259256924e-33,"LIG3",0.174,1.17077634754848,"Malignant_enriched",3,1,1,0.128133704735376,0.294819022366039,0.543165467625899,"Sample_specific","Standard_candidate",0.58538817377424,0.273,0.174,1,0.33,0.45174704344356,0.45174704344356,925
6.58910441584863e-24,0.639179007874507,0.328,0.165,2.41332538334872e-19,"TMEM35B",0.163,0.639179007874507,"Malignant_enriched",3,2,0,0.18705035971223,0.31556812312941,0.442105263157895,"Consistent_2_of_3","Standard_candidate",0.319589503937253,0.328,0.163,0.930869205958725,0.67,0.451727756878122,0.451727756878122,926
6.81937127407669e-23,0.679810453488031,0.336,0.178,2.49766292284333e-18,"GLT8D1",0.158,0.679810453488031,"Malignant_enriched",3,2,0,0.205035971223022,0.324810651405573,0.418421052631579,"Consistent_2_of_3","Standard_candidate",0.339905226744016,0.336,0.158,0.880123308654918,0.67,0.449794802984242,0.449794802984242,927
6.47058891111713e-26,0.502081194083675,0.341,0.17,2.36991789458576e-21,"UNC119",0.171,0.502081194083675,"Malignant_enriched",3,2,0,0.220055710306407,0.33644038002262,0.476315789473684,"Consistent_2_of_3","Standard_candidate",0.251040597041838,0.341,0.171,1,0.67,0.449160149260459,0.449160149260459,928
3.05123227653552e-30,1.11249102431148,0.299,0.132,1.1175443336039e-25,"ARHGAP35",0.167,1.11249102431148,"Malignant_enriched",3,1,1,0.140287769784173,0.282194833489608,0.544736842105263,"Sample_specific","Standard_candidate",0.55624551215574,0.299,0.167,1,0.33,0.448261378038935,0.448261378038935,929
2.14660350338087e-28,0.552215442948687,0.303,0.133,7.86214999148279e-24,"TMEM192",0.17,0.552215442948687,"Malignant_enriched",3,2,0,0.0584958217270195,0.312127661893356,0.456834532374101,"Consistent_2_of_3","Standard_candidate",0.276107721474343,0.303,0.17,1,0.67,0.447626930368586,0.447626930368586,930
8.88142272452348e-23,0.73241404542648,0.299,0.148,3.25290988708397e-18,"YTHDF1",0.151,0.73241404542648,"Malignant_enriched",3,2,0,0.194986072423398,0.304374380571778,0.381294964028777,"Consistent_2_of_3","Standard_candidate",0.36620702271324,0.299,0.151,0.874386398374245,0.67,0.446709715434447,0.446709715434447,931
5.4606738158618e-25,0.610768215611551,0.287,0.131,2.00002639179754e-20,"CFAP20",0.156,0.610768215611551,"Malignant_enriched",3,2,0,0.194986072423398,0.282261544524826,0.4,"Consistent_2_of_3","Standard_candidate",0.305384107805776,0.287,0.156,0.984948213673391,0.67,0.446688259002452,0.446688259002452,932
1.33798976251914e-21,0.511532067720633,0.451,0.272,4.9005213042026e-17,"ANKRD11",0.179,0.511532067720633,"Malignant_enriched",3,2,2,0.139275766016713,0.458302069676908,0.642105263157895,"Consistent_2_of_3","Standard_candidate",0.255766033860316,0.451,0.179,0.815487885922082,0.67,0.446264691353391,0.446264691353391,933
1.80619409379713e-35,0.935184297267601,0.365,0.164,6.61536648794137e-31,"FAM234A",0.201,0.935184297267601,"Malignant_enriched",3,1,1,0.205035971223022,0.347734953805025,0.623684210526316,"Sample_specific","Standard_candidate",0.4675921486338,0.365,0.201,1,0.33,0.44609803715845,0.44609803715845,934
5.58322623971966e-25,0.570456319161631,0.305,0.146,2.04491244255972e-20,"MFSD1",0.159,0.570456319161631,"Malignant_enriched",3,2,0,0.231197771587744,0.304189488169031,0.368421052631579,"Consistent_2_of_3","Standard_candidate",0.285228159580815,0.305,0.159,0.984466264126774,0.67,0.44577697951422,0.44577697951422,935
9.66230179846449e-22,0.581085766552149,0.407,0.237,3.5389146567056e-17,"PAK4",0.17,0.581085766552149,"Malignant_enriched",3,2,1,0.194986072423398,0.403118543136463,0.607894736842105,"Consistent_2_of_3","Standard_candidate",0.290542883276075,0.407,0.17,0.822556495526908,0.67,0.445419195148055,0.445419195148055,936
3.27408593307883e-21,0.654111486861569,0.389,0.228,1.19916671384945e-16,"MRPL15",0.161,0.654111486861569,"Malignant_enriched",3,2,1,0.136690647482014,0.368065137393091,0.507894736842105,"Consistent_2_of_3","Standard_candidate",0.327055743430784,0.389,0.161,0.796056021751157,0.67,0.44517233912037,0.44517233912037,937
6.67543569627621e-41,0.941631181757953,0.339,0.133,2.44494507811812e-36,"RAD9A",0.206,0.941631181757953,"Malignant_enriched",3,1,1,0.175487465181058,0.324853262090518,0.586842105263158,"Sample_specific","Standard_candidate",0.470815590878977,0.339,0.206,1,0.33,0.442703897719744,0.442703897719744,938
3.34373555996508e-24,0.559838571213627,0.32,0.157,1.22467658619281e-19,"EGFL7",0.163,0.559838571213627,"Malignant_enriched",3,2,1,0.0362116991643454,0.318905098762216,0.55,"Consistent_2_of_3","Standard_candidate",0.279919285606814,0.32,0.163,0.945598929253797,0.67,0.442419660789773,0.442419660789773,939
4.14091218539407e-20,0.642143119408988,0.419,0.265,1.51665049702243e-15,"SLC9A3R2",0.154,0.642143119408988,"Malignant_enriched",3,2,1,0.103064066852368,0.417101123382191,0.684210526315789,"Consistent_2_of_3","Standard_candidate",0.321071559704494,0.419,0.154,0.740955724411634,0.67,0.440011248587869,0.440011248587869,940
2.02758775090768e-23,0.593892203236555,0.315,0.157,7.42624289647447e-19,"VPS4A",0.158,0.593892203236555,"Malignant_enriched",3,2,0,0.172701949860724,0.310918320028041,0.457894736842105,"Consistent_2_of_3","Standard_candidate",0.296946101618278,0.315,0.158,0.906461542501834,0.67,0.438805756779845,0.438805756779845,941
1.71529856911204e-34,1.01218019951455,0.299,0.123,6.28245253922975e-30,"AP1S2",0.176,1.01218019951455,"Malignant_enriched",3,1,1,0.0139275766016713,0.282371920964914,0.660526315789474,"Sample_specific","Standard_candidate",0.506090099757275,0.299,0.176,1,0.33,0.437522524939319,0.437522524939319,942
2.79153025038194e-21,0.686662730691614,0.332,0.181,1.02242586950489e-16,"EIF2AK2",0.151,0.686662730691614,"Malignant_enriched",3,2,1,0.181058495821727,0.347781836105665,0.535971223021583,"Consistent_2_of_3","Standard_candidate",0.343331365345807,0.332,0.151,0.799518408524567,0.67,0.436360602615137,0.436360602615137,943
2.44962246804098e-24,0.585753559262364,0.28,0.129,8.97198725144688e-20,"PCCA-DT",0.151,0.585753559262364,"Malignant_enriched",3,2,0,0.100278551532033,0.283066471613795,0.4,"Consistent_2_of_3","Standard_candidate",0.292876779631182,0.28,0.151,0.952355567609504,0.67,0.436272530049221,0.436272530049221,944
1.75962327132501e-29,0.898084976567791,0.355,0.174,6.44479619355499e-25,"FBXO9",0.181,0.898084976567791,"Malignant_enriched",3,1,1,0.158273381294964,0.335394748268238,0.6,"Sample_specific","Standard_candidate",0.449042488283895,0.355,0.181,1,0.33,0.435460622070974,0.435460622070974,945
1.29382711171695e-18,0.726787848766535,0.398,0.246,4.73877117937449e-14,"NTN4",0.152,0.726787848766535,"Malignant_enriched",3,2,2,0.0323741007194245,0.368576149196462,0.565459610027855,"Consistent_2_of_3","Standard_candidate",0.363393924383268,0.398,0.152,0.666216713076681,0.67,0.434780988057319,0.434780988057319,946
1.25179440748764e-35,1.04875716076882,0.269,0.102,4.58482219686424e-31,"SYNGR1",0.167,1.04875716076882,"Malignant_enriched",3,1,1,0.00278551532033426,0.301231420669065,0.679856115107914,"Sample_specific","Standard_candidate",0.52437858038441,0.269,0.167,1,0.33,0.434294645096103,0.434294645096103,947
2.07875054900236e-22,0.612320571960837,0.317,0.161,7.61363176077605e-18,"RNF135",0.156,0.612320571960837,"Malignant_enriched",3,2,0,0.183453237410072,0.304463398933397,0.426315789473684,"Consistent_2_of_3","Standard_candidate",0.306160285980419,0.317,0.156,0.855920406600212,0.67,0.433528132485136,0.433528132485136,948
1.95192421821001e-20,0.60136304783566,0.391,0.23,7.14911764161597e-16,"SLC25A24",0.161,0.60136304783566,"Malignant_enriched",3,2,0,0.205035971223022,0.376447752514892,0.487465181058496,"Consistent_2_of_3","Standard_candidate",0.30068152391783,0.391,0.161,0.757287377819206,0.67,0.433163487652338,0.433163487652338,949
2.12057771184047e-21,0.51844001812596,0.401,0.235,7.7668279273869e-17,"CALCOCO2",0.166,0.51844001812596,"Malignant_enriched",3,2,1,0.242339832869081,0.415463776171556,0.593525179856115,"Consistent_2_of_3","Standard_candidate",0.25922000906298,0.401,0.166,0.805487815822576,0.67,0.433028174639131,0.433028174639131,950
7.24031381247706e-20,0.601971106682631,0.407,0.251,2.65183733695785e-15,"ZNF652",0.156,0.601971106682631,"Malignant_enriched",3,2,1,0.181058495821727,0.427000566384599,0.676258992805755,"Consistent_2_of_3","Standard_candidate",0.300985553341315,0.407,0.156,0.728822655948284,0.67,0.431169786727572,0.431169786727572,951
1.19453042185442e-19,0.556000129394632,0.428,0.264,4.37508712308401e-15,"TAF10",0.164,0.556000129394632,"Malignant_enriched",3,2,1,0.228412256267409,0.418615015625676,0.660526315789474,"Consistent_2_of_3","Standard_candidate",0.278000064697316,0.428,0.164,0.717950664712679,0.67,0.429592615881231,0.429592615881231,952
1.22316361118998e-41,0.821048540402397,0.345,0.137,4.47995904234441e-37,"RIDA",0.208,0.821048540402397,"Malignant_enriched",3,1,1,0.228412256267409,0.333987980411742,0.528947368421053,"Sample_specific","Standard_candidate",0.410524270201199,0.345,0.208,1,0.33,0.4292310675503,0.4292310675503,953
1.19546268847313e-21,0.539098482387262,0.35,0.191,4.37850164280169e-17,"TTC17",0.159,0.539098482387262,"Malignant_enriched",3,2,0,0.247910863509749,0.344848238107945,0.473684210526316,"Consistent_2_of_3","Standard_candidate",0.269549241193631,0.35,0.159,0.817933724150509,0.67,0.425877368920984,0.425877368920984,954
2.70713437510015e-34,0.94017148661367,0.268,0.099,9.91515036224179e-30,"C6orf226",0.169,0.94017148661367,"Malignant_enriched",3,1,0,0.186629526462396,0.259969529141384,0.402631578947368,"Sample_specific","Standard_candidate",0.470085743306835,0.268,0.169,1,0.33,0.420921435826709,0.420921435826709,955
1.54534259881277e-27,0.938729246715456,0.271,0.12,5.65997180241166e-23,"CHCHD6",0.151,0.938729246715456,"Malignant_enriched",3,1,0,0.143884892086331,0.258571023257629,0.436842105263158,"Sample_specific","Standard_candidate",0.469364623357728,0.271,0.151,1,0.33,0.417741155839432,0.417741155839432,956
3.36471746628097e-31,0.862267012157474,0.297,0.125,1.23236141920007e-26,"GCDH",0.172,0.862267012157474,"Malignant_enriched",3,1,0,0.165467625899281,0.283668312381322,0.471052631578947,"Sample_specific","Standard_candidate",0.431133506078737,0.297,0.172,1,0.33,0.417583376519684,0.417583376519684,957
4.33863799633826e-20,0.508404168464614,0.383,0.221,1.58906955253885e-15,"POP4",0.162,0.508404168464614,"Malignant_enriched",3,2,1,0.176258992805755,0.364649005029959,0.55,"Consistent_2_of_3","Standard_candidate",0.254202084232307,0.383,0.162,0.739942854679506,0.67,0.417541949260003,0.417541949260003,958
6.33052437862501e-20,0.563320386619586,0.363,0.21,2.3186178589152e-15,"DNAJC10",0.153,0.563320386619586,"Malignant_enriched",3,2,1,0.247910863509749,0.378459244040041,0.561151079136691,"Consistent_2_of_3","Standard_candidate",0.281660193309793,0.363,0.153,0.731738541167499,0.67,0.417375829502573,0.417375829502573,959
8.38005832770413e-30,0.74597305199444,0.358,0.176,3.06928016310491e-25,"ALG3",0.182,0.74597305199444,"Malignant_enriched",3,1,1,0.194244604316547,0.340988244443296,0.594736842105263,"Sample_specific","Standard_candidate",0.37298652599722,0.358,0.182,1,0.33,0.417246631499305,0.417246631499305,960
2.40410605563356e-26,0.882576293625091,0.293,0.135,8.80527883936346e-22,"TTC36",0.158,0.882576293625091,"Malignant_enriched",3,1,0,0.219424460431655,0.2853464420957,0.402631578947368,"Sample_specific","Standard_candidate",0.441288146812546,0.293,0.158,1,0.33,0.416522036703136,0.416522036703136,961
5.33268703858429e-40,0.913336361023897,0.257,0.083,1.95314995475188e-35,"SULT1A1",0.174,0.913336361023897,"Malignant_enriched",3,1,0,0.18941504178273,0.26719615364738,0.388489208633094,"Sample_specific","Standard_candidate",0.456668180511949,0.257,0.174,1,0.33,0.416367045127987,0.416367045127987,962
8.40961418031563e-26,0.838127957506642,0.316,0.159,3.0801052896824e-21,"APPBP2",0.157,0.838127957506642,"Malignant_enriched",3,1,1,0.178947368421053,0.344610012034354,0.665467625899281,"Sample_specific","Standard_candidate",0.419063978753321,0.316,0.157,1,0.33,0.41536599468833,0.41536599468833,963
8.41369469139512e-20,0.519389230529563,0.377,0.216,3.08159981767038e-15,"FUBP1",0.161,0.519389230529563,"Malignant_enriched",3,2,0,0.241007194244604,0.364763723400403,0.460526315789474,"Consistent_2_of_3","Standard_candidate",0.259694615264781,0.377,0.161,0.725561188012577,0.67,0.415357832018082,0.415357832018082,964
3.31103789497733e-24,0.867495559031896,0.313,0.156,1.2127007394144e-19,"LENG8",0.157,0.867495559031896,"Malignant_enriched",3,1,0,0.203342618384401,0.303291411732072,0.476315789473684,"Sample_specific","Standard_candidate",0.433747779515948,0.313,0.157,0.945812317881477,0.33,0.410308792561209,0.410308792561209,965
6.09377656896231e-25,0.875559566435473,0.278,0.128,2.23190660614814e-20,"KIF3B",0.15,0.875559566435473,"Malignant_enriched",3,1,0,0.203342618384401,0.272589657346107,0.384210526315789,"Sample_specific","Standard_candidate",0.437779783217736,0.278,0.15,0.982566199117617,0.33,0.408429875672077,0.408429875672077,966
8.44175031420163e-25,0.754890810380518,0.343,0.178,3.09187547007949e-20,"C6orf89",0.165,0.754890810380518,"Malignant_enriched",3,1,1,0.23021582733813,0.331254076053041,0.518421052631579,"Sample_specific","Standard_candidate",0.377445405190259,0.343,0.165,0.975488900313145,0.33,0.408284686344537,0.408284686344537,967
6.44216430381566e-32,0.778503770292342,0.296,0.123,2.35950709791552e-27,"RAD51C",0.173,0.778503770292342,"Malignant_enriched",3,1,0,0.236768802228412,0.29060411544683,0.386842105263158,"Sample_specific","Standard_candidate",0.389251885146171,0.296,0.173,1,0.33,0.407112971286543,0.407112971286543,968
5.60677261602799e-21,0.519893374429894,0.302,0.152,2.05353653834641e-16,"LENG1",0.15,0.519893374429894,"Malignant_enriched",3,2,0,0.161870503597122,0.288809984119434,0.431578947368421,"Consistent_2_of_3","Standard_candidate",0.259946687214947,0.302,0.15,0.784374878269417,0.67,0.407042903544149,0.407042903544149,969
9.50170113106139e-22,0.904637618147232,0.372,0.222,3.48009305626254e-17,"TMEM60",0.15,0.904637618147232,"Malignant_enriched",3,1,1,0.215789473684211,0.36543429674967,0.632311977715877,"Sample_specific","Standard_candidate",0.452318809073616,0.372,0.15,0.822920457152082,0.33,0.406917770841216,0.406917770841216,970
3.19993485983469e-27,0.771577212620058,0.304,0.141,1.17200814176305e-22,"ARAF",0.163,0.771577212620058,"Malignant_enriched",3,1,0,0.23021582733813,0.296063732506152,0.418421052631579,"Sample_specific","Standard_candidate",0.385788606310029,0.304,0.163,1,0.33,0.405847151577507,0.405847151577507,971
9.00950421692799e-18,0.504913586086387,0.412,0.253,3.29982101449205e-13,"C5orf15",0.159,0.504913586086387,"Malignant_enriched",3,2,1,0.140287769784173,0.387895366158327,0.6,"Consistent_2_of_3","Standard_candidate",0.252456793043194,0.412,0.159,0.624075480801962,0.67,0.404925520381093,0.404925520381093,972
8.31827140259118e-18,0.578038853305249,0.368,0.218,3.04665008391305e-13,"DMAC2",0.15,0.578038853305249,"Malignant_enriched",3,2,0,0.190647482014388,0.352003932699025,0.492105263157895,"Consistent_2_of_3","Standard_candidate",0.289019426652624,0.368,0.15,0.625808871141053,0.67,0.403726187334314,0.403726187334314,973
1.77252645544509e-28,0.804610151135137,0.266,0.11,6.49205539571318e-24,"HSD17B8",0.156,0.804610151135137,"Malignant_enriched",3,1,0,0.136690647482014,0.253130865780913,0.45,"Sample_specific","Standard_candidate",0.402305075567569,0.266,0.156,1,0.33,0.400976268891892,0.400976268891892,974
5.23652238783132e-25,0.673205158825559,0.326,0.161,1.9179286897671e-20,"PEPD",0.165,0.673205158825559,"Malignant_enriched",3,1,0,0.23021582733813,0.316187858978321,0.481578947368421,"Sample_specific","Standard_candidate",0.336602579412779,0.326,0.165,0.985858377215316,0.33,0.396229401435492,0.396229401435492,975
5.49069429959758e-29,0.619379053781257,0.333,0.152,2.01102169417061e-24,"MYB",0.181,0.619379053781257,"Malignant_enriched",3,1,1,0.217270194986072,0.32357826390991,0.505263157894737,"Sample_specific","Standard_candidate",0.309689526890629,0.333,0.181,1,0.33,0.396222381722657,0.396222381722657,976
4.46777479612461e-274,4.85877746111597,0.566,0.04,1.6363671968286e-269,"PVALB",0.526,4.85877746111597,"Malignant_enriched",3,2,2,0,0.595148393819763,0.983286908077994,"Consistent_2_of_3","Review_required",1,0.566,0.526,1,0.67,0.7524,0.3762,977
6.93739542677712e-243,3.70794803881521,0.547,0.05,2.54089044901139e-238,"KCNJ3",0.497,3.70794803881521,"Malignant_enriched",3,2,2,0.0184210526315789,0.577030713795772,0.899721448467967,"Consistent_2_of_3","Review_required",1,0.547,0.497,1,0.67,0.7428,0.3714,978
2.22250813590597e-21,0.638699385494518,0.354,0.196,8.14015829856919e-17,"SLC35B2",0.158,0.638699385494518,"Malignant_enriched",3,1,1,0.183844011142061,0.341061723264696,0.594736842105263,"Sample_specific","Standard_candidate",0.319349692747259,0.354,0.158,0.804468357473435,0.33,0.36890767680783,0.36890767680783,979
9.9247880287988e-23,0.561394004298821,0.304,0.148,3.63505286342785e-18,"TXLNG",0.156,0.561394004298821,"Malignant_enriched",3,1,0,0.214484679665738,0.294636380032464,0.45,"Sample_specific","Standard_candidate",0.280697002149411,0.304,0.156,0.871974463447564,0.33,0.358970420054487,0.358970420054487,980
8.6968100579229e-21,0.535832646252368,0.312,0.16,3.18529365181484e-16,"ZNF749",0.152,0.535832646252368,"Malignant_enriched",3,1,1,0.18941504178273,0.299261028063636,0.510526315789474,"Sample_specific","Standard_candidate",0.267916323126184,0.312,0.152,0.774842526196509,0.33,0.342005459711022,0.342005459711022,981
1.00401262258379e-126,2.32419990656709,0.397,0.064,3.67729663147538e-122,"CHAD",0.333,2.32419990656709,"Malignant_enriched",3,2,1,0.171052631578947,0.43156915605179,0.794964028776978,"Consistent_2_of_3","Review_required",1,0.397,0.333,1,0.67,0.68,0.34,982
4.02947850634771e-195,8.99348231770605,0.347,0.003,1.47583679773491e-190,"ALB",0.344,8.99348231770605,"Malignant_enriched",3,1,1,0,0.328032838353273,0.98050139275766,"Sample_specific","Review_required",1,0.347,0.344,1,0.33,0.6042,0.3021,983
1.92673468248838e-191,10.2499970119177,0.337,0.001,7.05685844808195e-187,"CST5",0.336,10.2499970119177,"Malignant_enriched",3,1,1,0.00359712230215827,0.318645163036848,0.947075208913649,"Sample_specific","Review_required",1,0.337,0.336,1,0.33,0.6006,0.3003,984
9.12839344143716e-140,4.6207331130913,0.313,0.021,3.34336538186077e-135,"AGTR1",0.292,4.6207331130913,"Malignant_enriched",3,1,1,0.00719424460431655,0.295549134655038,0.866295264623955,"Sample_specific","Review_required",1,0.313,0.292,1,0.33,0.587,0.2935,985
7.88866585360937e-169,8.35306459039041,0.3,0.001,2.88930275554297e-164,"NEFH",0.299,8.35306459039041,"Malignant_enriched",3,1,1,0,0.283194057567317,0.84958217270195,"Sample_specific","Review_required",1,0.3,0.299,1,0.33,0.5858,0.2929,986
