"gene","sample_id","expressing_fraction","mean_expression"
"PVALB","BC11",0.802158273381295,1.12401091950688
"PVALB","BC12",0,0
"PVALB","BC17",0.983286908077994,2.86483491767328
"KCNJ3","BC11",0.81294964028777,0.963494702967346
"KCNJ3","BC12",0.0184210526315789,0.00738653241967847
"KCNJ3","BC17",0.899721448467967,1.32726288943633
"H1-2","BC11",0.928057553956835,1.66735849244265
"H1-2","BC12",0.986842105263158,2.54955949615033
"H1-2","BC17",0.972144846796657,2.23218427742714
"H2AJ","BC11",0.992805755395683,2.171709145853
"H2AJ","BC12",0.994736842105263,2.99436128016638
"H2AJ","BC17",0.963788300835655,2.27289500027171
"ALB","BC11",0.00359712230215827,0.00186536137831628
"ALB","BC12",0,0
"ALB","BC17",0.98050139275766,3.43373019106398
"SLC9A3R1","BC11",0.989208633093525,2.06694549304606
"SLC9A3R1","BC12",0.923684210526316,1.29072384385587
"SLC9A3R1","BC17",0.841225626740947,1.27903747638363
"RETREG1","BC11",0.76978417266187,0.872181501224521
"RETREG1","BC12",0.257894736842105,0.142045740228551
"RETREG1","BC17",0.729805013927577,0.876516496239229
"CST5","BC11",0.00359712230215827,0.00292076724993026
"CST5","BC12",0.00526315789473684,0.00154246788368551
"CST5","BC17",0.947075208913649,2.81028500240589
"COX8A","BC11",0.989208633093525,2.13498133738103
"COX8A","BC12",0.968421052631579,1.87446498656705
"COX8A","BC17",0.988857938718663,2.14105442560915
"NEFH","BC11",0,0
"NEFH","BC12",0,0
"NEFH","BC17",0.84958217270195,1.21724135824897
"TIMP3","BC11",0.949640287769784,1.85071441955316
"TIMP3","BC12",0.147368421052632,0.0972926386102737
"TIMP3","BC17",0.601671309192201,0.637035645031298
"HSBP1","BC11",0.91726618705036,1.30715690238136
"HSBP1","BC12",0.947368421052632,1.29868905609118
"HSBP1","BC17",0.98050139275766,2.18971003518854
"FKBP4","BC11",0.877697841726619,1.09663470987641
"FKBP4","BC12",0.926315789473684,1.29046610348752
"FKBP4","BC17",0.857938718662953,1.31864959542078
"EPN3","BC11",0.467625899280576,0.392481078788118
"EPN3","BC12",0.35,0.177190666221032
"EPN3","BC17",0.54874651810585,0.524132023450983
"SYT13","BC11",0.133093525179856,0.104990646059747
"SYT13","BC12",0.0368421052631579,0.0152816086807
"SYT13","BC17",0.71866295264624,0.852364483166758
"MZT2B","BC11",0.992805755395683,2.14840039560007
"MZT2B","BC12",0.978947368421053,1.76658496067515
"MZT2B","BC17",0.986072423398329,2.2153980735888
"AGTR1","BC11",0.00719424460431655,0.00429789267883045
"AGTR1","BC12",0.0131578947368421,0.00846149349901663
"AGTR1","BC17",0.866295264623955,1.18368763120291
"GASK1B","BC11",0.420863309352518,0.320757062748186
"GASK1B","BC12",0.5,0.305375103114451
"GASK1B","BC17",0.47075208913649,0.452061336155001
"DBI","BC11",0.938848920863309,1.37757617922089
"DBI","BC12",0.957894736842105,1.91030978596939
"DBI","BC17",0.994428969359331,2.92481909250609
"MPC2","BC11",1,3.51451276033038
"MPC2","BC12",0.910526315789474,1.09844850854656
"MPC2","BC17",0.994428969359331,2.66057366119881
"ETFB","BC11",0.58273381294964,0.489635434913073
"ETFB","BC12",0.763157894736842,0.590176768600202
"ETFB","BC17",0.584958217270195,0.54484293555423
"GLRX5","BC11",0.543165467625899,0.456951179993473
"GLRX5","BC12",0.678947368421053,0.456421394792208
"GLRX5","BC17",0.891364902506964,1.41566922604229
"FCGRT","BC11",0.949640287769784,1.45884208331413
"FCGRT","BC12",0.842105263157895,0.801283789717701
"FCGRT","BC17",0.37883008356546,0.322635767243849
"CHAD","BC11",0.794964028776978,0.963744975406491
"CHAD","BC12",0.171052631578947,0.0802872523554994
"CHAD","BC17",0.328690807799443,0.276460398608243
"HSPA1A","BC11",0.971223021582734,2.24467234149049
"HSPA1A","BC12",0.965789473684211,2.3753049471028
"HSPA1A","BC17",0.947075208913649,1.83170992658457
"HSPE1","BC11",0.935251798561151,1.52705289014886
"HSPE1","BC12",0.960526315789474,1.48267159538118
"HSPE1","BC17",0.986072423398329,2.22985910385603
"TBC1D9","BC11",0.845323741007194,0.97589402015486
"TBC1D9","BC12",0.836842105263158,0.760522723392181
"TBC1D9","BC17",0.626740947075209,0.653452293011194
"CHCHD10","BC11",0.705035971223022,0.679972548788036
"CHCHD10","BC12",0.768421052631579,0.715542723132174
"CHCHD10","BC17",0.958217270194986,1.96518335457871
"KIF12","BC11",0.449640287769784,0.374719832588345
"KIF12","BC12",0.155263157894737,0.0654441870270321
"KIF12","BC17",0.805013927576602,1.07509654240304
"NDUFAB1","BC11",0.892086330935252,1.1018145938114
"NDUFAB1","BC12",0.95,1.25166586340193
"NDUFAB1","BC17",0.910863509749304,1.34897205095429
"TM7SF2","BC11",0.446043165467626,0.364898697786613
"TM7SF2","BC12",0.660526315789474,0.497755560638824
"TM7SF2","BC17",0.373259052924791,0.35333081898618
"CYP4B1","BC11",0.0107913669064748,0.0070198441517684
"CYP4B1","BC12",0.0973684210526316,0.0607405641858827
"CYP4B1","BC17",0.62116991643454,0.662056054992466
"TMEM160","BC11",0.658273381294964,0.657368403126641
"TMEM160","BC12",0.868421052631579,0.791970475792486
"TMEM160","BC17",0.838440111420613,1.22712729423173
"RBP1","BC11",0.510791366906475,0.495583335794455
"RBP1","BC12",0.00789473684210526,0.00348305202277202
"RBP1","BC17",0.852367688022284,1.39922427344582
"HOXB5","BC11",0.0215827338129496,0.0130484089399219
"HOXB5","BC12",0.365789473684211,0.198023844044803
"HOXB5","BC17",0.459610027855153,0.414044890771007
"HERPUD1","BC11",0.87410071942446,1.24750444384843
"HERPUD1","BC12",0.863157894736842,0.889573813765423
"HERPUD1","BC17",0.785515320334262,0.947019222113996
"TMEM230","BC11",0.910071942446043,1.40711590679353
"TMEM230","BC12",0.886842105263158,0.919944085280116
"TMEM230","BC17",0.86908077994429,1.15190473062611
"NUCB2","BC11",0.992805755395683,2.49256164198119
"NUCB2","BC12",0.807894736842105,0.911258415113666
"NUCB2","BC17",0.922005571030641,1.68814690725836
"PRSS23","BC11",0.920863309352518,1.87863257252107
"PRSS23","BC12",0.465789473684211,0.404292080666212
"PRSS23","BC17",0.88857938718663,1.43751933108116
"SUSD3","BC11",0,0
"SUSD3","BC12",0.789473684210526,1.05267336271362
"SUSD3","BC17",0.933147632311978,1.60164958355998
"GATA3","BC11",0.953237410071942,1.75605431684199
"GATA3","BC12",0.934210526315789,1.38466057441952
"GATA3","BC17",0.938718662952646,1.70913266231989
"SERPINI1","BC11",0.0287769784172662,0.0133167238309887
"SERPINI1","BC12",0.0421052631578947,0.0201817761434802
"SERPINI1","BC17",0.944289693593315,1.81615584997667
"FGF2","BC11",0,0
"FGF2","BC12",0.768421052631579,0.729073966883796
"FGF2","BC17",0.052924791086351,0.0339441702774554
"HOXB-AS3","BC11",0,0
"HOXB-AS3","BC12",0.415789473684211,0.225912691674581
"HOXB-AS3","BC17",0.350974930362117,0.312899026523244
"STARD10","BC11",0.97841726618705,1.85259140392576
"STARD10","BC12",0.768421052631579,0.877576445416135
"STARD10","BC17",0.807799442896936,1.2260394783641
"CKS2","BC11",0.866906474820144,1.29660428630243
"CKS2","BC12",0.684210526315789,0.662265274926757
"CKS2","BC17",0.584958217270195,0.609751858875188
"NFATC4","BC11",0.079136690647482,0.0480653531717582
"NFATC4","BC12",0.118421052631579,0.0403094099417403
"NFATC4","BC17",0.852367688022284,1.20758603253068
"ISOC1","BC11",0.161870503597122,0.102494895854246
"ISOC1","BC12",0.231578947368421,0.104747332225092
"ISOC1","BC17",0.816155988857939,1.13766443172034
"PBX1","BC11",0.982014388489209,1.85137352994209
"PBX1","BC12",0.789473684210526,0.756464670730826
"PBX1","BC17",0.671309192200557,0.691714369329307
"ATP5MC3","BC11",0.953237410071942,1.43199693465689
"ATP5MC3","BC12",0.957894736842105,1.42255717596422
"ATP5MC3","BC17",0.974930362116992,2.21641435177082
"TRH","BC11",1,3.35550462777433
"TRH","BC12",0.294736842105263,0.261598135867778
"TRH","BC17",0.0167130919220056,0.0114695708986165
"ELOVL2","BC11",0.636690647482014,0.581754161297756
"ELOVL2","BC12",0.210526315789474,0.0977900298414425
"ELOVL2","BC17",0.183844011142061,0.15451594210028
"DNPH1","BC11",0.845323741007194,1.05004478740604
"DNPH1","BC12",0.836842105263158,0.764927085252419
"DNPH1","BC17",0.54874651810585,0.518360800219061
"ENPP5","BC11",0,0
"ENPP5","BC12",0.218421052631579,0.0964808058226344
"ENPP5","BC17",0.67966573816156,0.796805531107874
"GPX1","BC11",0.946043165467626,1.65227020222252
"GPX1","BC12",0.902631578947368,1.26129796359129
"GPX1","BC17",0.846796657381616,1.14321579916424
"AMZ2","BC11",0.723021582733813,0.727003048920373
"AMZ2","BC12",0.605263157894737,0.382486159991307
"AMZ2","BC17",0.498607242339833,0.449469421066304
"SNHG25","BC11",0.935251798561151,1.55018898848228
"SNHG25","BC12",0.713157894736842,0.645485582947545
"SNHG25","BC17",0.406685236768802,0.348260199485139
"SELENOP","BC11",0.571942446043165,0.518356697969428
"SELENOP","BC12",0.868421052631579,1.23381335460053
"SELENOP","BC17",0.871866295264624,1.26235806479006
"NFIX","BC11",0.0719424460431655,0.0411888611720398
"NFIX","BC12",0.660526315789474,0.476206551053716
"NFIX","BC17",0.35933147632312,0.305421558549044
"GABARAPL2","BC11",0.902877697841727,1.23438375448478
"GABARAPL2","BC12",0.931578947368421,1.02152040770021
"GABARAPL2","BC17",0.729805013927577,0.824006601076017
"COX5B","BC11",0.985611510791367,1.95176004627764
"COX5B","BC12",0.984210526315789,1.54652735951465
"COX5B","BC17",0.988857938718663,2.43031996184831
"CMBL","BC11",0.532374100719424,0.439469283871524
"CMBL","BC12",0.436842105263158,0.239775574653523
"CMBL","BC17",0.749303621169916,0.885900877955668
"TNNT1","BC11",0.723021582733813,0.869562784376601
"TNNT1","BC12",0.907894736842105,0.980180200700651
"TNNT1","BC17",0.487465181058496,0.508256875452841
"SLC27A2","BC11",0,0
"SLC27A2","BC12",0.00789473684210526,0.0035837856610862
"SLC27A2","BC17",0.922005571030641,1.82437190819981
"NQO1","BC11",0.877697841726619,1.07155613165791
"NQO1","BC12",0.857894736842105,0.809916451745158
"NQO1","BC17",0.47075208913649,0.409951287110999
"BEX3","BC11",0.931654676258993,1.56389336828371
"BEX3","BC12",0.873684210526316,1.01250946855889
"BEX3","BC17",0.754874651810585,0.936698519061952
"NDUFAF3","BC11",0.766187050359712,0.804627166368508
"NDUFAF3","BC12",0.921052631578947,1.06320724441783
"NDUFAF3","BC17",0.713091922005571,0.728906031266169
"CLDN3","BC11",0.859712230215827,1.09231062324364
"CLDN3","BC12",0.957894736842105,1.67406035054116
"CLDN3","BC17",0.98050139275766,1.95062971216698
"PXMP2","BC11",0.482014388489209,0.368200888645314
"PXMP2","BC12",0.610526315789474,0.371510244816366
"PXMP2","BC17",0.479108635097493,0.420810897776124
"RBBP7","BC11",0.510791366906475,0.401480884005623
"RBBP7","BC12",0.881578947368421,1.00332883653915
"RBBP7","BC17",0.590529247910863,0.553691746654029
"DCAF6","BC11",0.81294964028777,0.918498678394561
"DCAF6","BC12",0.492105263157895,0.273583198765377
"DCAF6","BC17",0.852367688022284,1.25523297728383
"H2BC5","BC11",0.802158273381295,1.01822569922256
"H2BC5","BC12",0.921052631578947,1.19212074484407
"H2BC5","BC17",0.62116991643454,0.6623938899663
"ATP5PD","BC11",0.949640287769784,1.61052235234719
"ATP5PD","BC12",0.918421052631579,1.16842268838466
"ATP5PD","BC17",0.927576601671309,1.48863468394302
"ESR1","BC11",0.805755395683453,0.913531139997079
"ESR1","BC12",0.410526315789474,0.224006251714681
"ESR1","BC17",0.693593314763231,0.756679887142376
"HPN","BC11",0.399280575539568,0.310434420612757
"HPN","BC12",0.589473684210526,0.342280983332962
"HPN","BC17",0.593314763231198,0.5602950041367
"PEBP1","BC11",0.989208633093525,1.81113665217775
"PEBP1","BC12",0.960526315789474,1.59436211680195
"PEBP1","BC17",0.98050139275766,2.10952126519621
"TPD52L1","BC11",0.852517985611511,1.02121752099398
"TPD52L1","BC12",0.397368421052632,0.241317271879758
"TPD52L1","BC17",0.501392757660167,0.472362646994225
"SKIL","BC11",0.464028776978417,0.374912084294991
"SKIL","BC12",0.897368421052632,1.02441481649228
"SKIL","BC17",0.231197771587744,0.167486261030425
"DYNLRB1","BC11",0.881294964028777,1.20950591925925
"DYNLRB1","BC12",0.913157894736842,1.06057853778273
"DYNLRB1","BC17",0.927576601671309,1.39539798766472
"RTN2","BC11",0.564748201438849,0.469361334033411
"RTN2","BC12",0.647368421052632,0.418615803142102
"RTN2","BC17",0.247910863509749,0.184928334063881
"SCD","BC11",0.841726618705036,1.23243343534084
"SCD","BC12",0.863157894736842,1.0505569836932
"SCD","BC17",0.267409470752089,0.239414741471158
"CKB","BC11",0.507194244604317,0.45204317449954
"CKB","BC12",0.365789473684211,0.192244838855035
"CKB","BC17",0.986072423398329,2.25129391307496
"S100P","BC11",0.996402877697842,2.65087115201071
"S100P","BC12",0.952631578947368,1.5764824183287
"S100P","BC17",0.0696378830083565,0.0490960106127694
"DNAJA4","BC11",0.827338129496403,1.04520950274919
"DNAJA4","BC12",0.576315789473684,0.405728886745952
"DNAJA4","BC17",0.203342618384401,0.147138123993348
"RERG","BC11",0.683453237410072,0.652183938213421
"RERG","BC12",0.402631578947368,0.215848432773914
"RERG","BC17",0.738161559888579,0.967107208527668
"KCNC2","BC11",0.70863309352518,0.692712904653916
"KCNC2","BC12",0.00263157894736842,0.00201790035960147
"KCNC2","BC17",0.894150417827298,1.31086359982777
"HOXB6","BC11",0.0755395683453237,0.0406453555527496
"HOXB6","BC12",0.497368421052632,0.295690451405913
"HOXB6","BC17",0.395543175487465,0.360444818010603
"STC1","BC11",0.942446043165468,2.0237314197765
"STC1","BC12",0.276315789473684,0.183269758775846
"STC1","BC17",0.0250696378830084,0.0217788739591493
"H2BC21","BC11",0.568345323741007,0.496174217040881
"H2BC21","BC12",0.85,0.824712567754541
"H2BC21","BC17",0.729805013927577,0.868679143927874
"IGFBP4","BC11",0.737410071942446,0.79627508112516
"IGFBP4","BC12",0.789473684210526,0.934633774942325
"IGFBP4","BC17",0.518105849582173,0.510001849894696
"IDH3A","BC11",0.39568345323741,0.302533663114825
"IDH3A","BC12",0.189473684210526,0.0805724394581273
"IDH3A","BC17",0.610027855153203,0.674994014768945
"RGS16","BC11",0.161870503597122,0.118042522868358
"RGS16","BC12",0.105263157894737,0.0580527631593731
"RGS16","BC17",0.777158774373259,1.18794315602475
"GTF2I","BC11",0.845323741007194,0.992513378621664
"GTF2I","BC12",0.718421052631579,0.499479491749714
"GTF2I","BC17",0.88857938718663,1.30709447582536
"HSPD1","BC11",0.834532374100719,1.03885295271386
"HSPD1","BC12",0.944736842105263,1.26801777002377
"HSPD1","BC17",0.894150417827298,1.3642667419368
"CXCL17","BC11",0.0323741007194245,0.0221442417776556
"CXCL17","BC12",0.776315789473684,0.816033127021002
"CXCL17","BC17",0,0
"MAST4","BC11",0.305755395683453,0.214363435478985
"MAST4","BC12",0.581578947368421,0.414976675714485
"MAST4","BC17",0.763231197771588,0.955109513601018
"NDUFB5","BC11",0.615107913669065,0.529234328228489
"NDUFB5","BC12",0.831578947368421,0.832363965602477
"NDUFB5","BC17",0.863509749303621,1.17399387765818
"CST3","BC11",1,3.60229332479682
"CST3","BC12",0.960526315789474,1.78397837784921
"CST3","BC17",0.958217270194986,1.73152328799647
"FXYD3","BC11",1,2.82487428316995
"FXYD3","BC12",0.963157894736842,1.75348182004349
"FXYD3","BC17",0.988857938718663,2.05873882181782
"COX14","BC11",0.827338129496403,0.960621176451853
"COX14","BC12",0.792105263157895,0.680751044700954
"COX14","BC17",0.846796657381616,1.14878431170121
"GGA2","BC11",0.446043165467626,0.390115386951397
"GGA2","BC12",0.281578947368421,0.122977709047442
"GGA2","BC17",0.704735376044568,0.811201153702711
"CLU","BC11",0.989208633093525,1.95929245480923
"CLU","BC12",0.713157894736842,0.739785267712181
"CLU","BC17",0.977715877437326,2.21694566464888
"GCSH","BC11",0.607913669064748,0.558515236328039
"GCSH","BC12",0.781578947368421,0.553880285137416
"GCSH","BC17",0.54874651810585,0.497560701765099
"TEX264","BC11",0.546762589928058,0.433253536875412
"TEX264","BC12",0.831578947368421,0.729437619006866
"TEX264","BC17",0.688022284122563,0.726922083249209
"ACO2","BC11",0.503597122302158,0.415801047714477
"ACO2","BC12",0.6,0.39073498379528
"ACO2","BC17",0.743732590529248,0.854196908432921
"ATP6AP1","BC11",0.787769784172662,0.940317965411961
"ATP6AP1","BC12",0.821052631578947,0.698782302343589
"ATP6AP1","BC17",0.696378830083565,0.778243703690347
"CTSF","BC11",0.305755395683453,0.226924522762833
"CTSF","BC12",0.810526315789474,0.774557632307274
"CTSF","BC17",0.526462395543176,0.488624752037828
"C20orf27","BC11",0.568345323741007,0.494338997570159
"C20orf27","BC12",0.552631578947368,0.313458337549702
"C20orf27","BC17",0.334261838440111,0.28108250116716
"MRPS7","BC11",0.690647482014389,0.659920805420563
"MRPS7","BC12",0.823684210526316,0.706835236799105
"MRPS7","BC17",0.704735376044568,0.727948898348188
"HINT2","BC11",0.60431654676259,0.515694720403604
"HINT2","BC12",0.731578947368421,0.545445255948567
"HINT2","BC17",0.81058495821727,0.991717367352082
"GADD45G","BC11",0.31294964028777,0.265178319057063
"GADD45G","BC12",0.381578947368421,0.276985205941633
"GADD45G","BC17",0.682451253481894,0.943997495433716
"ITPK1","BC11",0.568345323741007,0.480460608194008
"ITPK1","BC12",0.223684210526316,0.0916631793595119
"ITPK1","BC17",0.286908077994429,0.22296773646445
"SNF8","BC11",0.830935251798561,0.939693696378061
"SNF8","BC12",0.857894736842105,0.772658992991806
"SNF8","BC17",0.512534818941504,0.437921822505103
"COX7B","BC11",0.935251798561151,1.34421834258483
"COX7B","BC12",0.939473684210526,1.12528891117284
"COX7B","BC17",0.991643454038997,2.33305642685004
"SEZ6L2","BC11",0.467625899280576,0.379479129688801
"SEZ6L2","BC12",0.413157894736842,0.215759180492163
"SEZ6L2","BC17",0.479108635097493,0.429863927515988
"IFI27","BC11",0.992805755395683,3.28821441839394
"IFI27","BC12",0.778947368421053,1.4515223348372
"IFI27","BC17",0.0194986072423398,0.0178629828920928
"CSAD","BC11",0.575539568345324,0.539675397304249
"CSAD","BC12",0.778947368421053,0.705326617794229
"CSAD","BC17",0.557103064066852,0.555549012267569
"SERPINA5","BC11",0.805755395683453,1.07788529858411
"SERPINA5","BC12",0.0763157894736842,0.0375230067717712
"SERPINA5","BC17",0.303621169916435,0.299126423962539
"GALNT1","BC11",0.514388489208633,0.401412556252059
"GALNT1","BC12",0.734210526315789,0.519437555288202
"GALNT1","BC17",0.303621169916435,0.251999678084994
"CCDC167","BC11",0.52158273381295,0.453413663344127
"CCDC167","BC12",0.7,0.514070992595732
"CCDC167","BC17",0.565459610027855,0.535213016026881
"PRKAR1A","BC11",0.967625899280576,1.61629309241356
"PRKAR1A","BC12",0.660526315789474,0.40810389301552
"PRKAR1A","BC17",0.752089136490251,0.81314134162701
"MRPS23","BC11",0.841726618705036,0.990743729847825
"MRPS23","BC12",0.647368421052632,0.448062776129797
"MRPS23","BC17",0.518105849582173,0.488976076054417
"RWDD4","BC11",0.438848920863309,0.345855926965068
"RWDD4","BC12",0.484210526315789,0.261822293592589
"RWDD4","BC17",0.796657381615599,1.12620750744678
"IRF2BPL","BC11",0.294964028776978,0.207055855373593
"IRF2BPL","BC12",0.434210526315789,0.241018631284791
"IRF2BPL","BC17",0.473537604456825,0.428484528535773
"HACD3","BC11",0.838129496402878,1.02648388021479
"HACD3","BC12",0.660526315789474,0.478846391860753
"HACD3","BC17",0.802228412256267,0.966904474666314
"DGCR6L","BC11",0.539568345323741,0.468776646580676
"DGCR6L","BC12",0.642105263157895,0.431821636676812
"DGCR6L","BC17",0.657381615598886,0.643429226466764
"NDUFB10","BC11",0.920863309352518,1.27601735628469
"NDUFB10","BC12",0.952631578947368,1.44377148841899
"NDUFB10","BC17",0.899721448467967,1.3983911236613
"NDUFB9","BC11",0.971223021582734,1.45377076612551
"NDUFB9","BC12",0.955263157894737,1.43210157123587
"NDUFB9","BC17",0.983286908077994,1.97613689206832
"NR2F6","BC11",0.633093525179856,0.559174705303381
"NR2F6","BC12",0.571052631578947,0.347094770827653
"NR2F6","BC17",0.540389972144847,0.495350982575662
"PRLR","BC11",0.676258992805755,0.67145715682623
"PRLR","BC12",0.607894736842105,0.398559767123205
"PRLR","BC17",0.582172701949861,0.576327526964923
"SPATA20","BC11",0.661870503597122,0.626995901578953
"SPATA20","BC12",0.307894736842105,0.142261436909226
"SPATA20","BC17",0.417827298050139,0.36071477482516
"MAFB","BC11",0.118705035971223,0.0770917842620943
"MAFB","BC12",0.384210526315789,0.310660874114561
"MAFB","BC17",0.67966573816156,0.869653460881749
"C18orf32","BC11",0.776978417266187,0.815106973217827
"C18orf32","BC12",0.91578947368421,1.04882746296313
"C18orf32","BC17",0.966573816155989,1.80278095744578
"PRDX2","BC11",0.97841726618705,1.87189737981066
"PRDX2","BC12",0.928947368421053,1.17302328445618
"PRDX2","BC17",0.98050139275766,2.08299420782684
"PDHB","BC11",0.345323741007194,0.249528808840713
"PDHB","BC12",0.592105263157895,0.355990805702024
"PDHB","BC17",0.6991643454039,0.760955924935399
"WFDC2","BC11",0.0539568345323741,0.0374118727955583
"WFDC2","BC12",0.823684210526316,1.20271363603235
"WFDC2","BC17",0.841225626740947,1.15010611733098
"TSPAN13","BC11",0.967625899280576,1.56031342590885
"TSPAN13","BC12",0.989473684210526,2.36072999727281
"TSPAN13","BC17",0.406685236768802,0.41227581107563
"RNF139","BC11",0.517985611510791,0.43468515343912
"RNF139","BC12",0.789473684210526,0.654499594541788
"RNF139","BC17",0.309192200557103,0.262734073326258
"TOMM6","BC11",0.913669064748201,1.33101171718623
"TOMM6","BC12",0.944736842105263,1.35565413082005
"TOMM6","BC17",0.874651810584958,1.12753565792822
"MORF4L2","BC11",0.913669064748201,1.31867883122004
"MORF4L2","BC12",0.963157894736842,1.71120663255139
"MORF4L2","BC17",0.947075208913649,1.55928334672089
"PSIP1","BC11",0.262589928057554,0.176189597160222
"PSIP1","BC12",0.0947368421052632,0.0422522487339672
"PSIP1","BC17",0.428969359331476,0.377770412977033
"MRPL27","BC11",0.888489208633094,1.2300817869166
"MRPL27","BC12",0.755263157894737,0.614723055913825
"MRPL27","BC17",0.735376044568245,0.777316046543868
"CEACAM6","BC11",0.12589928057554,0.122109339070442
"CEACAM6","BC12",0.828947368421053,0.906344980150589
"CEACAM6","BC17",0.0501392757660167,0.0530783844355248
"HAUS1","BC11",0.12589928057554,0.0865973039241451
"HAUS1","BC12",0.207894736842105,0.0871853131936696
"HAUS1","BC17",0.841225626740947,1.24811902649028
"NDUFB7","BC11",0.935251798561151,1.32353826000255
"NDUFB7","BC12",0.928947368421053,1.07759898744918
"NDUFB7","BC17",0.930362116991644,1.54412369909635
"VAMP8","BC11",0.971223021582734,1.70882561057755
"VAMP8","BC12",0.923684210526316,1.28488460441907
"VAMP8","BC17",0.972144846796657,1.79627106858995
"OCEL1","BC11",0.381294964028777,0.294742586191779
"OCEL1","BC12",0.423684210526316,0.23113840366617
"OCEL1","BC17",0.559888579387187,0.509767935821172
"P4HTM","BC11",0.60431654676259,0.589207211590708
"P4HTM","BC12",0.726315789473684,0.496910977080819
"P4HTM","BC17",0.623955431754875,0.630496365559274
"COPS9","BC11",0.946043165467626,1.49598997138924
"COPS9","BC12",0.918421052631579,1.1489086580444
"COPS9","BC17",0.958217270194986,1.92621301964855
"MRPS26","BC11",0.892086330935252,1.10567972795762
"MRPS26","BC12",0.723684210526316,0.55696226152464
"MRPS26","BC17",0.707520891364902,0.731272646764808
"PCMTD2","BC11",0.723021582733813,0.707951611500883
"PCMTD2","BC12",0.123684210526316,0.0553869146996315
"PCMTD2","BC17",0.236768802228412,0.172904556068485
"WWOX","BC11",0.0935251798561151,0.0535881656751939
"WWOX","BC12",0.707894736842105,0.621426363301877
"WWOX","BC17",0.0863509749303621,0.0581529717231187
"DYNLL1","BC11",0.89568345323741,1.32955371153977
"DYNLL1","BC12",0.989473684210526,2.17924494016722
"DYNLL1","BC17",0.94150417827298,1.77509769346345
"SLC39A6","BC11",0.942446043165468,1.54385981994312
"SLC39A6","BC12",0.984210526315789,2.20311377567589
"SLC39A6","BC17",0.891364902506964,1.3582234132059
"ATP6AP2","BC11",0.528776978417266,0.427196141166279
"ATP6AP2","BC12",0.744736842105263,0.575409997070096
"ATP6AP2","BC17",0.988857938718663,2.14603038775931
"AL035661.1","BC11",0.402877697841727,0.286172236611477
"AL035661.1","BC12",0.344736842105263,0.169042089573356
"AL035661.1","BC17",0.476323119777159,0.428051562770241
"DYNLL2","BC11",0.62589928057554,0.583041272451703
"DYNLL2","BC12",0.513157894736842,0.277506300244476
"DYNLL2","BC17",0.278551532033426,0.209675799515575
"C1orf43","BC11",0.899280575539568,1.16746451921234
"C1orf43","BC12",0.971052631578947,1.59849831877736
"C1orf43","BC17",0.944289693593315,1.5917602584532
"PAFAH1B3","BC11",0.76978417266187,0.881717414497327
"PAFAH1B3","BC12",0.921052631578947,1.1977281531038
"PAFAH1B3","BC17",0.855153203342618,1.02752452105009
"TMEM134","BC11",0.58273381294964,0.508696978156549
"TMEM134","BC12",0.931578947368421,1.24486850217528
"TMEM134","BC17",0.604456824512535,0.625293975096848
"MAGED2","BC11",0.964028776978417,1.5857068640839
"MAGED2","BC12",0.810526315789474,0.811922936922879
"MAGED2","BC17",0.924791086350975,1.80168323414039
"CAPG","BC11",0.809352517985611,0.913536013313941
"CAPG","BC12",0.773684210526316,0.609612336788792
"CAPG","BC17",0.947075208913649,1.59111002491976
"EGR1","BC11",0.870503597122302,1.47274511225175
"EGR1","BC12",0.839473684210526,1.25499326136703
"EGR1","BC17",0.584958217270195,0.78410666717708
"FOXA1","BC11",0.827338129496403,0.989818168822946
"FOXA1","BC12",0.697368421052632,0.519871578856276
"FOXA1","BC17",0.537604456824513,0.503302784916532
"TCTA","BC11",0.323741007194245,0.223662038851832
"TCTA","BC12",0.473684210526316,0.25598110138942
"TCTA","BC17",0.284122562674095,0.220829655503642
"ACSF2","BC11",0.852517985611511,1.10716572572488
"ACSF2","BC12",0.302631578947368,0.153362230589729
"ACSF2","BC17",0.395543175487465,0.318268278264475
"TMEM14B","BC11",0.881294964028777,1.1177720579519
"TMEM14B","BC12",0.894736842105263,1.05234730952603
"TMEM14B","BC17",0.715877437325905,0.756317426732768
"NDUFA12","BC11",0.690647482014389,0.631778442493842
"NDUFA12","BC12",0.818421052631579,0.712637752770828
"NDUFA12","BC17",0.821727019498607,1.03867861350814
"RSBN1L","BC11",0.420863309352518,0.300727476458419
"RSBN1L","BC12",0.607894736842105,0.3925033986476
"RSBN1L","BC17",0.913649025069638,1.33833139191386
"UQCR10","BC11",0.974820143884892,1.63574158480179
"UQCR10","BC12",0.936842105263158,1.10474732476935
"UQCR10","BC17",0.983286908077994,2.11851537812453
"NDUFB4","BC11",0.953237410071942,1.58703654546569
"NDUFB4","BC12",0.944736842105263,1.31579422784098
"NDUFB4","BC17",0.98050139275766,1.95540098309732
"SNX10","BC11",0.586330935251799,0.495126101948205
"SNX10","BC12",0.289473684210526,0.142576814288405
"SNX10","BC17",0.197771587743733,0.154799317889069
"CCDC151","BC11",0.60431654676259,0.574312882092482
"CCDC151","BC12",0.0157894736842105,0.00627088634284647
"CCDC151","BC17",0.401114206128134,0.379594585402569
"PRDX5","BC11",0.910071942446043,1.42961646528897
"PRDX5","BC12",0.973684210526316,1.35375489778429
"PRDX5","BC17",0.94150417827298,1.5131275793072
"SELENOT","BC11",0.58273381294964,0.480314796941399
"SELENOT","BC12",0.892105263157895,0.993745334628622
"SELENOT","BC17",0.846796657381616,1.04628495927535
"CTSH","BC11",0.618705035971223,0.538440873685189
"CTSH","BC12",0.542105263157895,0.315299047443893
"CTSH","BC17",0.465181058495822,0.412447803828773
"PNPLA4","BC11",0.316546762589928,0.22769413143913
"PNPLA4","BC12",0.75,0.562063979732341
"PNPLA4","BC17",0.484679665738162,0.429267603999769
"TMEM14A","BC11",0.568345323741007,0.489581058883682
"TMEM14A","BC12",0.826315789473684,0.684557052789126
"TMEM14A","BC17",0.607242339832869,0.580076433898515
"LASP1","BC11",0.575539568345324,0.472618297513873
"LASP1","BC12",0.639473684210526,0.473509121484969
"LASP1","BC17",0.682451253481894,0.760803967802383
"TCEAL1","BC11",0.640287769784173,0.614828050197333
"TCEAL1","BC12",0.697368421052632,0.79238726434343
"TCEAL1","BC17",0.62116991643454,0.636870340210446
"HSPB8","BC11",0.273381294964029,0.219182527275251
"HSPB8","BC12",0.528947368421053,0.452957290622165
"HSPB8","BC17",0,0
"COX5A","BC11",0.946043165467626,1.44923203969435
"COX5A","BC12",0.928947368421053,0.980395374796968
"COX5A","BC17",0.966573816155989,1.85110558202772
"TRMT112","BC11",0.949640287769784,1.36178883190177
"TRMT112","BC12",0.986842105263158,1.6480093475627
"TRMT112","BC17",0.935933147632312,1.37745213955535
"MT1G","BC11",0,0
"MT1G","BC12",0.0210526315789474,0.00895074225127792
"MT1G","BC17",0.707520891364902,0.923498421308777
"CMTM6","BC11",0.651079136690647,0.598650519589939
"CMTM6","BC12",0.684210526315789,0.468246818147761
"CMTM6","BC17",0.707520891364902,0.836435951737549
"MRPL23","BC11",0.651079136690647,0.587394303424911
"MRPL23","BC12",0.781578947368421,0.62446858876712
"MRPL23","BC17",0.740947075208914,0.807742987587357
"MED13L","BC11",0.665467625899281,0.684501993749842
"MED13L","BC12",0.771052631578947,0.589209532089543
"MED13L","BC17",0.353760445682451,0.299398840697933
"COX11","BC11",0.503597122302158,0.399598890855656
"COX11","BC12",0.423684210526316,0.197686232458151
"COX11","BC17",0.45125348189415,0.401348184215269
"TMED2","BC11",0.827338129496403,0.973088506352134
"TMED2","BC12",0.955263157894737,1.58657065368876
"TMED2","BC17",0.933147632311978,1.46316175211344
"VAV3","BC11",0.464028776978417,0.383489794751059
"VAV3","BC12",0.586842105263158,0.358970959991136
"VAV3","BC17",0.662952646239554,0.689762958992168
"PIK3R1","BC11",0.0755395683453237,0.0487956326902579
"PIK3R1","BC12",0.284210526315789,0.175876116250753
"PIK3R1","BC17",0.532033426183844,0.539119482340062
"ANXA9","BC11",0.151079136690647,0.096122596823848
"ANXA9","BC12",0.360526315789474,0.181237012270803
"ANXA9","BC17",0.462395543175487,0.442160621177546
"GLCE","BC11",0.176258992805755,0.101593444075374
"GLCE","BC12",0.268421052631579,0.123307015923124
"GLCE","BC17",0.495821727019499,0.470971432630295
"LY6K","BC11",0,0
"LY6K","BC12",0.907894736842105,1.13640260110402
"LY6K","BC17",0.242339832869081,0.193158945811679
"COX17","BC11",0.967625899280576,1.74251685397618
"COX17","BC12",0.894736842105263,0.978343904487564
"COX17","BC17",0.880222841225627,1.18230965558239
"SEPTIN8","BC11",0.079136690647482,0.0520911782410591
"SEPTIN8","BC12",0.318421052631579,0.14244576193648
"SEPTIN8","BC17",0.445682451253482,0.414099416266406
"RTN3","BC11",0.758992805755396,0.755423841434097
"RTN3","BC12",0.878947368421053,0.841646600489055
"RTN3","BC17",0.64066852367688,0.659139437330742
"ANAPC11","BC11",0.953237410071942,1.56862573738275
"ANAPC11","BC12",0.95,1.49650776395007
"ANAPC11","BC17",0.88857938718663,1.27940290735068
"MRPL40","BC11",0.543165467625899,0.46367819704579
"MRPL40","BC12",0.731578947368421,0.501976013900302
"MRPL40","BC17",0.682451253481894,0.687782245473423
"MRPL12","BC11",0.492805755395683,0.380658753278153
"MRPL12","BC12",0.823684210526316,0.74322821315191
"MRPL12","BC17",0.729805013927577,0.824051354676599
"SELENOW","BC11",0.974820143884892,1.81789476119364
"SELENOW","BC12",0.963157894736842,1.42101163357136
"SELENOW","BC17",0.894150417827298,1.40666726533653
"GSTM3","BC11",0.143884892086331,0.105340783165871
"GSTM3","BC12",0.831578947368421,1.0382032012136
"GSTM3","BC17",0.86908077994429,1.50083104595163
"ALDH3B2","BC11",0.406474820143885,0.324456732343326
"ALDH3B2","BC12",0.513157894736842,0.347267763774032
"ALDH3B2","BC17",0.192200557103064,0.155232499585151
"PTMS","BC11",0.960431654676259,1.66201545481835
"PTMS","BC12",0.742105263157895,0.693690665180318
"PTMS","BC17",0.988857938718663,2.10542790510152
"COMT","BC11",0.848920863309353,0.945900898419455
"COMT","BC12",0.571052631578947,0.366114105492049
"COMT","BC17",0.796657381615599,0.955618956113669
"USF2","BC11",0.413669064748201,0.290493239736499
"USF2","BC12",0.571052631578947,0.337710231906422
"USF2","BC17",0.467966573816156,0.429993341848088
"BANF1","BC11",0.766187050359712,0.78776564644127
"BANF1","BC12",0.944736842105263,1.34318418058874
"BANF1","BC17",0.785515320334262,0.878970280053601
"STRBP","BC11",0.302158273381295,0.21179369033284
"STRBP","BC12",0.413157894736842,0.198353548811876
"STRBP","BC17",0.534818941504178,0.48554964677585
"TRAPPC6A","BC11",0.600719424460432,0.527149421346688
"TRAPPC6A","BC12",0.736842105263158,0.57999377793313
"TRAPPC6A","BC17",0.626740947075209,0.638422249198761
"ATP5MC1","BC11",0.97841726618705,1.8112847467904
"ATP5MC1","BC12",0.852631578947368,0.947132879054981
"ATP5MC1","BC17",0.807799442896936,1.09835415330451
"SYAP1","BC11",0.773381294964029,0.828076321123689
"SYAP1","BC12",0.976315789473684,1.68028340421001
"SYAP1","BC17",0.426183844011142,0.387247689633694
"MCRIP2","BC11",0.561151079136691,0.462458875481378
"MCRIP2","BC12",0.815789473684211,0.765419214221355
"MCRIP2","BC17",0.732590529247911,0.801761374958634
"APRT","BC11",0.956834532374101,1.69295644228619
"APRT","BC12",0.955263157894737,1.33360376592022
"APRT","BC17",0.671309192200557,0.707178282095706
"APTR","BC11",0.122302158273381,0.0827537435137739
"APTR","BC12",0.263157894736842,0.113285035765756
"APTR","BC17",0.707520891364902,0.763594435900214
"KAZALD1","BC11",0.345323741007194,0.24805030095816
"KAZALD1","BC12",0.0921052631578947,0.0379699940699511
"KAZALD1","BC17",0.362116991643454,0.293558657952501
"NDUFS3","BC11",0.550359712230216,0.44820563929109
"NDUFS3","BC12",0.697368421052632,0.472596955975417
"NDUFS3","BC17",0.777158774373259,0.877695472150648
"MRPS12","BC11",0.489208633093525,0.402766625556527
"MRPS12","BC12",0.878947368421053,0.881228261025806
"MRPS12","BC17",0.821727019498607,1.08831954438574
"COA1","BC11",0.345323741007194,0.241687813331723
"COA1","BC12",0.655263157894737,0.404505301799814
"COA1","BC17",0.487465181058496,0.428140710129205
"CYC1","BC11",0.712230215827338,0.681973275587058
"CYC1","BC12",0.871052631578947,0.915988920743311
"CYC1","BC17",0.930362116991644,1.57759533851604
"IDH2","BC11",0.838129496402878,0.992948118374259
"IDH2","BC12",0.960526315789474,1.30569484456855
"IDH2","BC17",0.905292479108635,1.48966439631236
"AC068888.1","BC11",0.244604316546763,0.159641842862707
"AC068888.1","BC12",0.35,0.167694596514831
"AC068888.1","BC17",0.350974930362117,0.280984394160709
"NDUFA7","BC11",0.91726618705036,1.36407947245656
"NDUFA7","BC12",0.839473684210526,0.796160784061309
"NDUFA7","BC17",0.860724233983287,1.14548230445836
"EML2","BC11",0.309352517985612,0.211611347701743
"EML2","BC12",0.394736842105263,0.209023640973066
"EML2","BC17",0.587743732590529,0.592593275636105
"RAMP3","BC11",0.672661870503597,0.760267145747471
"RAMP3","BC12",0.360526315789474,0.33750552534534
"RAMP3","BC17",0,0
"NDUFS6","BC11",0.87410071942446,1.14940173884949
"NDUFS6","BC12",0.921052631578947,1.09236890860085
"NDUFS6","BC17",0.866295264623955,1.22214999132218
"UQCRH","BC11",0.956834532374101,1.40467448717656
"UQCRH","BC12",0.960526315789474,1.48280042884948
"UQCRH","BC17",0.994428969359331,2.41113936620129
"PDK2","BC11",0.370503597122302,0.273125734242095
"PDK2","BC12",0.239473684210526,0.102602100704966
"PDK2","BC17",0.239554317548747,0.17929417433078
"WASHC3","BC11",0.244604316546763,0.166871904083902
"WASHC3","BC12",0.376315789473684,0.175049829032157
"WASHC3","BC17",0.543175487465181,0.513753012823164
"TERF2IP","BC11",0.672661870503597,0.664315733267166
"TERF2IP","BC12",0.513157894736842,0.279206586952879
"TERF2IP","BC17",0.54874651810585,0.509862371473572
"ISOC2","BC11",0.611510791366906,0.51209982950283
"ISOC2","BC12",0.802631578947368,0.698375926946889
"ISOC2","BC17",0.526462395543176,0.489640113576248
"CEACAM5","BC11",0.384892086330935,0.362384141790183
"CEACAM5","BC12",0.615789473684211,0.54066644739093
"CEACAM5","BC17",0.00278551532033426,0.00133746000312319
"LINC02802","BC11",0.18705035971223,0.114626758995612
"LINC02802","BC12",0.536842105263158,0.292142501462059
"LINC02802","BC17",0.133704735376045,0.0915026082868648
"RXYLT1","BC11",0.0935251798561151,0.0709387544014169
"RXYLT1","BC12",0.542105263157895,0.288851650465626
"RXYLT1","BC17",0.523676880222841,0.503184653951026
"MRPS18A","BC11",0.482014388489209,0.369551702653257
"MRPS18A","BC12",0.586842105263158,0.348438365244692
"MRPS18A","BC17",0.573816155988858,0.572822295765408
"NORAD","BC11",0.809352517985611,0.915749486177451
"NORAD","BC12",0.718421052631579,0.488470946268281
"NORAD","BC17",0.554317548746518,0.534529667541934
"ZCRB1","BC11",0.661870503597122,0.614952084368293
"ZCRB1","BC12",0.797368421052632,0.728526615487551
"ZCRB1","BC17",0.738161559888579,0.795473929967647
"SPOP","BC11",0.507194244604317,0.414038654309057
"SPOP","BC12",0.397368421052632,0.199985313842879
"SPOP","BC17",0.506963788300836,0.45509369420077
"NAXE","BC11",0.816546762589928,0.970674129635667
"NAXE","BC12",0.921052631578947,1.09817786598105
"NAXE","BC17",0.88857938718663,1.26382120564838
"SMDT1","BC11",0.906474820143885,1.17669099626998
"SMDT1","BC12",0.884210526315789,0.983115402976356
"SMDT1","BC17",0.793871866295265,1.02092354673485
"NECAB3","BC11",0.316546762589928,0.228083769693942
"NECAB3","BC12",0.4,0.208280772057809
"NECAB3","BC17",0.50974930362117,0.47793395022532
"CANX","BC11",0.798561151079137,0.883276922387816
"CANX","BC12",0.876315789473684,0.803816122733385
"CANX","BC17",0.796657381615599,0.950814204996833
"PCMTD1","BC11",0.366906474820144,0.256781482103235
"PCMTD1","BC12",0.568421052631579,0.34726892636251
"PCMTD1","BC17",0.891364902506964,1.30230707979386
"STMN3","BC11",0.392086330935252,0.288706230349731
"STMN3","BC12",0.0447368421052632,0.0212248609042334
"STMN3","BC17",0.409470752089136,0.353532722448069
"PIGT","BC11",0.715827338129496,0.726757998105485
"PIGT","BC12",0.839473684210526,0.769636683576646
"PIGT","BC17",0.662952646239554,0.682342318277061
"ARL6IP4","BC11",0.798561151079137,0.87239975384705
"ARL6IP4","BC12",0.960526315789474,1.45150131474163
"ARL6IP4","BC17",0.863509749303621,1.1712375310435
"TESMIN","BC11",0.345323741007194,0.235802496275101
"TESMIN","BC12",0.576315789473684,0.356598043858347
"TESMIN","BC17",0.328690807799443,0.274086718105877
"EIF2AK1","BC11",0.586330935251799,0.492913777087509
"EIF2AK1","BC12",0.639473684210526,0.425261166455831
"EIF2AK1","BC17",0.512534818941504,0.433598296114728
"APOE","BC11",0.0359712230215827,0.0256070562878766
"APOE","BC12",0.0421052631578947,0.0165274798684027
"APOE","BC17",0.676880222841226,1.33677606923554
"ABHD14B","BC11",0.212230215827338,0.132991987798003
"ABHD14B","BC12",0.726315789473684,0.552131809419118
"ABHD14B","BC17",0.573816155988858,0.532274016167391
"UGCG","BC11",0.435251798561151,0.371916694976148
"UGCG","BC12",0.726315789473684,0.695741605065676
"UGCG","BC17",0.84958217270195,1.08244218433642
"NUDT4","BC11",0.370503597122302,0.281621289979305
"NUDT4","BC12",0.586842105263158,0.345436502579845
"NUDT4","BC17",0.428969359331476,0.424126251412024
"PHF14","BC11",0.629496402877698,0.586476729148836
"PHF14","BC12",0.652631578947368,0.436369424785124
"PHF14","BC17",0.690807799442897,0.840985953230173
"SEC11C","BC11",0.636690647482014,0.614736363175695
"SEC11C","BC12",0.726315789473684,0.616294479729002
"SEC11C","BC17",0.754874651810585,0.902970855289048
"NDUFV1","BC11",0.345323741007194,0.243077281872221
"NDUFV1","BC12",0.786842105263158,0.611336130495847
"NDUFV1","BC17",0.66016713091922,0.673482927096977
"TMEM141","BC11",0.733812949640288,0.705027782785889
"TMEM141","BC12",0.852631578947368,0.856070513473722
"TMEM141","BC17",0.732590529247911,0.83352285728992
"SHARPIN","BC11",0.406474820143885,0.2965302881343
"SHARPIN","BC12",0.742105263157895,0.563637703941773
"SHARPIN","BC17",0.596100278551532,0.558172004514839
"ZDHHC24","BC11",0.47841726618705,0.373398211134194
"ZDHHC24","BC12",0.710526315789474,0.46573993728691
"ZDHHC24","BC17",0.295264623955432,0.23221198446634
"PTPMT1","BC11",0.381294964028777,0.297023577381024
"PTPMT1","BC12",0.613157894736842,0.348576900156696
"PTPMT1","BC17",0.409470752089136,0.343668400315577
"NDUFA1","BC11",0.91726618705036,1.26200670448547
"NDUFA1","BC12",0.902631578947368,0.88244164131278
"NDUFA1","BC17",0.958217270194986,1.70445553934396
"NDUFA8","BC11",0.643884892086331,0.558805577649469
"NDUFA8","BC12",0.752631578947368,0.551029546823529
"NDUFA8","BC17",0.813370473537604,1.04954714569347
"CDS2","BC11",0.647482014388489,0.592664162068286
"CDS2","BC12",0.315789473684211,0.150109911595642
"CDS2","BC17",0.442896935933148,0.36995369933964
"IDH1","BC11",0.370503597122302,0.283929459378267
"IDH1","BC12",0.376315789473684,0.193084164685918
"IDH1","BC17",0.498607242339833,0.456813588383907
"SORD","BC11",0.496402877697842,0.37088462006997
"SORD","BC12",0.655263157894737,0.59791922758429
"SORD","BC17",0.314763231197772,0.253808396955808
"PRXL2A","BC11",0.748201438848921,0.785653114596736
"PRXL2A","BC12",0.602631578947368,0.376985104839026
"PRXL2A","BC17",0.735376044568245,0.844160808481736
"SCAND1","BC11",0.89568345323741,1.16781011990812
"SCAND1","BC12",0.926315789473684,1.04383024043698
"SCAND1","BC17",0.844011142061281,1.09446281585566
"CDKN1C","BC11",0.273381294964029,0.183937593474271
"CDKN1C","BC12",0.123684210526316,0.0637577040720947
"CDKN1C","BC17",0.387186629526462,0.338239854645198
"CERS2","BC11",0.827338129496403,0.92803588946837
"CERS2","BC12",0.731578947368421,0.522702531353341
"CERS2","BC17",0.883008356545961,1.19530208691321
"SAC3D1","BC11",0.251798561151079,0.170356087753231
"SAC3D1","BC12",0.513157894736842,0.29867749442533
"SAC3D1","BC17",0.259052924791086,0.188453531578934
"GAMT","BC11",0.471223021582734,0.364445709411554
"GAMT","BC12",0.771052631578947,0.64281496699601
"GAMT","BC17",0.596100278551532,0.598458396125029
"C8orf82","BC11",0.294964028776978,0.189337060307447
"C8orf82","BC12",0.465789473684211,0.251627198937846
"C8orf82","BC17",0.568245125348189,0.561709863948395
"DACH1","BC11",0.647482014388489,0.565144325208908
"DACH1","BC12",0.263157894736842,0.134235466521025
"DACH1","BC17",0.0222841225626741,0.0144625291750021
"MIEN1","BC11",0.633093525179856,0.565217535510686
"MIEN1","BC12",0.91578947368421,1.28699937733872
"MIEN1","BC17",0.880222841225627,1.15470302228362
"ABHD12","BC11",0.287769784172662,0.192973918046206
"ABHD12","BC12",0.578947368421053,0.333963050360242
"ABHD12","BC17",0.518105849582173,0.474711204998235
"YIPF3","BC11",0.705035971223022,0.685943099453301
"YIPF3","BC12",0.878947368421053,0.815518852832281
"YIPF3","BC17",0.649025069637883,0.645990865358928
"BPTF","BC11",0.870503597122302,1.16040469576937
"BPTF","BC12",0.615789473684211,0.376386523823648
"BPTF","BC17",0.342618384401114,0.27499021089367
"MARCHF6","BC11",0.467625899280576,0.372216216452376
"MARCHF6","BC12",0.631578947368421,0.378543463894117
"MARCHF6","BC17",0.668523676880223,0.743073084383863
"ADCY1","BC11",0.532374100719424,0.47713742988593
"ADCY1","BC12",0.368421052631579,0.198814438353233
"ADCY1","BC17",0.00557103064066852,0.00233205449911225
"AGPAT1","BC11",0.194244604316547,0.11749167595753
"AGPAT1","BC12",0.473684210526316,0.246008202860785
"AGPAT1","BC17",0.225626740947075,0.167535321710831
"MTSS1","BC11",0.323741007194245,0.233774969873248
"MTSS1","BC12",0.392105263157895,0.217720697177413
"MTSS1","BC17",0.267409470752089,0.209369792922885
"CRNDE","BC11",0.830935251798561,1.0888044424264
"CRNDE","BC12",0.934210526315789,1.23751696473654
"CRNDE","BC17",0.727019498607242,0.801742578816837
"NDUFAF8","BC11",0.68705035971223,0.633290305490056
"NDUFAF8","BC12",0.857894736842105,0.919567793585776
"NDUFAF8","BC17",0.6991643454039,0.759151019825287
"MAP4K3-DT","BC11",0.712230215827338,0.696942392240302
"MAP4K3-DT","BC12",0.289473684210526,0.121120833503563
"MAP4K3-DT","BC17",0.406685236768802,0.348357814213724
"H2BC4","BC11",0.284172661870504,0.200466350272924
"H2BC4","BC12",0.639473684210526,0.44497036293374
"H2BC4","BC17",0.306406685236769,0.251636013892338
"MRPS24","BC11",0.802158273381295,0.89442882098495
"MRPS24","BC12",0.921052631578947,1.11538017201538
"MRPS24","BC17",0.855153203342618,1.08207183853015
"TXNIP","BC11",0.651079136690647,0.854053816059526
"TXNIP","BC12",0.265789473684211,0.207592684567839
"TXNIP","BC17",0.779944289693593,1.19043746362015
"TOB1","BC11",0.938848920863309,1.66527100838487
"TOB1","BC12",0.868421052631579,1.0034157110577
"TOB1","BC17",0.554317548746518,0.562682427117623
"RBP7","BC11",0.589928057553957,0.554222332831505
"RBP7","BC12",0.210526315789474,0.105930576419502
"RBP7","BC17",0.153203342618384,0.120605468938029
"SDF2L1","BC11",0.73021582733813,0.798303720612088
"SDF2L1","BC12",0.789473684210526,0.723258318653119
"SDF2L1","BC17",0.551532033426184,0.562841365798021
"ACOT13","BC11",0.348920863309353,0.248555739004131
"ACOT13","BC12",0.523684210526316,0.297408533254951
"ACOT13","BC17",0.284122562674095,0.225928818207717
"ARF3","BC11",0.62589928057554,0.535989412309476
"ARF3","BC12",0.818421052631579,0.652969221253719
"ARF3","BC17",0.587743732590529,0.559878489751812
"FAM120AOS","BC11",0.474820143884892,0.366444268840167
"FAM120AOS","BC12",0.744736842105263,0.570876297969308
"FAM120AOS","BC17",0.467966573816156,0.41610205441751
"THBS1","BC11",0.179856115107914,0.11652827005268
"THBS1","BC12",0.621052631578947,0.403086816631056
"THBS1","BC17",0.256267409470752,0.201199375430924
"HOXB7","BC11",0.330935251798561,0.255668034340286
"HOXB7","BC12",0.168421052631579,0.0669050452873017
"HOXB7","BC17",0.295264623955432,0.240918578572706
"AKAP1","BC11",0.413669064748201,0.29919638891731
"AKAP1","BC12",0.344736842105263,0.162575236121484
"AKAP1","BC17",0.292479108635098,0.230754326471596
"COPRS","BC11",0.428057553956835,0.310166390477812
"COPRS","BC12",0.721052631578947,0.551764058837477
"COPRS","BC17",0.448467966573816,0.385334617653691
"FLYWCH2","BC11",0.266187050359712,0.183362887404989
"FLYWCH2","BC12",0.65,0.424105440430455
"FLYWCH2","BC17",0.417827298050139,0.33557238386952
"MTARC1","BC11",0.568345323741007,0.502225793588798
"MTARC1","BC12",0.192105263157895,0.0968628908771778
"MTARC1","BC17",0.0668523676880223,0.0515963196772569
"CYB561","BC11",0.953237410071942,1.53391674576693
"CYB561","BC12",0.576315789473684,0.351067624976937
"CYB561","BC17",0.303621169916435,0.243538258109382
"PTGER3","BC11",0.00359712230215827,0.000938219207553461
"PTGER3","BC12",0.331578947368421,0.186667059310276
"PTGER3","BC17",0.771587743732591,1.28210990675476
"TNFSF10","BC11",0.0251798561151079,0.0160424929331433
"TNFSF10","BC12",0.828947368421053,0.968857776206563
"TNFSF10","BC17",0.707520891364902,1.03219204300047
"AC008268.1","BC11",0.359712230215827,0.291546192557349
"AC008268.1","BC12",0.0710526315789474,0.035696058010972
"AC008268.1","BC17",0.387186629526462,0.330925356813535
"H2AC6","BC11",0.647482014388489,0.613942800104099
"H2AC6","BC12",0.918421052631579,1.17441127525916
"H2AC6","BC17",0.805013927576602,1.02023342237574
"EPHX1","BC11",0.420863309352518,0.321421233220101
"EPHX1","BC12",0.631578947368421,0.433809870919589
"EPHX1","BC17",0.537604456824513,0.497788908362631
"ATP5ME","BC11",0.985611510791367,1.72498102831911
"ATP5ME","BC12",0.886842105263158,0.890076995257894
"ATP5ME","BC17",0.986072423398329,2.07928190060048
"COMTD1","BC11",0.485611510791367,0.389116521603465
"COMTD1","BC12",0.507894736842105,0.29502511954937
"COMTD1","BC17",0.543175487465181,0.533772022460114
"NDUFS2","BC11",0.683453237410072,0.641896259084084
"NDUFS2","BC12",0.713157894736842,0.499560581200658
"NDUFS2","BC17",0.871866295264624,1.30056369520908
"TMEM9B","BC11",0.352517985611511,0.255391829739607
"TMEM9B","BC12",0.752631578947368,0.534343157736665
"TMEM9B","BC17",0.779944289693593,0.885934164245834
"HOXB2","BC11",0.133093525179856,0.10577527898747
"HOXB2","BC12",0.871052631578947,1.09939862030333
"HOXB2","BC17",0.518105849582173,0.487488964372685
"CMC1","BC11",0.593525179856115,0.495507927432731
"CMC1","BC12",0.694736842105263,0.461846637123359
"CMC1","BC17",0.520891364902507,0.454592817824078
"TP53TG1","BC11",0.453237410071942,0.343970803318623
"TP53TG1","BC12",0.568421052631579,0.329774575279365
"TP53TG1","BC17",0.84958217270195,1.08477239106908
"PDE4DIP","BC11",0.169064748201439,0.10816780164712
"PDE4DIP","BC12",0.415789473684211,0.215140228039252
"PDE4DIP","BC17",0.568245125348189,0.568343177629945
"TSC22D3","BC11",0.794964028776978,0.913472341454718
"TSC22D3","BC12",0.786842105263158,0.789103375375275
"TSC22D3","BC17",0.715877437325905,0.835255658618845
"PHPT1","BC11",0.848920863309353,1.07486397616649
"PHPT1","BC12",0.863157894736842,0.846034865173363
"PHPT1","BC17",0.955431754874652,1.67986223958971
"MRPL57","BC11",0.827338129496403,1.0263448551781
"MRPL57","BC12",0.828947368421053,0.819772846050989
"MRPL57","BC17",0.752089136490251,0.854209116426312
"MDH2","BC11",0.820143884892086,0.923316109516588
"MDH2","BC12",0.857894736842105,0.904387773527369
"MDH2","BC17",0.983286908077994,2.13609181848594
"DDRGK1","BC11",0.798561151079137,0.938502600385294
"DDRGK1","BC12",0.818421052631579,0.710774116900356
"DDRGK1","BC17",0.685236768802228,0.731072668097705
"BAG3","BC11",0.856115107913669,1.12860307129037
"BAG3","BC12",0.602631578947368,0.456857714194115
"BAG3","BC17",0.345403899721448,0.292613111752699
"ZBTB20","BC11",0.744604316546763,0.889669312020265
"ZBTB20","BC12",0.268421052631579,0.125730940677504
"ZBTB20","BC17",0.259052924791086,0.205243956911638
"ATP5F1B","BC11",0.802158273381295,0.896590983456942
"ATP5F1B","BC12",0.902631578947368,0.997985055532566
"ATP5F1B","BC17",0.96100278551532,1.90683955168385
"MRFAP1","BC11",0.924460431654676,1.22818432198634
"MRFAP1","BC12",0.928947368421053,1.05756437643861
"MRFAP1","BC17",0.963788300835655,1.62832434689377
"USP32","BC11",0.809352517985611,0.8869372127225
"USP32","BC12",0.239473684210526,0.100965114432245
"USP32","BC17",0.175487465181058,0.131176220409959
"ING2","BC11",0.428057553956835,0.336043920121511
"ING2","BC12",0.565789473684211,0.360830744203731
"ING2","BC17",0.612813370473538,0.651400532919759
"TAF15","BC11",0.496402877697842,0.408207483066647
"TAF15","BC12",0.560526315789474,0.320639671201031
"TAF15","BC17",0.426183844011142,0.367931442157214
"HDGFL3","BC11",0.611510791366906,0.566936460452216
"HDGFL3","BC12",0.226315789473684,0.112945940965346
"HDGFL3","BC17",0.440111420612813,0.388821346728282
"CNPY3","BC11",0.453237410071942,0.345959428746406
"CNPY3","BC12",0.405263157894737,0.202895958381659
"CNPY3","BC17",0.52924791086351,0.500641116684514
"PDZK1","BC11",0.802158273381295,1.06485224496318
"PDZK1","BC12",0.2,0.119923941605295
"PDZK1","BC17",0.00557103064066852,0.00578452269741993
"PLAAT3","BC11",0.338129496402878,0.25665545857927
"PLAAT3","BC12",0.978947368421053,2.3402387555723
"PLAAT3","BC17",0.367688022284123,0.32035810793897
"AHCYL1","BC11",0.5,0.397668908377451
"AHCYL1","BC12",0.578947368421053,0.352288164350242
"AHCYL1","BC17",0.774373259052925,1.07240105517924
"LAMP2","BC11",0.600719424460432,0.545292482806857
"LAMP2","BC12",0.721052631578947,0.547776836569882
"LAMP2","BC17",0.632311977715877,0.643974843360585
"PTOV1","BC11",0.636690647482014,0.573214681297471
"PTOV1","BC12",0.773684210526316,0.567823140265197
"PTOV1","BC17",0.662952646239554,0.67877262115268
"FDXR","BC11",0.370503597122302,0.278523553557524
"FDXR","BC12",0.242105263157895,0.114606139058988
"FDXR","BC17",0.175487465181058,0.136090120848772
"NFKBIZ","BC11",0.29136690647482,0.223941321016372
"NFKBIZ","BC12",0.91578947368421,1.16881782329949
"NFKBIZ","BC17",0.15041782729805,0.123358088159475
"FSIP1","BC11",0.273381294964029,0.205494232444653
"FSIP1","BC12",0.563157894736842,0.414412401458246
"FSIP1","BC17",0.610027855153203,0.638448394471108
"TSPAN1","BC11",0.158273381294964,0.105507079611227
"TSPAN1","BC12",0.739473684210526,0.666910267208136
"TSPAN1","BC17",0.671309192200557,0.848103820853387
"CALM3","BC11",0.838129496402878,0.986840722758555
"CALM3","BC12",0.805263157894737,0.643158732932316
"CALM3","BC17",0.607242339832869,0.586503956611566
"MRPL21","BC11",0.320143884892086,0.238611211669434
"MRPL21","BC12",0.91578947368421,0.953350004411252
"MRPL21","BC17",0.615598885793872,0.594787112475167
"CLPTM1","BC11",0.320143884892086,0.215019776883567
"CLPTM1","BC12",0.7,0.445871414964183
"CLPTM1","BC17",0.543175487465181,0.494711612281508
"ECI1","BC11",0.402877697841727,0.295696826053364
"ECI1","BC12",0.478947368421053,0.283896132231473
"ECI1","BC17",0.646239554317549,0.66628157098714
"NPEPL1","BC11",0.435251798561151,0.33441870946404
"NPEPL1","BC12",0.294736842105263,0.126132622315838
"NPEPL1","BC17",0.203342618384401,0.155069919018307
"MRPS34","BC11",0.697841726618705,0.70178498379854
"MRPS34","BC12",0.907894736842105,1.10252222943192
"MRPS34","BC17",0.832869080779944,1.08930674467776
"CALR","BC11",0.881294964028777,1.12614479784095
"CALR","BC12",0.973684210526316,1.4771909011992
"CALR","BC17",0.838440111420613,1.19740609153266
"IRX3","BC11",0.535971223021583,0.461130059074452
"IRX3","BC12",0.813157894736842,0.814017004343149
"IRX3","BC17",0.657381615598886,0.702022614318406
"THSD4","BC11",0.881294964028777,1.305184601754
"THSD4","BC12",0.5,0.301588588493617
"THSD4","BC17",0.323119777158774,0.249869490325574
"MZT2A","BC11",0.996402877697842,2.07741865046337
"MZT2A","BC12",0.931578947368421,1.26593480585664
"MZT2A","BC17",0.857938718662953,1.14657779648795
"TACO1","BC11",0.464028776978417,0.394096365080888
"TACO1","BC12",0.389473684210526,0.192755829157834
"TACO1","BC17",0.194986072423398,0.141340182874411
"NDUFB1","BC11",0.881294964028777,1.18636825524713
"NDUFB1","BC12",0.747368421052632,0.546605970512654
"NDUFB1","BC17",0.885793871866295,1.28741729005789
"NFU1","BC11",0.453237410071942,0.367291515510159
"NFU1","BC12",0.394736842105263,0.1879871301773
"NFU1","BC17",0.551532033426184,0.528490648214418
"STAU2","BC11",0.212230215827338,0.131487516727068
"STAU2","BC12",0.255263157894737,0.106574199655336
"STAU2","BC17",0.504178272980501,0.489880037231891
"ARSD","BC11",0.712230215827338,0.737459526305506
"ARSD","BC12",0.747368421052632,0.563483514342808
"ARSD","BC17",0.200557103064067,0.147995291035406
"RBL2","BC11",0.384892086330935,0.279603329272838
"RBL2","BC12",0.344736842105263,0.168064267005225
"RBL2","BC17",0.125348189415042,0.0935317767422116
"AUTS2","BC11",0.197841726618705,0.134165681717808
"AUTS2","BC12",0.307894736842105,0.14831346889574
"AUTS2","BC17",0.456824512534819,0.401992588911645
"BLCAP","BC11",0.118705035971223,0.0736977415446057
"BLCAP","BC12",0.394736842105263,0.194458230216082
"BLCAP","BC17",0.67966573816156,0.69849505420828
"ERP29","BC11",0.834532374100719,0.996127236421736
"ERP29","BC12",0.886842105263158,0.985807206928318
"ERP29","BC17",0.899721448467967,1.25077556303538
"SUPT4H1","BC11",0.899280575539568,1.13508406922615
"SUPT4H1","BC12",0.818421052631579,0.657764929873512
"SUPT4H1","BC17",0.601671309192201,0.558392551608912
"YIPF6","BC11",0.525179856115108,0.45263903404146
"YIPF6","BC12",0.636842105263158,0.419615677283604
"YIPF6","BC17",0.562674094707521,0.536227911827559
"COA3","BC11",0.510791366906475,0.411843104797225
"COA3","BC12",0.773684210526316,0.613081552187946
"COA3","BC17",0.855153203342618,1.12954231288701
"SLC2A10","BC11",0.794964028776978,0.856414436277305
"SLC2A10","BC12",0.3,0.137140560734087
"SLC2A10","BC17",0.0584958217270195,0.0393956926763596
"ERLEC1","BC11",0.776978417266187,0.866445028835687
"ERLEC1","BC12",0.692105263157895,0.473068132981035
"ERLEC1","BC17",0.442896935933148,0.414698812325212
"BEX4","BC11",0.442446043165468,0.334894830077164
"BEX4","BC12",0.684210526315789,0.501041191729285
"BEX4","BC17",0.28133704735376,0.237558972814835
"CORO1B","BC11",0.535971223021583,0.431193623320959
"CORO1B","BC12",0.9,0.986933781765009
"CORO1B","BC17",0.445682451253482,0.377616004235639
"ZNF44","BC11",0.492805755395683,0.417850839358131
"ZNF44","BC12",0.121052631578947,0.04926827842313
"ZNF44","BC17",0.298050139275766,0.278473903762612
"SPDEF","BC11",0.70863309352518,0.68261127431752
"SPDEF","BC12",0.863157894736842,1.03497037749827
"SPDEF","BC17",0.590529247910863,0.609022302627302
"CTSA","BC11",0.453237410071942,0.352518364221284
"CTSA","BC12",0.652631578947368,0.438380695317816
"CTSA","BC17",0.37883008356546,0.30276187233084
"TMX4","BC11",0.611510791366906,0.539110472613556
"TMX4","BC12",0.373684210526316,0.172399603686962
"TMX4","BC17",0.197771587743733,0.13410945793179
"SPR","BC11",0.47841726618705,0.343021556386218
"SPR","BC12",0.460526315789474,0.255585459979731
"SPR","BC17",0.426183844011142,0.389796062424362
"HOPX","BC11",0.762589928057554,1.00924107008737
"HOPX","BC12",0.139473684210526,0.109207321977225
"HOPX","BC17",0,0
"SRSF6","BC11",0.611510791366906,0.536454835900549
"SRSF6","BC12",0.589473684210526,0.359290767392434
"SRSF6","BC17",0.506963788300836,0.461544698151603
"IFI27L1","BC11",0.111510791366906,0.0600211634362963
"IFI27L1","BC12",0.381578947368421,0.19855325140344
"IFI27L1","BC17",0.493036211699164,0.446168403132343
"RASD1","BC11",0.58273381294964,0.794584555083431
"RASD1","BC12",0.742105263157895,0.799904475996316
"RASD1","BC17",0.0947075208913649,0.0870445845842289
"ZMAT2","BC11",0.341726618705036,0.245822596817319
"ZMAT2","BC12",0.813157894736842,0.647239428181723
"ZMAT2","BC17",0.66016713091922,0.64926291471607
"PPP1CA","BC11",0.690647482014389,0.605310786954816
"PPP1CA","BC12",0.936842105263158,1.16162899707563
"PPP1CA","BC17",0.671309192200557,0.684041482880051
"VPS51","BC11",0.23021582733813,0.141468787498133
"VPS51","BC12",0.655263157894737,0.38579895673581
"VPS51","BC17",0.495821727019499,0.428842784111662
"RNASEH2C","BC11",0.456834532374101,0.354911506579411
"RNASEH2C","BC12",0.789473684210526,0.664445071676678
"RNASEH2C","BC17",0.431754874651811,0.359474757563575
"TMEM64","BC11",0.841726618705036,1.10269964518348
"TMEM64","BC12",0.0710526315789474,0.0257744554521622
"TMEM64","BC17",0.00557103064066852,0.00306190497828863
"BLVRA","BC11",0.370503597122302,0.286304025004288
"BLVRA","BC12",0.713157894736842,0.56786229357846
"BLVRA","BC17",0.782729805013928,0.973784375870333
"SCNN1A","BC11",0.514388489208633,0.398472056105157
"SCNN1A","BC12",0.336842105263158,0.151021882068015
"SCNN1A","BC17",0.206128133704735,0.146793950378788
"GNG10","BC11",0.737410071942446,0.768476276525519
"GNG10","BC12",0.884210526315789,0.991181841677318
"GNG10","BC17",0.576601671309192,0.549311434247577
"MT1F","BC11",0.503597122302158,0.40563183367701
"MT1F","BC12",0.0710526315789474,0.0278273148968387
"MT1F","BC17",0.398328690807799,0.350173816824027
"IFT27","BC11",0.435251798561151,0.340081142622156
"IFT27","BC12",0.526315789473684,0.279858333990714
"IFT27","BC17",0.373259052924791,0.2933861719042
"PNKD","BC11",0.60431654676259,0.543135298965318
"PNKD","BC12",0.715789473684211,0.499159137837386
"PNKD","BC17",0.635097493036212,0.6620584645476
"FAM174A","BC11",0.366906474820144,0.273023616665578
"FAM174A","BC12",0.689473684210526,0.450293875177407
"FAM174A","BC17",0.456824512534819,0.394134873790024
"YIF1A","BC11",0.607913669064748,0.556728302053528
"YIF1A","BC12",0.921052631578947,1.1095066256135
"YIF1A","BC17",0.674094707520891,0.672265541177448
"PITX1","BC11",0.00359712230215827,0.00181927161974366
"PITX1","BC12",0.736842105263158,0.687129726992961
"PITX1","BC17",0.00835654596100279,0.00624219180427557
"PIGX","BC11",0.464028776978417,0.360492111162273
"PIGX","BC12",0.644736842105263,0.411918259788254
"PIGX","BC17",0.309192200557103,0.247272369944202
"MYL9","BC11",0.237410071942446,0.158942933822809
"MYL9","BC12",0.457894736842105,0.305102037582126
"MYL9","BC17",0.67966573816156,0.729983392493861
"SAYSD1","BC11",0.258992805755396,0.178908134262948
"SAYSD1","BC12",0.568421052631579,0.337433542163483
"SAYSD1","BC17",0.420612813370474,0.345507485863965
"GAS2L1","BC11",0.12589928057554,0.0781943984896235
"GAS2L1","BC12",0.547368421052632,0.298855097347898
"GAS2L1","BC17",0.334261838440111,0.271690442355981
"OS9","BC11",0.575539568345324,0.511717513330091
"OS9","BC12",0.686842105263158,0.485872884396724
"OS9","BC17",0.571030640668524,0.550728816306638
"PMVK","BC11",0.79136690647482,0.919477071118673
"PMVK","BC12",0.892105263157895,0.926949111590354
"PMVK","BC17",0.796657381615599,0.912281709969941
"CTPS2","BC11",0.280575539568345,0.208260699915418
"CTPS2","BC12",0.586842105263158,0.387106393943232
"CTPS2","BC17",0.0362116991643454,0.024398313956735
"CH17-340M24.3","BC11",0.298561151079137,0.198319052256221
"CH17-340M24.3","BC12",0.389473684210526,0.196262974191875
"CH17-340M24.3","BC17",0.387186629526462,0.307140839694387
"LDOC1","BC11",0.255395683453237,0.160852752452508
"LDOC1","BC12",0,0
"LDOC1","BC17",0.740947075208914,0.914710290408601
"CISD3","BC11",0.496402877697842,0.395686564400881
"CISD3","BC12",0.842105263157895,0.980649396507557
"CISD3","BC17",0.571030640668524,0.556906596485491
"SRPRB","BC11",0.431654676258993,0.320307649420807
"SRPRB","BC12",0.552631578947368,0.346526377448711
"SRPRB","BC17",0.476323119777159,0.443675257717508
"IDNK","BC11",0.118705035971223,0.0750226668029071
"IDNK","BC12",0.168421052631579,0.0720040384552985
"IDNK","BC17",0.442896935933148,0.394865221712524
"SSR3","BC11",0.870503597122302,1.07012594137651
"SSR3","BC12",0.85,0.745823858527918
"SSR3","BC17",0.910863509749304,1.37461503355236
"MRPL11","BC11",0.205035971223022,0.12604756947811
"MRPL11","BC12",0.8,0.634569146036485
"MRPL11","BC17",0.479108635097493,0.421911995047656
"SLC49A3","BC11",0.0431654676258993,0.0287803762298651
"SLC49A3","BC12",0.407894736842105,0.203055797384992
"SLC49A3","BC17",0.334261838440111,0.267794948949516
"MACROD1","BC11",0.262589928057554,0.18614413467627
"MACROD1","BC12",0.607894736842105,0.384272256087589
"MACROD1","BC17",0.389972144846797,0.329285615717303
"JARID2","BC11",0.420863309352518,0.332009300979402
"JARID2","BC12",0.334210526315789,0.169360673160418
"JARID2","BC17",0.194986072423398,0.158341573572745
"RNF13","BC11",0.359712230215827,0.261267587578594
"RNF13","BC12",0.636842105263158,0.390901224373227
"RNF13","BC17",0.392757660167131,0.326222249050142
"TCTN1","BC11",0.348920863309353,0.248317225215714
"TCTN1","BC12",0.671052631578947,0.45203437505633
"TCTN1","BC17",0.236768802228412,0.176892987111928
"HTATIP2","BC11",0.694244604316547,0.657792259876351
"HTATIP2","BC12",0.602631578947368,0.35564223469872
"HTATIP2","BC17",0.504178272980501,0.448833773907877
"MTARC2","BC11",0.29136690647482,0.209332277421614
"MTARC2","BC12",0.25,0.114823385469435
"MTARC2","BC17",0.367688022284123,0.29986955037575
"PIGS","BC11",0.413669064748201,0.3210299102237
"PIGS","BC12",0.471052631578947,0.267096203154057
"PIGS","BC17",0.214484679665738,0.155616282801277
"SKAP1","BC11",0.474820143884892,0.360465631029429
"SKAP1","BC12",0.289473684210526,0.135251313976331
"SKAP1","BC17",0.289693593314763,0.226952303089718
"FBP1","BC11",0.661870503597122,0.619872620112772
"FBP1","BC12",0.381578947368421,0.204568992067205
"FBP1","BC17",0.562674094707521,0.534996648862632
"SIAH2","BC11",0.348920863309353,0.242445643228616
"SIAH2","BC12",0.802631578947368,0.83277836847958
"SIAH2","BC17",0.735376044568245,0.942695590077159
"HDDC2","BC11",0.676258992805755,0.638454494310144
"HDDC2","BC12",0.552631578947368,0.298812122619691
"HDDC2","BC17",0.465181058495822,0.399355614543446
"TCEAL3","BC11",0.805755395683453,0.955617003260764
"TCEAL3","BC12",0.757894736842105,0.801679087514855
"TCEAL3","BC17",0.568245125348189,0.531403826238486
"MRPL24","BC11",0.643884892086331,0.58248125925694
"MRPL24","BC12",0.855263157894737,0.813009844165064
"MRPL24","BC17",0.807799442896936,0.982454993095367
"C15orf61","BC11",0.640287769784173,0.609581396851932
"C15orf61","BC12",0.260526315789474,0.115760988846492
"C15orf61","BC17",0.554317548746518,0.508891753408876
"POLDIP2","BC11",0.402877697841727,0.290874204544329
"POLDIP2","BC12",0.773684210526316,0.578464955635691
"POLDIP2","BC17",0.582172701949861,0.53767776020764
"FAM3B","BC11",0.87410071942446,1.1755563306379
"FAM3B","BC12",0.0157894736842105,0.00678174081781158
"FAM3B","BC17",0.228412256267409,0.182283548601997
"PGP","BC11",0.496402877697842,0.397517521078399
"PGP","BC12",0.597368421052632,0.373178537671778
"PGP","BC17",0.454038997214485,0.41084798340328
"BCAM","BC11",0.967625899280576,1.50785183422039
"BCAM","BC12",0.931578947368421,1.2512773770132
"BCAM","BC17",0.345403899721448,0.290093365442514
"SERINC3","BC11",0.787769784172662,0.88656794497361
"SERINC3","BC12",0.652631578947368,0.402562856765092
"SERINC3","BC17",0.476323119777159,0.443347917856159
"DMAC1","BC11",0.546762589928058,0.46221095623199
"DMAC1","BC12",0.523684210526316,0.29042514586334
"DMAC1","BC17",0.713091922005571,0.753283054929142
"IRX5","BC11",0.446043165467626,0.359491933208912
"IRX5","BC12",0.521052631578947,0.353860390450663
"IRX5","BC17",0.147632311977716,0.111260136575559
"BAD","BC11",0.579136690647482,0.502976889330837
"BAD","BC12",0.815789473684211,0.688499571923867
"BAD","BC17",0.62116991643454,0.618629233582207
"PCP2","BC11",0.41726618705036,0.326424045711601
"PCP2","BC12",0.0921052631578947,0.0344258579180985
"PCP2","BC17",0.350974930362117,0.287489174858561
"PREX1","BC11",0.52158273381295,0.448752412979167
"PREX1","BC12",0.6,0.401534920604242
"PREX1","BC17",0.0557103064066852,0.035163740472429
"NDUFB6","BC11",0.697841726618705,0.62590965536321
"NDUFB6","BC12",0.731578947368421,0.535814085225377
"NDUFB6","BC17",0.760445682451253,0.866022546130058
"PRR15L","BC11",0.31294964028777,0.24015487081137
"PRR15L","BC12",0.394736842105263,0.247192011731703
"PRR15L","BC17",0.47075208913649,0.421436567977201
"PIN1","BC11",0.661870503597122,0.591294125900654
"PIN1","BC12",0.75,0.535316882300801
"PIN1","BC17",0.632311977715877,0.597340600511773
"GADD45GIP1","BC11",0.81294964028777,0.942751159903609
"GADD45GIP1","BC12",0.923684210526316,1.14756727872064
"GADD45GIP1","BC17",0.805013927576602,0.982038940406682
"RBM47","BC11",0.748201438848921,0.750727132867934
"RBM47","BC12",0.715789473684211,0.539726576688448
"RBM47","BC17",0.493036211699164,0.419615878472354
"PLD3","BC11",0.442446043165468,0.342848694558922
"PLD3","BC12",0.710526315789474,0.473344898650968
"PLD3","BC17",0.568245125348189,0.526811220255055
"ANAPC13","BC11",0.60431654676259,0.518870005299967
"ANAPC13","BC12",0.65,0.440433927034564
"ANAPC13","BC17",0.554317548746518,0.496011449457323
"ITFG1","BC11",0.381294964028777,0.290675688810929
"ITFG1","BC12",0.515789473684211,0.286193393291396
"ITFG1","BC17",0.311977715877437,0.238678142374028
"HEBP1","BC11",0.553956834532374,0.448962324133266
"HEBP1","BC12",0.618421052631579,0.375002096286653
"HEBP1","BC17",0.846796657381616,1.31501286389075
"HAGH","BC11",0.58273381294964,0.490279658797821
"HAGH","BC12",0.784210526315789,0.601002322299297
"HAGH","BC17",0.454038997214485,0.397414506905523
"DHRS7","BC11",0.561151079136691,0.489366691641869
"DHRS7","BC12",0.578947368421053,0.335833161704272
"DHRS7","BC17",0.883008356545961,1.23146377060106
"FBLN1","BC11",0.284172661870504,0.228689146927558
"FBLN1","BC12",0.505263157894737,0.365173452146841
"FBLN1","BC17",0.0278551532033426,0.017716264207267
"MRPL36","BC11",0.62589928057554,0.559186938114009
"MRPL36","BC12",0.810526315789474,0.721010909575371
"MRPL36","BC17",0.615598885793872,0.612439848669165
"DNAJC12","BC11",0.780575539568345,0.879083094666941
"DNAJC12","BC12",0.239473684210526,0.121196444283719
"DNAJC12","BC17",0.952646239554318,1.74318694609597
"TOMM22","BC11",0.453237410071942,0.370778507041524
"TOMM22","BC12",0.844736842105263,0.749153631693953
"TOMM22","BC17",0.79108635097493,0.889097301323326
"E4F1","BC11",0.219424460431655,0.143606158789535
"E4F1","BC12",0.302631578947368,0.138738789991539
"E4F1","BC17",0.415041782729805,0.337903175204457
"IGF1R","BC11",0.902877697841727,1.28941277435908
"IGF1R","BC12",0.463157894736842,0.267954572672502
"IGF1R","BC17",0.167130919220056,0.131414601605822
"CCDC34","BC11",0.600719424460432,0.567086354518538
"CCDC34","BC12",0.426315789473684,0.207870514873968
"CCDC34","BC17",0.284122562674095,0.227477681673624
"CDH1","BC11",0.848920863309353,1.06354299640772
"CDH1","BC12",0.8,0.671453021272428
"CDH1","BC17",0.295264623955432,0.236187079219778
"UHMK1","BC11",0.543165467625899,0.459490504281293
"UHMK1","BC12",0.639473684210526,0.390355454015688
"UHMK1","BC17",0.610027855153203,0.589211370780915
"SLC35B1","BC11",0.798561151079137,0.989880775584738
"SLC35B1","BC12",0.489473684210526,0.25264997923697
"SLC35B1","BC17",0.431754874651811,0.36969803271592
"SARAF","BC11",0.902877697841727,1.17278141105619
"SARAF","BC12",0.965789473684211,1.53759032560387
"SARAF","BC17",0.768802228412256,0.828839457394714
"ZBED5-AS1","BC11",0.251798561151079,0.159121867400589
"ZBED5-AS1","BC12",0.357894736842105,0.17864289569378
"ZBED5-AS1","BC17",0.32033426183844,0.263878368354041
"EBP","BC11",0.384892086330935,0.288267808067035
"EBP","BC12",0.518421052631579,0.275707259317286
"EBP","BC17",0.545961002785515,0.532712386343336
"ZNF587","BC11",0.489208633093525,0.390264969256245
"ZNF587","BC12",0.602631578947368,0.371527781315836
"ZNF587","BC17",0.136490250696379,0.0984516925559891
"SERTAD3","BC11",0.273381294964029,0.196248070808451
"SERTAD3","BC12",0.757894736842105,0.579123318057184
"SERTAD3","BC17",0.484679665738162,0.442916689467211
"RHBDD2","BC11",0.406474820143885,0.303435173801542
"RHBDD2","BC12",0.481578947368421,0.255526233384153
"RHBDD2","BC17",0.79108635097493,0.992467268988821
"DCTN3","BC11",0.683453237410072,0.636866255746896
"DCTN3","BC12",0.797368421052632,0.622753316781939
"DCTN3","BC17",0.532033426183844,0.481573607761958
"THNSL2","BC11",0.276978417266187,0.181309511723317
"THNSL2","BC12",0.431578947368421,0.20620724062021
"THNSL2","BC17",0.284122562674095,0.218582694498755
"CXXC5","BC11",0.449640287769784,0.351874463888497
"CXXC5","BC12",0.776315789473684,0.684997198491584
"CXXC5","BC17",0.392757660167131,0.329736509697839
"JOSD2","BC11",0.510791366906475,0.429240153341566
"JOSD2","BC12",0.797368421052632,0.701591534762268
"JOSD2","BC17",0.384401114206128,0.321573294043158
"CAND1","BC11",0.514388489208633,0.409680848833504
"CAND1","BC12",0.555263157894737,0.306826993372497
"CAND1","BC17",0.495821727019499,0.438682904878608
"ST13","BC11",0.848920863309353,1.06673124802473
"ST13","BC12",0.928947368421053,1.14476224305562
"ST13","BC17",0.885793871866295,1.21022261694694
"PCBD1","BC11",0.816546762589928,0.928667704323381
"PCBD1","BC12",0.865789473684211,0.871327665116565
"PCBD1","BC17",0.880222841225627,1.19349792841325
"C7orf50","BC11",0.640287769784173,0.619343664439161
"C7orf50","BC12",0.771052631578947,0.608098512980206
"C7orf50","BC17",0.389972144846797,0.323127210828705
"ADI1","BC11",0.787769784172662,0.884630511205004
"ADI1","BC12",0.486842105263158,0.271449263486309
"ADI1","BC17",0.454038997214485,0.401804824039531
"DDT","BC11",0.830935251798561,0.999010615988407
"DDT","BC12",0.805263157894737,0.755099895526191
"DDT","BC17",0.924791086350975,1.51842946738491
"ABHD14A","BC11",0.399280575539568,0.283046864186026
"ABHD14A","BC12",0.389473684210526,0.194153409675991
"ABHD14A","BC17",0.370473537604457,0.298736075227482
"NENF","BC11",0.974820143884892,2.05453198759755
"NENF","BC12",0.944736842105263,1.27410234681924
"NENF","BC17",0.852367688022284,1.19407724283951
"DNAJC30","BC11",0.205035971223022,0.138469268956384
"DNAJC30","BC12",0.392105263157895,0.189286059702475
"DNAJC30","BC17",0.45125348189415,0.387202582341068
"BSCL2","BC11",0.661870503597122,0.637866643127098
"BSCL2","BC12",0.755263157894737,0.546168367257731
"BSCL2","BC17",0.62116991643454,0.596945221245218
"NINJ1","BC11",0.341726618705036,0.259135368712781
"NINJ1","BC12",0.826315789473684,0.814659868164619
"NINJ1","BC17",0.740947075208914,0.827070900456732
"GRAMD1A","BC11",0.435251798561151,0.33997321647393
"GRAMD1A","BC12",0.755263157894737,0.556591218333301
"GRAMD1A","BC17",0.506963788300836,0.439799163370124
"SIGIRR","BC11",0.392086330935252,0.294427733878373
"SIGIRR","BC12",0.623684210526316,0.385454387465265
"SIGIRR","BC17",0.671309192200557,0.699936365964834
"PPCS","BC11",0.52158273381295,0.396059823680355
"PPCS","BC12",0.807894736842105,0.64309481829159
"PPCS","BC17",0.735376044568245,0.812179826235499
"SWI5","BC11",0.528776978417266,0.423345071371232
"SWI5","BC12",0.486842105263158,0.259860200346273
"SWI5","BC17",0.484679665738162,0.422351026415912
"MRPS18B","BC11",0.392086330935252,0.277464787284977
"MRPS18B","BC12",0.58421052631579,0.372870276328642
"MRPS18B","BC17",0.623955431754875,0.621408472463355
"ANKRD26","BC11",0.190647482014388,0.117673029696183
"ANKRD26","BC12",0.192105263157895,0.092310819081964
"ANKRD26","BC17",0.618384401114206,0.658808062629889
"UQCC3","BC11",0.748201438848921,0.731524362706335
"UQCC3","BC12",0.815789473684211,0.661073756000879
"UQCC3","BC17",0.576601671309192,0.53748278857543
"TJP3","BC11",0.266187050359712,0.180329418113104
"TJP3","BC12",0.444736842105263,0.244113643859521
"TJP3","BC17",0.47075208913649,0.442003239109956
"DUT","BC11",0.406474820143885,0.302461530801148
"DUT","BC12",0.731578947368421,0.535370669877032
"DUT","BC17",0.880222841225627,1.19762656581404
"COQ4","BC11",0.615107913669065,0.504460682216142
"COQ4","BC12",0.568421052631579,0.334576831793675
"COQ4","BC17",0.465181058495822,0.401129965527362
"MRFAP1L1","BC11",0.248201438848921,0.170475334110141
"MRFAP1L1","BC12",0.368421052631579,0.175132556663481
"MRFAP1L1","BC17",0.587743732590529,0.558870253225046
"ARMT1","BC11",0.643884892086331,0.647462450819299
"ARMT1","BC12",0.389473684210526,0.224171367707081
"ARMT1","BC17",0.426183844011142,0.386954667977179
"CHCHD5","BC11",0.762589928057554,0.824259683563152
"CHCHD5","BC12",0.702631578947368,0.492008675347762
"CHCHD5","BC17",0.754874651810585,0.845919465598379
"MGMT","BC11",0.679856115107914,0.62609227377316
"MGMT","BC12",0.621052631578947,0.35670585445057
"MGMT","BC17",0.568245125348189,0.522817851214434
"ATP5F1A","BC11",0.564748201438849,0.493865940140222
"ATP5F1A","BC12",0.768421052631579,0.599648704392657
"ATP5F1A","BC17",0.983286908077994,2.39756994191949
"SQLE","BC11",0.651079136690647,0.680086595993127
"SQLE","BC12",0.413157894736842,0.264925942150479
"SQLE","BC17",0.64066852367688,0.77967087882738
"TMEM98","BC11",0.0215827338129496,0.0120388517663393
"TMEM98","BC12",0.723684210526316,0.546219547556361
"TMEM98","BC17",0.501392757660167,0.468402454043252
"WDR61","BC11",0.597122302158273,0.541370937892797
"WDR61","BC12",0.55,0.312687280870093
"WDR61","BC17",0.573816155988858,0.529233366216896
"SLC35E3","BC11",0.280575539568345,0.190718784632205
"SLC35E3","BC12",0.197368421052632,0.0878401892861254
"SLC35E3","BC17",0.454038997214485,0.419849534438435
"C11orf58","BC11",0.87410071942446,1.001149750654
"C11orf58","BC12",0.926315789473684,1.07542753951006
"C11orf58","BC17",0.952646239554318,1.56737119784188
"RPN2","BC11",0.805755395683453,0.980539333751052
"RPN2","BC12",0.85,0.8050297640007
"RPN2","BC17",0.71866295264624,0.784874848753526
"NPTN","BC11",0.438848920863309,0.341806964116387
"NPTN","BC12",0.339473684210526,0.158560095499317
"NPTN","BC17",0.261838440111421,0.194484381034279
"EMC10","BC11",0.723021582733813,0.717628059720246
"EMC10","BC12",0.839473684210526,0.675164641390771
"EMC10","BC17",0.481894150417827,0.412978227577315
"KLHL5","BC11",0.039568345323741,0.0201940886926276
"KLHL5","BC12",0.128947368421053,0.0554029694653431
"KLHL5","BC17",0.651810584958217,0.762259221398489
"GOT2","BC11",0.543165467625899,0.431066102678411
"GOT2","BC12",0.460526315789474,0.233992299212929
"GOT2","BC17",0.222841225626741,0.162690748009874
"MSMB","BC11",0.748201438848921,1.45156884924597
"MSMB","BC12",0.286842105263158,0.199672245392812
"MSMB","BC17",0.00278551532033426,0.00235888851976996
"GTF3A","BC11",0.888489208633094,1.13956432078458
"GTF3A","BC12",0.828947368421053,0.766479856262095
"GTF3A","BC17",0.571030640668524,0.560968297151936
"ABHD2","BC11",0.352517985611511,0.280771539982426
"ABHD2","BC12",0.268421052631579,0.127010503046354
"ABHD2","BC17",0.559888579387187,0.588686030332957
"MLF2","BC11",0.737410071942446,0.776637403617216
"MLF2","BC12",0.905263157894737,1.02306271131941
"MLF2","BC17",0.721448467966574,0.828519339561511
"TIMMDC1","BC11",0.356115107913669,0.251607144935425
"TIMMDC1","BC12",0.678947368421053,0.44290998658982
"TIMMDC1","BC17",0.523676880222841,0.473675378438112
"TECR","BC11",0.787769784172662,0.844705751590539
"TECR","BC12",0.842105263157895,0.801651603200195
"TECR","BC17",0.891364902506964,1.22807568245135
"RAB17","BC11",0.323741007194245,0.24337998824779
"RAB17","BC12",0.426315789473684,0.21470814125451
"RAB17","BC17",0.401114206128134,0.334113982359162
"NDUFB8","BC11",0.902877697841727,1.20078184247215
"NDUFB8","BC12",0.757894736842105,0.618964729024336
"NDUFB8","BC17",0.877437325905292,1.16437769330103
"TMEM208","BC11",0.744604316546763,0.757496627344043
"TMEM208","BC12",0.802631578947368,0.618609627096597
"TMEM208","BC17",0.334261838440111,0.262482473497352
"CANT1","BC11",0.539568345323741,0.459020450048898
"CANT1","BC12",0.489473684210526,0.303813307334297
"CANT1","BC17",0.384401114206128,0.345212708513485
"ATP5PB","BC11",0.413669064748201,0.332120785697191
"ATP5PB","BC12",0.802631578947368,0.669441828992309
"ATP5PB","BC17",0.927576601671309,1.44106477155751
"NDUFA6","BC11",0.87410071942446,1.08065436759516
"NDUFA6","BC12",0.847368421052632,0.727879083099946
"NDUFA6","BC17",0.930362116991644,1.42880032145366
"CCDC115","BC11",0.169064748201439,0.104022379017241
"CCDC115","BC12",0.360526315789474,0.173902094769761
"CCDC115","BC17",0.618384401114206,0.611855633078909
"HMGCS1","BC11",0.597122302158273,0.749513549911948
"HMGCS1","BC12",0.392105263157895,0.210331310598542
"HMGCS1","BC17",0.434540389972145,0.409458924941165
"NDUFS7","BC11",0.647482014388489,0.601388376858707
"NDUFS7","BC12",0.852631578947368,0.79515834157658
"NDUFS7","BC17",0.738161559888579,0.875289036390894
"POLD4","BC11",0.773381294964029,0.88469623436221
"POLD4","BC12",0.960526315789474,1.38897070249674
"POLD4","BC17",0.573816155988858,0.545678084355988
"ZNF830","BC11",0.647482014388489,0.614342132803534
"ZNF830","BC12",0.384210526315789,0.200072861688378
"ZNF830","BC17",0.286908077994429,0.229912432134563
"RPN1","BC11",0.503597122302158,0.414551651879064
"RPN1","BC12",0.568421052631579,0.327501716522681
"RPN1","BC17",0.537604456824513,0.51534259960149
"RIDA","BC11",0.244604316546763,0.167061198789524
"RIDA","BC12",0.528947368421053,0.288312762168598
"RIDA","BC17",0.228412256267409,0.167432466422857
"HEXIM1","BC11",0.341726618705036,0.25880876483372
"HEXIM1","BC12",0.510526315789474,0.313494162142059
"HEXIM1","BC17",0.651810584958217,0.633053786443124
"ACOT8","BC11",0.258992805755396,0.180560032565513
"ACOT8","BC12",0.418421052631579,0.21359977188481
"ACOT8","BC17",0.200557103064067,0.148412127296539
"MAGEF1","BC11",0.460431654676259,0.355846066788841
"MAGEF1","BC12",0.476315789473684,0.279928803538668
"MAGEF1","BC17",0.498607242339833,0.461368511718449
"NOL3","BC11",0.517985611510791,0.431335083489342
"NOL3","BC12",0.536842105263158,0.296839486851765
"NOL3","BC17",0.275766016713092,0.238534044482854
"MRPS14","BC11",0.575539568345324,0.473101234809336
"MRPS14","BC12",0.713157894736842,0.498999710682403
"MRPS14","BC17",0.654596100278552,0.663754160518408
"TLE5","BC11",0.712230215827338,0.7272974630444
"TLE5","BC12",0.55,0.315639342759217
"TLE5","BC17",0.727019498607242,0.809649853338822
"PIGP","BC11",0.654676258992806,0.640527328574016
"PIGP","BC12",0.676315789473684,0.456954448494689
"PIGP","BC17",0.384401114206128,0.318107846073222
"TXNDC15","BC11",0.23021582733813,0.156578110602076
"TXNDC15","BC12",0.402631578947368,0.199725000380811
"TXNDC15","BC17",0.364902506963788,0.295565944446901
"NDRG2","BC11",0.0359712230215827,0.0222954504754536
"NDRG2","BC12",0.176315789473684,0.0817095316076279
"NDRG2","BC17",0.551532033426184,0.532708810402927
"ELP5","BC11",0.420863309352518,0.307175389299306
"ELP5","BC12",0.510526315789474,0.257616340168274
"ELP5","BC17",0.100278551532033,0.0672817866897443
"FAM102A","BC11",0.76978417266187,0.936446553164371
"FAM102A","BC12",0.578947368421053,0.397413646807749
"FAM102A","BC17",0.476323119777159,0.428324595548243
"CD27-AS1","BC11",0.392086330935252,0.284187547533686
"CD27-AS1","BC12",0.415789473684211,0.191741531323061
"CD27-AS1","BC17",0.334261838440111,0.269499034227876
"FOSB","BC11",0.899280575539568,1.59422083899296
"FOSB","BC12",0.986842105263158,2.05471869379062
"FOSB","BC17",0.637883008356546,0.74128933103818
"RAD9A","BC11",0.212230215827338,0.158927157264724
"RAD9A","BC12",0.586842105263158,0.360130402557481
"RAD9A","BC17",0.175487465181058,0.133436320048853
"MEA1","BC11",0.496402877697842,0.414293182885388
"MEA1","BC12",0.842105263157895,0.788019262520371
"MEA1","BC17",0.551532033426184,0.517304567707091
"EXOSC5","BC11",0.309352517985612,0.222537018974499
"EXOSC5","BC12",0.465789473684211,0.241573183161782
"EXOSC5","BC17",0.412256267409471,0.338989680132789
"POLR2C","BC11",0.41726618705036,0.299492600513101
"POLR2C","BC12",0.555263157894737,0.323077173291984
"POLR2C","BC17",0.275766016713092,0.213046939251823
"WBP1","BC11",0.715827338129496,0.687354216933547
"WBP1","BC12",0.676315789473684,0.453058968496471
"WBP1","BC17",0.584958217270195,0.562148841399672
"ECH1","BC11",0.615107913669065,0.555548946036708
"ECH1","BC12",0.794736842105263,0.711813211984914
"ECH1","BC17",0.779944289693593,0.933253958735221
"ZFHX3","BC11",0.47841726618705,0.392499724261307
"ZFHX3","BC12",0.205263157894737,0.0912337816520139
"ZFHX3","BC17",0.133704735376045,0.0992861112056775
"SRI","BC11",0.600719424460432,0.570515645882142
"SRI","BC12",0.8,0.661477899117401
"SRI","BC17",0.98050139275766,2.03129601664708
"HSD17B10","BC11",0.62589928057554,0.569565685444315
"HSD17B10","BC12",0.757894736842105,0.616934257933943
"HSD17B10","BC17",0.779944289693593,0.881364587974089
"CAMK2N1","BC11",0.316546762589928,0.245764467951122
"CAMK2N1","BC12",0.255263157894737,0.123766479157991
"CAMK2N1","BC17",0.690807799442897,0.821511216637686
"POLR2F","BC11",0.755395683453237,0.753398766991148
"POLR2F","BC12",0.721052631578947,0.507560199925051
"POLR2F","BC17",0.721448467966574,0.727488225652516
"SULT1A1","BC11",0.388489208633094,0.289469086778704
"SULT1A1","BC12",0.223684210526316,0.10131137482484
"SULT1A1","BC17",0.18941504178273,0.140556760419387
"PPP1CC","BC11",0.428057553956835,0.308250575970885
"PPP1CC","BC12",0.792105263157895,0.591586654448985
"PPP1CC","BC17",0.582172701949861,0.553109310583113
"ARL2BP","BC11",0.341726618705036,0.256667727588291
"ARL2BP","BC12",0.431578947368421,0.206276592493125
"ARL2BP","BC17",0.437325905292479,0.359332850595872
"LLGL2","BC11",0.669064748201439,0.663983719749646
"LLGL2","BC12",0.426315789473684,0.22451566474368
"LLGL2","BC17",0.264623955431755,0.200745424334524
"ARL3","BC11",0.446043165467626,0.336562941709574
"ARL3","BC12",0.597368421052632,0.385554213341807
"ARL3","BC17",0.760445682451253,0.888689185599901
"FLOT1","BC11",0.575539568345324,0.49767415289321
"FLOT1","BC12",0.836842105263158,0.719390372031663
"FLOT1","BC17",0.573816155988858,0.556694230129818
"AC018521.5","BC11",0.298561151079137,0.201792069007863
"AC018521.5","BC12",0.171052631578947,0.0757977556453245
"AC018521.5","BC17",0.392757660167131,0.331087179217173
"RNF14","BC11",0.205035971223022,0.134992805861606
"RNF14","BC12",0.376315789473684,0.175306187712199
"RNF14","BC17",0.462395543175487,0.398446024383998
"DHX30","BC11",0.456834532374101,0.362637281961039
"DHX30","BC12",0.434210526315789,0.210697021813917
"DHX30","BC17",0.331476323119777,0.255023587210053
"GOSR2","BC11",0.464028776978417,0.393677109899585
"GOSR2","BC12",0.505263157894737,0.280383170433823
"GOSR2","BC17",0.306406685236769,0.234874131763767
"RPRD1A","BC11",0.26978417266187,0.193339821908645
"RPRD1A","BC12",0.655263157894737,0.420240589543181
"RPRD1A","BC17",0.362116991643454,0.299239658669248
"METRN","BC11",0.446043165467626,0.361881330485345
"METRN","BC12",0.892105263157895,1.09251398622932
"METRN","BC17",0.604456824512535,0.622531908296488
"HOXC10","BC11",0.370503597122302,0.267150508191445
"HOXC10","BC12",0.592105263157895,0.35164391361582
"HOXC10","BC17",0,0
"CACYBP","BC11",0.643884892086331,0.61071681218393
"CACYBP","BC12",0.818421052631579,0.790654915559917
"CACYBP","BC17",0.766016713091922,0.933858046276902
"BLVRB","BC11",0.956834532374101,1.54059019175225
"BLVRB","BC12",0.952631578947368,1.44335656040573
"BLVRB","BC17",0.610027855153203,0.611861609481051
"SLC2A4RG","BC11",0.607913669064748,0.524529587287047
"SLC2A4RG","BC12",0.473684210526316,0.245968460540917
"SLC2A4RG","BC17",0.15041782729805,0.111622887997111
"SEC61A1","BC11",0.651079136690647,0.579955352866273
"SEC61A1","BC12",0.684210526315789,0.456594420339592
"SEC61A1","BC17",0.370473537604457,0.283841364526666
"PDHX","BC11",0.284172661870504,0.191439876653672
"PDHX","BC12",0.457894736842105,0.211241666654086
"PDHX","BC17",0.328690807799443,0.249228677849507
"NECAP1","BC11",0.305755395683453,0.220123674626491
"NECAP1","BC12",0.373684210526316,0.189641419478175
"NECAP1","BC17",0.242339832869081,0.1922542480214
"YWHAQ","BC11",0.866906474820144,1.06571772306313
"YWHAQ","BC12",0.723684210526316,0.51407891613346
"YWHAQ","BC17",0.997214484679666,2.52010234105366
"TRPS1","BC11",0.640287769784173,0.602654980508323
"TRPS1","BC12",0.873684210526316,0.89439844062237
"TRPS1","BC17",0.50974930362117,0.484092190235467
"DHRS2","BC11",0.992805755395683,2.50130726799649
"DHRS2","BC12",0.0315789473684211,0.0181856279120272
"DHRS2","BC17",0,0
"SRSF1","BC11",0.744604316546763,0.790059267711947
"SRSF1","BC12",0.663157894736842,0.415217993127286
"SRSF1","BC17",0.607242339832869,0.57722250439865
"TRAK1","BC11",0.266187050359712,0.196858631066682
"TRAK1","BC12",0.244736842105263,0.104454882484743
"TRAK1","BC17",0.348189415041783,0.298423643156948
"FAM110A","BC11",0.467625899280576,0.397190803320108
"FAM110A","BC12",0.531578947368421,0.3119331205842
"FAM110A","BC17",0.323119777158774,0.270916742448018
"ECPAS","BC11",0.23021582733813,0.162478976221813
"ECPAS","BC12",0.194736842105263,0.0884846636622339
"ECPAS","BC17",0.554317548746518,0.685558534271982
"BCAT2","BC11",0.438848920863309,0.325100061063027
"BCAT2","BC12",0.321052631578947,0.159732192797202
"BCAT2","BC17",0.398328690807799,0.341995333465563
"CYB5B","BC11",0.287769784172662,0.208750736484345
"CYB5B","BC12",0.397368421052632,0.196935256243046
"CYB5B","BC17",0.373259052924791,0.32153290016899
"RCC1L","BC11",0.197841726618705,0.129391880015943
"RCC1L","BC12",0.221052631578947,0.0940724777191949
"RCC1L","BC17",0.434540389972145,0.366034996103346
"CHPF","BC11",0.676258992805755,0.667452497102934
"CHPF","BC12",0.560526315789474,0.333048663225056
"CHPF","BC17",0.314763231197772,0.242163477731577
"LIG3","BC11",0.543165467625899,0.443605538108617
"LIG3","BC12",0.213157894736842,0.0894862070483848
"LIG3","BC17",0.128133704735376,0.0934804288146465
"STARD7","BC11",0.363309352517986,0.265130908681352
"STARD7","BC12",0.436842105263158,0.219709161975609
"STARD7","BC17",0.501392757660167,0.435202927343355
"LRPAP1","BC11",0.737410071942446,0.76848376946947
"LRPAP1","BC12",0.784210526315789,0.6066860463104
"LRPAP1","BC17",0.54874651810585,0.51878969065385
"TPP1","BC11",0.410071942446043,0.304142794827484
"TPP1","BC12",0.526315789473684,0.286849840680368
"TPP1","BC17",0.236768802228412,0.180488403528543
"CGA","BC11",0.996402877697842,3.05286413233337
"CGA","BC12",0.0157894736842105,0.0169129060071382
"CGA","BC17",0,0
"HMGN4","BC11",0.31294964028777,0.191685603719633
"HMGN4","BC12",0.578947368421053,0.333771283325562
"HMGN4","BC17",0.559888579387187,0.505900512500291
"ARMCX3","BC11",0.640287769784173,0.552849749452935
"ARMCX3","BC12",0.773684210526316,0.605888551518543
"ARMCX3","BC17",0.526462395543176,0.494704986185544
"MAGI1","BC11",0.510791366906475,0.412416733194654
"MAGI1","BC12",0.197368421052632,0.0911445225367299
"MAGI1","BC17",0.278551532033426,0.230208500462126
"OLMALINC","BC11",0.492805755395683,0.413493971088264
"OLMALINC","BC12",0.257894736842105,0.121193121318282
"OLMALINC","BC17",0.147632311977716,0.11449366651111
"TRPT1","BC11",0.233812949640288,0.162170348209528
"TRPT1","BC12",0.605263157894737,0.388126882253891
"TRPT1","BC17",0.334261838440111,0.252288255991305
"NT5C","BC11",0.665467625899281,0.641536657184695
"NT5C","BC12",0.555263157894737,0.3112233589899
"NT5C","BC17",0.498607242339833,0.435509659278434
"NDRG3","BC11",0.136690647482014,0.0789041990431963
"NDRG3","BC12",0.278947368421053,0.121725117664138
"NDRG3","BC17",0.337047353760446,0.252976647791699
"MMAB","BC11",0.302158273381295,0.205423122128955
"MMAB","BC12",0.486842105263158,0.266196461973647
"MMAB","BC17",0.364902506963788,0.296659051079732
"PXMP4","BC11",0.10431654676259,0.0682302025419865
"PXMP4","BC12",0.402631578947368,0.210317902865295
"PXMP4","BC17",0.245125348189415,0.191646971941016
"GPR160","BC11",0.431654676258993,0.334627964369418
"GPR160","BC12",0.481578947368421,0.276726998166764
"GPR160","BC17",0.623955431754875,0.639510495912455
"TMEM251","BC11",0.345323741007194,0.244833299771039
"TMEM251","BC12",0.426315789473684,0.213614198856032
"TMEM251","BC17",0.392757660167131,0.316277732718522
"ATXN10","BC11",0.424460431654676,0.324459615285636
"ATXN10","BC12",0.518421052631579,0.313220419922281
"ATXN10","BC17",0.782729805013928,0.93930739105981
"MTX2","BC11",0.363309352517986,0.261529940185809
"MTX2","BC12",0.58421052631579,0.333072740343375
"MTX2","BC17",0.545961002785515,0.518607887630475
"RCN2","BC11",0.618705035971223,0.568660358420247
"RCN2","BC12",0.718421052631579,0.494564014398304
"RCN2","BC17",0.618384401114206,0.624242234149545
"INO80C","BC11",0.183453237410072,0.122064988575194
"INO80C","BC12",0.376315789473684,0.192125609333157
"INO80C","BC17",0.342618384401114,0.267791326203467
"OAZ3","BC11",0.10431654676259,0.0739197354542835
"OAZ3","BC12",0.492105263157895,0.281293929141307
"OAZ3","BC17",0.264623955431755,0.21471801459954
"ERBB3","BC11",0.557553956834532,0.503945099324907
"ERBB3","BC12",0.865789473684211,0.814780722198748
"ERBB3","BC17",0.442896935933148,0.389324182723191
"CCS","BC11",0.370503597122302,0.284106959659861
"CCS","BC12",0.647368421052632,0.414719079818361
"CCS","BC17",0.309192200557103,0.248880790580732
"ASXL1","BC11",0.233812949640288,0.156893177286753
"ASXL1","BC12",0.405263157894737,0.18400476147254
"ASXL1","BC17",0.337047353760446,0.266092468461033
"TIMM17B","BC11",0.654676258992806,0.580045305448063
"TIMM17B","BC12",0.657894736842105,0.43189262467493
"TIMM17B","BC17",0.403899721448468,0.335343794160528
"SRARP","BC11",0.629496402877698,0.622579630403125
"SRARP","BC12",0.518421052631579,0.450461483702123
"SRARP","BC17",0.0222841225626741,0.0162746717693892
"A1BG","BC11",0.449640287769784,0.351012031567049
"A1BG","BC12",0.726315789473684,0.505347913619594
"A1BG","BC17",0.434540389972145,0.38648408121824
"MTCH1","BC11",0.654676258992806,0.600781392667725
"MTCH1","BC12",0.857894736842105,0.792569514620309
"MTCH1","BC17",0.735376044568245,0.850629827129853
"RETREG2","BC11",0.514388489208633,0.424142260519169
"RETREG2","BC12",0.481578947368421,0.262780551285032
"RETREG2","BC17",0.440111420612813,0.379628025887485
"C20orf204","BC11",0.58273381294964,0.555263538335232
"C20orf204","BC12",0.134210526315789,0.0540985297478222
"C20orf204","BC17",0.155988857938719,0.12967456322356
"MCTS1","BC11",0.39568345323741,0.290493349991916
"MCTS1","BC12",0.75,0.585396910445669
"MCTS1","BC17",0.727019498607242,0.780921748915322
"GNS","BC11",0.442446043165468,0.353000297444992
"GNS","BC12",0.457894736842105,0.228953083849893
"GNS","BC17",0.11142061281337,0.0799941084131171
"SNRPN","BC11",0.758992805755396,0.772307040556766
"SNRPN","BC12",0.378947368421053,0.19766410678858
"SNRPN","BC17",0.662952646239554,0.655959069834038
"CTSZ","BC11",0.694244604316547,0.711780564946755
"CTSZ","BC12",0.647368421052632,0.399423193199479
"CTSZ","BC17",0.264623955431755,0.187794194485082
"DCXR","BC11",0.863309352517986,1.07494349201923
"DCXR","BC12",0.918421052631579,1.21210713481784
"DCXR","BC17",0.543175487465181,0.500918823234209
"PTGES3","BC11",0.766187050359712,0.79234041165353
"PTGES3","BC12",0.942105263157895,1.18212126229039
"PTGES3","BC17",0.949860724233983,1.53331167348055
"COX7A2L","BC11",0.802158273381295,0.864841266529846
"COX7A2L","BC12",0.784210526315789,0.648710512710126
"COX7A2L","BC17",0.919220055710306,1.44588207531913
"MICOS13","BC11",0.73021582733813,0.772623387793966
"MICOS13","BC12",0.839473684210526,0.736300538423339
"MICOS13","BC17",0.860724233983287,1.27169697889854
"SURF1","BC11",0.561151079136691,0.448264207962051
"SURF1","BC12",0.765789473684211,0.599647877336147
"SURF1","BC17",0.45125348189415,0.392076115138437
"CREG1","BC11",0.672661870503597,0.657204862071607
"CREG1","BC12",0.605263157894737,0.371606753553497
"CREG1","BC17",0.557103064066852,0.51432362457494
"MBTPS1","BC11",0.399280575539568,0.302106152724206
"MBTPS1","BC12",0.455263157894737,0.239549024859154
"MBTPS1","BC17",0.20891364902507,0.158862759693068
"SYNGR1","BC11",0.679856115107914,0.652725374520734
"SYNGR1","BC12",0.221052631578947,0.0980100169414662
"SYNGR1","BC17",0.00278551532033426,0.00198274564038703
"TP53I11","BC11",0.39568345323741,0.307935224774456
"TP53I11","BC12",0.294736842105263,0.140991607866205
"TP53I11","BC17",0.356545961002786,0.29205887145795
"CLEC3A","BC11",0,0
"CLEC3A","BC12",0.960526315789474,2.89124592082954
"CLEC3A","BC17",0,0
"DST","BC11",0.424460431654676,0.352849454398483
"DST","BC12",0.423684210526316,0.327353839034901
"DST","BC17",0.434540389972145,0.378482551730945
"POLR3K","BC11",0.406474820143885,0.315319476454394
"POLR3K","BC12",0.631578947368421,0.42314210707398
"POLR3K","BC17",0.342618384401114,0.273799635739227
"CRBN","BC11",0.169064748201439,0.114150439279338
"CRBN","BC12",0.378947368421053,0.18578937003879
"CRBN","BC17",0.493036211699164,0.427129145215258
"FAM234A","BC11",0.205035971223022,0.13941669387556
"FAM234A","BC12",0.623684210526316,0.381334922838261
"FAM234A","BC17",0.214484679665738,0.164165771802517
"HSPH1","BC11",0.726618705035971,0.949555966515894
"HSPH1","BC12",0.781578947368421,0.82914974843365
"HSPH1","BC17",0.172701949860724,0.123062357571574
"DNASE2","BC11",0.41726618705036,0.305937407575226
"DNASE2","BC12",0.631578947368421,0.386545126183894
"DNASE2","BC17",0.406685236768802,0.339556336732599
"RXRA","BC11",0.298561151079137,0.213289674312551
"RXRA","BC12",0.25,0.121491768096574
"RXRA","BC17",0.264623955431755,0.204417296524737
"SYT1","BC11",0.330935251798561,0.36493988215277
"SYT1","BC12",0.297368421052632,0.298458303404186
"SYT1","BC17",0.214484679665738,0.362961563004234
"NFE2L1","BC11",0.669064748201439,0.660100447552561
"NFE2L1","BC12",0.457894736842105,0.254139644545648
"NFE2L1","BC17",0.264623955431755,0.208009137395546
"GREB1","BC11",0.553956834532374,0.475133617760591
"GREB1","BC12",0.307894736842105,0.163847673885839
"GREB1","BC17",0.0362116991643454,0.0243462401053232
"AC091271.1","BC11",0.26978417266187,0.196358380619074
"AC091271.1","BC12",0.260526315789474,0.123149541616594
"AC091271.1","BC17",0.233983286908078,0.173101989292676
"SH3YL1","BC11",0.37410071942446,0.256232429153243
"SH3YL1","BC12",0.713157894736842,0.498187002567146
"SH3YL1","BC17",0.693593314763231,0.705388602100173
"STX16","BC11",0.535971223021583,0.431702924391744
"STX16","BC12",0.373684210526316,0.178176108088423
"STX16","BC17",0.247910863509749,0.199593767641856
"MINDY1","BC11",0.287769784172662,0.20782727127117
"MINDY1","BC12",0.228947368421053,0.104325743366544
"MINDY1","BC17",0.364902506963788,0.301234316982946
"METTL5","BC11",0.517985611510791,0.419752989647922
"METTL5","BC12",0.647368421052632,0.423548267652062
"METTL5","BC17",0.635097493036212,0.609505764298403
"EPM2AIP1","BC11",0.298561151079137,0.206067192130819
"EPM2AIP1","BC12",0.163157894736842,0.0678413026653176
"EPM2AIP1","BC17",0.33983286908078,0.26839431006148
"GRN","BC11",0.460431654676259,0.349994644217426
"GRN","BC12",0.868421052631579,0.938223043272013
"GRN","BC17",0.467966573816156,0.421804808717599
"GHITM","BC11",0.834532374100719,0.922541965918571
"GHITM","BC12",0.792105263157895,0.644915141213104
"GHITM","BC17",0.827298050139276,1.15149343202424
"SKA2","BC11",0.287769784172662,0.207130886343709
"SKA2","BC12",0.410526315789474,0.204947958371893
"SKA2","BC17",0.167130919220056,0.133459220812868
"CCDC85B","BC11",0.575539568345324,0.509062338528867
"CCDC85B","BC12",0.836842105263158,0.791883414003241
"CCDC85B","BC17",0.376044568245125,0.308105533247745
"MB","BC11",0.197841726618705,0.149784261918938
"MB","BC12",0.526315789473684,0.300357444982905
"MB","BC17",0.362116991643454,0.309399960196615
"SUMF1","BC11",0.158273381294964,0.0992557522219928
"SUMF1","BC12",0.642105263157895,0.390195775837645
"SUMF1","BC17",0.317548746518106,0.243971766761712
"LSM4","BC11",0.755395683453237,0.796749103260154
"LSM4","BC12",0.778947368421053,0.664731748149553
"LSM4","BC17",0.88857938718663,1.21125361439883
"AKT2","BC11",0.384892086330935,0.278697134600998
"AKT2","BC12",0.489473684210526,0.259922705853491
"AKT2","BC17",0.33983286908078,0.273829774878364
"BRMS1","BC11",0.338129496402878,0.243086915401333
"BRMS1","BC12",0.728947368421053,0.520999813213026
"BRMS1","BC17",0.442896935933148,0.369771142784207
"CDIPT","BC11",0.525179856115108,0.449016732025609
"CDIPT","BC12",0.639473684210526,0.388986282311365
"CDIPT","BC17",0.317548746518106,0.252892725467787
"TXN2","BC11",0.517985611510791,0.395459645168655
"TXN2","BC12",0.710526315789474,0.481029431541506
"TXN2","BC17",0.674094707520891,0.69295075243169
"SMIM10L1","BC11",0.406474820143885,0.305828849234252
"SMIM10L1","BC12",0.521052631578947,0.284824878828863
"SMIM10L1","BC17",0.334261838440111,0.262712663081456
"ZNF385A","BC11",0.258992805755396,0.178929708020298
"ZNF385A","BC12",0.484210526315789,0.268837711453322
"ZNF385A","BC17",0.473537604456825,0.436037282964361
"AP1S2","BC11",0.172661870503597,0.128907508557989
"AP1S2","BC12",0.660526315789474,0.475242002895034
"AP1S2","BC17",0.0139275766016713,0.0114502257951576
"PAGR1","BC11",0.284172661870504,0.197060707238995
"PAGR1","BC12",0.58421052631579,0.340489204468422
"PAGR1","BC17",0.551532033426184,0.506403274994276
"GPAA1","BC11",0.258992805755396,0.175581723098787
"GPAA1","BC12",0.786842105263158,0.697940882783329
"GPAA1","BC17",0.532033426183844,0.473721645003615
"KLHDC3","BC11",0.154676258992806,0.0965049252417282
"KLHDC3","BC12",0.6,0.343230163535352
"KLHDC3","BC17",0.356545961002786,0.267669412822132
"NSF","BC11",0.449640287769784,0.347987166210659
"NSF","BC12",0.281578947368421,0.118378055805823
"NSF","BC17",0.11142061281337,0.0766797522018866
"C6orf226","BC11",0.190647482014388,0.122890414925547
"C6orf226","BC12",0.402631578947368,0.194902654598157
"C6orf226","BC17",0.186629526462396,0.154770991275644
"NSD1","BC11",0.154676258992806,0.0936449242364801
"NSD1","BC12",0.465789473684211,0.247742664933985
"NSD1","BC17",0.35933147632312,0.299370355326855
"CRLS1","BC11",0.546762589928058,0.461337713208383
"CRLS1","BC12",0.539473684210526,0.292134979236458
"CRLS1","BC17",0.306406685236769,0.232537947387545
"SS18L2","BC11",0.489208633093525,0.376455870012146
"SS18L2","BC12",0.742105263157895,0.578001570992845
"SS18L2","BC17",0.417827298050139,0.342266094792031
"TPGS2","BC11",0.399280575539568,0.300274022936487
"TPGS2","BC12",0.713157894736842,0.483499925691243
"TPGS2","BC17",0.373259052924791,0.30988057268763
"RPA3","BC11",0.320143884892086,0.231344679100186
"RPA3","BC12",0.7,0.481050222346514
"RPA3","BC17",0.526462395543176,0.484454585513098
"PDZD11","BC11",0.392086330935252,0.285311529468942
"PDZD11","BC12",0.634210526315789,0.430411225643633
"PDZD11","BC17",0.434540389972145,0.372317433728361
"PTPRA","BC11",0.485611510791367,0.395428748359199
"PTPRA","BC12",0.497368421052632,0.246522587323741
"PTPRA","BC17",0.203342618384401,0.148017608353915
"LYPD3","BC11",0.60431654676259,0.572634813717724
"LYPD3","BC12",0.594736842105263,0.435982258339817
"LYPD3","BC17",0.481894150417827,0.466697843452835
"SMUG1","BC11",0.330935251798561,0.224519356069926
"SMUG1","BC12",0.610526315789474,0.355781812508708
"SMUG1","BC17",0.331476323119777,0.254861408003854
"KCNK15","BC11",0.280575539568345,0.226285829915435
"KCNK15","BC12",0.436842105263158,0.285906403356244
"KCNK15","BC17",0.0696378830083565,0.055541808226027
"IFI6","BC11",0.949640287769784,2.49587112428131
"IFI6","BC12",0.631578947368421,0.57404855235948
"IFI6","BC17",0.0222841225626741,0.020309521603686
"DEK","BC11",0.503597122302158,0.419654735990574
"DEK","BC12",0.739473684210526,0.546464363377413
"DEK","BC17",0.690807799442897,0.768323305748558
"PDRG1","BC11",0.122302158273381,0.0861349626238164
"PDRG1","BC12",0.331578947368421,0.158677971777949
"PDRG1","BC17",0.685236768802228,0.782115388763734
"PSME3IP1","BC11",0.323741007194245,0.238747862335057
"PSME3IP1","BC12",0.418421052631579,0.200423446519594
"PSME3IP1","BC17",0.272980501392758,0.215247721467436
"MDH1","BC11",0.420863309352518,0.304251801128326
"MDH1","BC12",0.578947368421053,0.369989043900349
"MDH1","BC17",0.84958217270195,1.17189269801157
"MTERF2","BC11",0.147482014388489,0.0924471801948729
"MTERF2","BC12",0.307894736842105,0.146035307873754
"MTERF2","BC17",0.32033426183844,0.243657734678069
"RNF5","BC11",0.575539568345324,0.472202878541421
"RNF5","BC12",0.694736842105263,0.467704649230408
"RNF5","BC17",0.540389972144847,0.483974317019749
"ANKRD40","BC11",0.446043165467626,0.348034886980079
"ANKRD40","BC12",0.321052631578947,0.160754570225664
"ANKRD40","BC17",0.161559888579387,0.118412326332465
"MRS2","BC11",0.205035971223022,0.131450092239009
"MRS2","BC12",0.384210526315789,0.191333239896976
"MRS2","BC17",0.367688022284123,0.302018186940045
"CPD","BC11",0.327338129496403,0.235266024685439
"CPD","BC12",0.713157894736842,0.573127781835998
"CPD","BC17",0.194986072423398,0.140650092185124
"EXOSC3","BC11",0.111510791366906,0.0698975976415711
"EXOSC3","BC12",0.468421052631579,0.269873567717199
"EXOSC3","BC17",0.506963788300836,0.531512715985549
"SMARCA2","BC11",0.370503597122302,0.270452981698568
"SMARCA2","BC12",0.297368421052632,0.138915128431546
"SMARCA2","BC17",0.373259052924791,0.313346588025234
"TSPYL2","BC11",0.489208633093525,0.439923281036616
"TSPYL2","BC12",0.318421052631579,0.182363436995179
"TSPYL2","BC17",0.167130919220056,0.130861849012842
"KRCC1","BC11",0.348920863309353,0.245879117853504
"KRCC1","BC12",0.594736842105263,0.371895729947129
"KRCC1","BC17",0.534818941504178,0.487357903862925
"MDM2","BC11",0.517985611510791,0.466621343219327
"MDM2","BC12",0.384210526315789,0.193351894148001
"MDM2","BC17",0.186629526462396,0.140511136587057
"CCZ1","BC11",0.453237410071942,0.356326873935657
"CCZ1","BC12",0.455263157894737,0.234194107662025
"CCZ1","BC17",0.317548746518106,0.259695015642286
"PCYOX1","BC11",0.392086330935252,0.272474731502515
"PCYOX1","BC12",0.363157894736842,0.173625294293066
"PCYOX1","BC17",0.139275766016713,0.102527344740911
"LY6E","BC11",0.773381294964029,0.876790443372645
"LY6E","BC12",0.913157894736842,1.37325153467767
"LY6E","BC17",0.211699164345404,0.154356697589809
"DEDD2","BC11",0.532374100719424,0.464203430601749
"DEDD2","BC12",0.621052631578947,0.42779911058349
"DEDD2","BC17",0.214484679665738,0.159661232485803
"SYS1","BC11",0.356115107913669,0.251787246171962
"SYS1","BC12",0.613157894736842,0.360402497766514
"SYS1","BC17",0.384401114206128,0.313461271114252
"RPP21","BC11",0.651079136690647,0.584828032478507
"RPP21","BC12",0.705263157894737,0.482477441441714
"RPP21","BC17",0.668523676880223,0.686892663342793
"RABAC1","BC11",0.899280575539568,1.27675479579154
"RABAC1","BC12",0.947368421052632,1.27486618103869
"RABAC1","BC17",0.763231197771588,0.896193816649297
"ZFX","BC11",0.384892086330935,0.280184133402187
"ZFX","BC12",0.331578947368421,0.165251845169647
"ZFX","BC17",0.284122562674095,0.217874603181023
"TMEM9","BC11",0.640287769784173,0.598099498427639
"TMEM9","BC12",0.718421052631579,0.542100370710406
"TMEM9","BC17",0.590529247910863,0.542461260930907
"VAMP5","BC11",0.107913669064748,0.0667759292606219
"VAMP5","BC12",0.415789473684211,0.240297640612021
"VAMP5","BC17",0.233983286908078,0.173150991239151
"SDHB","BC11",0.41726618705036,0.319580301466105
"SDHB","BC12",0.510526315789474,0.295059514932854
"SDHB","BC17",0.841225626740947,1.14602226807881
"AMFR","BC11",0.381294964028777,0.292407493650733
"AMFR","BC12",0.436842105263158,0.221369559468539
"AMFR","BC17",0.181058495821727,0.13440780951021
"SLC22A18","BC11",0.406474820143885,0.310815173052237
"SLC22A18","BC12",0.421052631578947,0.231838306366045
"SLC22A18","BC17",0.37883008356546,0.306823593735567
"HDDC3","BC11",0.302158273381295,0.215495412354767
"HDDC3","BC12",0.331578947368421,0.154673647273089
"HDDC3","BC17",0.373259052924791,0.304982376362718
"DDX42","BC11",0.73021582733813,0.744610196537566
"DDX42","BC12",0.407894736842105,0.218570188320662
"DDX42","BC17",0.206128133704735,0.153451623933108
"ZNF664","BC11",0.510791366906475,0.41354778644314
"ZNF664","BC12",0.426315789473684,0.204492113480838
"ZNF664","BC17",0.295264623955432,0.240094691147278
"FAM89B","BC11",0.420863309352518,0.312898846751892
"FAM89B","BC12",0.628947368421053,0.410869717854342
"FAM89B","BC17",0.206128133704735,0.14348821115629
"ATP6V1A","BC11",0.359712230215827,0.247177847602676
"ATP6V1A","BC12",0.381578947368421,0.192717063929006
"ATP6V1A","BC17",0.222841225626741,0.165954336553275
"ADIPOR2","BC11",0.410071942446043,0.320040493889828
"ADIPOR2","BC12",0.528947368421053,0.345598419825897
"ADIPOR2","BC17",0.153203342618384,0.11404763406109
"ALG13","BC11",0.39568345323741,0.291872734349186
"ALG13","BC12",0.489473684210526,0.242452494447598
"ALG13","BC17",0.495821727019499,0.451632535474865
"CMC4","BC11",0.244604316546763,0.153952970907743
"CMC4","BC12",0.35,0.169458455306373
"CMC4","BC17",0.284122562674095,0.222145104353873
"VDAC3","BC11",0.420863309352518,0.310880922786595
"VDAC3","BC12",0.594736842105263,0.352266089852691
"VDAC3","BC17",0.740947075208914,0.778551811197178
"EGLN2","BC11",0.485611510791367,0.39983917859405
"EGLN2","BC12",0.810526315789474,0.782283609175508
"EGLN2","BC17",0.584958217270195,0.599565454833051
"M6PR","BC11",0.284172661870504,0.187755067413081
"M6PR","BC12",0.494736842105263,0.270684698014312
"M6PR","BC17",0.49025069637883,0.446313083948183
"CRELD2","BC11",0.489208633093525,0.405365753615024
"CRELD2","BC12",0.610526315789474,0.411204889393784
"CRELD2","BC17",0.289693593314763,0.233532384176916
"SPINT1-AS1","BC11",0.384892086330935,0.282731074001328
"SPINT1-AS1","BC12",0.621052631578947,0.40709029144756
"SPINT1-AS1","BC17",0.735376044568245,0.784511148758219
"ZNF24","BC11",0.60431654676259,0.540460195123439
"ZNF24","BC12",0.594736842105263,0.380521270186274
"ZNF24","BC17",0.559888579387187,0.526619389092649
"RNF187","BC11",0.762589928057554,0.810183653005152
"RNF187","BC12",0.823684210526316,0.715791570628205
"RNF187","BC17",0.81058495821727,0.994277598238911
"DHRS4L2","BC11",0.402877697841727,0.308943950608909
"DHRS4L2","BC12",0.331578947368421,0.155178857759375
"DHRS4L2","BC17",0.356545961002786,0.288832326767847
"FAM120A","BC11",0.535971223021583,0.439666131315919
"FAM120A","BC12",0.652631578947368,0.44232976980332
"FAM120A","BC17",0.401114206128134,0.327225143221085
"CPEB4","BC11",0.287769784172662,0.212127174615295
"CPEB4","BC12",0.465789473684211,0.265126018409702
"CPEB4","BC17",0.403899721448468,0.362775501648291
"RING1","BC11",0.219424460431655,0.132249347726723
"RING1","BC12",0.623684210526316,0.363308739756325
"RING1","BC17",0.311977715877437,0.248987481735016
"EBLN3P","BC11",0.593525179856115,0.50880261452609
"EBLN3P","BC12",0.571052631578947,0.330229110293178
"EBLN3P","BC17",0.387186629526462,0.327382191683097
"SLC25A1","BC11",0.517985611510791,0.422260205314807
"SLC25A1","BC12",0.436842105263158,0.222247454278974
"SLC25A1","BC17",0.164345403899721,0.119405417931853
"SIRT2","BC11",0.205035971223022,0.130080662688808
"SIRT2","BC12",0.515789473684211,0.274711106826057
"SIRT2","BC17",0.253481894150418,0.185093667106011
"RAD51C","BC11",0.248201438848921,0.165542617446111
"RAD51C","BC12",0.386842105263158,0.202707214068728
"RAD51C","BC17",0.236768802228412,0.184388608298755
"ANAPC5","BC11",0.402877697841727,0.307030713550924
"ANAPC5","BC12",0.673684210526316,0.43383176672196
"ANAPC5","BC17",0.462395543175487,0.397857645592602
"STYXL1","BC11",0.201438848920863,0.132025355238383
"STYXL1","BC12",0.252631578947368,0.107475376820587
"STYXL1","BC17",0.423398328690808,0.369215274341313
"COQ7","BC11",0.280575539568345,0.203782595539706
"COQ7","BC12",0.431578947368421,0.218689638329388
"COQ7","BC17",0.367688022284123,0.320193325789856
"MRPL34","BC11",0.557553956834532,0.462024743472295
"MRPL34","BC12",0.552631578947368,0.289657333319547
"MRPL34","BC17",0.729805013927577,0.782396658878154
"ELAPOR1","BC11",0.579136690647482,0.522768478027671
"ELAPOR1","BC12",0.736842105263158,0.539421476806374
"ELAPOR1","BC17",0.337047353760446,0.285255449107529
"ZNF444","BC11",0.233812949640288,0.149006189786564
"ZNF444","BC12",0.465789473684211,0.247749130091405
"ZNF444","BC17",0.342618384401114,0.280853142603335
"CYHR1","BC11",0.381294964028777,0.26780597773166
"CYHR1","BC12",0.605263157894737,0.353905635675661
"CYHR1","BC17",0.554317548746518,0.518961636993092
"CCDC57","BC11",0.618705035971223,0.578278016961542
"CCDC57","BC12",0.418421052631579,0.226134338661867
"CCDC57","BC17",0.303621169916435,0.250458098897105
"ZCCHC10","BC11",0.0827338129496403,0.0452913123433873
"ZCCHC10","BC12",0.481578947368421,0.247886388746388
"ZCCHC10","BC17",0.515320334261838,0.483334876278819
"PTPN18","BC11",0.29136690647482,0.195923390330255
"PTPN18","BC12",0.394736842105263,0.193802774020575
"PTPN18","BC17",0.345403899721448,0.2931635971976
"SLC30A1","BC11",0.111510791366906,0.0671325618640444
"SLC30A1","BC12",0.697368421052632,0.606538880525053
"SLC30A1","BC17",0.0974930362116992,0.0732815209629763
"NCOA3","BC11",0.298561151079137,0.208146633967902
"NCOA3","BC12",0.457894736842105,0.26784359276351
"NCOA3","BC17",0.0919220055710306,0.06575278982184
"ZNF75A","BC11",0.0467625899280576,0.0314811541985299
"ZNF75A","BC12",0.423684210526316,0.222181120374853
"ZNF75A","BC17",0.35933147632312,0.300118122286033
"DCAF7","BC11",0.751798561151079,0.772098870163795
"DCAF7","BC12",0.336842105263158,0.163259224972773
"DCAF7","BC17",0.250696378830084,0.194629946469128
"PDCD7","BC11",0.420863309352518,0.319477085633029
"PDCD7","BC12",0.376315789473684,0.182572454026195
"PDCD7","BC17",0.211699164345404,0.156169442886436
"GSE1","BC11",0.41726618705036,0.310006718594331
"GSE1","BC12",0.426315789473684,0.222361453282712
"GSE1","BC17",0.119777158774373,0.0926149641982692
"TRUB2","BC11",0.309352517985612,0.215063417522681
"TRUB2","BC12",0.378947368421053,0.186895071254454
"TRUB2","BC17",0.325905292479109,0.253336263689094
"GCDH","BC11",0.165467625899281,0.105850302099662
"GCDH","BC12",0.471052631578947,0.246868088533965
"GCDH","BC17",0.214484679665738,0.16242124679455
"MTUS1","BC11",0.255395683453237,0.174143815608319
"MTUS1","BC12",0.426315789473684,0.227669445109799
"MTUS1","BC17",0.267409470752089,0.225487656062736
"ARFGAP2","BC11",0.370503597122302,0.264741828315688
"ARFGAP2","BC12",0.478947368421053,0.244291179354189
"ARFGAP2","BC17",0.35933147632312,0.290731543309407
"ANAPC16","BC11",0.690647482014389,0.689211982102454
"ANAPC16","BC12",0.839473684210526,0.7480669883119
"ANAPC16","BC17",0.902506963788301,1.37137575576969
"MYADM","BC11",0.68705035971223,0.697691085925461
"MYADM","BC12",0.813157894736842,0.651292826798007
"MYADM","BC17",0.334261838440111,0.268180060991501
"SMC4","BC11",0.31294964028777,0.234275556806664
"SMC4","BC12",0.202631578947368,0.0939741557266617
"SMC4","BC17",0.473537604456825,0.441212915073353
"DHRSX","BC11",0.370503597122302,0.251423263603216
"DHRSX","BC12",0.634210526315789,0.402577289540161
"DHRSX","BC17",0.211699164345404,0.153091833837042
"AK1","BC11",0.622302158273381,0.550577167191616
"AK1","BC12",0.542105263157895,0.304978298673932
"AK1","BC17",0.384401114206128,0.321125993594721
"PRPSAP1","BC11",0.327338129496403,0.21378941185539
"PRPSAP1","BC12",0.326315789473684,0.164510478907005
"PRPSAP1","BC17",0.481894150417827,0.445524934713308
"NIPSNAP1","BC11",0.29136690647482,0.186958856863468
"NIPSNAP1","BC12",0.342105263157895,0.161256497204415
"NIPSNAP1","BC17",0.325905292479109,0.263415311158
"MRPL2","BC11",0.176258992805755,0.10143202506797
"MRPL2","BC12",0.434210526315789,0.22906517095922
"MRPL2","BC17",0.342618384401114,0.269500594793391
"MTHFS","BC11",0.507194244604317,0.42485069172187
"MTHFS","BC12",0.481578947368421,0.260898675096664
"MTHFS","BC17",0.431754874651811,0.353062843928438
"COG2","BC11",0.287769784172662,0.193371722544586
"COG2","BC12",0.223684210526316,0.0958421026367537
"COG2","BC17",0.498607242339833,0.428601656759137
"ATPAF1","BC11",0.176258992805755,0.112907620620401
"ATPAF1","BC12",0.423684210526316,0.224070244321346
"ATPAF1","BC17",0.434540389972145,0.357178402868324
"GPS1","BC11",0.298561151079137,0.193536663220213
"GPS1","BC12",0.536842105263158,0.305903972875247
"GPS1","BC17",0.264623955431755,0.200918899224582
"CFD","BC11",0.212230215827338,0.154237655992042
"CFD","BC12",0.397368421052632,0.230683675031186
"CFD","BC17",0.309192200557103,0.255417442505733
"GOT1","BC11",0.129496402877698,0.0848041112032112
"GOT1","BC12",0.189473684210526,0.0979552405788701
"GOT1","BC17",0.47075208913649,0.41220082045287
"NDUFS1","BC11",0.29136690647482,0.196702717846351
"NDUFS1","BC12",0.3,0.136273460643802
"NDUFS1","BC17",0.342618384401114,0.275384334035855
"RBBP4","BC11",0.273381294964029,0.1817157637462
"RBBP4","BC12",0.473684210526316,0.254945258979981
"RBBP4","BC17",0.6991643454039,0.722745719860017
"COQ9","BC11",0.194244604316547,0.131115163534939
"COQ9","BC12",0.321052631578947,0.141725348094273
"COQ9","BC17",0.306406685236769,0.235875907516964
"ARHGAP35","BC11",0.140287769784173,0.0935327333612682
"ARHGAP35","BC12",0.544736842105263,0.315200092984499
"ARHGAP35","BC17",0.161559888579387,0.119515693069431
"STIP1","BC11",0.406474820143885,0.323934846775121
"STIP1","BC12",0.689473684210526,0.497496860165888
"STIP1","BC17",0.33983286908078,0.279130275584921
"OTUD6B-AS1","BC11",0.384892086330935,0.28697686909644
"OTUD6B-AS1","BC12",0.497368421052632,0.26853387536905
"OTUD6B-AS1","BC17",0.654596100278552,0.678471621828197
"MPLKIP","BC11",0.410071942446043,0.291627229511803
"MPLKIP","BC12",0.702631578947368,0.46896489361009
"MPLKIP","BC17",0.437325905292479,0.383265061276392
"RAP1A","BC11",0.381294964028777,0.305929774876041
"RAP1A","BC12",0.597368421052632,0.353571573224565
"RAP1A","BC17",0.688022284122563,0.73385663729684
"ACY1","BC11",0.302158273381295,0.213605255746007
"ACY1","BC12",0.447368421052632,0.224160049740382
"ACY1","BC17",0.345403899721448,0.277224160407058
"MAVS","BC11",0.535971223021583,0.452616600377631
"MAVS","BC12",0.252631578947368,0.11382839634127
"MAVS","BC17",0.194986072423398,0.149946283473583
"RAMP2","BC11",0.183453237410072,0.110760241448107
"RAMP2","BC12",0.318421052631579,0.195339614005728
"RAMP2","BC17",0.33983286908078,0.267307705703257
"SDSL","BC11",0.309352517985612,0.220131040854234
"SDSL","BC12",0.436842105263158,0.213748654332332
"SDSL","BC17",0.181058495821727,0.141216672795971
"CCDC91","BC11",0.31294964028777,0.200268251687406
"CCDC91","BC12",0.431578947368421,0.229351579248457
"CCDC91","BC17",0.462395543175487,0.410735343606263
"ALG3","BC11",0.194244604316547,0.131781256916083
"ALG3","BC12",0.594736842105263,0.360934806024089
"ALG3","BC17",0.233983286908078,0.183014771800845
"DCTN1","BC11",0.276978417266187,0.202134411848925
"DCTN1","BC12",0.252631578947368,0.11163974557734
"DCTN1","BC17",0.309192200557103,0.237923560599498
"UNC50","BC11",0.262589928057554,0.181274321949262
"UNC50","BC12",0.418421052631579,0.223724272647043
"UNC50","BC17",0.543175487465181,0.505455610884646
"CHMP1A","BC11",0.338129496402878,0.234892340410129
"CHMP1A","BC12",0.613157894736842,0.35897827511832
"CHMP1A","BC17",0.183844011142061,0.133344531526642
"GAA","BC11",0.338129496402878,0.225850179375454
"GAA","BC12",0.594736842105263,0.358449378389135
"GAA","BC17",0.155988857938719,0.119338623123554
"ERGIC1","BC11",0.611510791366906,0.526704511974166
"ERGIC1","BC12",0.739473684210526,0.58858545380297
"ERGIC1","BC17",0.264623955431755,0.208418619527872
"GPRC5C","BC11",0.575539568345324,0.515939715940875
"GPRC5C","BC12",0.413157894736842,0.218877001393321
"GPRC5C","BC17",0.0584958217270195,0.0378146733580164
"LAPTM4B","BC11",0.334532374100719,0.245109257513816
"LAPTM4B","BC12",0.231578947368421,0.152252078234275
"LAPTM4B","BC17",0.615598885793872,0.734082012486601
"CLTC","BC11",0.798561151079137,0.904200842858172
"CLTC","BC12",0.568421052631579,0.352156084615172
"CLTC","BC17",0.373259052924791,0.313087646219064
"NSMCE4A","BC11",0.438848920863309,0.374199010397805
"NSMCE4A","BC12",0.231578947368421,0.0952226399245786
"NSMCE4A","BC17",0.389972144846797,0.323020266125937
"H2BC15","BC11",0.352517985611511,0.282021984293023
"H2BC15","BC12",0.381578947368421,0.223270866109151
"H2BC15","BC17",0.303621169916435,0.274466074339033
"FBXO9","BC11",0.158273381294964,0.0956583175920563
"FBXO9","BC12",0.6,0.360206075294966
"FBXO9","BC17",0.247910863509749,0.192925373122966
"TSG101","BC11",0.47841726618705,0.381216822336822
"TSG101","BC12",0.644736842105263,0.438621048334824
"TSG101","BC17",0.593314763231198,0.550398919542257
"KRR1","BC11",0.258992805755396,0.186056836848496
"KRR1","BC12",0.539473684210526,0.293527473751389
"KRR1","BC17",0.615598885793872,0.626563229017789
"POP7","BC11",0.489208633093525,0.400732816217985
"POP7","BC12",0.678947368421053,0.475314504340108
"POP7","BC17",0.598885793871866,0.564476381146083
"PARL","BC11",0.31294964028777,0.202057359518741
"PARL","BC12",0.623684210526316,0.357537407861426
"PARL","BC17",0.32033426183844,0.250557253021991
"ZNF688","BC11",0.223021582733813,0.134352117427329
"ZNF688","BC12",0.4,0.194752490491507
"ZNF688","BC17",0.284122562674095,0.228195725210791
"NDUFA10","BC11",0.377697841726619,0.274883208722524
"NDUFA10","BC12",0.768421052631579,0.574089594291538
"NDUFA10","BC17",0.807799442896936,1.05443321086449
"THAP7","BC11",0.316546762589928,0.208919754024569
"THAP7","BC12",0.460526315789474,0.230060843166281
"THAP7","BC17",0.401114206128134,0.331479155675138
"MYB","BC11",0.248201438848921,0.158273468433434
"MYB","BC12",0.505263157894737,0.294347464326588
"MYB","BC17",0.217270194986072,0.177169251980177
"POLE4","BC11",0.543165467625899,0.482991896562275
"POLE4","BC12",0.652631578947368,0.465147464496436
"POLE4","BC17",0.696378830083565,0.855294079985457
"NFYC","BC11",0.0503597122302158,0.0357151061004391
"NFYC","BC12",0.355263157894737,0.174908777179399
"NFYC","BC17",0.392757660167131,0.347262639757044
"C1orf122","BC11",0.543165467625899,0.482615865615724
"C1orf122","BC12",0.760526315789474,0.658383114647708
"C1orf122","BC17",0.593314763231198,0.610830482148504
"ATP6V1H","BC11",0.345323741007194,0.255614430375992
"ATP6V1H","BC12",0.55,0.312083711047992
"ATP6V1H","BC17",0.676880222841226,0.727993604484179
"KIF21A","BC11",0.348920863309353,0.260596889816081
"KIF21A","BC12",0.278947368421053,0.130803486957932
"KIF21A","BC17",0.295264623955432,0.232361233441269
"NUCB1","BC11",0.316546762589928,0.22716669394985
"NUCB1","BC12",0.760526315789474,0.579669662924247
"NUCB1","BC17",0.493036211699164,0.471452312833177
"ZNRD2","BC11",0.323741007194245,0.238709450610121
"ZNRD2","BC12",0.771052631578947,0.568603232222817
"ZNRD2","BC17",0.403899721448468,0.343761354833161
"SLC39A3","BC11",0.305755395683453,0.218967815911023
"SLC39A3","BC12",0.644736842105263,0.414600637421054
"SLC39A3","BC17",0.376044568245125,0.294410657769894
"USP9X","BC11",0.510791366906475,0.378870039338597
"USP9X","BC12",0.510526315789474,0.308367575159912
"USP9X","BC17",0.136490250696379,0.0965797661147234
"OTUB1","BC11",0.47841726618705,0.363732319070146
"OTUB1","BC12",0.757894736842105,0.553748768675323
"OTUB1","BC17",0.476323119777159,0.411807099682139
"HSD17B8","BC11",0.136690647482014,0.0896592201583617
"HSD17B8","BC12",0.45,0.236497447623085
"HSD17B8","BC17",0.172701949860724,0.127253985301851
"KCNK6","BC11",0.715827338129496,0.796344641739112
"KCNK6","BC12",0.715789473684211,0.577779600921513
"KCNK6","BC17",0.253481894150418,0.235902168432451
"OIP5-AS1","BC11",0.273381294964029,0.180480872024046
"OIP5-AS1","BC12",0.35,0.165592063560911
"OIP5-AS1","BC17",0.476323119777159,0.421496940983061
"TMEM192","BC11",0.456834532374101,0.342746091639541
"TMEM192","BC12",0.421052631578947,0.206341485354523
"TMEM192","BC17",0.0584958217270195,0.0431429112253522
"GUCD1","BC11",0.334532374100719,0.245867692732227
"GUCD1","BC12",0.507894736842105,0.279248122473206
"GUCD1","BC17",0.181058495821727,0.140482012861468
"FBXL15","BC11",0.359712230215827,0.236130637573378
"FBXL15","BC12",0.334210526315789,0.163573775462471
"FBXL15","BC17",0.487465181058496,0.433877061050094
"GEMIN8","BC11",0.161870503597122,0.103028014401035
"GEMIN8","BC12",0.513157894736842,0.283522365688672
"GEMIN8","BC17",0.261838440111421,0.20585092460415
"NUBP2","BC11",0.406474820143885,0.304195982416796
"NUBP2","BC12",0.784210526315789,0.570229027560416
"NUBP2","BC17",0.37883008356546,0.310169870772586
"AIP","BC11",0.18705035971223,0.122284040804839
"AIP","BC12",0.623684210526316,0.380646070560666
"AIP","BC17",0.323119777158774,0.265155227348067
"RITA1","BC11",0.280575539568345,0.195434746762492
"RITA1","BC12",0.434210526315789,0.235574087219419
"RITA1","BC17",0.183844011142061,0.130931066205574
"VPS26B","BC11",0.140287769784173,0.0866097241322496
"VPS26B","BC12",0.386842105263158,0.170298569285005
"VPS26B","BC17",0.292479108635098,0.224799347234455
"GET1","BC11",0.26978417266187,0.189460424421834
"GET1","BC12",0.444736842105263,0.235837322332582
"GET1","BC17",0.417827298050139,0.357450202899136
"GRINA","BC11",0.597122302158273,0.517935303756605
"GRINA","BC12",0.847368421052632,0.740209346530625
"GRINA","BC17",0.540389972144847,0.51099486183921
"LINC00472","BC11",0.262589928057554,0.197684989862972
"LINC00472","BC12",0.3,0.181725921224006
"LINC00472","BC17",0.267409470752089,0.231588059288874
"ERG28","BC11",0.363309352517986,0.267629387216542
"ERG28","BC12",0.539473684210526,0.288758907761958
"ERG28","BC17",0.518105849582173,0.48047378157435
"TUG1","BC11",0.492805755395683,0.384590107010734
"TUG1","BC12",0.497368421052632,0.276709135661701
"TUG1","BC17",0.222841225626741,0.161923787904492
"RAB1B","BC11",0.39568345323741,0.309620370790419
"RAB1B","BC12",0.734210526315789,0.503597124730075
"RAB1B","BC17",0.242339832869081,0.183439518275665
"COPG1","BC11",0.410071942446043,0.291393597829439
"COPG1","BC12",0.402631578947368,0.210292262103708
"COPG1","BC17",0.250696378830084,0.207899820804516
"WNK1","BC11",0.485611510791367,0.382094188894046
"WNK1","BC12",0.736842105263158,0.561918691997054
"WNK1","BC17",0.245125348189415,0.185065300516149
"FDPS","BC11",0.848920863309353,1.43131769831964
"FDPS","BC12",0.763157894736842,0.546638735982023
"FDPS","BC17",0.754874651810585,0.939978787716927
"ATG101","BC11",0.392086330935252,0.284988690645352
"ATG101","BC12",0.747368421052632,0.536219883105493
"ATG101","BC17",0.715877437325905,0.825771343219646
"CHCHD6","BC11",0.143884892086331,0.0922944125544663
"CHCHD6","BC12",0.436842105263158,0.224893488313864
"CHCHD6","BC17",0.194986072423398,0.138870498336407
"ARMC1","BC11",0.176258992805755,0.116016717660837
"ARMC1","BC12",0.35,0.168729711072988
"ARMC1","BC17",0.272980501392758,0.200511619511481
"BAIAP2","BC11",0.514388489208633,0.422113799744401
"BAIAP2","BC12",0.563157894736842,0.374063694303406
"BAIAP2","BC17",0.259052924791086,0.194955384538784
"SMARCD2","BC11",0.553956834532374,0.454188404425635
"SMARCD2","BC12",0.376315789473684,0.19471510748519
"SMARCD2","BC17",0.0752089136490251,0.0577539544305778
"PNPO","BC11",0.464028776978417,0.3839077474881
"PNPO","BC12",0.331578947368421,0.161506508006296
"PNPO","BC17",0.0974930362116992,0.0711193155351519
"DNAJA3","BC11",0.20863309352518,0.134420213325639
"DNAJA3","BC12",0.423684210526316,0.218322207852343
"DNAJA3","BC17",0.272980501392758,0.200646060006871
"CD81","BC11",0.766187050359712,0.918516554309661
"CD81","BC12",0.607894736842105,0.414968073860435
"CD81","BC17",0.16991643454039,0.12877409950959
"GSTO2","BC11",0.435251798561151,0.311255938679789
"GSTO2","BC12",0.328947368421053,0.156298027941147
"GSTO2","BC17",0.540389972144847,0.473979860101181
"TBCC","BC11",0.172661870503597,0.12621122761227
"TBCC","BC12",0.418421052631579,0.215574023566229
"TBCC","BC17",0.32033426183844,0.2601514963877
"SECISBP2","BC11",0.517985611510791,0.405396618643761
"SECISBP2","BC12",0.58421052631579,0.352538808403084
"SECISBP2","BC17",0.28133704735376,0.210575483344754
"HIBADH","BC11",0.241007194244604,0.156445974788429
"HIBADH","BC12",0.442105263157895,0.231520367725252
"HIBADH","BC17",0.353760445682451,0.274839157650216
"GOLM2","BC11",0.600719424460432,0.527342521904711
"GOLM2","BC12",0.489473684210526,0.256647809029961
"GOLM2","BC17",0.153203342618384,0.104486298058302
"MRPL35","BC11",0.320143884892086,0.2367079419358
"MRPL35","BC12",0.310526315789474,0.152542467753182
"MRPL35","BC17",0.303621169916435,0.235095344201843
"ARAF","BC11",0.23021582733813,0.160169247119606
"ARAF","BC12",0.418421052631579,0.202581373259871
"ARAF","BC17",0.239554317548747,0.180566799830895
"ETFRF1","BC11",0.266187050359712,0.17784797969022
"ETFRF1","BC12",0.518421052631579,0.295154899436086
"ETFRF1","BC17",0.412256267409471,0.360536606470384
"HNRNPL","BC11",0.39568345323741,0.320202987479862
"HNRNPL","BC12",0.513157894736842,0.27686617112452
"HNRNPL","BC17",0.33983286908078,0.270488634953989
"NUDT9","BC11",0.140287769784173,0.0813936472889905
"NUDT9","BC12",0.318421052631579,0.152307477548162
"NUDT9","BC17",0.618384401114206,0.610657598517112
"STK24","BC11",0.633093525179856,0.56722298398484
"STK24","BC12",0.378947368421053,0.1931118832578
"STK24","BC17",0.0891364902506964,0.0658331657064671
"CRELD1","BC11",0.280575539568345,0.193265725672039
"CRELD1","BC12",0.334210526315789,0.162385258526984
"CRELD1","BC17",0.275766016713092,0.211478249097417
"MAGED1","BC11",0.607913669064748,0.574352934591089
"MAGED1","BC12",0.478947368421053,0.258064537657288
"MAGED1","BC17",0.200557103064067,0.146746477217649
"TLE3","BC11",0.474820143884892,0.372124080300006
"TLE3","BC12",0.407894736842105,0.234370720326374
"TLE3","BC17",0.345403899721448,0.292427291060298
"BRAF","BC11",0.597122302158273,0.479939998715433
"BRAF","BC12",0.336842105263158,0.161441526319255
"BRAF","BC17",0.167130919220056,0.131416563355285
"VEZF1","BC11",0.546762589928058,0.483518857442066
"VEZF1","BC12",0.536842105263158,0.290693762717176
"VEZF1","BC17",0.275766016713092,0.222225877253973
"FIBP","BC11",0.39568345323741,0.291629485954303
"FIBP","BC12",0.828947368421053,0.72309379897973
"FIBP","BC17",0.448467966573816,0.389801531740991
"SLC35C2","BC11",0.29136690647482,0.196784518762188
"SLC35C2","BC12",0.463157894736842,0.242438474527583
"SLC35C2","BC17",0.167130919220056,0.12189967132732
"SLC38A10","BC11",0.334532374100719,0.243588455500416
"SLC38A10","BC12",0.368421052631579,0.183900788402427
"SLC38A10","BC17",0.172701949860724,0.120571837772545
"ENDOV","BC11",0.359712230215827,0.265453659289173
"ENDOV","BC12",0.481578947368421,0.256077562847927
"ENDOV","BC17",0.389972144846797,0.333043931891059
"VWA1","BC11",0.122302158273381,0.0707609987964618
"VWA1","BC12",0.771052631578947,0.678879522550952
"VWA1","BC17",0.0250696378830084,0.0156123320765941
"OSBPL8","BC11",0.248201438848921,0.176366863729971
"OSBPL8","BC12",0.223684210526316,0.107105667292693
"OSBPL8","BC17",0.649025069637883,0.718068224203724
"C15orf40","BC11",0.392086330935252,0.270869631322808
"C15orf40","BC12",0.494736842105263,0.257199305545643
"C15orf40","BC17",0.356545961002786,0.298116273080519
"HK1","BC11",0.399280575539568,0.294853263393729
"HK1","BC12",0.318421052631579,0.152460161929156
"HK1","BC17",0.495821727019499,0.454741478824088
"STMN1","BC11",0.323741007194245,0.277873753230522
"STMN1","BC12",0.278947368421053,0.146290035762033
"STMN1","BC17",0.930362116991644,1.49452606909905
"TTC36","BC11",0.219424460431655,0.172254223323129
"TTC36","BC12",0.402631578947368,0.251065643961445
"TTC36","BC17",0.233983286908078,0.189773637854932
"EBAG9","BC11",0.255395683453237,0.174037058064003
"EBAG9","BC12",0.589473684210526,0.378054063591314
"EBAG9","BC17",0.353760445682451,0.286366599903507
"CMTM8","BC11",0.26978417266187,0.183429313614161
"CMTM8","BC12",0.689473684210526,0.5365436312367
"CMTM8","BC17",0.183844011142061,0.139884036637553
"ALDH7A1","BC11",0.237410071942446,0.157153730339486
"ALDH7A1","BC12",0.286842105263158,0.141124551591612
"ALDH7A1","BC17",0.376044568245125,0.308584446026908
"NUDT16","BC11",0.194244604316547,0.121662204937738
"NUDT16","BC12",0.428947368421053,0.21154223709869
"NUDT16","BC17",0.253481894150418,0.188671619923532
"NSL1","BC11",0.172661870503597,0.104772208678239
"NSL1","BC12",0.507894736842105,0.264259193183388
"NSL1","BC17",0.462395543175487,0.39067002162785
"TSR3","BC11",0.298561151079137,0.193540376795458
"TSR3","BC12",0.694736842105263,0.46592574890968
"TSR3","BC17",0.292479108635098,0.219071717462428
"MPC1","BC11",0.330935251798561,0.218237929457147
"MPC1","BC12",0.347368421052632,0.159866584720548
"MPC1","BC17",0.676880222841226,0.728274648186535
"LTBP4","BC11",0.334532374100719,0.243966890325139
"LTBP4","BC12",0.334210526315789,0.162675666446554
"LTBP4","BC17",0.247910863509749,0.191223677182182
"PFDN6","BC11",0.23021582733813,0.147923348951995
"PFDN6","BC12",0.721052631578947,0.537088913951687
"PFDN6","BC17",0.506963788300836,0.466567276459043
"ACP5","BC11",0.352517985611511,0.265217209291389
"ACP5","BC12",0.494736842105263,0.304677330869553
"ACP5","BC17",0.236768802228412,0.195889481700101
"MRPL45","BC11",0.115107913669065,0.0728330540832532
"MRPL45","BC12",0.697368421052632,0.457385564076128
"MRPL45","BC17",0.364902506963788,0.289194928984994
"UNC119","BC11",0.31294964028777,0.211004966322848
"UNC119","BC12",0.476315789473684,0.244702669995501
"UNC119","BC17",0.220055710306407,0.161565686032146
"TMEM54","BC11",0.41726618705036,0.312091062250681
"TMEM54","BC12",0.618421052631579,0.397213178126039
"TMEM54","BC17",0.214484679665738,0.168975171775426
"TMED7","BC11",0.323741007194245,0.220406953784329
"TMED7","BC12",0.631578947368421,0.385435517321489
"TMED7","BC17",0.423398328690808,0.363205734756753
"IRS1","BC11",0.456834532374101,0.365665440721271
"IRS1","BC12",0.155263157894737,0.067795439782695
"IRS1","BC17",0.557103064066852,0.548436887840059
"NCOA4","BC11",0.223021582733813,0.155063774088814
"NCOA4","BC12",0.465789473684211,0.235144322983107
"NCOA4","BC17",0.409470752089136,0.338279553743365
"APPBP2","BC11",0.665467625899281,0.588790388866256
"APPBP2","BC12",0.178947368421053,0.0821049335318427
"APPBP2","BC17",0.18941504178273,0.139942147542496
"MYLIP","BC11",0.420863309352518,0.330886692036295
"MYLIP","BC12",0.773684210526316,0.742010854037567
"MYLIP","BC17",0.0557103064066852,0.0368243087354589
"BTG2","BC11",0.974820143884892,2.56168247552946
"BTG2","BC12",0.723684210526316,0.79985191110422
"BTG2","BC17",0.84958217270195,1.50622182501311
"CERS6","BC11",0.435251798561151,0.348589175522602
"CERS6","BC12",0.663157894736842,0.467201835480297
"CERS6","BC17",0.356545961002786,0.282853411881532
"PHYH","BC11",0.413669064748201,0.303290043819527
"PHYH","BC12",0.205263157894737,0.0877061101377001
"PHYH","BC17",0.3008356545961,0.238416769337474
"INSIG1","BC11",0.607913669064748,0.573963490515458
"INSIG1","BC12",0.365789473684211,0.251365122918979
"INSIG1","BC17",0.211699164345404,0.176494913765803
"GFPT1","BC11",0.525179856115108,0.448239699952309
"GFPT1","BC12",0.360526315789474,0.176202671511992
"GFPT1","BC17",0.323119777158774,0.282935471518452
"ZNF467","BC11",0.37410071942446,0.284763036077064
"ZNF467","BC12",0.35,0.162669796005388
"ZNF467","BC17",0.331476323119777,0.267003286702896
"SELENOS","BC11",0.97841726618705,1.88541912818694
"SELENOS","BC12",0.836842105263158,0.712335873569809
"SELENOS","BC17",0.682451253481894,0.722900178415541
"G6PC3","BC11",0.183453237410072,0.125441807376397
"G6PC3","BC12",0.55,0.318388187701206
"G6PC3","BC17",0.356545961002786,0.286488294464548
"OGFR","BC11",0.575539568345324,0.494450005174148
"OGFR","BC12",0.407894736842105,0.211040311231516
"OGFR","BC17",0.278551532033426,0.214111781662394
"FBXL5","BC11",0.305755395683453,0.215081218923616
"FBXL5","BC12",0.284210526315789,0.130571738262183
"FBXL5","BC17",0.409470752089136,0.336689358433004
"PPP2R5A","BC11",0.89568345323741,1.19379847001
"PPP2R5A","BC12",0.555263157894737,0.301857895645252
"PPP2R5A","BC17",0.214484679665738,0.164905437735522
"AKT1S1","BC11",0.37410071942446,0.268265889558931
"AKT1S1","BC12",0.592105263157895,0.356881463499891
"AKT1S1","BC17",0.362116991643454,0.29341911061805
"BATF","BC11",0.446043165467626,0.359054312576642
"BATF","BC12",0.123684210526316,0.0559544404280493
"BATF","BC17",0.64066852367688,0.687189992105952
"ZNF32","BC11",0.316546762589928,0.220364589537821
"ZNF32","BC12",0.363157894736842,0.177700978503148
"ZNF32","BC17",0.537604456824513,0.489661162029428
"PEPD","BC11",0.23021582733813,0.16736029111176
"PEPD","BC12",0.481578947368421,0.259462666236255
"PEPD","BC17",0.236768802228412,0.165967504964784
"EPS15L1","BC11",0.194244604316547,0.121696681696585
"EPS15L1","BC12",0.357894736842105,0.179323649886336
"EPS15L1","BC17",0.264623955431755,0.20408856158646
"CFAP20","BC11",0.251798561151079,0.168143155505712
"CFAP20","BC12",0.4,0.194257426500765
"CFAP20","BC17",0.194986072423398,0.141118486343507
"OXLD1","BC11",0.302158273381295,0.191865482100443
"OXLD1","BC12",0.652631578947368,0.405785778042945
"OXLD1","BC17",0.403899721448468,0.326712267519062
"MFSD1","BC11",0.31294964028777,0.197974503597445
"MFSD1","BC12",0.368421052631579,0.17677927894765
"MFSD1","BC17",0.231197771587744,0.171514252006406
"DYNC1LI2","BC11",0.557553956834532,0.452668240681599
"DYNC1LI2","BC12",0.542105263157895,0.309552221541598
"DYNC1LI2","BC17",0.231197771587744,0.174372498584969
"KIF3B","BC11",0.23021582733813,0.150412714828108
"KIF3B","BC12",0.384210526315789,0.181014068360595
"KIF3B","BC17",0.203342618384401,0.150264436074185
"C6orf89","BC11",0.23021582733813,0.154934619115972
"C6orf89","BC12",0.518421052631579,0.291067377385251
"C6orf89","BC17",0.245125348189415,0.1799241421
"HTATSF1","BC11",0.323741007194245,0.228292885942947
"HTATSF1","BC12",0.413157894736842,0.205231699611712
"HTATSF1","BC17",0.342618384401114,0.268953499172077
"RPS6KB1","BC11",0.561151079136691,0.48994725125125
"RPS6KB1","BC12",0.363157894736842,0.16890708726311
"RPS6KB1","BC17",0.0779944289693593,0.0534243089204949
"POR","BC11",0.237410071942446,0.154867772807087
"POR","BC12",0.263157894736842,0.123970937196767
"POR","BC17",0.406685236768802,0.357582912988887
"PPP1R37","BC11",0.233812949640288,0.159518500438685
"PPP1R37","BC12",0.565789473684211,0.320188748725822
"PPP1R37","BC17",0.28133704735376,0.227415743183685
"MLST8","BC11",0.205035971223022,0.13445944646856
"MLST8","BC12",0.523684210526316,0.274030866119332
"MLST8","BC17",0.387186629526462,0.327189853002222
"MAT2A","BC11",0.215827338129496,0.154337923319894
"MAT2A","BC12",0.481578947368421,0.285810525381578
"MAT2A","BC17",0.462395543175487,0.407590738686967
"NABP2","BC11",0.176258992805755,0.104499678992656
"NABP2","BC12",0.536842105263158,0.309939817873908
"NABP2","BC17",0.412256267409471,0.336197498286458
"CDK4","BC11",0.431654676258993,0.311664873829793
"CDK4","BC12",0.660526315789474,0.446450743338512
"CDK4","BC17",0.479108635097493,0.407954252837952
"IARS2","BC11",0.546762589928058,0.486754322811375
"IARS2","BC12",0.581578947368421,0.336277182030345
"IARS2","BC17",0.431754874651811,0.382367986221785
"TMEM223","BC11",0.284172661870504,0.183351676411237
"TMEM223","BC12",0.415789473684211,0.202234698685053
"TMEM223","BC17",0.292479108635098,0.22812950745987
"TM2D3","BC11",0.471223021582734,0.374919941461688
"TM2D3","BC12",0.371052631578947,0.178654405489725
"TM2D3","BC17",0.412256267409471,0.350275166727058
"MOAP1","BC11",0.316546762589928,0.224198974025746
"MOAP1","BC12",0.244736842105263,0.108052300966456
"MOAP1","BC17",0.409470752089136,0.337025184213396
"MDP1","BC11",0.489208633093525,0.401322181740489
"MDP1","BC12",0.244736842105263,0.0976846526997131
"MDP1","BC17",0.256267409470752,0.197502115363937
"PCNA","BC11",0.47841726618705,0.403017570088071
"PCNA","BC12",0.289473684210526,0.144019624068323
"PCNA","BC17",0.284122562674095,0.235167442202529
"CZIB","BC11",0.179856115107914,0.12131636409662
"CZIB","BC12",0.434210526315789,0.215117477644466
"CZIB","BC17",0.431754874651811,0.366876878526371
"RELL1","BC11",0.384892086330935,0.287360040557686
"RELL1","BC12",0.160526315789474,0.0739577861980444
"RELL1","BC17",0.387186629526462,0.343452725302388
"PCCA-DT","BC11",0.348920863309353,0.246585680634912
"PCCA-DT","BC12",0.4,0.204683198994783
"PCCA-DT","BC17",0.100278551532033,0.0704110847342645
"RHPN1","BC11",0.305755395683453,0.225800419041335
"RHPN1","BC12",0.526315789473684,0.307281596748128
"RHPN1","BC17",0.0919220055710306,0.0621139305911133
"ZMPSTE24","BC11",0.154676258992806,0.0998357759305143
"ZMPSTE24","BC12",0.434210526315789,0.224076080885046
"ZMPSTE24","BC17",0.479108635097493,0.42313145801432
"B3GAT3","BC11",0.330935251798561,0.231416585652757
"B3GAT3","BC12",0.5,0.267591764084551
"B3GAT3","BC17",0.412256267409471,0.34779417032167
"MRPS36","BC11",0.399280575539568,0.294204716478399
"MRPS36","BC12",0.718421052631579,0.4804097206507
"MRPS36","BC17",0.643454038997215,0.647901275733878
"NKAP","BC11",0.323741007194245,0.229782388684311
"NKAP","BC12",0.515789473684211,0.306818365155609
"NKAP","BC17",0.272980501392758,0.221568186913713
"LENG8","BC11",0.23021582733813,0.157924533144978
"LENG8","BC12",0.476315789473684,0.278366387042635
"LENG8","BC17",0.203342618384401,0.158287789011367
"EGFL7","BC11",0.370503597122302,0.29178525206878
"EGFL7","BC12",0.55,0.339325338027887
"EGFL7","BC17",0.0362116991643454,0.0248509620304142
"TMEM35B","BC11",0.18705035971223,0.118990408468223
"TMEM35B","BC12",0.442105263157895,0.213247127324174
"TMEM35B","BC17",0.317548746518106,0.25708351054948
"SNRNP35","BC11",0.183453237410072,0.12570066221025
"SNRNP35","BC12",0.355263157894737,0.174882187786293
"SNRNP35","BC17",0.334261838440111,0.277770741837989
"DEGS2","BC11",0.233812949640288,0.171658154210385
"DEGS2","BC12",0.702631578947368,0.657996956990544
"DEGS2","BC17",0.802228412256267,1.18485338066677
"PTGES2","BC11",0.284172661870504,0.189354093428464
"PTGES2","BC12",0.413157894736842,0.194368865207855
"PTGES2","BC17",0.504178272980501,0.444579804560281
"KCNQ1OT1","BC11",0.748201438848921,0.953834387803583
"KCNQ1OT1","BC12",0.415789473684211,0.358941967662091
"KCNQ1OT1","BC17",0.267409470752089,0.237018137349771
"SYNE4","BC11",0.366906474820144,0.257683505673588
"SYNE4","BC12",0.592105263157895,0.351539788389694
"SYNE4","BC17",0.417827298050139,0.354297517174854
"IDH3B","BC11",0.190647482014388,0.116190714469077
"IDH3B","BC12",0.58421052631579,0.346160272941801
"IDH3B","BC17",0.493036211699164,0.442977644988166
"SLC1A5","BC11",0.446043165467626,0.365620855015352
"SLC1A5","BC12",0.523684210526316,0.325932134610819
"SLC1A5","BC17",0.0668523676880223,0.0617801969919859
"ATF7","BC11",0.29136690647482,0.202056697820084
"ATF7","BC12",0.636842105263158,0.378764545949516
"ATF7","BC17",0.172701949860724,0.128758786480799
"LMTK3","BC11",0.0323741007194245,0.0186219444270281
"LMTK3","BC12",0.610526315789474,0.428899324839369
"LMTK3","BC17",0.445682451253482,0.481519956668731
"MRPS25","BC11",0.215827338129496,0.149323373494535
"MRPS25","BC12",0.463157894736842,0.23195283065946
"MRPS25","BC17",0.415041782729805,0.357637639445087
"C3orf14","BC11",0.165467625899281,0.106045584914412
"C3orf14","BC12",0.557894736842105,0.33088188446953
"C3orf14","BC17",0.84958217270195,1.09066263503193
"ZFAND2A","BC11",0.586330935251799,0.546554356505034
"ZFAND2A","BC12",0.578947368421053,0.500314663535856
"ZFAND2A","BC17",0.197771587743733,0.143341262493058
"ROGDI","BC11",0.244604316546763,0.157975100831473
"ROGDI","BC12",0.626315789473684,0.418612611554485
"ROGDI","BC17",0.3008356545961,0.240085970726269
"COPS7A","BC11",0.345323741007194,0.232854183630787
"COPS7A","BC12",0.468421052631579,0.239385250990636
"COPS7A","BC17",0.392757660167131,0.325402653270784
"SAMM50","BC11",0.201438848920863,0.131592664388651
"SAMM50","BC12",0.371052631578947,0.194110966600841
"SAMM50","BC17",0.406685236768802,0.336310765168979
"VPS4A","BC11",0.302158273381295,0.198926170272856
"VPS4A","BC12",0.457894736842105,0.247695253422031
"VPS4A","BC17",0.172701949860724,0.12174127245073
"UBE2S","BC11",0.557553956834532,0.499161083458327
"UBE2S","BC12",0.618421052631579,0.502296863358961
"UBE2S","BC17",0.225626740947075,0.180706001698694
"TMEM25","BC11",0.183453237410072,0.121528948139924
"TMEM25","BC12",0.378947368421053,0.195925881226282
"TMEM25","BC17",0.381615598885794,0.30744764391693
"HRAS","BC11",0.510791366906475,0.4190529533949
"HRAS","BC12",0.515789473684211,0.290416408491801
"HRAS","BC17",0.284122562674095,0.224265156552613
"KAT6B","BC11",0.62589928057554,0.575265126055103
"KAT6B","BC12",0.542105263157895,0.339193654801865
"KAT6B","BC17",0.3008356545961,0.254781143762685
"RMND1","BC11",0.338129496402878,0.246294666829241
"RMND1","BC12",0.302631578947368,0.163411865200915
"RMND1","BC17",0.289693593314763,0.237418374760704
"MSI2","BC11",0.841726618705036,1.09053104740603
"MSI2","BC12",0.526315789473684,0.331377353152995
"MSI2","BC17",0.420612813370474,0.363629362274376
"FUNDC1","BC11",0.276978417266187,0.185269315144109
"FUNDC1","BC12",0.357894736842105,0.174915148849965
"FUNDC1","BC17",0.392757660167131,0.313771558978241
"IER5","BC11",0.852517985611511,1.30986850680293
"IER5","BC12",0.771052631578947,0.732194502476089
"IER5","BC17",0.194986072423398,0.158877194307778
"GLT8D1","BC11",0.205035971223022,0.135087599935045
"GLT8D1","BC12",0.418421052631579,0.212603845195042
"GLT8D1","BC17",0.350974930362117,0.276768099125109
"YTHDF1","BC11",0.381294964028777,0.289991068150993
"YTHDF1","BC12",0.336842105263158,0.149207353723865
"YTHDF1","BC17",0.194986072423398,0.137713550853084
"PTPN1","BC11",0.223021582733813,0.141511017110675
"PTPN1","BC12",0.294736842105263,0.134683648032533
"PTPN1","BC17",0.431754874651811,0.390708101677753
"TXLNG","BC11",0.219424460431655,0.128873984926658
"TXLNG","BC12",0.45,0.233277811753144
"TXLNG","BC17",0.214484679665738,0.167007894766254
"HID1","BC11",0.694244604316547,0.645829261258787
"HID1","BC12",0.352631578947368,0.182276349179969
"HID1","BC17",0.147632311977716,0.10378287383099
"DCAF10","BC11",0.215827338129496,0.137284546029191
"DCAF10","BC12",0.676315789473684,0.508344656366867
"DCAF10","BC17",0.428969359331476,0.401774949647781
"ETHE1","BC11",0.316546762589928,0.217805962979632
"ETHE1","BC12",0.792105263157895,0.680513271447758
"ETHE1","BC17",0.498607242339833,0.465137149095741
"FAM210B","BC11",0.276978417266187,0.197112072058595
"FAM210B","BC12",0.539473684210526,0.309221997852692
"FAM210B","BC17",0.267409470752089,0.204826169242473
"TTC14","BC11",0.359712230215827,0.251516674520906
"TTC14","BC12",0.352631578947368,0.192452742849087
"TTC14","BC17",0.420612813370474,0.374849918959068
"KDM2A","BC11",0.370503597122302,0.268566096377067
"KDM2A","BC12",0.544736842105263,0.297507724285476
"KDM2A","BC17",0.247910863509749,0.190888495808189
"CDK12","BC11",0.26978417266187,0.180786742300231
"CDK12","BC12",0.621052631578947,0.429485626351016
"CDK12","BC17",0.15041782729805,0.113352933402017
"ZDHHC4","BC11",0.334532374100719,0.253405715081248
"ZDHHC4","BC12",0.5,0.270834624688693
"ZDHHC4","BC17",0.389972144846797,0.32537969987897
"RNF135","BC11",0.183453237410072,0.111249980072382
"RNF135","BC12",0.426315789473684,0.203353058777982
"RNF135","BC17",0.303621169916435,0.227345659562017
"POLR1H","BC11",0.26978417266187,0.184455163539273
"POLR1H","BC12",0.642105263157895,0.429532580300122
"POLR1H","BC17",0.214484679665738,0.175772958151527
"PIGF","BC11",0.262589928057554,0.18842827943834
"PIGF","BC12",0.413157894736842,0.218213999430889
"PIGF","BC17",0.431754874651811,0.343528806604962
"FBXO21","BC11",0.258992805755396,0.176300388633248
"FBXO21","BC12",0.344736842105263,0.15966437020881
"FBXO21","BC17",0.309192200557103,0.231960828059504
"GATAD1","BC11",0.39568345323741,0.277348601107731
"GATAD1","BC12",0.313157894736842,0.147833303680634
"GATAD1","BC17",0.250696378830084,0.188939854022358
"CDS1","BC11",0.381294964028777,0.288868769419163
"CDS1","BC12",0.4,0.202174154635415
"CDS1","BC17",0.306406685236769,0.23585838231355
"HAGHL","BC11",0.258992805755396,0.16069557328252
"HAGHL","BC12",0.415789473684211,0.250459714181437
"HAGHL","BC17",0.518105849582173,0.477214423832894
"TIMM10B","BC11",0.23021582733813,0.143865989766722
"TIMM10B","BC12",0.486842105263158,0.262496339583723
"TIMM10B","BC17",0.409470752089136,0.330766628597583
"TMEM60","BC11",0.248201438848921,0.169406125450152
"TMEM60","BC12",0.215789473684211,0.0927783538588663
"TMEM60","BC17",0.632311977715877,0.604744442934793
"PAK4","BC11",0.406474820143885,0.306067388329816
"PAK4","BC12",0.607894736842105,0.359763480934904
"PAK4","BC17",0.194986072423398,0.148249422639339
"SYNJ2BP","BC11",0.309352517985612,0.215564214732661
"SYNJ2BP","BC12",0.376315789473684,0.182124869146429
"SYNJ2BP","BC17",0.389972144846797,0.317002912572464
"PANK3","BC11",0.212230215827338,0.139110520551374
"PANK3","BC12",0.336842105263158,0.157156863396989
"PANK3","BC17",0.498607242339833,0.441322547012774
"TTC17","BC11",0.31294964028777,0.233112907771141
"TTC17","BC12",0.473684210526316,0.251545576168767
"TTC17","BC17",0.247910863509749,0.190728666439298
"FGD5-AS1","BC11",0.305755395683453,0.201177196010082
"FGD5-AS1","BC12",0.381578947368421,0.189175266791811
"FGD5-AS1","BC17",0.295264623955432,0.237481045007464
"ANKRD11","BC11",0.593525179856115,0.54328315511495
"ANKRD11","BC12",0.642105263157895,0.423428828540879
"ANKRD11","BC17",0.139275766016713,0.114637111493629
"OARD1","BC11",0.262589928057554,0.174481392301445
"OARD1","BC12",0.507894736842105,0.275864044909337
"OARD1","BC17",0.401114206128134,0.343064344465109
"CALCOCO2","BC11",0.593525179856115,0.532119136474925
"CALCOCO2","BC12",0.410526315789474,0.218636998739683
"CALCOCO2","BC17",0.242339832869081,0.183077575556961
"SLC35B2","BC11",0.244604316546763,0.170917632003595
"SLC35B2","BC12",0.594736842105263,0.374445919913972
"SLC35B2","BC17",0.183844011142061,0.132003096048135
"EIF2AK2","BC11",0.535971223021583,0.469224766538719
"EIF2AK2","BC12",0.326315789473684,0.145724835213442
"EIF2AK2","BC17",0.181058495821727,0.127547932659937
"MRPL15","BC11",0.136690647482014,0.0787649488834086
"MRPL15","BC12",0.507894736842105,0.286831987049835
"MRPL15","BC17",0.459610027855153,0.406063532994357
"TPGS1","BC11",0.474820143884892,0.361540071713799
"TPGS1","BC12",0.434210526315789,0.212487593939996
"TPGS1","BC17",0.623955431754875,0.589233077513779
"TAOK3","BC11",0.305755395683453,0.230643507987146
"TAOK3","BC12",0.428947368421053,0.232762808270578
"TAOK3","BC17",0.398328690807799,0.336426985155201
"BRI3","BC11",0.733812949640288,0.830564902111588
"BRI3","BC12",0.613157894736842,0.40431548415808
"BRI3","BC17",0.467966573816156,0.403878591765885
"KEAP1","BC11",0.276978417266187,0.175711138164776
"KEAP1","BC12",0.363157894736842,0.176384155533971
"KEAP1","BC17",0.33983286908078,0.269917418054826
"XAB2","BC11",0.52158273381295,0.435320552835884
"XAB2","BC12",0.339473684210526,0.164591738901773
"XAB2","BC17",0.373259052924791,0.335134255034506
"LENG1","BC11",0.161870503597122,0.0955640560683418
"LENG1","BC12",0.431578947368421,0.219075185771288
"LENG1","BC17",0.272980501392758,0.204259473486363
"IMMP1L","BC11",0.287769784172662,0.193491811466078
"IMMP1L","BC12",0.336842105263158,0.1535952272182
"IMMP1L","BC17",0.395543175487465,0.337234728248771
"HSBP1L1","BC11",0.485611510791367,0.382446093602183
"HSBP1L1","BC12",0.392105263157895,0.202279493028665
"HSBP1L1","BC17",0.676880222841226,0.703586137809166
"ZNF749","BC11",0.197841726618705,0.133187490353559
"ZNF749","BC12",0.510526315789474,0.271647866938949
"ZNF749","BC17",0.18941504178273,0.147431034749006
"NR4A1","BC11",0.902877697841727,1.63777806666257
"NR4A1","BC12",0.807894736842105,0.992915823607636
"NR4A1","BC17",0.18941504178273,0.219218414399649
"SLC25A24","BC11",0.205035971223022,0.118309292992095
"SLC25A24","BC12",0.436842105263158,0.223437677707058
"SLC25A24","BC17",0.487465181058496,0.427901779827093
"FAM200B","BC11",0.413669064748201,0.303549224305054
"FAM200B","BC12",0.423684210526316,0.217487384318148
"FAM200B","BC17",0.534818941504178,0.496623322407309
"AHCY","BC11",0.535971223021583,0.449523921770251
"AHCY","BC12",0.518421052631579,0.3182814333526
"AHCY","BC17",0.484679665738162,0.452371860648555
"NCBP2AS2","BC11",0.255395683453237,0.175303641787198
"NCBP2AS2","BC12",0.621052631578947,0.402402780432541
"NCBP2AS2","BC17",0.35933147632312,0.294152362444548
"SLC9A3R2","BC11",0.464028776978417,0.395097653340821
"SLC9A3R2","BC12",0.684210526315789,0.590919510292313
"SLC9A3R2","BC17",0.103064066852368,0.0778184072436926
"CYP51A1","BC11",0.453237410071942,0.367118362052526
"CYP51A1","BC12",0.357894736842105,0.180527086295901
"CYP51A1","BC17",0.467966573816156,0.449111187357571
"POP4","BC11",0.176258992805755,0.117006432679733
"POP4","BC12",0.55,0.301102396905447
"POP4","BC17",0.367688022284123,0.300391606716468
"AFTPH","BC11",0.76978417266187,0.923691194048052
"AFTPH","BC12",0.468421052631579,0.238874870280467
"AFTPH","BC17",0.192200557103064,0.154202037583843
"DNAJC10","BC11",0.561151079136691,0.479247282044286
"DNAJC10","BC12",0.326315789473684,0.147030065602873
"DNAJC10","BC17",0.247910863509749,0.186593951914938
"ZNF652","BC11",0.676258992805755,0.657974590582133
"ZNF652","BC12",0.423684210526316,0.245734684210832
"ZNF652","BC17",0.181058495821727,0.144200523520997
"FUBP1","BC11",0.241007194244604,0.148685895277726
"FUBP1","BC12",0.460526315789474,0.251416505516967
"FUBP1","BC17",0.392757660167131,0.322572981942062
"C22orf39","BC11",0.384892086330935,0.284720516408657
"C22orf39","BC12",0.389473684210526,0.185418764684982
"C22orf39","BC17",0.270194986072423,0.207830080835593
"TAF10","BC11",0.366906474820144,0.26518624767838
"TAF10","BC12",0.660526315789474,0.43608982808287
"TAF10","BC17",0.228412256267409,0.177792851996859
"MALSU1","BC11",0.251798561151079,0.169702615767642
"MALSU1","BC12",0.407894736842105,0.210753004623566
"MALSU1","BC17",0.412256267409471,0.323119136049468
"MT-ND6","BC11",0.370503597122302,0.272552955325924
"MT-ND6","BC12",0.560526315789474,0.338414734696289
"MT-ND6","BC17",0.47075208913649,0.48769697656485
"TMX1","BC11",0.273381294964029,0.193644964472084
"TMX1","BC12",0.392105263157895,0.191663181686946
"TMX1","BC17",0.412256267409471,0.346830885946059
"NTN4","BC11",0.0323741007194245,0.0162595860462201
"NTN4","BC12",0.507894736842105,0.335547348646997
"NTN4","BC17",0.565459610027855,0.56334266827556
"HADHB","BC11",0.402877697841727,0.313132777737227
"HADHB","BC12",0.510526315789474,0.285263747016149
"HADHB","BC17",0.779944289693593,1.00078030534814
"GPATCH2","BC11",0.420863309352518,0.300899275703457
"GPATCH2","BC12",0.407894736842105,0.212219209933356
"GPATCH2","BC17",0.721448467966574,0.905642335421884
"GNPAT","BC11",0.388489208633094,0.281799284700164
"GNPAT","BC12",0.460526315789474,0.232766343984869
"GNPAT","BC17",0.440111420612813,0.384501251367878
"DMAC2","BC11",0.190647482014388,0.120956666286658
"DMAC2","BC12",0.492105263157895,0.264082250828589
"DMAC2","BC17",0.373259052924791,0.315134350245159
"C5orf15","BC11",0.140287769784173,0.0899352061127285
"C5orf15","BC12",0.6,0.349359920209919
"C5orf15","BC17",0.423398328690808,0.36342166748807
