gene,coefficient,test_sample,selected_C
H1-2,0.09077615230377038,BC11,0.01
CHCHD10,0.08473581410362327,BC11,0.01
DBI,0.045864478964679094,BC11,0.01
SLC9A3R1,0.056018728608635784,BC11,0.01
MPC2,-0.03536277700181562,BC11,0.01
FKBP4,0.0313117318587062,BC11,0.01
PRSS23,0.0191601608535264,BC11,0.01
GLRX5,0.09811347882411087,BC11,0.01
FCGRT,0.07901136142357154,BC11,0.01
HSPA1A,0.018436575382523166,BC11,0.01
TMEM160,0.05754711290942339,BC11,0.01
NDUFAB1,0.057712006572081344,BC11,0.01
GATA3,-0.07200949527298374,BC11,0.01
ATP5MC3,-0.03120529282175977,BC11,0.01
COX7B,-0.059111683386520245,BC11,0.01
NUCB2,0.017617803348194103,BC11,0.01
HSBP1,0.0383014614488716,BC11,0.01
HSPE1,0.0034970670556715242,BC11,0.01
HERPUD1,-0.0056760293593729316,BC11,0.01
ATP6AP2,0.042086471990409186,BC11,0.01
ATP5F1A,-0.005118965764245422,BC11,0.01
COX8A,-0.03443188187624711,BC11,0.01
H2AJ,0.030092166343638233,BC11,0.01
TMEM230,0.047770051085790265,BC11,0.01
RETREG1,0.1319379819797507,BC11,0.01
GPX1,-0.011740407066932562,BC11,0.01
ATP5PD,-0.050367627103881506,BC11,0.01
COX5B,-0.07990913607137441,BC11,0.01
NDUFB7,-0.03279173835308048,BC11,0.01
ETFB,0.11356780893364915,BC11,0.01
NDUFB10,-0.016574194274469767,BC11,0.01
COX5A,-0.07749225837609129,BC11,0.01
CST3,-0.10132435308616979,BC11,0.01
NDUFB9,-0.05824920203368115,BC11,0.01
MDH2,-0.024785356952177526,BC11,0.01
UQCR10,-0.11301232776141758,BC11,0.01
ATP5F1B,-0.0465302507085344,BC11,0.01
DCAF6,-0.010165337923311228,BC11,0.01
CYC1,0.02281957140603664,BC11,0.01
NDUFB5,0.06284464264865085,BC11,0.01
IDH2,-0.01659405476285373,BC11,0.01
PRDX2,-0.08145877337171076,BC11,0.01
CKB,0.09102965123788856,BC11,0.01
GABARAPL2,0.025093193490472995,BC11,0.01
UQCRH,-0.11206488993457185,BC11,0.01
CLU,-0.03476019800194196,BC11,0.01
EPN3,0.0695990772331414,BC11,0.01
C18orf32,-0.012410252209934993,BC11,0.01
NDUFA1,-0.07832970377251351,BC11,0.01
FXYD3,-0.09858691873101902,BC11,0.01
PEBP1,-0.0642335208637531,BC11,0.01
CLDN3,0.0026607477439439774,BC11,0.01
HSPD1,-0.01919276700818495,BC11,0.01
NDUFAF3,0.06611852691680906,BC11,0.01
NDUFB4,-0.06125255218711836,BC11,0.01
COX14,-0.024164851086488505,BC11,0.01
PBX1,-0.04738633872987598,BC11,0.01
ATP5ME,-0.10893073217262302,BC11,0.01
SLC39A6,-0.038784828102020344,BC11,0.01
CKS2,0.05473853757785034,BC11,0.01
DYNLRB1,-0.014559485643894714,BC11,0.01
NDUFS6,-0.008121058671033477,BC11,0.01
STARD10,-0.014112167965145115,BC11,0.01
TBC1D9,0.045573992465133356,BC11,0.01
PAFAH1B3,0.008218380366262984,BC11,0.01
ATP5MC1,-0.036896265533260204,BC11,0.01
SELENOP,0.025746408277937657,BC11,0.01
NDUFA7,-0.05335110449768848,BC11,0.01
PRKAR1A,-0.037891408932147284,BC11,0.01
RBBP7,0.05213029339323885,BC11,0.01
SCD,0.07391131620473236,BC11,0.01
MORF4L2,-0.054176216306714715,BC11,0.01
ATP6AP1,0.020613810852603297,BC11,0.01
NDUFA12,0.023764493547288906,BC11,0.01
TOMM6,-0.012564864371759224,BC11,0.01
C1orf43,-0.05758945632620374,BC11,0.01
COX17,-0.05507685833874506,BC11,0.01
BEX3,-0.013051848032719204,BC11,0.01
GTF2I,-0.0011591520899261736,BC11,0.01
PRDX5,-0.051888898793945454,BC11,0.01
VAMP8,-0.07641865762045653,BC11,0.01
ACO2,0.023100041384312445,BC11,0.01
NDUFA6,-0.06229305145153721,BC11,0.01
IGFBP4,-0.004588853697957287,BC11,0.01
ERP29,-0.06530691051386907,BC11,0.01
MZT2B,-0.03669332951220371,BC11,0.01
NQO1,0.017551914474581033,BC11,0.01
HACD3,-0.06047809763326148,BC11,0.01
MRPL27,-0.0076986497451299075,BC11,0.01
MAGED2,-0.06147063162726749,BC11,0.01
DYNLL1,-0.03059181855180496,BC11,0.01
HINT2,-0.0009839689522591467,BC11,0.01
ESR1,-0.022061082170732067,BC11,0.01
NDUFS2,-0.05892697886425081,BC11,0.01
MRPS7,0.0488812724019122,BC11,0.01
TEX264,0.06291127607931508,BC11,0.01
CALR,-0.05766367705706303,BC11,0.01
CAPG,-0.013810321199537763,BC11,0.01
BANF1,0.04589736800317316,BC11,0.01
SSR3,-0.024659504509579707,BC11,0.01
ANAPC11,-0.02366300071575186,BC11,0.01
NDUFA8,0.020636699001706307,BC11,0.01
CERS2,-0.06453031123069576,BC11,0.01
NAXE,-0.007167424286233864,BC11,0.01
MRPS26,-0.025003750996630398,BC11,0.01
TMED2,0.006221557391923487,BC11,0.01
RSBN1L,0.008641895252731447,BC11,0.01
NDUFB1,-0.0798501226520313,BC11,0.01
TM7SF2,0.09274598646500226,BC11,0.01
SNF8,0.028027019575926054,BC11,0.01
CANX,-0.015098204068198569,BC11,0.01
SRI,-0.008619916011680512,BC11,0.01
TMEM14B,0.011345790377231681,BC11,0.01
SELENOT,0.03613361811641681,BC11,0.01
ARL6IP4,-0.023837573750107775,BC11,0.01
COX7A2L,-0.07061165617451932,BC11,0.01
SNHG25,0.028050460163538328,BC11,0.01
GASK1B,0.11467431053312196,BC11,0.01
YWHAQ,-0.052460780992510996,BC11,0.01
MRPS24,-0.01308398803997844,BC11,0.01
NDUFB8,-0.08300358140326385,BC11,0.01
SMDT1,-0.03577161113251386,BC11,0.01
DNPH1,0.03962412934491197,BC11,0.01
MRPS12,0.04530250372760392,BC11,0.01
NENF,-0.10355995212972344,BC11,0.01
H2BC5,0.039049549620820106,BC11,0.01
SARAF,-0.03862363703565279,BC11,0.01
TECR,-0.056869543272078146,BC11,0.01
TSPAN13,0.041286242498925534,BC11,0.01
COPS9,-0.05970924811633769,BC11,0.01
PCBD1,-0.054223456693375686,BC11,0.01
PMVK,-0.022316147187617222,BC11,0.01
CSAD,0.007138311266778887,BC11,0.01
APRT,-0.04938933085506474,BC11,0.01
RTN3,-0.006679089929845339,BC11,0.01
MRPL23,0.02788264699971519,BC11,0.01
CMTM6,-0.007074422429458664,BC11,0.01
NDUFS3,0.003363206312385949,BC11,0.01
PLAAT3,0.11991613114846363,BC11,0.01
PCMTD1,0.028525446626040032,BC11,0.01
GADD45GIP1,-0.014421915344896678,BC11,0.01
MRPS34,-0.0007084650463481963,BC11,0.01
TNNT1,0.1317027008968211,BC11,0.01
MRPL12,0.07316765575993261,BC11,0.01
HPN,0.06454245215271892,BC11,0.01
P4HTM,0.01616578730195945,BC11,0.01
CTSF,0.10317102170544372,BC11,0.01
GCSH,0.04315272833462646,BC11,0.01
MRPL57,-0.04607200270827363,BC11,0.01
MRPS23,-0.0029082270171931325,BC11,0.01
MRFAP1,-0.10773310250308457,BC11,0.01
PTMS,-0.04662123720176291,BC11,0.01
ATP5PB,-0.016859527610474104,BC11,0.01
GHITM,-0.06234098087333495,BC11,0.01
PIGT,-0.019100811182258117,BC11,0.01
PTGES3,-0.06177150127528948,BC11,0.01
TRMT112,-0.06281113804751115,BC11,0.01
TOB1,-0.0592149366177445,BC11,0.01
PHPT1,-0.03988663155069018,BC11,0.01
EGR1,0.038841540086946645,BC11,0.01
NDUFAF8,0.0034799153634154545,BC11,0.01
AHCYL1,0.012060814042919182,BC11,0.01
CALM3,0.018249158561221474,BC11,0.01
ZCRB1,0.010898836105141233,BC11,0.01
RERG,0.048709737575725644,BC11,0.01
NDUFS7,-0.002772565748902163,BC11,0.01
SCAND1,-0.03887042447292021,BC11,0.01
SEC11C,0.02509006585877527,BC11,0.01
NDUFB6,0.000977317714285253,BC11,0.01
GGA2,0.030527520402407554,BC11,0.01
COA3,-0.0002813003574106517,BC11,0.01
UGCG,0.027143116165695327,BC11,0.01
PXMP2,0.09746342004357474,BC11,0.01
SELENOW,-0.07884777203671245,BC11,0.01
TMEM14A,0.059719723504775814,BC11,0.01
PPP1CA,0.019394124376289724,BC11,0.01
DDRGK1,-0.03331135176837992,BC11,0.01
MRPL24,0.008812943990007597,BC11,0.01
MRPL40,0.03500307383313515,BC11,0.01
BTG2,-0.17796884590368245,BC11,0.01
MAST4,0.05314499964754141,BC11,0.01
MICOS13,-0.0386133792927039,BC11,0.01
RWDD4,0.057455588009035996,BC11,0.01
NDUFV1,0.04828180202386029,BC11,0.01
UQCC3,-0.015451654548667693,BC11,0.01
LSM4,-0.044824459982844934,BC11,0.01
H2BC21,0.018115194189716043,BC11,0.01
RPN2,-0.05263820053289468,BC11,0.01
MIEN1,-0.014491674459097308,BC11,0.01
AMZ2,0.01644036872778504,BC11,0.01
ANAPC16,-0.08931473688243508,BC11,0.01
MZT2A,-0.136002680758832,BC11,0.01
YIF1A,0.028144605209858554,BC11,0.01
C11orf58,-0.07142281706404517,BC11,0.01
PDHB,0.05395769720823734,BC11,0.01
TRAPPC6A,0.012841151262631125,BC11,0.01
FDPS,-0.10302903726703677,BC11,0.01
DCXR,-0.03080801763470137,BC11,0.01
CMBL,0.0323091757017868,BC11,0.01
DHRS7,-0.005224707544276276,BC11,0.01
SDF2L1,0.03010733599627039,BC11,0.01
GTF3A,-0.017759754373693256,BC11,0.01
H2AC6,-0.012393796898105172,BC11,0.01
ARF3,0.011887259427281903,BC11,0.01
BLVRB,-0.05122926223831018,BC11,0.01
CRNDE,-0.054048747946848996,BC11,0.01
CYB561,-0.05050855307706269,BC11,0.01
DUT,0.01913340886017028,BC11,0.01
CHCHD5,-0.059527363384781616,BC11,0.01
ST13,-0.05785217599246028,BC11,0.01
TMEM134,0.07374984696361604,BC11,0.01
GALNT1,0.03704791299922976,BC11,0.01
TMEM9B,0.017710051845020416,BC11,0.01
FOXA1,-0.016318655958036686,BC11,0.01
RNF139,0.06851269238576624,BC11,0.01
DDT,-0.038670549317981404,BC11,0.01
TOMM22,-0.005284847001208516,BC11,0.01
COMT,-0.02859747542353004,BC11,0.01
HSD17B10,-0.047219123796378694,BC11,0.01
SELENOS,-0.12612708691498625,BC11,0.01
PPCS,-0.00444126804800181,BC11,0.01
CACYBP,0.0034609810789593366,BC11,0.01
GNG10,-0.005050974437164236,BC11,0.01
POLD4,-0.030182702401496304,BC11,0.01
POLR2F,0.005635889451740481,BC11,0.01
BPTF,-0.03121724002076212,BC11,0.01
CISD3,0.014126859108283008,BC11,0.01
TMEM141,-0.002130321652237057,BC11,0.01
ECH1,-0.06441138537324527,BC11,0.01
SYAP1,0.06064370170207289,BC11,0.01
SORD,0.035896275968403786,BC11,0.01
GAMT,0.0157833202815508,BC11,0.01
GADD45G,0.10835855369976363,BC11,0.01
DGCR6L,0.02486977976601037,BC11,0.01
MCRIP2,0.02009106257943958,BC11,0.01
MARCHF6,0.013098458603338374,BC11,0.01
HEBP1,0.0013561890805983974,BC11,0.01
BLVRA,0.007906114619186864,BC11,0.01
MTCH1,-0.04225023603430962,BC11,0.01
LAMP2,-0.02675764335656652,BC11,0.01
FOSB,-0.0405981725018152,BC11,0.01
PNPLA4,0.07981374176806198,BC11,0.01
PNKD,-0.017233568253160608,BC11,0.01
MDH1,-0.026211077076048903,BC11,0.01
SHARPIN,0.052788881856824295,BC11,0.01
SDHB,0.005739077183732845,BC11,0.01
TPD52L1,0.018553367288342653,BC11,0.01
YIPF3,0.009369899980610106,BC11,0.01
RABAC1,-0.05536623923197631,BC11,0.01
MRPL36,-0.00017315313178415797,BC11,0.01
TCEAL1,0.025490090234201217,BC11,0.01
NDUFA10,-0.03975566621643567,BC11,0.01
PRLR,0.021069359902321835,BC11,0.01
PHF14,0.0053150149378653104,BC11,0.01
SUPT4H1,-0.04031910787931222,BC11,0.01
PRXL2A,-0.024205520535008154,BC11,0.01
CCDC167,0.06271524629488893,BC11,0.01
BAD,0.038135109865523695,BC11,0.01
SPDEF,-0.016046818833940043,BC11,0.01
MRPS18A,0.05469887046673737,BC11,0.01
BSCL2,-0.023346504893602304,BC11,0.01
LASP1,0.013431142369364983,BC11,0.01
MRPL21,0.07467493244826574,BC11,0.01
NR2F6,0.012405556998856267,BC11,0.01
NORAD,0.000342502640865679,BC11,0.01
ERLEC1,-0.01614720882232916,BC11,0.01
ACSF2,-0.030436067488341125,BC11,0.01
EIF2AK1,0.030627210337400942,BC11,0.01
RHBDD2,0.021140763505779404,BC11,0.01
EMC10,-0.027948980303608578,BC11,0.01
TSC22D3,-0.03038083150862655,BC11,0.01
RBM47,-0.045285456342826325,BC11,0.01
SERINC3,-0.029045036100815862,BC11,0.01
LRPAP1,-0.0669134397507292,BC11,0.01
RNF187,-0.05805295900186705,BC11,0.01
CDH1,-0.04106628467318875,BC11,0.01
DYNLL2,0.03743313953826069,BC11,0.01
YIPF6,0.01135852183932718,BC11,0.01
MLF2,-0.008269404078773876,BC11,0.01
MRPS14,-0.03189094865784902,BC11,0.01
DMAC1,-0.006104601655829656,BC11,0.01
FLOT1,-0.02475630578579016,BC11,0.01
ING2,0.04845900291914934,BC11,0.01
ISOC2,0.04427034286639183,BC11,0.01
OS9,0.007027841341388055,BC11,0.01
PTOV1,-0.02010963924145878,BC11,0.01
SRSF1,-0.07924190664714566,BC11,0.01
HAGH,0.010083799252258649,BC11,0.01
POLDIP2,0.018881912165403036,BC11,0.01
COA1,0.06256978187330278,BC11,0.01
CMC1,-0.022516991731015457,BC11,0.01
ECI1,0.0406687197069382,BC11,0.01
TP53TG1,0.0024809606444493163,BC11,0.01
RPP21,-0.0194889000678128,BC11,0.01
VAV3,0.03905077140944777,BC11,0.01
UHMK1,-0.02298719824725019,BC11,0.01
DEK,0.009080082502638467,BC11,0.01
TXN2,-0.03821449588421035,BC11,0.01
ARMCX3,-0.028447953515169447,BC11,0.01
COX11,0.027046589312585443,BC11,0.01
ZDHHC24,0.026601112459548416,BC11,0.01
TCEAL3,-0.042472424632517575,BC11,0.01
ARL3,-0.0238731198618838,BC11,0.01
RCN2,-0.028679001709492988,BC11,0.01
TMEM208,-0.003538746043995872,BC11,0.01
MCTS1,0.006220891012637273,BC11,0.01
NUDT4,0.005103427872757724,BC11,0.01
RNASEH2C,0.01690535613157126,BC11,0.01
POLE4,-0.04336721676744672,BC11,0.01
IRX3,-0.010412330480409137,BC11,0.01
STRBP,0.04920912026408819,BC11,0.01
IDH1,0.0010137419153016943,BC11,0.01
HTATIP2,-0.03293310837919011,BC11,0.01
MED13L,0.03510546050998106,BC11,0.01
BCAM,-0.0369018249347201,BC11,0.01
EPHX1,0.003456943814356501,BC11,0.01
PLD3,0.012607938966277791,BC11,0.01
SIAH2,0.04238995498817182,BC11,0.01
PPP1CC,0.015086239339647662,BC11,0.01
TMEM9,-0.05231230918964239,BC11,0.01
PIN1,-0.015269387234798733,BC11,0.01
SLC35B1,-0.031293406712530204,BC11,0.01
ANAPC13,-0.012258985684427386,BC11,0.01
ERBB3,-0.039423531368958376,BC11,0.01
GRAMD1A,-0.0038503178286655184,BC11,0.01
CORO1B,0.07357869504290272,BC11,0.01
SEZ6L2,-0.01908485044789717,BC11,0.01
GRINA,-0.013908243459253497,BC11,0.01
SQLE,-0.017492594701587472,BC11,0.01
C20orf27,0.050867425757566274,BC11,0.01
SRSF6,0.002870229370382684,BC11,0.01
SPOP,-0.012978892225705764,BC11,0.01
MRPL34,-0.03528957822508968,BC11,0.01
TXNIP,0.0012503949446237472,BC11,0.01
GRN,0.04811135714155922,BC11,0.01
C7orf50,0.01944902869971754,BC11,0.01
ABHD12,0.03385819491966213,BC11,0.01
EGLN2,-0.00045810301566415136,BC11,0.01
TAF15,0.01073614472460032,BC11,0.01
SH3YL1,-0.032927120738988486,BC11,0.01
ATG101,-0.026780052571212052,BC11,0.01
TLE5,-0.05240199285196527,BC11,0.01
PTPMT1,0.0668174539296978,BC11,0.01
NINJ1,-0.009621355504597898,BC11,0.01
MRPS18B,0.005523060342095761,BC11,0.01
ADI1,-0.03571837231623292,BC11,0.01
TRPS1,-0.026622528484295728,BC11,0.01
ZMAT2,0.04015047986692334,BC11,0.01
METRN,0.019726292690428388,BC11,0.01
NECAB3,0.0201994295078001,BC11,0.01
TERF2IP,0.0060869074741046695,BC11,0.01
METTL5,-0.005076158108566924,BC11,0.01
SUSD3,0.15862405496086832,BC11,0.01
SRPRB,0.021464016461827336,BC11,0.01
CTSH,-0.012966015797617653,BC11,0.01
VDAC3,-0.025012270148630087,BC11,0.01
SURF1,-0.013193975896070192,BC11,0.01
OCEL1,0.07887415214501549,BC11,0.01
SEC61A1,0.014128461617494037,BC11,0.01
COQ4,-0.01819735014676929,BC11,0.01
THSD4,-0.07472381834029579,BC11,0.01
CNPY3,0.04696465646747132,BC11,0.01
DCTN3,-0.017941503436089204,BC11,0.01
RNF5,-0.016139867543839153,BC11,0.01
CDS2,0.02199952493423146,BC11,0.01
PIGP,-0.01681441313986102,BC11,0.01
SNRPN,-0.05208693185373386,BC11,0.01
RPN1,0.004384909778404014,BC11,0.01
FAM120AOS,0.03852750347852486,BC11,0.01
TIMMDC1,-0.021584863661792474,BC11,0.01
ZBTB20,-0.00035345608038688653,BC11,0.01
GPAA1,0.023257058063188153,BC11,0.01
RAP1A,-0.022322247760486292,BC11,0.01
TIMM17B,-0.014206314430548704,BC11,0.01
USF2,0.004808188790543483,BC11,0.01
WBP1,-0.05633182278258173,BC11,0.01
BAG3,-0.0017161622921221997,BC11,0.01
CAND1,-0.01039242606604865,BC11,0.01
SPATA20,-0.0030876427537665676,BC11,0.01
CTSA,0.020174785469924968,BC11,0.01
C8orf82,0.044783614134121595,BC11,0.01
TIMP3,0.11240575401203674,BC11,0.01
FBP1,-0.03300502530529549,BC11,0.01
POP7,-0.0007861314716958019,BC11,0.01
CTSZ,-0.04402745001243247,BC11,0.01
COPRS,0.0730450741691975,BC11,0.01
HMGCS1,-0.0060056810899206375,BC11,0.01
CLTC,-0.07182995284558825,BC11,0.01
NFU1,-0.006230247681959316,BC11,0.01
MEA1,0.015517714564127736,BC11,0.01
COMTD1,0.010896312895985498,BC11,0.01
CLPTM1,0.049248981779789994,BC11,0.01
EBP,-0.010068683391355878,BC11,0.01
RNF13,0.04449073013508116,BC11,0.01
FLYWCH2,0.05864771591133823,BC11,0.01
IRF2BPL,0.050767918668168065,BC11,0.01
MGMT,-0.006849332374961654,BC11,0.01
EML2,0.022107269239488234,BC11,0.01
STMN1,-0.02409005263677084,BC11,0.01
PIGX,0.018788961408771274,BC11,0.01
AL035661.1,0.05248207340803035,BC11,0.01
BRMS1,0.036668745018515234,BC11,0.01
CDK4,-0.004398414491316655,BC11,0.01
SIGIRR,-0.011665364904174162,BC11,0.01
TSG101,-0.014755721371981166,BC11,0.01
CHPF,-0.008452015420841027,BC11,0.01
SPR,0.025558116819582796,BC11,0.01
ELAPOR1,-0.003888265969202433,BC11,0.01
MRPS36,-0.009963383568177244,BC11,0.01
ATXN10,-0.011502683112664001,BC11,0.01
MTX2,-0.006102106750244789,BC11,0.01
SAYSD1,0.03414286114194109,BC11,0.01
JOSD2,0.018004537854581126,BC11,0.01
FAM102A,-0.06449393914317769,BC11,0.01
FIBP,0.006135811602138671,BC11,0.01
HEXIM1,-0.021753078977029293,BC11,0.01
ATP6V1H,-0.020803355154204506,BC11,0.01
KCNK6,-0.055448068324694524,BC11,0.01
FAM120A,-0.013143571039940991,BC11,0.01
HDDC2,-0.020516457606760338,BC11,0.01
CXXC5,0.014865652555242683,BC11,0.01
IFT27,0.023650854829119397,BC11,0.01
CANT1,0.00260930725509636,BC11,0.01
SERTAD3,0.06084870537749828,BC11,0.01
FSIP1,0.034572982724194436,BC11,0.01
ERGIC1,-0.021401760267585935,BC11,0.01
RBBP4,-0.017636494712730443,BC11,0.01
CCDC85B,-0.006741968796698078,BC11,0.01
WDR61,-0.019658553436487806,BC11,0.01
PAGR1,0.006181983567177624,BC11,0.01
NUCB1,0.026091378447298967,BC11,0.01
ANAPC5,-0.013740860027122336,BC11,0.01
TCTA,0.0231307771190702,BC11,0.01
CREG1,-0.018470279005091093,BC11,0.01
KRR1,0.01481313634882779,BC11,0.01
NOL3,0.03110967373271711,BC11,0.01
RETREG2,0.009134085174055038,BC11,0.01
S100P,0.08060342011864689,BC11,0.01
CDIPT,-0.007416742255510894,BC11,0.01
TESMIN,0.05014321068656172,BC11,0.01
C1orf122,-0.0044282495176433375,BC11,0.01
MYADM,-0.020002385735686117,BC11,0.01
FAM174A,0.030737600568092903,BC11,0.01
PGP,-9.321356457349817e-06,BC11,0.01
ACOT13,0.06467521207715289,BC11,0.01
NT5C,-0.02332060189515627,BC11,0.01
SPINT1-AS1,-0.009389771064608443,BC11,0.01
MSI2,-0.08070825234862453,BC11,0.01
CAMK2N1,0.0016425341658363925,BC11,0.01
AKAP1,0.025406084443185258,BC11,0.01
PDZD11,0.014549744565037576,BC11,0.01
RAB17,0.039001216293813416,BC11,0.01
C15orf61,-0.004003940571883833,BC11,0.01
BRI3,-0.06085429970492813,BC11,0.01
MTARC2,0.061519370908310125,BC11,0.01
NFE2L1,-0.02282055341523493,BC11,0.01
AK1,-0.033563923866834926,BC11,0.01
ETHE1,0.008802783534585587,BC11,0.01
SYS1,0.04884153742261159,BC11,0.01
ZNF24,-0.03998657783019753,BC11,0.01
MAP4K3-DT,-0.005033502473776452,BC11,0.01
ZNF385A,0.0035056530531080952,BC11,0.01
ARL2BP,0.011158730162257484,BC11,0.01
MTHFS,0.0010564372149088847,BC11,0.01
MPC1,-0.014044788620138627,BC11,0.01
STARD7,-0.005834463658691953,BC11,0.01
DCAF7,-0.045364838003727086,BC11,0.01
CRLS1,0.003696492234955205,BC11,0.01
BEX4,0.01972678890969244,BC11,0.01
CERS6,-0.022324688030862495,BC11,0.01
POLR3K,0.01796246327797059,BC11,0.01
SKIL,0.08950082649259158,BC11,0.01
ALG13,0.017417942246044378,BC11,0.01
EXOSC5,0.02693719041915324,BC11,0.01
GOSR2,0.01977317829924,BC11,0.01
A1BG,0.0352091462671547,BC11,0.01
IARS2,-0.0465423552214571,BC11,0.01
SS18L2,-0.012031303558341205,BC11,0.01
SWI5,7.724561125186581e-05,BC11,0.01
STIP1,0.003893439591051669,BC11,0.01
M6PR,0.016740307783843746,BC11,0.01
OTUB1,-0.04720229677418524,BC11,0.01
SKAP1,0.02888228564663204,BC11,0.01
POLR2C,0.021351578549148643,BC11,0.01
LYPD3,0.0009151598333263173,BC11,0.01
KIF12,0.08299800272117967,BC11,0.01
GPR160,-0.010497503152496836,BC11,0.01
ERG28,0.007928151852878573,BC11,0.01
SAC3D1,0.059284860844609356,BC11,0.01
TJP3,0.038515409557322626,BC11,0.01
HMGN4,0.015407872105502764,BC11,0.01
CCS,0.029482629235378113,BC11,0.01
HADHB,-0.07839844765503122,BC11,0.01
CRELD2,0.027367447865624676,BC11,0.01
MACROD1,0.0688355239243015,BC11,0.01
RPA3,0.016956610102026835,BC11,0.01
AKT2,-0.013703412720390452,BC11,0.01
OTUD6B-AS1,-0.011631918458778829,BC11,0.01
PRR15L,0.024254314757088467,BC11,0.01
MAGEF1,-0.02181529792494805,BC11,0.01
DHX30,-0.011790331151909413,BC11,0.01
UNC50,0.012971741872076836,BC11,0.01
GSTM3,0.05883942408350773,BC11,0.01
ETFRF1,-0.004017712754944158,BC11,0.01
CCDC91,0.017667937214096846,BC11,0.01
MTSS1,0.056471602748659616,BC11,0.01
CYHR1,-0.0310846645219433,BC11,0.01
SECISBP2,-0.029853461449102007,BC11,0.01
DST,-0.01703404643600968,BC11,0.01
ABHD2,0.010192860780382592,BC11,0.01
TMED7,0.03325238929677425,BC11,0.01
KCNC2,0.0011930406101702837,BC11,0.01
FAM110A,-0.007008215020625953,BC11,0.01
LLGL2,-0.015546346255867802,BC11,0.01
SLC22A18,-0.009379635488851583,BC11,0.01
CYB5B,0.0005347410204631652,BC11,0.01
MPLKIP,0.0013654291974927503,BC11,0.01
KCNQ1OT1,-0.03131484573867646,BC11,0.01
PRPSAP1,-0.00018936159226264022,BC11,0.01
H2BC4,0.03443826256932878,BC11,0.01
NUBP2,0.002310446063701704,BC11,0.01
RBP1,0.09190155710865694,BC11,0.01
PARL,0.005915179532877338,BC11,0.01
FBXL15,0.01118321212408744,BC11,0.01
ZNRD2,0.019654791145477017,BC11,0.01
BCAT2,-0.03697402301202188,BC11,0.01
GSTO2,-0.01724558828597906,BC11,0.01
EBLN3P,-0.02335831280216858,BC11,0.01
ARFGAP2,-0.03522795978365906,BC11,0.01
KRCC1,-0.0409244416608787,BC11,0.01
KAT6B,-0.08657977458359212,BC11,0.01
MMAB,0.014154428558185762,BC11,0.01
THAP7,0.016142830874473425,BC11,0.01
DNASE2,0.007711272962558238,BC11,0.01
SYNE4,-0.01223626862076686,BC11,0.01
CCDC34,-0.0258665903418042,BC11,0.01
ITFG1,-0.0030989591974645344,BC11,0.01
CPEB4,0.010083403304550945,BC11,0.01
DNAJA4,0.03848007800040095,BC11,0.01
COQ7,0.013028791534451654,BC11,0.01
RPRD1A,0.03814309742175059,BC11,0.01
TPGS2,-0.00029671878934416063,BC11,0.01
ENDOV,-0.0004602253630671836,BC11,0.01
OIP5-AS1,-0.012917006863011078,BC11,0.01
HK1,-0.0262058503642962,BC11,0.01
PDHX,-0.016618222778586354,BC11,0.01
EBAG9,0.012807117768044352,BC11,0.01
CCZ1,0.004767080125721341,BC11,0.01
GET1,-0.0022069868330902116,BC11,0.01
AHCY,-0.04169727356975113,BC11,0.01
SMARCA2,-0.014662514664766717,BC11,0.01
ZNF830,-0.0029587310408046687,BC11,0.01
NDUFS1,-0.03052368391887968,BC11,0.01
ARMT1,-0.03830233106645407,BC11,0.01
HNRNPL,-0.021378882680511503,BC11,0.01
B3GAT3,-0.01641725493546169,BC11,0.01
ABHD14A,0.027137170533369,BC11,0.01
CH17-340M24.3,0.008500027500227289,BC11,0.01
GFPT1,-0.04167491845247329,BC11,0.01
RXRA,0.04253049657072291,BC11,0.01
PTGES2,0.01328695762254178,BC11,0.01
TRUB2,0.022157390392750383,BC11,0.01
SMUG1,0.0022094608429262396,BC11,0.01
HRAS,-0.01664102510798875,BC11,0.01
COPG1,-0.010029369608077264,BC11,0.01
TMEM251,-0.005402060154226806,BC11,0.01
NPTN,-0.004032637945034191,BC11,0.01
DHRS4L2,-0.02900941389559992,BC11,0.01
MAFB,0.09559419842136338,BC11,0.01
ZBED5-AS1,0.05930740722674343,BC11,0.01
TRH,0.07336261971713799,BC11,0.01
VEZF1,6.97091359900591e-05,BC11,0.01
SLC39A3,0.04098969987794503,BC11,0.01
NFIX,0.13888739865434058,BC11,0.01
WFDC2,0.07408074390266636,BC11,0.01
PCNA,-0.034592042219653826,BC11,0.01
IFI27,0.007171396633769131,BC11,0.01
CD27-AS1,-0.01257193941679534,BC11,0.01
SMIM10L1,-0.0069766368075534655,BC11,0.01
CCDC57,-0.026733636449821668,BC11,0.01
TNFSF10,0.04716617593219909,BC11,0.01
ZDHHC4,0.002246897932574456,BC11,0.01
DNAJC12,-0.05053518317773249,BC11,0.01
IDH3A,0.061780626368304496,BC11,0.01
MTUS1,0.006770547223932974,BC11,0.01
ZNF664,-0.04375849264855181,BC11,0.01
THNSL2,0.005082864767620596,BC11,0.01
OXLD1,0.009051779342586136,BC11,0.01
FBXL5,-0.014748965424642256,BC11,0.01
RTN2,0.07577379409280353,BC11,0.01
TSR3,0.015715848929354657,BC11,0.01
GPATCH2,-0.055676445552575664,BC11,0.01
NKAP,0.01893278916478714,BC11,0.01
CYP51A1,-0.043794972420070216,BC11,0.01
MRPL35,0.006811546377801498,BC11,0.01
ZNF32,0.0014725726971014398,BC11,0.01
TPGS1,-0.06257441444866518,BC11,0.01
BAIAP2,-0.03928861999835239,BC11,0.01
NIPSNAP1,-0.005105164863206033,BC11,0.01
AKT1S1,-0.01733367641787315,BC11,0.01
HSBP1L1,-0.06230929634873537,BC11,0.01
HTATSF1,0.01516880310781921,BC11,0.01
DCTN1,2.5004730553110865e-05,BC11,0.01
C15orf40,-0.0026274858121896902,BC11,0.01
PIGF,0.012688476160483415,BC11,0.01
TP53I11,0.0099225633912431,BC11,0.01
PTPN18,0.01654091790845001,BC11,0.01
HOXB2,0.08731343150781823,BC11,0.01
OGFR,-0.016224288901989056,BC11,0.01
XAB2,-0.036047320814687554,BC11,0.01
TLE3,-0.03269003914508664,BC11,0.01
APTR,0.07028939355006496,BC11,0.01
PTGER3,0.05348642213759828,BC11,0.01
GNPAT,-0.012490348482838138,BC11,0.01
FAM210B,-0.010065725885275604,BC11,0.01
ABHD14B,0.06439472321744044,BC11,0.01
ACY1,-0.012262094852353734,BC11,0.01
HDDC3,0.035776082481770825,BC11,0.01
HOXB6,0.07369587431797466,BC11,0.01
GPS1,-0.005501415402031076,BC11,0.01
NFKBIZ,0.04895575663326812,BC11,0.01
TMEM223,-0.03889364039227629,BC11,0.01
FUNDC1,-0.011854709426385227,BC11,0.01
RMND1,-0.02026360677141597,BC11,0.01
TM2D3,-0.00834294877668628,BC11,0.01
CDS1,-0.007430902129703518,BC11,0.01
STC1,0.05408919684748268,BC11,0.01
FAM200B,-0.02826037174142685,BC11,0.01
MT-ND6,-0.05048810803684334,BC11,0.01
PSME3IP1,0.03427776341321553,BC11,0.01
KEAP1,-0.03569077126053193,BC11,0.01
SYNJ2BP,-0.023407131307439065,BC11,0.01
ITPK1,0.02704688764170558,BC11,0.01
COPS7A,0.01555961826033483,BC11,0.01
RXYLT1,0.0725731709832031,BC11,0.01
ARSD,0.0011011764504039237,BC11,0.01
SERPINA5,0.015632293559478434,BC11,0.01
IMMP1L,-0.007185175566223321,BC11,0.01
KIF21A,-0.014255026800075407,BC11,0.01
ZFX,-0.0025257958229724714,BC11,0.01
HOXB5,0.12404036866354605,BC11,0.01
ZNF467,-0.0011423751084864877,BC11,0.01
TSPAN1,0.031754642952104346,BC11,0.01
LY6E,-0.00976335665808668,BC11,0.01
FBXO21,-0.020558619312466886,BC11,0.01
HAGHL,-0.05051265583309263,BC11,0.01
ANXA9,0.062295238231201124,BC11,0.01
MALSU1,-0.007238010296862604,BC11,0.01
PIK3R1,0.07603282902380226,BC11,0.01
NCBP2AS2,-0.0005083359203857801,BC11,0.01
BLCAP,0.025522433359575922,BC11,0.01
TMX1,0.02411306994716793,BC11,0.01
MRPL11,0.06451185817053778,BC11,0.01
GLCE,0.06632535133514635,BC11,0.01
OARD1,-0.03539057394766541,BC11,0.01
IGF1R,-0.040017407772967764,BC11,0.01
H2BC15,-0.03233356030567781,BC11,0.01
LINC00472,0.0002818862794800379,BC11,0.01
LDOC1,0.04828294924610747,BC11,0.01
HOXB-AS3,0.12862667759375507,BC11,0.01
RASD1,0.045641726943690016,BC11,0.01
TTC14,-0.04546166923897943,BC11,0.01
SEPTIN8,0.06737361185817488,BC11,0.01
CRELD1,-0.033664409588480305,BC11,0.01
WASHC3,0.05182704671083643,BC11,0.01
CEACAM5,0.056731564961089394,BC11,0.01
HDGFL3,0.005434528640971425,BC11,0.01
TAOK3,-0.015479028442510727,BC11,0.01
PDE4DIP,0.026441807896109906,BC11,0.01
VPS51,0.029588213816246673,BC11,0.01
HSPH1,0.005021463908835552,BC11,0.01
DEGS2,-0.0075980806872774295,BC11,0.01
CCDC151,0.020686708380256102,BC11,0.01
STAU2,0.04328493309807252,BC11,0.01
MRFAP1L1,0.03635562594373646,BC11,0.01
IER5,-0.03851455332352175,BC11,0.01
PSIP1,0.04335637943798893,BC11,0.01
TMEM98,0.06589352617437522,BC11,0.01
IFI27L1,0.07644684190329544,BC11,0.01
AUTS2,0.059225254803801954,BC11,0.01
SNX10,0.030277113520272216,BC11,0.01
ALDH3B2,0.04784190528256864,BC11,0.01
FGD5-AS1,-0.01674980254500119,BC11,0.01
PDRG1,0.019182255480654272,BC11,0.01
MYL9,0.04004302653546633,BC11,0.01
TCTN1,0.03814266823099272,BC11,0.01
AC068888.1,0.021652601699062655,BC11,0.01
C3orf14,0.019470436443252994,BC11,0.01
DACH1,-0.011337904636920162,BC11,0.01
SYT1,0.009982275170594463,BC11,0.01
HSPB8,0.12151015415065976,BC11,0.01
RAMP3,0.029300599606640818,BC11,0.01
CD81,-0.007143618291710059,BC11,0.01
GATAD1,-0.03098741390142259,BC11,0.01
STMN3,0.06545656774087961,BC11,0.01
LAPTM4B,-0.006070614922142953,BC11,0.01
ZNF44,-0.0019580663440243833,BC11,0.01
TMX4,0.006690752663729109,BC11,0.01
CDKN1C,0.017966518580234844,BC11,0.01
CCDC115,0.03976546827931334,BC11,0.01
C22orf39,-0.018966912821687994,BC11,0.01
SLC2A10,-0.011827673259236863,BC11,0.01
PPP2R5A,-0.08635047759364188,BC11,0.01
EXOSC3,0.03776335490468178,BC11,0.01
GAS2L1,0.044197294685950635,BC11,0.01
MT1F,0.02090498747455273,BC11,0.01
KAZALD1,0.037253757672195166,BC11,0.01
SLC49A3,0.08936448707599362,BC11,0.01
DNAJC30,0.019238009533773665,BC11,0.01
IRX5,0.03150309613890438,BC11,0.01
CPD,-0.0004545806035619712,BC11,0.01
RNF14,0.0014206073335052455,BC11,0.01
IFI6,-0.07036383796173773,BC11,0.01
E4F1,0.04245574743631464,BC11,0.01
NR4A1,-0.0745932420943974,BC11,0.01
THBS1,0.05779373472330472,BC11,0.01
TACO1,0.010856166615183058,BC11,0.01
PFDN6,-0.0023750039403357126,BC11,0.01
WNK1,-0.043135769654764004,BC11,0.01
DEDD2,0.03334598118008729,BC11,0.01
PREX1,-0.010582603241209486,BC11,0.01
GOT2,-0.01704212063182633,BC11,0.01
DDX42,-0.031560057642884866,BC11,0.01
PIGS,0.006221475130646071,BC11,0.01
MSMB,-0.019573241029428,BC11,0.01
ISOC1,0.09112244539527994,BC11,0.01
RBL2,0.02548408329197869,BC11,0.01
NPEPL1,0.01996585782611449,BC11,0.01
TRPT1,0.025035176472815845,BC11,0.01
HOXB7,0.051458690552356044,BC11,0.01
SCNN1A,0.0076751413293091745,BC11,0.01
SLC35E3,0.012483321820459602,BC11,0.01
ZNF587,-0.01441844040597077,BC11,0.01
CTPS2,0.002026963806564052,BC11,0.01
MB,0.06024333940759043,BC11,0.01
FAM89B,0.04077525897992107,BC11,0.01
UBE2S,0.017390473967697013,BC11,0.01
FBLN1,0.0572747708499896,BC11,0.01
RAB1B,0.013592944166599947,BC11,0.01
NUDT9,0.027566575265516004,BC11,0.01
TXNDC15,0.009064876761489569,BC11,0.01
ZCCHC10,0.025693240423489652,BC11,0.01
CRBN,-0.004199250711642037,BC11,0.01
RING1,0.018724940414011054,BC11,0.01
SUMF1,0.004205285768816913,BC11,0.01
MYLIP,0.05361248142103918,BC11,0.01
PCP2,0.030115113496776133,BC11,0.01
MRPL45,0.053384104879269596,BC11,0.01
KLHDC3,0.03397929939035453,BC11,0.01
INO80C,0.030430253780360395,BC11,0.01
LY6K,0.20583602144322882,BC11,0.01
ADCY1,-0.006560991190786283,BC11,0.01
JARID2,0.014001182033485214,BC11,0.01
TPP1,-0.006684246534111997,BC11,0.01
HAUS1,0.09628103997429488,BC11,0.01
TMEM54,0.0027925943451126596,BC11,0.01
ADIPOR2,0.006178303241381287,BC11,0.01
PTPRA,0.00015693022753906312,BC11,0.01
ZNF444,0.02180909996010238,BC11,0.01
MAGED1,-0.06404736844259976,BC11,0.01
OAZ3,0.044602269187436504,BC11,0.01
AIP,0.06244662648340776,BC11,0.01
MRS2,0.042169639843860775,BC11,0.01
SMC4,0.010202730049956204,BC11,0.01
SLC2A4RG,-0.0005334894582755992,BC11,0.01
DCAF10,-0.02286806986332644,BC11,0.01
STX16,-0.043872191617381616,BC11,0.01
ATPAF1,0.007075590730384705,BC11,0.01
DYNC1LI2,-0.0411489983464887,BC11,0.01
NFATC4,0.13718314588185673,BC11,0.01
DHRSX,0.0713688525270235,BC11,0.01
GOLM2,-0.02740701392141385,BC11,0.01
HOXC10,0.03952739370350136,BC11,0.01
MDM2,0.0074454172065620385,BC11,0.01
CMTM8,0.035659471477787516,BC11,0.01
MAGI1,-0.04000772990353166,BC11,0.01
NCOA4,0.03412941873891483,BC11,0.01
G6PC3,0.029859307636442865,BC11,0.01
ZFAND2A,0.011230224306420213,BC11,0.01
IDH3B,-0.020740292933495712,BC11,0.01
SERPINI1,0.14423114056795813,BC11,0.01
NABP2,0.025683570390950438,BC11,0.01
SLC25A1,-0.03682824232125631,BC11,0.01
AC008268.1,-0.0074256586669129284,BC11,0.01
ASXL1,0.018951248065262768,BC11,0.01
GNS,0.004634191740539332,BC11,0.01
MBTPS1,0.0031706214966983164,BC11,0.01
NSL1,0.0455434910191905,BC11,0.01
MAT2A,-0.015555353416397681,BC11,0.01
STYXL1,0.02931358364070247,BC11,0.01
NSD1,0.032266773347477205,BC11,0.01
SRARP,-0.006864858213158323,BC11,0.01
TUG1,-0.01572896755210774,BC11,0.01
ELP5,0.029396491240310182,BC11,0.01
COG2,0.011919760002435218,BC11,0.01
RGS16,0.09558209512737553,BC11,0.01
MINDY1,0.011985961733736653,BC11,0.01
USP9X,0.02487433100799384,BC11,0.01
BATF,-0.01907331339109056,BC11,0.01
ZNF75A,0.014012491366889252,BC11,0.01
AFTPH,-0.07644134047642903,BC11,0.01
MLST8,-0.02371058720026314,BC11,0.01
ACOT8,-0.02128271222279459,BC11,0.01
MRPL2,0.03934386056704384,BC11,0.01
TRAK1,0.005802358844701305,BC11,0.01
CEACAM6,0.1309140315848711,BC11,0.01
NSMCE4A,-0.013997368325698383,BC11,0.01
CHMP1A,0.001957977171936235,BC11,0.01
NECAP1,0.03033598236657349,BC11,0.01
AC018521.5,0.005578673015628526,BC11,0.01
SMARCD2,-0.0028841602883440515,BC11,0.01
GAA,0.006872504113267635,BC11,0.01
NFYC,0.024529193424525222,BC11,0.01
CZIB,0.019589172373888557,BC11,0.01
CFD,0.021955075895195658,BC11,0.01
IRS1,-0.02447526291708441,BC11,0.01
LMTK3,0.01110525490380891,BC11,0.01
AMFR,0.03136858611998167,BC11,0.01
PPP1R37,0.008926886351160753,BC11,0.01
ANKRD11,-0.030409932996335425,BC11,0.01
GPRC5C,-0.011350169966232539,BC11,0.01
OLMALINC,0.008981575813186328,BC11,0.01
STK24,-0.036843413441226755,BC11,0.01
TSPYL2,-0.03739401534379126,BC11,0.01
INSIG1,-0.05069309510156972,BC11,0.01
SIRT2,0.025942473575049294,BC11,0.01
EPM2AIP1,-0.0005854164479514743,BC11,0.01
NDRG3,0.004962545078941035,BC11,0.01
MAVS,-0.03520858920109101,BC11,0.01
ZMPSTE24,-0.006863398186448392,BC11,0.01
ROGDI,0.011119413463323801,BC11,0.01
PDCD7,-0.0285175477025552,BC11,0.01
ENPP5,0.09421342939502346,BC11,0.01
SYT13,0.135585179404244,BC11,0.01
ELOVL2,0.09370148993950168,BC11,0.01
ATP6V1A,-0.01687685054349118,BC11,0.01
ANKRD40,-0.008237940042352789,BC11,0.01
SLC27A2,0.1223321519528118,BC11,0.01
CMC4,0.01230133511734039,BC11,0.01
GEMIN8,0.06037191230747352,BC11,0.01
ZNF688,0.015394193795103744,BC11,0.01
MRPS25,-0.01974511335933767,BC11,0.01
POLR1H,0.01444719875016161,BC11,0.01
TBCC,0.016550224749184154,BC11,0.01
MTERF2,-0.0008728806026788968,BC11,0.01
KCNK15,0.038022219323834545,BC11,0.01
ACP5,-0.013618618445864676,BC11,0.01
CDK12,0.033924523607444336,BC11,0.01
ATF7,0.01739790503527229,BC11,0.01
KDM2A,-0.023242643996683972,BC11,0.01
NCOA3,0.0442074424614058,BC11,0.01
FGF2,0.1840892612142673,BC11,0.01
TIMM10B,0.014119597789919744,BC11,0.01
GUCD1,-0.013674719603955603,BC11,0.01
PAK4,-0.010240464451924511,BC11,0.01
MOAP1,-0.03916355981242038,BC11,0.01
WWOX,0.12752878333933276,BC11,0.01
COQ9,0.000274524557744533,BC11,0.01
PANK3,-0.019269287838553868,BC11,0.01
SLC35C2,0.033228435679068996,BC11,0.01
RITA1,0.03654108073257241,BC11,0.01
RELL1,-0.023158265504916623,BC11,0.01
RAMP2,0.0050113396222073335,BC11,0.01
ALDH7A1,0.03064895265804505,BC11,0.01
HIBADH,-0.014641433150759544,BC11,0.01
SKA2,0.03387853078794247,BC11,0.01
SLC9A3R2,-0.021274327108125143,BC11,0.01
VPS26B,-0.018438838180092613,BC11,0.01
HID1,-0.06519438897876767,BC11,0.01
SDSL,0.007831385310601558,BC11,0.01
GSE1,-0.01650889858861107,BC11,0.01
SAMM50,0.019069027252094584,BC11,0.01
POR,-0.0026805350986479526,BC11,0.01
DNAJA3,0.0500415807846315,BC11,0.01
MRPL15,0.030233507473439877,BC11,0.01
TAF10,0.011026790942842618,BC11,0.01
BRAF,-0.04290573759022344,BC11,0.01
CXCL17,0.17226222608838143,BC11,0.01
LTBP4,-0.01651577594049647,BC11,0.01
CLEC3A,0.08918215990635853,BC11,0.01
PCYOX1,0.0016221965115630077,BC11,0.01
CALCOCO2,-0.03286285696128152,BC11,0.01
NSF,0.0036243357986944507,BC11,0.01
MDP1,-0.03525601648138835,BC11,0.01
SLC1A5,-0.026587783443505632,BC11,0.01
PHYH,-0.03607952925453555,BC11,0.01
ZNF652,-0.06545437052649562,BC11,0.01
TMEM25,0.00923416531564542,BC11,0.01
NTN4,0.016508815833113713,BC11,0.01
NUDT16,-0.013706143233348577,BC11,0.01
UNC119,0.0033201184111549655,BC11,0.01
SLC25A24,0.0011369679958120461,BC11,0.01
PTPN1,-0.01218910933545335,BC11,0.01
ARMC1,0.032903155812082245,BC11,0.01
GREB1,-0.04308550264648336,BC11,0.01
RHPN1,0.010236187869914303,BC11,0.01
RPS6KB1,-0.03877736427678484,BC11,0.01
TMEM35B,0.033631590154901525,BC11,0.01
ECPAS,0.03187089034849373,BC11,0.01
GLT8D1,0.02878591957738425,BC11,0.01
SLC38A10,-0.017725007490024893,BC11,0.01
PNPO,0.010213620219052576,BC11,0.01
AC091271.1,0.01161840932716505,BC11,0.01
EPS15L1,-0.004913330864722435,BC11,0.01
SNRNP35,0.007016836534005889,BC11,0.01
CYP4B1,0.1315625986956688,BC11,0.01
TMEM192,-0.025117231525927864,BC11,0.01
EGFL7,-0.007919304315861827,BC11,0.01
PCMTD2,0.004918705314318015,BC11,0.01
POP4,0.012495078516985432,BC11,0.01
MFSD1,0.0028195854888389,BC11,0.01
EIF2AK2,-0.06329642806996451,BC11,0.01
C5orf15,-0.013092163760821795,BC11,0.01
YTHDF1,-0.008605147661566635,BC11,0.01
TTC17,-0.028931593450386837,BC11,0.01
VPS4A,0.001240183249785071,BC11,0.01
FUBP1,0.01984890384804767,BC11,0.01
CFAP20,0.010072616434485756,BC11,0.01
RNF135,0.009644499473226837,BC11,0.01
DNAJC10,-0.07170575736613277,BC11,0.01
PITX1,0.16532945233724758,BC11,0.01
KLHL5,0.05024114746125143,BC11,0.01
ANKRD26,0.016175812384624007,BC11,0.01
APOE,0.059858434317970784,BC11,0.01
MT1G,0.11077711187365266,BC11,0.01
CGA,-0.031491673609261514,BC11,0.01
USP32,-0.03585092966271693,BC11,0.01
PCCA-DT,-0.0107620838164827,BC11,0.01
DMAC2,-0.0004232300762212666,BC11,0.01
IDNK,0.060110920151881506,BC11,0.01
TMEM64,-0.04520053944029894,BC11,0.01
AGPAT1,0.050403723591521336,BC11,0.01
LENG1,0.03728517284938303,BC11,0.01
LINC02802,0.07080381888536122,BC11,0.01
PDK2,0.05345669722964555,BC11,0.01
FAM3B,-0.03869957553573269,BC11,0.01
NDRG2,0.003328528323636398,BC11,0.01
OSBPL8,-0.003998326589454874,BC11,0.01
RBP7,0.03948835276278516,BC11,0.01
DHRS2,-0.05337501917967273,BC11,0.01
SLC30A1,0.081589190293772,BC11,0.01
RCC1L,-0.032403580855155656,BC11,0.01
VWA1,0.10179183364683891,BC11,0.01
HOPX,-0.01745085105450682,BC11,0.01
FAM234A,0.04973803273969947,BC11,0.01
MTARC1,-0.011019094845165512,BC11,0.01
PDZK1,-0.06218144947241337,BC11,0.01
RAD9A,0.05213185394145494,BC11,0.01
GOT1,0.04622862762565417,BC11,0.01
FBXO9,0.0031247811884782036,BC11,0.01
FDXR,0.016990366799050794,BC11,0.01
C20orf204,-0.059877371694558694,BC11,0.01
RIDA,0.027934046729237223,BC11,0.01
ZFHX3,-0.024449760649744322,BC11,0.01
PXMP4,0.037246275835780725,BC11,0.01
ARHGAP35,0.058325652610624945,BC11,0.01
VAMP5,0.056712210717706456,BC11,0.01
LIG3,-0.04213780129447306,BC11,0.01
ALG3,0.06202575230138639,BC11,0.01
AP1S2,0.03832960481073997,BC11,0.01
TMEM60,0.011844013729495501,BC11,0.01
C6orf89,-0.011692797229899033,BC11,0.01
SYNGR1,-0.044313142371214684,BC11,0.01
PVALB,0.2107087501760255,BC11,0.01
APPBP2,-0.05047345481125761,BC11,0.01
GCDH,0.018671858679484125,BC11,0.01
LENG8,0.04472694495002821,BC11,0.01
MYB,0.02387205013695096,BC11,0.01
TTC36,0.016067504771984643,BC11,0.01
C6orf226,0.00045693026654156316,BC11,0.01
RAD51C,0.0283240121897723,BC11,0.01
ARAF,-0.029090698321906024,BC11,0.01
PEPD,-0.017715115196959213,BC11,0.01
CHCHD6,0.051573863439585234,BC11,0.01
SULT1A1,-0.0011099737515427263,BC11,0.01
KCNJ3,0.15118343851095878,BC11,0.01
KIF3B,0.03470315943922254,BC11,0.01
SLC35B2,0.014587863908798217,BC11,0.01
HSD17B8,0.030574414564200937,BC11,0.01
TXLNG,0.04130720943500126,BC11,0.01
ZNF749,-0.0017925712980586608,BC11,0.01
CHAD,0.09428111896196141,BC11,0.01
ALB,0.20063503995866927,BC11,0.01
CST5,0.18122177287243904,BC11,0.01
AGTR1,0.13917604607180367,BC11,0.01
NEFH,0.15584333769426148,BC11,0.01
H1-2,-0.007272924576244528,BC12,0.01
CHCHD10,0.10956880164981751,BC12,0.01
DBI,-0.001509314526051627,BC12,0.01
SLC9A3R1,0.05103949731116736,BC12,0.01
MPC2,-0.05405623889630333,BC12,0.01
FKBP4,0.03898754141953802,BC12,0.01
PRSS23,0.024143319120249328,BC12,0.01
GLRX5,0.09043333708149107,BC12,0.01
FCGRT,0.05809973290072544,BC12,0.01
HSPA1A,-0.035874843359396676,BC12,0.01
TMEM160,0.037701077497817814,BC12,0.01
NDUFAB1,0.049668981990682586,BC12,0.01
GATA3,-0.04839550443297559,BC12,0.01
ATP5MC3,-0.017486466702719923,BC12,0.01
COX7B,-0.030461193044496966,BC12,0.01
NUCB2,-0.07088226419502813,BC12,0.01
HSBP1,0.028631497377274162,BC12,0.01
HSPE1,0.01623635641769474,BC12,0.01
HERPUD1,-0.002953865375259394,BC12,0.01
ATP6AP2,0.04039444959721948,BC12,0.01
ATP5F1A,-0.009343577466459706,BC12,0.01
COX8A,-0.03139508034970006,BC12,0.01
H2AJ,-0.07689578811121439,BC12,0.01
TMEM230,-0.004478510821853159,BC12,0.01
RETREG1,0.12738964408291525,BC12,0.01
GPX1,0.018661615706469126,BC12,0.01
ATP5PD,0.00013682458542578182,BC12,0.01
COX5B,-0.08091734919872773,BC12,0.01
NDUFB7,0.016966296305119654,BC12,0.01
ETFB,0.019329801990390368,BC12,0.01
NDUFB10,-0.047919774638074966,BC12,0.01
COX5A,-0.02483093429460709,BC12,0.01
CST3,-0.149385012908695,BC12,0.01
NDUFB9,-0.03698377736753117,BC12,0.01
MDH2,0.007712770253478337,BC12,0.01
UQCR10,-0.039410859632822495,BC12,0.01
ATP5F1B,-0.06406414740451824,BC12,0.01
DCAF6,0.04060543680055146,BC12,0.01
CYC1,-0.035355123535390914,BC12,0.01
NDUFB5,-0.008694492115363335,BC12,0.01
IDH2,-0.02504121390613581,BC12,0.01
PRDX2,-0.04791555026293506,BC12,0.01
CKB,0.08737345437848193,BC12,0.01
GABARAPL2,-0.05980542568092411,BC12,0.01
UQCRH,-0.11136689809790087,BC12,0.01
CLU,-0.0682387366485955,BC12,0.01
EPN3,0.10581874733489251,BC12,0.01
C18orf32,-0.06339198053781249,BC12,0.01
NDUFA1,0.01631915543227004,BC12,0.01
FXYD3,-0.07074514782421373,BC12,0.01
PEBP1,-0.11536201111451594,BC12,0.01
CLDN3,-0.024053899148917517,BC12,0.01
HSPD1,-0.06942255509196946,BC12,0.01
NDUFAF3,0.02877924605702702,BC12,0.01
NDUFB4,-0.08535550473845334,BC12,0.01
COX14,0.035469693146530194,BC12,0.01
PBX1,0.02605072747462513,BC12,0.01
ATP5ME,-0.008084155916627488,BC12,0.01
SLC39A6,-0.0895839385111925,BC12,0.01
CKS2,0.037236115434424275,BC12,0.01
DYNLRB1,-0.04283155629077579,BC12,0.01
NDUFS6,0.039921017200437225,BC12,0.01
STARD10,-0.009206543546217145,BC12,0.01
TBC1D9,0.025719117853690618,BC12,0.01
PAFAH1B3,-0.02813880462078226,BC12,0.01
ATP5MC1,-0.043499252398160125,BC12,0.01
SELENOP,0.023456780335068463,BC12,0.01
NDUFA7,-0.005248243656113362,BC12,0.01
PRKAR1A,-0.0012521529157096148,BC12,0.01
RBBP7,-0.031653495246014955,BC12,0.01
SCD,0.03680285070161313,BC12,0.01
MORF4L2,-0.1407850152463065,BC12,0.01
ATP6AP1,0.016148935355610558,BC12,0.01
NDUFA12,0.01801862118494049,BC12,0.01
TOMM6,-0.035524276452917045,BC12,0.01
C1orf43,-0.08231153621279298,BC12,0.01
COX17,-0.05517997918415524,BC12,0.01
BEX3,-0.04993303512470174,BC12,0.01
GTF2I,0.04609713860857023,BC12,0.01
PRDX5,-0.06443893529134649,BC12,0.01
VAMP8,-0.0430541404858063,BC12,0.01
ACO2,0.03931139946936605,BC12,0.01
NDUFA6,0.01225085890352918,BC12,0.01
IGFBP4,0.034785299864789385,BC12,0.01
ERP29,-0.018771254740090768,BC12,0.01
MZT2B,-0.01061233538054588,BC12,0.01
NQO1,0.004726845053166203,BC12,0.01
HACD3,-0.009590096114037714,BC12,0.01
MRPL27,0.07091382085711107,BC12,0.01
MAGED2,-0.05908481861515446,BC12,0.01
DYNLL1,-0.12447827250418456,BC12,0.01
HINT2,0.05888141067939361,BC12,0.01
ESR1,0.07306850778895187,BC12,0.01
NDUFS2,-0.012988883977380928,BC12,0.01
MRPS7,0.01392583361241459,BC12,0.01
TEX264,0.00867312215619273,BC12,0.01
CALR,-0.08955084869172658,BC12,0.01
CAPG,0.05204304977133597,BC12,0.01
BANF1,-0.024275581670770638,BC12,0.01
SSR3,-0.016133892104696984,BC12,0.01
ANAPC11,-0.05217027092670559,BC12,0.01
NDUFA8,0.019620293477418595,BC12,0.01
CERS2,0.015215110291583516,BC12,0.01
NAXE,-0.02849741561928216,BC12,0.01
MRPS26,0.03152605262940932,BC12,0.01
TMED2,-0.09102693968390879,BC12,0.01
RSBN1L,0.013218581467974128,BC12,0.01
NDUFB1,-0.04766066957173115,BC12,0.01
TM7SF2,0.04404837963169812,BC12,0.01
SNF8,0.06759415487962452,BC12,0.01
CANX,-0.03666084868419451,BC12,0.01
SRI,-0.0006532379665860093,BC12,0.01
TMEM14B,-0.037639116047665386,BC12,0.01
SELENOT,0.010252650061908715,BC12,0.01
ARL6IP4,-0.06090021617478045,BC12,0.01
COX7A2L,0.007669737448663982,BC12,0.01
SNHG25,0.059478020218102376,BC12,0.01
GASK1B,0.09480616019227166,BC12,0.01
YWHAQ,-0.029984054567085913,BC12,0.01
MRPS24,-0.009606041284899364,BC12,0.01
NDUFB8,0.018146772628930035,BC12,0.01
SMDT1,0.01714182845598065,BC12,0.01
DNPH1,0.06366477903775618,BC12,0.01
MRPS12,-0.002905191849754036,BC12,0.01
NENF,-0.09687356301436838,BC12,0.01
H2BC5,-0.008534005685394336,BC12,0.01
SARAF,-0.07145967367948168,BC12,0.01
TECR,-0.015486011345908164,BC12,0.01
TSPAN13,-0.08058417797200028,BC12,0.01
COPS9,-0.007020396525682813,BC12,0.01
PCBD1,0.0056623134710596205,BC12,0.01
PMVK,0.03149349683495657,BC12,0.01
CSAD,0.009791154668929556,BC12,0.01
APRT,-0.025937701459035473,BC12,0.01
RTN3,-0.025803811984952584,BC12,0.01
MRPL23,0.03244215916145021,BC12,0.01
CMTM6,-0.01980692542103923,BC12,0.01
NDUFS3,-0.01946883708118105,BC12,0.01
PLAAT3,-0.09647412130770457,BC12,0.01
PCMTD1,-0.01952862343941416,BC12,0.01
GADD45GIP1,-0.018053310869799447,BC12,0.01
MRPS34,-0.06591120008615295,BC12,0.01
TNNT1,0.06043977002505747,BC12,0.01
MRPL12,0.01943241554950936,BC12,0.01
HPN,0.06630038947960115,BC12,0.01
P4HTM,-0.0027764898224456338,BC12,0.01
CTSF,0.05067877613627807,BC12,0.01
GCSH,-0.025039403853546794,BC12,0.01
MRPL57,-0.005829567720929069,BC12,0.01
MRPS23,0.06254011907969642,BC12,0.01
MRFAP1,-0.00039779470729983077,BC12,0.01
PTMS,-0.0003473591687826542,BC12,0.01
ATP5PB,-0.01420112558166278,BC12,0.01
GHITM,0.01691171765373607,BC12,0.01
PIGT,0.018771653447616443,BC12,0.01
PTGES3,-0.08694379168423429,BC12,0.01
TRMT112,-0.08722144812164848,BC12,0.01
TOB1,-0.06088749300607674,BC12,0.01
PHPT1,-0.0013754409646019885,BC12,0.01
EGR1,0.031172240269678506,BC12,0.01
NDUFAF8,-0.0427013227205665,BC12,0.01
AHCYL1,0.03483759385273852,BC12,0.01
CALM3,-0.012127396900145053,BC12,0.01
ZCRB1,-0.018763951650915767,BC12,0.01
RERG,0.08867570400748712,BC12,0.01
NDUFS7,0.004936057444628453,BC12,0.01
SCAND1,0.03741840692686456,BC12,0.01
SEC11C,-0.00970330328982177,BC12,0.01
NDUFB6,0.0068189914963669605,BC12,0.01
GGA2,-0.010872052882002846,BC12,0.01
COA3,-0.010151860247473348,BC12,0.01
UGCG,-0.022044845969030284,BC12,0.01
PXMP2,0.06863225867381666,BC12,0.01
SELENOW,-0.07154421866591837,BC12,0.01
TMEM14A,-0.012515388102844428,BC12,0.01
PPP1CA,-0.008500953117933493,BC12,0.01
DDRGK1,-0.017171342760748817,BC12,0.01
MRPL24,-0.005598338374035534,BC12,0.01
MRPL40,0.04733632605391689,BC12,0.01
BTG2,-0.09073874662346393,BC12,0.01
MAST4,0.060473203255287884,BC12,0.01
MICOS13,-0.020254018237157764,BC12,0.01
RWDD4,0.06289390112456116,BC12,0.01
NDUFV1,-0.038192257043735606,BC12,0.01
UQCC3,0.029559447278192114,BC12,0.01
LSM4,0.0173411552281594,BC12,0.01
H2BC21,-0.02778285230922666,BC12,0.01
RPN2,-0.08288037711162671,BC12,0.01
MIEN1,-0.08828893058607998,BC12,0.01
AMZ2,0.14778725412815433,BC12,0.01
ANAPC16,-0.04001190519710513,BC12,0.01
MZT2A,-0.0648408193782816,BC12,0.01
YIF1A,-0.05426023862083348,BC12,0.01
C11orf58,-0.0974313490238755,BC12,0.01
PDHB,0.034446666442974394,BC12,0.01
TRAPPC6A,-0.02672571356112807,BC12,0.01
FDPS,-0.02610827454803206,BC12,0.01
DCXR,-0.04665542783449005,BC12,0.01
CMBL,0.05511861453900022,BC12,0.01
DHRS7,0.06006039574840404,BC12,0.01
SDF2L1,0.021281057995565365,BC12,0.01
GTF3A,-0.016905172153956798,BC12,0.01
H2AC6,-0.09411842756396045,BC12,0.01
ARF3,-0.006019715451301993,BC12,0.01
BLVRB,-0.10336620487306734,BC12,0.01
CRNDE,-0.06382916780909863,BC12,0.01
CYB561,0.05432053527623013,BC12,0.01
DUT,-0.014323211902915134,BC12,0.01
CHCHD5,-0.02677871529825069,BC12,0.01
ST13,-0.06884631010451861,BC12,0.01
TMEM134,-0.024533670753944994,BC12,0.01
GALNT1,0.024657495822605128,BC12,0.01
TMEM9B,0.04453898662022313,BC12,0.01
FOXA1,0.0764865721101581,BC12,0.01
RNF139,0.014578485244068509,BC12,0.01
DDT,0.015078009603940012,BC12,0.01
TOMM22,-0.011827792847685429,BC12,0.01
COMT,0.06902189744104752,BC12,0.01
HSD17B10,0.02067562651402672,BC12,0.01
SELENOS,-0.10189413701923643,BC12,0.01
PPCS,-0.014036792543282373,BC12,0.01
CACYBP,-0.03913392833495207,BC12,0.01
GNG10,-0.03967418340510533,BC12,0.01
POLD4,-0.05222346905193177,BC12,0.01
POLR2F,0.05880688062428403,BC12,0.01
BPTF,0.04111417029402676,BC12,0.01
CISD3,-0.06532400615825437,BC12,0.01
TMEM141,-0.022862896557455433,BC12,0.01
ECH1,-0.013884373208209247,BC12,0.01
SYAP1,-0.10121947018745135,BC12,0.01
SORD,-0.007652923529954992,BC12,0.01
GAMT,0.029350858825824937,BC12,0.01
GADD45G,0.10386580001488646,BC12,0.01
DGCR6L,0.0903071951337424,BC12,0.01
MCRIP2,-0.0069578083846914595,BC12,0.01
MARCHF6,0.0023110591512601605,BC12,0.01
HEBP1,0.0189678195309137,BC12,0.01
BLVRA,0.021452846523428947,BC12,0.01
MTCH1,-0.07994259294536447,BC12,0.01
LAMP2,-0.03685871823427023,BC12,0.01
FOSB,-0.08188404322841561,BC12,0.01
PNPLA4,0.028761709401407303,BC12,0.01
PNKD,0.014416363752383228,BC12,0.01
MDH1,-0.00020667148187036649,BC12,0.01
SHARPIN,0.022007067881106034,BC12,0.01
SDHB,-0.0018157194556825194,BC12,0.01
TPD52L1,0.11267862668939362,BC12,0.01
YIPF3,-0.04772549372337879,BC12,0.01
RABAC1,-0.062439825471771175,BC12,0.01
MRPL36,-0.021633613510054266,BC12,0.01
TCEAL1,-0.013156376219730577,BC12,0.01
NDUFA10,0.0031343368456547846,BC12,0.01
PRLR,0.024136393032647446,BC12,0.01
PHF14,0.0010580720989511625,BC12,0.01
SUPT4H1,0.02497228971181285,BC12,0.01
PRXL2A,0.05851379260652333,BC12,0.01
CCDC167,0.07648132310922713,BC12,0.01
BAD,-0.02480717553577186,BC12,0.01
SPDEF,-0.038299368883999395,BC12,0.01
MRPS18A,0.015667172260270305,BC12,0.01
BSCL2,-0.0100990658968328,BC12,0.01
LASP1,-0.029604374428530988,BC12,0.01
MRPL21,-0.04383963816782159,BC12,0.01
NR2F6,0.09198463842169287,BC12,0.01
NORAD,-0.017471442101832085,BC12,0.01
ERLEC1,0.0456805096490674,BC12,0.01
ACSF2,0.04014579211898919,BC12,0.01
EIF2AK1,0.05124110133628396,BC12,0.01
RHBDD2,0.06270979153187563,BC12,0.01
EMC10,-0.06513345905106888,BC12,0.01
TSC22D3,-0.005715578839402556,BC12,0.01
RBM47,0.06311203651211575,BC12,0.01
SERINC3,0.016473720962181644,BC12,0.01
LRPAP1,-0.0057661293118370085,BC12,0.01
RNF187,-0.027252678903465066,BC12,0.01
CDH1,-0.06480634321619515,BC12,0.01
DYNLL2,0.10782233026398744,BC12,0.01
YIPF6,0.030955196152497096,BC12,0.01
MLF2,-0.038374619225880605,BC12,0.01
MRPS14,0.0052749620479662605,BC12,0.01
DMAC1,0.04963481957525117,BC12,0.01
FLOT1,-0.052830891614254354,BC12,0.01
ING2,0.04133349953638189,BC12,0.01
ISOC2,0.03216186732473508,BC12,0.01
OS9,0.00847722920496412,BC12,0.01
PTOV1,0.03816724078728873,BC12,0.01
SRSF1,-0.04307613326500325,BC12,0.01
HAGH,-0.014687376859681758,BC12,0.01
POLDIP2,-0.03354521042827541,BC12,0.01
COA1,0.05099815562068657,BC12,0.01
CMC1,0.0021489988778791366,BC12,0.01
ECI1,0.10043665742850112,BC12,0.01
TP53TG1,-0.002214210621823558,BC12,0.01
RPP21,0.024892682106547187,BC12,0.01
VAV3,0.04957650961237247,BC12,0.01
UHMK1,-0.03398526871539861,BC12,0.01
DEK,-0.014333592663773789,BC12,0.01
TXN2,0.005343771458989816,BC12,0.01
ARMCX3,-0.035175777266748566,BC12,0.01
COX11,0.05135661108842074,BC12,0.01
ZDHHC24,0.02076878788402844,BC12,0.01
TCEAL3,-0.0394765140533005,BC12,0.01
ARL3,-0.007660661218088855,BC12,0.01
RCN2,-0.06320297671018338,BC12,0.01
TMEM208,0.07637079872136626,BC12,0.01
MCTS1,-0.03235728622765982,BC12,0.01
NUDT4,0.024216963137451822,BC12,0.01
RNASEH2C,-0.024113092330346433,BC12,0.01
POLE4,0.005174338264286165,BC12,0.01
IRX3,-0.01598402787231385,BC12,0.01
STRBP,0.055115995300163,BC12,0.01
IDH1,0.03512736974598362,BC12,0.01
HTATIP2,-0.009952155112321401,BC12,0.01
MED13L,0.012852620092225358,BC12,0.01
BCAM,-0.0966134500833083,BC12,0.01
EPHX1,0.0009605332299505772,BC12,0.01
PLD3,0.0032080284116115156,BC12,0.01
SIAH2,-0.0194465537722859,BC12,0.01
PPP1CC,-0.04352158667552586,BC12,0.01
TMEM9,-0.030126015998410013,BC12,0.01
PIN1,0.020315871420506018,BC12,0.01
SLC35B1,0.06122607553435667,BC12,0.01
ANAPC13,0.022934301393527767,BC12,0.01
ERBB3,-0.018313805425543533,BC12,0.01
GRAMD1A,-0.00297983018692615,BC12,0.01
CORO1B,-0.03357689660728257,BC12,0.01
SEZ6L2,0.051980200081815836,BC12,0.01
GRINA,-0.08563813878198424,BC12,0.01
SQLE,-0.019268067963592803,BC12,0.01
C20orf27,0.05488005778969079,BC12,0.01
SRSF6,-0.05707821201820457,BC12,0.01
SPOP,0.02862856482512986,BC12,0.01
MRPL34,0.03935695477847735,BC12,0.01
TXNIP,0.014633784777104312,BC12,0.01
GRN,-0.054314747732964755,BC12,0.01
C7orf50,-0.05095856193422184,BC12,0.01
ABHD12,0.024312819935678527,BC12,0.01
EGLN2,-0.08311844480519692,BC12,0.01
TAF15,0.046080490544663955,BC12,0.01
SH3YL1,-0.0061096449315431916,BC12,0.01
ATG101,-0.02980225236297472,BC12,0.01
TLE5,0.03464134121843212,BC12,0.01
PTPMT1,0.04598100394400144,BC12,0.01
NINJ1,-0.04504450057952724,BC12,0.01
MRPS18B,0.012908373761144324,BC12,0.01
ADI1,0.03743681310861498,BC12,0.01
TRPS1,-0.03369476737212916,BC12,0.01
ZMAT2,-0.036259176467623326,BC12,0.01
METRN,-0.05963555654234401,BC12,0.01
NECAB3,0.046182357539708334,BC12,0.01
TERF2IP,-0.013187292916798796,BC12,0.01
METTL5,-0.02533607968533594,BC12,0.01
SUSD3,0.03394801297645748,BC12,0.01
SRPRB,-0.00849341028876978,BC12,0.01
CTSH,0.02915075598561546,BC12,0.01
VDAC3,-0.034174557598743195,BC12,0.01
SURF1,-0.021438857463255967,BC12,0.01
OCEL1,0.015592129541100135,BC12,0.01
SEC61A1,0.03777312641441931,BC12,0.01
COQ4,0.05505642201596052,BC12,0.01
THSD4,-0.0013003438476914746,BC12,0.01
CNPY3,0.08479253088104795,BC12,0.01
DCTN3,0.01275266918303782,BC12,0.01
RNF5,0.020116341874219124,BC12,0.01
CDS2,0.0096474726067522,BC12,0.01
PIGP,0.04097557474609816,BC12,0.01
SNRPN,0.004986359796883748,BC12,0.01
RPN1,-0.01114894629403606,BC12,0.01
FAM120AOS,-0.0038765991206221504,BC12,0.01
TIMMDC1,0.020711120404976167,BC12,0.01
ZBTB20,0.04322396178038816,BC12,0.01
GPAA1,-0.07478133880655255,BC12,0.01
RAP1A,-0.03467632509239552,BC12,0.01
TIMM17B,0.025748591335056886,BC12,0.01
USF2,0.011584297057913221,BC12,0.01
WBP1,0.00260020961939585,BC12,0.01
BAG3,-0.035739172875857685,BC12,0.01
CAND1,-0.021039505788187318,BC12,0.01
SPATA20,0.05067344393483685,BC12,0.01
CTSA,-0.04176788428923817,BC12,0.01
C8orf82,0.03193162390618474,BC12,0.01
TIMP3,0.14116995402145316,BC12,0.01
FBP1,-0.009120749884899502,BC12,0.01
POP7,0.005210886376340591,BC12,0.01
CTSZ,0.0638942753240582,BC12,0.01
COPRS,0.03317672070483863,BC12,0.01
HMGCS1,0.025415335918945473,BC12,0.01
CLTC,0.0023106584946646427,BC12,0.01
NFU1,-0.031778080532951856,BC12,0.01
MEA1,-0.02869643202596703,BC12,0.01
COMTD1,0.05561697623836806,BC12,0.01
CLPTM1,0.013474409781580172,BC12,0.01
EBP,0.007211933795387685,BC12,0.01
RNF13,-0.009122458612802122,BC12,0.01
FLYWCH2,-0.048381905645407494,BC12,0.01
IRF2BPL,-0.014534489601968325,BC12,0.01
MGMT,0.034689153204571686,BC12,0.01
EML2,0.040854307309836496,BC12,0.01
STMN1,0.015123660676433209,BC12,0.01
PIGX,0.03632640571494492,BC12,0.01
AL035661.1,0.049780765164641555,BC12,0.01
BRMS1,0.004450942003788407,BC12,0.01
CDK4,-0.020289581539443685,BC12,0.01
SIGIRR,-0.036926343901130386,BC12,0.01
TSG101,-0.008128244351130453,BC12,0.01
CHPF,0.027644853815213713,BC12,0.01
SPR,0.03139655682086372,BC12,0.01
ELAPOR1,-0.004670246855073046,BC12,0.01
MRPS36,0.005219046766043461,BC12,0.01
ATXN10,-0.003810732493302723,BC12,0.01
MTX2,0.007647750324877144,BC12,0.01
SAYSD1,-0.015766244988770137,BC12,0.01
JOSD2,-0.007941602443223433,BC12,0.01
FAM102A,-0.047349312525598666,BC12,0.01
FIBP,-0.03672058718600337,BC12,0.01
HEXIM1,-0.01276056926281128,BC12,0.01
ATP6V1H,-0.05853371086470562,BC12,0.01
KCNK6,-0.05465119318401109,BC12,0.01
FAM120A,-0.026615838524685766,BC12,0.01
HDDC2,-0.006912801703946299,BC12,0.01
CXXC5,-0.062263247442008625,BC12,0.01
IFT27,0.004698014128096291,BC12,0.01
CANT1,-0.012889192039982206,BC12,0.01
SERTAD3,-0.023901532458940045,BC12,0.01
FSIP1,0.021336671071036387,BC12,0.01
ERGIC1,0.02346409455347949,BC12,0.01
RBBP4,-0.027405601832698,BC12,0.01
CCDC85B,-0.04485366006553461,BC12,0.01
WDR61,0.014710183058542355,BC12,0.01
PAGR1,-0.023041442722253384,BC12,0.01
NUCB1,-0.06600409166863147,BC12,0.01
ANAPC5,-0.015522521405340379,BC12,0.01
TCTA,0.07197505299163148,BC12,0.01
CREG1,-0.0014143008389786885,BC12,0.01
KRR1,0.03778636071082482,BC12,0.01
NOL3,0.0713574994770149,BC12,0.01
RETREG2,0.001523158412108769,BC12,0.01
S100P,0.013257135903690565,BC12,0.01
CDIPT,-0.001751689886934043,BC12,0.01
TESMIN,-0.002551509433307649,BC12,0.01
C1orf122,-0.0010680740398900325,BC12,0.01
MYADM,-0.020590875772751836,BC12,0.01
FAM174A,-0.0111831560379736,BC12,0.01
PGP,0.004190376460612612,BC12,0.01
ACOT13,0.0732396895136388,BC12,0.01
NT5C,0.03491205920527767,BC12,0.01
SPINT1-AS1,0.010864568871653425,BC12,0.01
MSI2,-0.042243390304083736,BC12,0.01
CAMK2N1,0.01985269522503764,BC12,0.01
AKAP1,0.05167761001735103,BC12,0.01
PDZD11,-0.02310375236232139,BC12,0.01
RAB17,0.0573266860823185,BC12,0.01
C15orf61,0.06106762407846797,BC12,0.01
BRI3,0.03256105664141711,BC12,0.01
MTARC2,0.08965144019911292,BC12,0.01
NFE2L1,0.02868454844842895,BC12,0.01
AK1,0.04094891938784233,BC12,0.01
ETHE1,-0.04685502672139601,BC12,0.01
SYS1,-0.017763413310743333,BC12,0.01
ZNF24,-0.027335032214106096,BC12,0.01
MAP4K3-DT,0.042299003182915004,BC12,0.01
ZNF385A,0.0287383059044211,BC12,0.01
ARL2BP,0.008161676710282097,BC12,0.01
MTHFS,0.006959735321479225,BC12,0.01
MPC1,0.007345401120303665,BC12,0.01
STARD7,0.0033563747845292407,BC12,0.01
DCAF7,0.09098010001861512,BC12,0.01
CRLS1,0.05354387143947842,BC12,0.01
BEX4,-0.019599384458985375,BC12,0.01
CERS6,-0.04420106658933943,BC12,0.01
POLR3K,-0.03023550391583085,BC12,0.01
SKIL,-0.002952497792206533,BC12,0.01
ALG13,-0.0034076852087054996,BC12,0.01
EXOSC5,0.038987954572899636,BC12,0.01
GOSR2,0.0005146272757021987,BC12,0.01
A1BG,0.00200641885974206,BC12,0.01
IARS2,0.002039751237937629,BC12,0.01
SS18L2,-0.0098741025492809,BC12,0.01
SWI5,0.028349865475349838,BC12,0.01
STIP1,-0.0736199291717688,BC12,0.01
M6PR,-0.0017069858967973459,BC12,0.01
OTUB1,-0.03717579735053125,BC12,0.01
SKAP1,0.022997505557752245,BC12,0.01
POLR2C,0.002077357974638684,BC12,0.01
LYPD3,-0.005419370711270502,BC12,0.01
KIF12,0.027483354598587504,BC12,0.01
GPR160,0.029309415354667512,BC12,0.01
ERG28,0.0199761934275953,BC12,0.01
SAC3D1,0.05559768954417287,BC12,0.01
TJP3,0.013574410916944,BC12,0.01
HMGN4,-0.011817067916434654,BC12,0.01
CCS,-0.02295529859112505,BC12,0.01
HADHB,-0.05651409657266578,BC12,0.01
CRELD2,-0.042260925381258245,BC12,0.01
MACROD1,-0.010150955504015971,BC12,0.01
RPA3,-0.043659508837321906,BC12,0.01
AKT2,0.04574605601281495,BC12,0.01
OTUD6B-AS1,0.038369672722912335,BC12,0.01
PRR15L,0.07396268601902464,BC12,0.01
MAGEF1,0.04329285486036004,BC12,0.01
DHX30,-0.00589742629039255,BC12,0.01
UNC50,0.013583979499201433,BC12,0.01
GSTM3,-0.034357905895237344,BC12,0.01
ETFRF1,-0.01023778987555307,BC12,0.01
CCDC91,0.04028422670975518,BC12,0.01
MTSS1,0.05860649944129996,BC12,0.01
CYHR1,-0.052438643420739714,BC12,0.01
SECISBP2,0.03139161205456127,BC12,0.01
DST,-0.06594873854287649,BC12,0.01
ABHD2,-0.019919716867612798,BC12,0.01
TMED7,-0.045351476571296734,BC12,0.01
KCNC2,0.10274034342582156,BC12,0.01
FAM110A,0.0195284799374021,BC12,0.01
LLGL2,0.025820603238692647,BC12,0.01
SLC22A18,-0.018544193163182558,BC12,0.01
CYB5B,-0.018240276575719475,BC12,0.01
MPLKIP,-0.02981929489497764,BC12,0.01
KCNQ1OT1,0.01673141824698838,BC12,0.01
PRPSAP1,-0.01135416262214657,BC12,0.01
H2BC4,0.005983229667223213,BC12,0.01
NUBP2,-0.05462593335045572,BC12,0.01
RBP1,0.1269441573993316,BC12,0.01
PARL,-0.009478982275363148,BC12,0.01
FBXL15,0.03404115672013911,BC12,0.01
ZNRD2,-0.026272157491403398,BC12,0.01
BCAT2,-0.02372717909591701,BC12,0.01
GSTO2,0.008099395816910371,BC12,0.01
EBLN3P,0.03286629177041284,BC12,0.01
ARFGAP2,-0.02527725350981513,BC12,0.01
KRCC1,-0.03343405001675837,BC12,0.01
KAT6B,-0.05740941358424925,BC12,0.01
MMAB,-0.017855370686548563,BC12,0.01
THAP7,0.02927697346790652,BC12,0.01
DNASE2,-0.014585123458113228,BC12,0.01
SYNE4,0.0023134966103316354,BC12,0.01
CCDC34,0.07949796502914175,BC12,0.01
ITFG1,0.03861587749904839,BC12,0.01
CPEB4,-0.026152410560429714,BC12,0.01
DNAJA4,0.09445445373996607,BC12,0.01
COQ7,0.04529592149229698,BC12,0.01
RPRD1A,0.006018293146966226,BC12,0.01
TPGS2,-0.05000571621498291,BC12,0.01
ENDOV,-0.006194893171975559,BC12,0.01
OIP5-AS1,0.02222758915771584,BC12,0.01
HK1,-0.03719860508429082,BC12,0.01
PDHX,0.013386959659154284,BC12,0.01
EBAG9,-0.019530762411559176,BC12,0.01
CCZ1,-0.04073882673144614,BC12,0.01
GET1,0.014608931735881013,BC12,0.01
AHCY,0.021039084543002996,BC12,0.01
SMARCA2,0.006361357374850968,BC12,0.01
ZNF830,0.019550498246737602,BC12,0.01
NDUFS1,0.016986517136270526,BC12,0.01
ARMT1,-0.01393900479310166,BC12,0.01
HNRNPL,-0.043193159318187284,BC12,0.01
B3GAT3,-0.010953629748187163,BC12,0.01
ABHD14A,0.009801031645243166,BC12,0.01
CH17-340M24.3,0.0229912857501176,BC12,0.01
GFPT1,0.051432477067823244,BC12,0.01
RXRA,-0.01116727676629196,BC12,0.01
PTGES2,0.01815744727674314,BC12,0.01
TRUB2,0.0587435407325833,BC12,0.01
SMUG1,-0.03172959281446369,BC12,0.01
HRAS,0.022600386378367157,BC12,0.01
COPG1,0.03638300621369751,BC12,0.01
TMEM251,0.05444158140192942,BC12,0.01
NPTN,0.04682252875110329,BC12,0.01
DHRS4L2,0.03145311092624469,BC12,0.01
MAFB,0.06527935226040926,BC12,0.01
ZBED5-AS1,0.010730279543599836,BC12,0.01
TRH,0.06270455561607328,BC12,0.01
VEZF1,0.04691199859659627,BC12,0.01
SLC39A3,0.038762962740414894,BC12,0.01
NFIX,0.02255722757957735,BC12,0.01
WFDC2,-0.05245970264584079,BC12,0.01
PCNA,0.006865256833063105,BC12,0.01
IFI27,-0.04761312383047524,BC12,0.01
CD27-AS1,-0.023375407944587426,BC12,0.01
SMIM10L1,0.021140290578109577,BC12,0.01
CCDC57,-0.0005365505216702459,BC12,0.01
TNFSF10,-0.04556221435815831,BC12,0.01
ZDHHC4,-0.03237427439111566,BC12,0.01
DNAJC12,0.010565019172093237,BC12,0.01
IDH3A,0.08763201189677314,BC12,0.01
MTUS1,-0.01759335394551369,BC12,0.01
ZNF664,0.004229266368989368,BC12,0.01
THNSL2,-0.008455549376015765,BC12,0.01
OXLD1,-0.03439289681054929,BC12,0.01
FBXL5,0.03406730413243211,BC12,0.01
RTN2,0.028285493703866356,BC12,0.01
TSR3,-0.05667850231776879,BC12,0.01
GPATCH2,-0.02622410445948971,BC12,0.01
NKAP,-0.0037925576087083023,BC12,0.01
CYP51A1,0.04941791607940101,BC12,0.01
MRPL35,0.029774802820386585,BC12,0.01
ZNF32,0.029249492795545864,BC12,0.01
TPGS1,-0.0024774304708192114,BC12,0.01
BAIAP2,-0.014876895176627512,BC12,0.01
NIPSNAP1,-0.01790593892158831,BC12,0.01
AKT1S1,-0.006370215612094772,BC12,0.01
HSBP1L1,0.015057272587417571,BC12,0.01
HTATSF1,-0.01869981671572726,BC12,0.01
DCTN1,0.03803272470447235,BC12,0.01
C15orf40,-0.018737972340174325,BC12,0.01
PIGF,0.038714351162272204,BC12,0.01
TP53I11,0.029597012534194587,BC12,0.01
PTPN18,0.028862939486618396,BC12,0.01
HOXB2,-0.03793482007713926,BC12,0.01
OGFR,0.02935607108114424,BC12,0.01
XAB2,0.05690740098826881,BC12,0.01
TLE3,0.008303487138479865,BC12,0.01
APTR,0.0991814682161381,BC12,0.01
PTGER3,0.04996023686087224,BC12,0.01
GNPAT,0.03033095906250717,BC12,0.01
FAM210B,-0.012186208528717149,BC12,0.01
ABHD14B,0.012222801416834735,BC12,0.01
ACY1,0.02953244266763723,BC12,0.01
HDDC3,0.028538970238719038,BC12,0.01
HOXB6,0.031360140660995864,BC12,0.01
GPS1,-0.011113561516179664,BC12,0.01
NFKBIZ,-0.06543236575000065,BC12,0.01
TMEM223,-0.015602525998109329,BC12,0.01
FUNDC1,0.015596641479726515,BC12,0.01
RMND1,-0.013257761528629662,BC12,0.01
TM2D3,-0.04799299287889835,BC12,0.01
CDS1,0.011098085426125138,BC12,0.01
STC1,0.03680227936877927,BC12,0.01
FAM200B,0.013096849605109092,BC12,0.01
MT-ND6,-0.06343393666557001,BC12,0.01
PSME3IP1,0.007000977627884965,BC12,0.01
KEAP1,-0.011707472212755742,BC12,0.01
SYNJ2BP,-0.024451041684768252,BC12,0.01
ITPK1,0.12595942933602597,BC12,0.01
COPS7A,0.03170114506328112,BC12,0.01
RXYLT1,0.06640994831646058,BC12,0.01
ARSD,0.016578324758409167,BC12,0.01
SERPINA5,0.07328848449184483,BC12,0.01
IMMP1L,0.0017648678217976894,BC12,0.01
KIF21A,-0.008217792653271903,BC12,0.01
ZFX,0.005184712244433372,BC12,0.01
HOXB5,0.05013223596695034,BC12,0.01
ZNF467,0.008810437743480606,BC12,0.01
TSPAN1,-0.008289827738742412,BC12,0.01
LY6E,-0.04826769242138349,BC12,0.01
FBXO21,0.003041044260718652,BC12,0.01
HAGHL,-0.04934350159500311,BC12,0.01
ANXA9,0.07298606890260671,BC12,0.01
MALSU1,0.00862234740155847,BC12,0.01
PIK3R1,0.028142639533487397,BC12,0.01
NCBP2AS2,-0.0052431202769242895,BC12,0.01
BLCAP,0.01050427169009737,BC12,0.01
TMX1,0.012516834806506366,BC12,0.01
MRPL11,-0.03200327215512571,BC12,0.01
GLCE,-0.014078532827475067,BC12,0.01
OARD1,-0.023129890912450667,BC12,0.01
IGF1R,0.020796353321262704,BC12,0.01
H2BC15,-0.03292625699767371,BC12,0.01
LINC00472,-0.032274481879981436,BC12,0.01
LDOC1,0.08504298291716987,BC12,0.01
HOXB-AS3,0.06376141618652695,BC12,0.01
RASD1,0.020467716248454886,BC12,0.01
TTC14,-0.013948173361649411,BC12,0.01
SEPTIN8,0.03864712406470633,BC12,0.01
CRELD1,0.011487370485667711,BC12,0.01
WASHC3,0.024712640466935536,BC12,0.01
CEACAM5,0.014989818633776592,BC12,0.01
HDGFL3,0.06763099804179075,BC12,0.01
TAOK3,-0.017073828407992382,BC12,0.01
PDE4DIP,-0.01194674200574649,BC12,0.01
VPS51,-0.022813947579803363,BC12,0.01
HSPH1,-0.04512801543003132,BC12,0.01
DEGS2,-0.02493088069935467,BC12,0.01
CCDC151,0.11871466362166627,BC12,0.01
STAU2,0.01797960523898665,BC12,0.01
MRFAP1L1,0.017179777379768748,BC12,0.01
IER5,0.043028499937358085,BC12,0.01
PSIP1,0.002024322444029746,BC12,0.01
TMEM98,-0.02348141301329145,BC12,0.01
IFI27L1,0.04814762526340735,BC12,0.01
AUTS2,0.10279563732726811,BC12,0.01
SNX10,0.07756432161676603,BC12,0.01
ALDH3B2,0.033895352417494015,BC12,0.01
FGD5-AS1,-0.014118171794231285,BC12,0.01
PDRG1,0.02428581746886391,BC12,0.01
MYL9,-0.0012592074539468734,BC12,0.01
TCTN1,0.01220773908349488,BC12,0.01
AC068888.1,0.043634045076614766,BC12,0.01
C3orf14,0.013575663686182885,BC12,0.01
DACH1,0.176508806780553,BC12,0.01
SYT1,0.08498996381851659,BC12,0.01
HSPB8,0.010782380073529668,BC12,0.01
RAMP3,-0.027963481735088974,BC12,0.01
CD81,0.03657967138541115,BC12,0.01
GATAD1,0.027342065707430748,BC12,0.01
STMN3,0.053262454394666155,BC12,0.01
LAPTM4B,0.042028023084025416,BC12,0.01
ZNF44,0.0536333071744651,BC12,0.01
TMX4,0.06562022846633232,BC12,0.01
CDKN1C,0.04004116105690382,BC12,0.01
CCDC115,0.029637447588638476,BC12,0.01
C22orf39,-0.0196976229964608,BC12,0.01
SLC2A10,0.08376175033281207,BC12,0.01
PPP2R5A,0.0437654502203457,BC12,0.01
EXOSC3,0.02813466443537685,BC12,0.01
GAS2L1,-0.01846402591074372,BC12,0.01
MT1F,0.12974996262490732,BC12,0.01
KAZALD1,0.06838961098744092,BC12,0.01
SLC49A3,0.04444574815251677,BC12,0.01
DNAJC30,0.038584199757942375,BC12,0.01
IRX5,0.014795135087380864,BC12,0.01
CPD,-0.05823076689803546,BC12,0.01
RNF14,0.0038999717300886526,BC12,0.01
IFI6,-0.06426428821221351,BC12,0.01
E4F1,0.05829232421570984,BC12,0.01
NR4A1,-0.03582053386425213,BC12,0.01
THBS1,-0.02343685102743336,BC12,0.01
TACO1,0.02561957726474407,BC12,0.01
PFDN6,-0.014775990328457687,BC12,0.01
WNK1,-0.07626425260366522,BC12,0.01
DEDD2,0.018095034976786918,BC12,0.01
PREX1,0.03940411692411255,BC12,0.01
GOT2,0.010554142768025639,BC12,0.01
DDX42,-0.0003549623032451956,BC12,0.01
PIGS,-0.013994347494354891,BC12,0.01
MSMB,0.014592664558783771,BC12,0.01
ISOC1,0.08615103695361039,BC12,0.01
RBL2,0.006791075686623189,BC12,0.01
NPEPL1,0.04317071429327699,BC12,0.01
TRPT1,-0.039372608028055006,BC12,0.01
HOXB7,0.10958794729066845,BC12,0.01
SCNN1A,0.0551119565066463,BC12,0.01
SLC35E3,0.04188903257773016,BC12,0.01
ZNF587,-0.0725616324797217,BC12,0.01
CTPS2,0.017743330927862032,BC12,0.01
MB,0.04513917694759324,BC12,0.01
FAM89B,-0.005314619402007273,BC12,0.01
UBE2S,0.03752632713281643,BC12,0.01
FBLN1,0.004359317883244236,BC12,0.01
RAB1B,-0.08171618991275002,BC12,0.01
NUDT9,0.01255256667445424,BC12,0.01
TXNDC15,0.0024346738619710944,BC12,0.01
ZCCHC10,-0.041704210572675364,BC12,0.01
CRBN,0.02588817484030202,BC12,0.01
RING1,-0.042596753936996794,BC12,0.01
SUMF1,-0.0071929825928466196,BC12,0.01
MYLIP,0.003242947722257772,BC12,0.01
PCP2,0.05694309977612678,BC12,0.01
MRPL45,-0.024552873517858405,BC12,0.01
KLHDC3,-0.010198970735843537,BC12,0.01
INO80C,0.05738023716716892,BC12,0.01
LY6K,-0.04723142938277601,BC12,0.01
ADCY1,0.011986326080994461,BC12,0.01
JARID2,-0.01072919407610945,BC12,0.01
TPP1,-0.01675037044662864,BC12,0.01
HAUS1,0.09422709031931843,BC12,0.01
TMEM54,-0.017784351304544782,BC12,0.01
ADIPOR2,0.02199031899930843,BC12,0.01
PTPRA,0.04483360033189478,BC12,0.01
ZNF444,0.045027652619394606,BC12,0.01
MAGED1,0.03312006386694279,BC12,0.01
OAZ3,0.030287121125493727,BC12,0.01
AIP,-0.04527046170018347,BC12,0.01
MRS2,0.012282722532352084,BC12,0.01
SMC4,0.007996980880604736,BC12,0.01
SLC2A4RG,-0.03125989875159482,BC12,0.01
DCAF10,-0.06001882611100501,BC12,0.01
STX16,0.022476706974062493,BC12,0.01
ATPAF1,0.015442510374154072,BC12,0.01
DYNC1LI2,-0.029077853696703272,BC12,0.01
NFATC4,0.1452517965235381,BC12,0.01
DHRSX,-0.07390509589894903,BC12,0.01
GOLM2,-0.016503683047263695,BC12,0.01
HOXC10,0.033934503932089854,BC12,0.01
MDM2,0.007372210421785736,BC12,0.01
CMTM8,-0.041908047604379876,BC12,0.01
MAGI1,0.03670502764196392,BC12,0.01
NCOA4,-0.009761613706357248,BC12,0.01
G6PC3,-0.027004178062115174,BC12,0.01
ZFAND2A,-0.0005819643964883924,BC12,0.01
IDH3B,-0.041034721958038395,BC12,0.01
SERPINI1,0.1260824068764756,BC12,0.01
NABP2,-0.022629967267256145,BC12,0.01
SLC25A1,0.06013825478087359,BC12,0.01
AC008268.1,-0.051444727128975166,BC12,0.01
ASXL1,-0.01384961586245288,BC12,0.01
GNS,0.06663306473255592,BC12,0.01
MBTPS1,0.0018164668250769938,BC12,0.01
NSL1,-0.0022461403004181957,BC12,0.01
MAT2A,0.0021410604677862505,BC12,0.01
STYXL1,0.0569559138400204,BC12,0.01
NSD1,-0.03901969704912737,BC12,0.01
SRARP,0.006100959685796106,BC12,0.01
TUG1,-0.038052479121248275,BC12,0.01
ELP5,0.0077111923136366205,BC12,0.01
COG2,-0.004936351092390842,BC12,0.01
RGS16,0.10825250390250578,BC12,0.01
MINDY1,0.05476784727500089,BC12,0.01
USP9X,-0.0380947494197945,BC12,0.01
BATF,-0.006935300181043812,BC12,0.01
ZNF75A,0.002481647129401335,BC12,0.01
AFTPH,0.017796945877017172,BC12,0.01
MLST8,-0.04284091150572139,BC12,0.01
ACOT8,0.02275656325943302,BC12,0.01
MRPL2,0.035896944244681504,BC12,0.01
TRAK1,0.003992518124630552,BC12,0.01
CEACAM6,0.014581593443855366,BC12,0.01
NSMCE4A,-0.008610571398351648,BC12,0.01
CHMP1A,-0.020312782950240867,BC12,0.01
NECAP1,0.004434671553239612,BC12,0.01
AC018521.5,0.054987954368540926,BC12,0.01
SMARCD2,0.051551203377082085,BC12,0.01
GAA,-0.04062857835041783,BC12,0.01
NFYC,0.014038643485031869,BC12,0.01
CZIB,0.011644493164501902,BC12,0.01
CFD,-0.008433812676151156,BC12,0.01
IRS1,0.045640044274242265,BC12,0.01
LMTK3,-0.04665656221596861,BC12,0.01
AMFR,0.007437912082751907,BC12,0.01
PPP1R37,-0.006763772560761925,BC12,0.01
ANKRD11,-0.005917460347357958,BC12,0.01
GPRC5C,0.03740611184834002,BC12,0.01
OLMALINC,0.03909382936825631,BC12,0.01
STK24,0.050043092417696014,BC12,0.01
TSPYL2,0.00630442550190332,BC12,0.01
INSIG1,0.013308558723691435,BC12,0.01
SIRT2,-0.009826287840036746,BC12,0.01
EPM2AIP1,0.05050663158377077,BC12,0.01
NDRG3,-0.007161364265337684,BC12,0.01
MAVS,0.03763431679799634,BC12,0.01
ZMPSTE24,-0.02770869993376706,BC12,0.01
ROGDI,-0.06336205468736816,BC12,0.01
PDCD7,0.0062341646537155,BC12,0.01
ENPP5,0.07848584508551139,BC12,0.01
SYT13,0.15734221656514522,BC12,0.01
ELOVL2,0.12188007585636805,BC12,0.01
ATP6V1A,-0.00827370257826786,BC12,0.01
ANKRD40,0.009471957627577684,BC12,0.01
SLC27A2,0.12698811880523575,BC12,0.01
CMC4,-0.030415038359381707,BC12,0.01
GEMIN8,-0.020436765621433373,BC12,0.01
ZNF688,0.011446445925816782,BC12,0.01
MRPS25,-0.003202044545655126,BC12,0.01
POLR1H,-0.03781562180913809,BC12,0.01
TBCC,0.029464972823438643,BC12,0.01
MTERF2,-0.056579336959962326,BC12,0.01
KCNK15,0.05751546836801034,BC12,0.01
ACP5,0.024993192792044375,BC12,0.01
CDK12,-0.02347670175681967,BC12,0.01
ATF7,-0.014506841218407548,BC12,0.01
KDM2A,-0.0002423505754057201,BC12,0.01
NCOA3,0.03345811926264456,BC12,0.01
FGF2,-0.037468029572530974,BC12,0.01
TIMM10B,0.0016382882065429415,BC12,0.01
GUCD1,-0.022476931455838105,BC12,0.01
PAK4,0.00041586141378654117,BC12,0.01
MOAP1,0.0026277208202395526,BC12,0.01
WWOX,0.0020473097913194507,BC12,0.01
COQ9,-0.011539169121381494,BC12,0.01
PANK3,-0.00908869077700783,BC12,0.01
SLC35C2,0.0555477702216325,BC12,0.01
RITA1,0.012501583581922823,BC12,0.01
RELL1,0.005305802700978376,BC12,0.01
RAMP2,-0.007111513373776336,BC12,0.01
ALDH7A1,-0.024587694943922198,BC12,0.01
HIBADH,-0.028156084834888517,BC12,0.01
SKA2,-0.026298821398964906,BC12,0.01
SLC9A3R2,0.009669197927152876,BC12,0.01
VPS26B,0.002211880111330944,BC12,0.01
HID1,0.010582368890802368,BC12,0.01
SDSL,-0.006097398580683378,BC12,0.01
GSE1,-0.0009113716424508484,BC12,0.01
SAMM50,0.0018126282532595747,BC12,0.01
POR,0.01755934779975445,BC12,0.01
DNAJA3,-0.01768328448766326,BC12,0.01
MRPL15,0.0021237317426447684,BC12,0.01
TAF10,0.0020635852907972185,BC12,0.01
BRAF,-0.01190813876660179,BC12,0.01
CXCL17,-0.003543430758245372,BC12,0.01
LTBP4,0.006526379153373678,BC12,0.01
CLEC3A,-0.0880347089867262,BC12,0.01
PCYOX1,0.00338482726412338,BC12,0.01
CALCOCO2,0.02320817952329064,BC12,0.01
NSF,-0.05526765416893378,BC12,0.01
MDP1,0.04884538780490725,BC12,0.01
SLC1A5,0.03193660979094565,BC12,0.01
PHYH,0.002077015498442721,BC12,0.01
ZNF652,0.005092764016068782,BC12,0.01
TMEM25,0.009331816736934366,BC12,0.01
NTN4,-0.03602216095013778,BC12,0.01
NUDT16,0.006790601705969496,BC12,0.01
UNC119,-0.004650598645726182,BC12,0.01
SLC25A24,-0.021616696622473706,BC12,0.01
PTPN1,-0.00032687833199476627,BC12,0.01
ARMC1,0.043372452371000916,BC12,0.01
GREB1,0.019171706892678882,BC12,0.01
RHPN1,-0.012128780039292684,BC12,0.01
RPS6KB1,0.0019858272439745445,BC12,0.01
TMEM35B,0.04151033734985074,BC12,0.01
ECPAS,0.03663940150442079,BC12,0.01
GLT8D1,-0.011230140869851364,BC12,0.01
SLC38A10,0.005548277679594346,BC12,0.01
PNPO,0.01589560341375228,BC12,0.01
AC091271.1,0.012510870589848752,BC12,0.01
EPS15L1,-0.02402186511655259,BC12,0.01
SNRNP35,0.02907466601676722,BC12,0.01
CYP4B1,0.14817060090806208,BC12,0.01
TMEM192,-0.028464318419514655,BC12,0.01
EGFL7,-0.013974547172960722,BC12,0.01
PCMTD2,0.05664444779992716,BC12,0.01
POP4,-0.030240806293940388,BC12,0.01
MFSD1,-0.02622372457182459,BC12,0.01
EIF2AK2,0.059490747127039556,BC12,0.01
C5orf15,-0.07827060166271976,BC12,0.01
YTHDF1,0.029530174605361732,BC12,0.01
TTC17,-0.003199471354867657,BC12,0.01
VPS4A,-0.026778934996469675,BC12,0.01
FUBP1,-0.06241699478749999,BC12,0.01
CFAP20,0.03379377736943386,BC12,0.01
RNF135,-0.020780831435425428,BC12,0.01
DNAJC10,0.027347361787876574,BC12,0.01
PITX1,-0.05665653289737168,BC12,0.01
KLHL5,0.04456020908300794,BC12,0.01
ANKRD26,0.010208705031694788,BC12,0.01
APOE,0.04228497638941212,BC12,0.01
MT1G,0.10236605506568262,BC12,0.01
CGA,-0.011439625697879627,BC12,0.01
USP32,0.0660354037428815,BC12,0.01
PCCA-DT,-0.01356056239689841,BC12,0.01
DMAC2,0.005442490864875286,BC12,0.01
IDNK,0.045474485099557864,BC12,0.01
TMEM64,0.09670201929093776,BC12,0.01
AGPAT1,0.04013380321376837,BC12,0.01
LENG1,0.012278871816407572,BC12,0.01
LINC02802,-0.006323041215216347,BC12,0.01
PDK2,0.043279479975088256,BC12,0.01
FAM3B,0.1113597743795513,BC12,0.01
NDRG2,0.01949138483865135,BC12,0.01
OSBPL8,-0.030350312875576345,BC12,0.01
RBP7,0.11011636075689633,BC12,0.01
DHRS2,0.028394835745487595,BC12,0.01
SLC30A1,-0.05737817216921759,BC12,0.01
RCC1L,0.0003544549297135025,BC12,0.01
VWA1,-0.0546436153548227,BC12,0.01
HOPX,0.08268511096041871,BC12,0.01
FAM234A,-0.023037033767817086,BC12,0.01
MTARC1,0.06010546606195527,BC12,0.01
PDZK1,2.0717375531753004e-06,BC12,0.01
RAD9A,-0.010324250598264893,BC12,0.01
GOT1,0.023031060069418012,BC12,0.01
FBXO9,-0.042935436073476815,BC12,0.01
FDXR,0.0016643852779050848,BC12,0.01
C20orf204,0.11274218564716415,BC12,0.01
RIDA,-0.026852295002355888,BC12,0.01
ZFHX3,0.04497966608367483,BC12,0.01
PXMP4,0.04436156857348336,BC12,0.01
ARHGAP35,0.0026336354582585835,BC12,0.01
VAMP5,0.00395590978817797,BC12,0.01
LIG3,0.007523616102531088,BC12,0.01
ALG3,-0.02988060920577117,BC12,0.01
AP1S2,-0.05069450774083863,BC12,0.01
TMEM60,0.019350195437093452,BC12,0.01
C6orf89,-0.03592597989087095,BC12,0.01
SYNGR1,0.06052027863137808,BC12,0.01
PVALB,0.19612287952819515,BC12,0.01
APPBP2,0.06261395662626296,BC12,0.01
GCDH,-0.015208070456094017,BC12,0.01
LENG8,-0.04553239122151312,BC12,0.01
MYB,-0.02262746491994946,BC12,0.01
TTC36,-0.015835754242432457,BC12,0.01
C6orf226,0.001884495387008594,BC12,0.01
RAD51C,0.025187837249398107,BC12,0.01
ARAF,-0.013615989329216817,BC12,0.01
PEPD,0.009881220560441824,BC12,0.01
CHCHD6,0.010703286311604575,BC12,0.01
SULT1A1,0.009753626303253046,BC12,0.01
KCNJ3,0.1868723053443292,BC12,0.01
KIF3B,0.01765538246531288,BC12,0.01
SLC35B2,-0.008163765910627742,BC12,0.01
HSD17B8,-0.0039496969406640275,BC12,0.01
TXLNG,-0.03193869970627232,BC12,0.01
ZNF749,-0.018563812922572028,BC12,0.01
CHAD,0.14714598847714272,BC12,0.01
ALB,0.18425529721303688,BC12,0.01
CST5,0.1615605731342359,BC12,0.01
AGTR1,0.11936724774491617,BC12,0.01
NEFH,0.1466816239878217,BC12,0.01
H1-2,0.04698052489893551,BC17,0.01
CHCHD10,-0.01636442364142236,BC17,0.01
DBI,-0.04303352815064593,BC17,0.01
SLC9A3R1,0.08176165300970803,BC17,0.01
MPC2,-0.12762379337191576,BC17,0.01
FKBP4,0.04664834050703827,BC17,0.01
PRSS23,-0.035658486287603076,BC17,0.01
GLRX5,0.010564890874893566,BC17,0.01
FCGRT,0.122427723097433,BC17,0.01
HSPA1A,0.02786992611019461,BC17,0.01
TMEM160,0.025596752489540887,BC17,0.01
NDUFAB1,0.10122572280825531,BC17,0.01
GATA3,-0.06408460090449163,BC17,0.01
ATP5MC3,-0.025192774720560356,BC17,0.01
COX7B,-0.10296944473608452,BC17,0.01
NUCB2,-0.07047595574589008,BC17,0.01
HSBP1,0.0005446489474320085,BC17,0.01
HSPE1,-0.017777404670029227,BC17,0.01
HERPUD1,-0.034672751491954625,BC17,0.01
ATP6AP2,-0.04402884317164928,BC17,0.01
ATP5F1A,-0.11485596963541166,BC17,0.01
COX8A,-0.05193265721813632,BC17,0.01
H2AJ,-0.026066838119534204,BC17,0.01
TMEM230,0.0032797802363750926,BC17,0.01
RETREG1,0.08351236795274668,BC17,0.01
GPX1,0.035822032122743104,BC17,0.01
ATP5PD,-0.007839093450857992,BC17,0.01
COX5B,-0.12042906485537129,BC17,0.01
NDUFB7,-0.023416693003078665,BC17,0.01
ETFB,0.0708771120792024,BC17,0.01
NDUFB10,-0.000636994037956323,BC17,0.01
COX5A,-0.06512357721361414,BC17,0.01
CST3,-0.14231645928520065,BC17,0.01
NDUFB9,-0.06120602485902019,BC17,0.01
MDH2,-0.02438598984331372,BC17,0.01
UQCR10,-0.12684660150549654,BC17,0.01
ATP5F1B,-0.08631811067193328,BC17,0.01
DCAF6,-0.009781203631176818,BC17,0.01
CYC1,-0.07152742916246677,BC17,0.01
NDUFB5,0.025452084164497717,BC17,0.01
IDH2,0.010122800947197063,BC17,0.01
PRDX2,-0.10757957207664287,BC17,0.01
CKB,-0.09156336723653041,BC17,0.01
GABARAPL2,0.04202701022692612,BC17,0.01
UQCRH,-0.13610366436940224,BC17,0.01
CLU,-0.11377071963228454,BC17,0.01
EPN3,0.07899991528859368,BC17,0.01
C18orf32,-0.08445771444801921,BC17,0.01
NDUFA1,-0.011634944315842144,BC17,0.01
FXYD3,-0.11142432159285351,BC17,0.01
PEBP1,-0.10208992051778892,BC17,0.01
CLDN3,-0.052022526185515686,BC17,0.01
HSPD1,-0.07261521208562932,BC17,0.01
NDUFAF3,0.08496147757832802,BC17,0.01
NDUFB4,-0.07745691714645352,BC17,0.01
COX14,-0.025135348880013078,BC17,0.01
PBX1,0.00494965474989484,BC17,0.01
ATP5ME,-0.11205385954020235,BC17,0.01
SLC39A6,-0.01042023028731943,BC17,0.01
CKS2,0.04657769582214167,BC17,0.01
DYNLRB1,-0.03184245983883034,BC17,0.01
NDUFS6,0.022132239045214244,BC17,0.01
STARD10,-0.06241674002783452,BC17,0.01
TBC1D9,0.045683163164533476,BC17,0.01
PAFAH1B3,-0.010211229118581282,BC17,0.01
ATP5MC1,-0.052050574678498183,BC17,0.01
SELENOP,-0.01703607417590655,BC17,0.01
NDUFA7,-0.011317712789360565,BC17,0.01
PRKAR1A,-0.009727244925581979,BC17,0.01
RBBP7,0.049896301751177596,BC17,0.01
SCD,0.0986933012653423,BC17,0.01
MORF4L2,-0.10574830484494709,BC17,0.01
ATP6AP1,0.04846026435741013,BC17,0.01
NDUFA12,0.009216449989901723,BC17,0.01
TOMM6,0.03950273949497998,BC17,0.01
C1orf43,-0.06672473447624394,BC17,0.01
COX17,-0.030029537714179703,BC17,0.01
BEX3,-0.02021332705867052,BC17,0.01
GTF2I,0.003599735945375933,BC17,0.01
PRDX5,-0.047144316450182494,BC17,0.01
VAMP8,-0.09162757493599236,BC17,0.01
ACO2,-0.01860056183953806,BC17,0.01
NDUFA6,-0.03820637273878507,BC17,0.01
IGFBP4,0.03697567405998398,BC17,0.01
ERP29,-0.045779262003911164,BC17,0.01
MZT2B,-0.03898932525987308,BC17,0.01
NQO1,0.040259322768935894,BC17,0.01
HACD3,-0.06984111089103413,BC17,0.01
MRPL27,0.06495067574682095,BC17,0.01
MAGED2,-0.11146833422864,BC17,0.01
DYNLL1,-0.043543420488757006,BC17,0.01
HINT2,0.0025082698879514663,BC17,0.01
ESR1,-0.004861746001249526,BC17,0.01
NDUFS2,-0.06014362766499798,BC17,0.01
MRPS7,0.06086046770840061,BC17,0.01
TEX264,0.0338570509771408,BC17,0.01
CALR,-0.07973068187731529,BC17,0.01
CAPG,-0.025979736392191508,BC17,0.01
BANF1,0.06832388871412316,BC17,0.01
SSR3,-0.05555756583638349,BC17,0.01
ANAPC11,-0.044364639684064344,BC17,0.01
NDUFA8,-0.0300792544624185,BC17,0.01
CERS2,-0.048434116172887176,BC17,0.01
NAXE,-0.0336539976474804,BC17,0.01
MRPS26,0.005380736756763555,BC17,0.01
TMED2,-0.04118685386229354,BC17,0.01
RSBN1L,-0.08220278322933659,BC17,0.01
NDUFB1,-0.09601971710110913,BC17,0.01
TM7SF2,0.10223169859522618,BC17,0.01
SNF8,0.09866811371933923,BC17,0.01
CANX,-0.008746622178376837,BC17,0.01
SRI,-0.08556731505245134,BC17,0.01
TMEM14B,0.05654639958540998,BC17,0.01
SELENOT,0.03616605293326165,BC17,0.01
ARL6IP4,-0.0389411487939419,BC17,0.01
COX7A2L,-0.04567487797446099,BC17,0.01
SNHG25,0.10790286050580757,BC17,0.01
GASK1B,0.07764474197689172,BC17,0.01
YWHAQ,-0.1657024002869284,BC17,0.01
MRPS24,-0.0010833199413482647,BC17,0.01
NDUFB8,-0.02840834980061559,BC17,0.01
SMDT1,0.018260985996618746,BC17,0.01
DNPH1,0.10283819617675408,BC17,0.01
MRPS12,0.0016505144691743318,BC17,0.01
NENF,-0.07305690060362022,BC17,0.01
H2BC5,0.06816151089557965,BC17,0.01
SARAF,0.0036986183022390097,BC17,0.01
TECR,-0.04839952923432567,BC17,0.01
TSPAN13,0.06275104844625203,BC17,0.01
COPS9,-0.08359398333749296,BC17,0.01
PCBD1,-0.022165881709970733,BC17,0.01
PMVK,0.016235379272461638,BC17,0.01
CSAD,0.013976767382291288,BC17,0.01
APRT,0.01146023355721955,BC17,0.01
RTN3,-0.004638659790449877,BC17,0.01
MRPL23,0.003918125763102668,BC17,0.01
CMTM6,-0.008434755248864716,BC17,0.01
NDUFS3,-0.02340511015238456,BC17,0.01
PLAAT3,0.13316276826608078,BC17,0.01
PCMTD1,-0.09706006669682254,BC17,0.01
GADD45GIP1,-0.0021273031223510205,BC17,0.01
MRPS34,-0.011829269019777685,BC17,0.01
TNNT1,0.1410976625445765,BC17,0.01
MRPL12,0.03170133304626143,BC17,0.01
HPN,0.05864378829596918,BC17,0.01
P4HTM,0.005452216341078282,BC17,0.01
CTSF,0.11215050254285192,BC17,0.01
GCSH,0.008784377225852026,BC17,0.01
MRPL57,-0.004853965509555801,BC17,0.01
MRPS23,0.050259683981851114,BC17,0.01
MRFAP1,-0.041441399531142106,BC17,0.01
PTMS,-0.0890482167131772,BC17,0.01
ATP5PB,-0.06127341143644604,BC17,0.01
GHITM,0.010463922556531004,BC17,0.01
PIGT,0.026831996071458506,BC17,0.01
PTGES3,-0.0608761429384276,BC17,0.01
TRMT112,-0.0234462194248358,BC17,0.01
TOB1,-0.015862732295341173,BC17,0.01
PHPT1,-0.06149375997120439,BC17,0.01
EGR1,0.06674988431686497,BC17,0.01
NDUFAF8,-0.052356706248241194,BC17,0.01
AHCYL1,-0.05834073303208056,BC17,0.01
CALM3,0.023661746833849067,BC17,0.01
ZCRB1,-0.006004208272699311,BC17,0.01
RERG,0.04440690611134107,BC17,0.01
NDUFS7,-0.03109210798362992,BC17,0.01
SCAND1,0.032280300782711116,BC17,0.01
SEC11C,-0.03575814344900221,BC17,0.01
NDUFB6,0.023664302002662868,BC17,0.01
GGA2,-0.058127728426437514,BC17,0.01
COA3,-0.04236647195332321,BC17,0.01
UGCG,-0.0402344924798945,BC17,0.01
PXMP2,0.08240977309473102,BC17,0.01
SELENOW,-0.06065921208459728,BC17,0.01
TMEM14A,0.033343231813810714,BC17,0.01
PPP1CA,0.06323976252312576,BC17,0.01
DDRGK1,-0.020451550568376553,BC17,0.01
MRPL24,-0.008966272884964554,BC17,0.01
MRPL40,0.04656085667622318,BC17,0.01
BTG2,-0.19506477866936942,BC17,0.01
MAST4,-0.021634761839157676,BC17,0.01
MICOS13,-0.04167349099384636,BC17,0.01
RWDD4,0.005626929919512206,BC17,0.01
NDUFV1,0.0091196072350866,BC17,0.01
UQCC3,0.031798590133683545,BC17,0.01
LSM4,-0.06506355739310814,BC17,0.01
H2BC21,-0.047578694810523986,BC17,0.01
RPN2,-0.08472969933989485,BC17,0.01
MIEN1,-0.08999321520532991,BC17,0.01
AMZ2,0.10570360119007861,BC17,0.01
ANAPC16,-0.08327893151484551,BC17,0.01
MZT2A,-0.09453969776017619,BC17,0.01
YIF1A,0.02317948919568063,BC17,0.01
C11orf58,-0.1125813987440581,BC17,0.01
PDHB,0.008804218963399363,BC17,0.01
TRAPPC6A,-0.018876618913487197,BC17,0.01
FDPS,-0.04381406122658587,BC17,0.01
DCXR,0.030220970522991754,BC17,0.01
CMBL,0.015440401230720775,BC17,0.01
DHRS7,-0.0059157744222364875,BC17,0.01
SDF2L1,0.07532826962642089,BC17,0.01
GTF3A,0.037279316322996206,BC17,0.01
H2AC6,-0.054847978115610395,BC17,0.01
ARF3,0.025960483091157015,BC17,0.01
BLVRB,0.010454988993304815,BC17,0.01
CRNDE,-0.03690487425493524,BC17,0.01
CYB561,0.0443235677826437,BC17,0.01
DUT,-0.046296236479957925,BC17,0.01
CHCHD5,-0.06163739320536614,BC17,0.01
ST13,-0.03874988304399192,BC17,0.01
TMEM134,0.08504645145036735,BC17,0.01
GALNT1,0.07179928879079676,BC17,0.01
TMEM9B,0.03518393408923251,BC17,0.01
FOXA1,0.0680971646086211,BC17,0.01
RNF139,0.0633115086053612,BC17,0.01
DDT,-0.07012498095897804,BC17,0.01
TOMM22,-0.035261585418483676,BC17,0.01
COMT,0.0291286432969311,BC17,0.01
HSD17B10,-0.02128568584924902,BC17,0.01
SELENOS,-0.10335602745368119,BC17,0.01
PPCS,-0.034290818974730145,BC17,0.01
CACYBP,-0.014927663016189165,BC17,0.01
GNG10,0.0269012081621425,BC17,0.01
POLD4,0.010037011596362217,BC17,0.01
POLR2F,0.047172518438690775,BC17,0.01
BPTF,0.02141464684682713,BC17,0.01
CISD3,0.002919832823237075,BC17,0.01
TMEM141,-0.026550678701517852,BC17,0.01
ECH1,-0.05946751361250489,BC17,0.01
SYAP1,0.06629397974406866,BC17,0.01
SORD,0.056825028294656445,BC17,0.01
GAMT,0.03308536303354739,BC17,0.01
GADD45G,0.053878949482635184,BC17,0.01
DGCR6L,0.07291938657480916,BC17,0.01
MCRIP2,0.002478825895037521,BC17,0.01
MARCHF6,0.017533449964742293,BC17,0.01
HEBP1,-0.03192056320134465,BC17,0.01
BLVRA,0.001859036531566367,BC17,0.01
MTCH1,-0.04961252928090757,BC17,0.01
LAMP2,-0.02063528337457814,BC17,0.01
FOSB,-0.028739466388277922,BC17,0.01
PNPLA4,0.08110750130234665,BC17,0.01
PNKD,0.020393025594591326,BC17,0.01
MDH1,-0.08982714832314252,BC17,0.01
SHARPIN,0.043007667871981625,BC17,0.01
SDHB,-0.07976455732119299,BC17,0.01
TPD52L1,0.11016159775798033,BC17,0.01
YIPF3,0.03268177406133094,BC17,0.01
RABAC1,-0.03572234495032551,BC17,0.01
MRPL36,-0.0035996623654737064,BC17,0.01
TCEAL1,-0.00186096864027331,BC17,0.01
NDUFA10,-0.06889298277996336,BC17,0.01
PRLR,0.008751276414012363,BC17,0.01
PHF14,0.018137670899934687,BC17,0.01
SUPT4H1,0.04749063304344319,BC17,0.01
PRXL2A,0.004359175415811648,BC17,0.01
CCDC167,0.06187884209369248,BC17,0.01
BAD,0.026483185379427565,BC17,0.01
SPDEF,-0.026109184552225072,BC17,0.01
MRPS18A,0.04617494894972835,BC17,0.01
BSCL2,-0.018969727796395802,BC17,0.01
LASP1,-0.04421974996456837,BC17,0.01
MRPL21,0.03627319013113466,BC17,0.01
NR2F6,0.0650042891007208,BC17,0.01
NORAD,-0.014008325572130243,BC17,0.01
ERLEC1,0.015799049855506866,BC17,0.01
ACSF2,0.028062806688864187,BC17,0.01
EIF2AK1,0.07531721719372565,BC17,0.01
RHBDD2,2.766610408462225e-05,BC17,0.01
EMC10,-0.003756708194575071,BC17,0.01
TSC22D3,-0.02218717509609051,BC17,0.01
RBM47,0.0425274120657618,BC17,0.01
SERINC3,0.02895206279922686,BC17,0.01
LRPAP1,-0.012565999435889201,BC17,0.01
RNF187,-0.08145427625100785,BC17,0.01
CDH1,-0.034866141513600735,BC17,0.01
DYNLL2,0.11927791771488895,BC17,0.01
YIPF6,0.018342974259904023,BC17,0.01
MLF2,-0.04069378731957019,BC17,0.01
MRPS14,-0.03419136090921037,BC17,0.01
DMAC1,-0.022042960565815978,BC17,0.01
FLOT1,-0.005981473647285179,BC17,0.01
ING2,0.04347773344198851,BC17,0.01
ISOC2,0.0951923781512347,BC17,0.01
OS9,0.0032973015094474945,BC17,0.01
PTOV1,0.015475924985164596,BC17,0.01
SRSF1,-0.0371534418567073,BC17,0.01
HAGH,0.0021276146669376,BC17,0.01
POLDIP2,-0.01962883179128786,BC17,0.01
COA1,0.06894688359924048,BC17,0.01
CMC1,-0.033526010138068746,BC17,0.01
ECI1,0.030687933128336946,BC17,0.01
TP53TG1,-0.10345257038965043,BC17,0.01
RPP21,-0.008443645047950987,BC17,0.01
VAV3,0.022465804609622192,BC17,0.01
UHMK1,-0.06218940152170207,BC17,0.01
DEK,0.011728009920061155,BC17,0.01
TXN2,-0.011312097665922628,BC17,0.01
ARMCX3,-0.026245747133926498,BC17,0.01
COX11,0.04140235563707794,BC17,0.01
ZDHHC24,0.04757861831600041,BC17,0.01
TCEAL3,-0.015039992401000174,BC17,0.01
ARL3,-0.056229855484666746,BC17,0.01
RCN2,-0.06463591098878407,BC17,0.01
TMEM208,0.10935612291192444,BC17,0.01
MCTS1,-0.025847030850337342,BC17,0.01
NUDT4,0.03707500017052592,BC17,0.01
RNASEH2C,0.01509914425460733,BC17,0.01
POLE4,-0.021438542183693236,BC17,0.01
IRX3,-0.005776319381735208,BC17,0.01
STRBP,-0.011324048513176822,BC17,0.01
IDH1,-0.020197226151767535,BC17,0.01
HTATIP2,-0.035338535512691636,BC17,0.01
MED13L,0.009608688551019718,BC17,0.01
BCAM,-0.02735850869674249,BC17,0.01
EPHX1,-0.03264910900745765,BC17,0.01
PLD3,0.008718596332847479,BC17,0.01
SIAH2,-0.01553019861125654,BC17,0.01
PPP1CC,-0.016491479340999416,BC17,0.01
TMEM9,-0.029955937691455423,BC17,0.01
PIN1,0.02306517266163641,BC17,0.01
SLC35B1,0.03126920583118994,BC17,0.01
ANAPC13,0.038662349219188354,BC17,0.01
ERBB3,-0.021955907361554648,BC17,0.01
GRAMD1A,0.005123228758086175,BC17,0.01
CORO1B,0.068150316381279,BC17,0.01
SEZ6L2,-0.015747282323494163,BC17,0.01
GRINA,-0.04255719091904516,BC17,0.01
SQLE,-0.07045304325264311,BC17,0.01
C20orf27,0.06661299342611639,BC17,0.01
SRSF6,-0.03797128637222909,BC17,0.01
SPOP,-0.025700410579822544,BC17,0.01
MRPL34,-0.030530579288409892,BC17,0.01
TXNIP,-0.04358006485502831,BC17,0.01
GRN,0.0031642327044988446,BC17,0.01
C7orf50,-0.002385619952745557,BC17,0.01
ABHD12,0.003166320049512992,BC17,0.01
EGLN2,-0.04845862154750897,BC17,0.01
TAF15,0.07485444906089654,BC17,0.01
SH3YL1,-0.0025210567919218985,BC17,0.01
ATG101,-0.04874136750525726,BC17,0.01
TLE5,-0.01831026989351723,BC17,0.01
PTPMT1,0.07194253910822355,BC17,0.01
NINJ1,-0.04513913679191822,BC17,0.01
MRPS18B,-0.013036456396575375,BC17,0.01
ADI1,0.04867762248631579,BC17,0.01
TRPS1,-0.009037126443195122,BC17,0.01
ZMAT2,0.015431395525225886,BC17,0.01
METRN,-0.01880456305922926,BC17,0.01
NECAB3,0.06123603986775728,BC17,0.01
TERF2IP,-0.02848995821819841,BC17,0.01
METTL5,-0.0009049911869529987,BC17,0.01
SUSD3,0.03464376102758724,BC17,0.01
SRPRB,-0.013317774337603724,BC17,0.01
CTSH,0.016247546190584623,BC17,0.01
VDAC3,-0.020472953650106557,BC17,0.01
SURF1,-0.00506627266188284,BC17,0.01
OCEL1,0.019998826061218413,BC17,0.01
SEC61A1,0.09550790861391233,BC17,0.01
COQ4,0.032092421159359695,BC17,0.01
THSD4,-0.051286529999991934,BC17,0.01
CNPY3,0.06252368370797211,BC17,0.01
DCTN3,0.029052059612735548,BC17,0.01
RNF5,0.033497251627193816,BC17,0.01
CDS2,0.021618328282564832,BC17,0.01
PIGP,0.07420522514831619,BC17,0.01
SNRPN,-0.0162997877435687,BC17,0.01
RPN1,-0.0007930070924003455,BC17,0.01
FAM120AOS,-0.0004853857656553091,BC17,0.01
TIMMDC1,0.05531133519784535,BC17,0.01
ZBTB20,0.012049993011696347,BC17,0.01
GPAA1,-0.023802498721826906,BC17,0.01
RAP1A,-0.045248565928866086,BC17,0.01
TIMM17B,0.035208256590134705,BC17,0.01
USF2,-0.020933068019390804,BC17,0.01
WBP1,0.005513267356823081,BC17,0.01
BAG3,-0.010283240777014167,BC17,0.01
CAND1,-0.04175016000656671,BC17,0.01
SPATA20,0.06408395677370257,BC17,0.01
CTSA,0.014011116855333688,BC17,0.01
C8orf82,-0.014480820643255626,BC17,0.01
TIMP3,0.0793494131492113,BC17,0.01
FBP1,-0.0437360689262373,BC17,0.01
POP7,-0.0337274359573763,BC17,0.01
CTSZ,0.07413833906220252,BC17,0.01
COPRS,0.04494125603801178,BC17,0.01
HMGCS1,0.009870441480679717,BC17,0.01
CLTC,-0.033815913505119435,BC17,0.01
NFU1,-0.07452970172671644,BC17,0.01
MEA1,-0.010835003376007634,BC17,0.01
COMTD1,0.019089691544596204,BC17,0.01
CLPTM1,0.07489597946072751,BC17,0.01
EBP,0.01776882285710251,BC17,0.01
RNF13,0.02047574342630189,BC17,0.01
FLYWCH2,0.011294800844081191,BC17,0.01
IRF2BPL,-0.016440838022709826,BC17,0.01
MGMT,0.00887299167352798,BC17,0.01
EML2,0.013749180240231147,BC17,0.01
STMN1,-0.0848405939327151,BC17,0.01
PIGX,0.052854027976655435,BC17,0.01
AL035661.1,0.04524235060154046,BC17,0.01
BRMS1,0.041445154805901045,BC17,0.01
CDK4,-0.006016211672027407,BC17,0.01
SIGIRR,-0.07107750073647554,BC17,0.01
TSG101,0.005268822101584388,BC17,0.01
CHPF,0.016688195126620904,BC17,0.01
SPR,0.022049047217661426,BC17,0.01
ELAPOR1,0.02798349359150843,BC17,0.01
MRPS36,-0.00769426990458485,BC17,0.01
ATXN10,-0.03441601445812393,BC17,0.01
MTX2,0.002518803879678009,BC17,0.01
SAYSD1,-0.001408691557530259,BC17,0.01
JOSD2,0.024315622685128595,BC17,0.01
FAM102A,-0.030168039429167785,BC17,0.01
FIBP,0.022152072375500827,BC17,0.01
HEXIM1,-0.06557601540343379,BC17,0.01
ATP6V1H,-0.10469215744245294,BC17,0.01
KCNK6,-0.04893207157589894,BC17,0.01
FAM120A,-0.022734027904321677,BC17,0.01
HDDC2,-0.013610168933608153,BC17,0.01
CXXC5,-0.001800938596978015,BC17,0.01
IFT27,0.029075166515310655,BC17,0.01
CANT1,-0.004940766103766434,BC17,0.01
SERTAD3,0.01807334040282416,BC17,0.01
FSIP1,0.005707034537330151,BC17,0.01
ERGIC1,0.0744731735378582,BC17,0.01
RBBP4,-0.05280925619694565,BC17,0.01
CCDC85B,0.013460820970579698,BC17,0.01
WDR61,0.014637126380965768,BC17,0.01
PAGR1,-0.02274585020765999,BC17,0.01
NUCB1,-0.01737370885217812,BC17,0.01
ANAPC5,-0.02210081774925503,BC17,0.01
TCTA,0.047075513522252456,BC17,0.01
CREG1,-0.005044357328483746,BC17,0.01
KRR1,0.03920911363333206,BC17,0.01
NOL3,0.09138235627574673,BC17,0.01
RETREG2,-0.001460570306189459,BC17,0.01
S100P,0.1102615961471487,BC17,0.01
CDIPT,0.008914671778447819,BC17,0.01
TESMIN,0.029395170916504867,BC17,0.01
C1orf122,0.01978587643292459,BC17,0.01
MYADM,0.005710933675247234,BC17,0.01
FAM174A,-0.013647383252269765,BC17,0.01
PGP,0.01669249082422821,BC17,0.01
ACOT13,0.0753693767403745,BC17,0.01
NT5C,0.013692990664034402,BC17,0.01
SPINT1-AS1,-0.026544047569359432,BC17,0.01
MSI2,-0.034885068302677735,BC17,0.01
CAMK2N1,-0.08079087541006662,BC17,0.01
AKAP1,0.0491835882010629,BC17,0.01
PDZD11,-0.0007973428635521087,BC17,0.01
RAB17,0.03944399889329577,BC17,0.01
C15orf61,0.010093923592961353,BC17,0.01
BRI3,0.006095089173416706,BC17,0.01
MTARC2,0.05509850037530022,BC17,0.01
NFE2L1,0.05145220152606068,BC17,0.01
AK1,0.034777244573695854,BC17,0.01
ETHE1,0.0015638166103371964,BC17,0.01
SYS1,0.042209920061691615,BC17,0.01
ZNF24,-0.02026536296310425,BC17,0.01
MAP4K3-DT,0.027273344489082182,BC17,0.01
ZNF385A,0.00048165496449397474,BC17,0.01
ARL2BP,-0.006991857287808445,BC17,0.01
MTHFS,-0.01358536579940552,BC17,0.01
MPC1,-0.06578406903276868,BC17,0.01
STARD7,-0.028903375083978593,BC17,0.01
DCAF7,0.07660530674127744,BC17,0.01
CRLS1,0.04569821729212541,BC17,0.01
BEX4,0.03955965874375772,BC17,0.01
CERS6,-0.0247427705201881,BC17,0.01
POLR3K,0.011891125549692702,BC17,0.01
SKIL,0.09123191067400525,BC17,0.01
ALG13,-0.0255408912128202,BC17,0.01
EXOSC5,0.010163153762444267,BC17,0.01
GOSR2,0.025983366235532164,BC17,0.01
A1BG,-0.008536349339728792,BC17,0.01
IARS2,-0.00279954915547303,BC17,0.01
SS18L2,0.01886553852793048,BC17,0.01
SWI5,0.0071448785054756435,BC17,0.01
STIP1,-0.002409046627083384,BC17,0.01
M6PR,0.0036014107261817087,BC17,0.01
OTUB1,0.021398997319407243,BC17,0.01
SKAP1,0.03496740133993551,BC17,0.01
POLR2C,0.01800441865954479,BC17,0.01
LYPD3,-0.008150944815454699,BC17,0.01
KIF12,-0.04345763914537427,BC17,0.01
GPR160,-0.043079589836480026,BC17,0.01
ERG28,-0.007440757038957441,BC17,0.01
SAC3D1,0.08647340081406146,BC17,0.01
TJP3,0.027263737495518733,BC17,0.01
HMGN4,-0.02254189905664708,BC17,0.01
CCS,0.015999593618364987,BC17,0.01
HADHB,-0.12082149687484621,BC17,0.01
CRELD2,-0.022958254628499368,BC17,0.01
MACROD1,0.04266166992009243,BC17,0.01
RPA3,0.002428062663727711,BC17,0.01
AKT2,0.012943427388526862,BC17,0.01
OTUD6B-AS1,0.01675611849076362,BC17,0.01
PRR15L,0.026880292578780073,BC17,0.01
MAGEF1,0.020028214470332564,BC17,0.01
DHX30,0.015362924556185981,BC17,0.01
UNC50,-0.019157651285974003,BC17,0.01
GSTM3,-0.04335925564036134,BC17,0.01
ETFRF1,-0.01527459299256119,BC17,0.01
CCDC91,0.046851781083358725,BC17,0.01
MTSS1,0.04466505546018289,BC17,0.01
CYHR1,-0.0781672857663217,BC17,0.01
SECISBP2,0.03463544931623618,BC17,0.01
DST,-0.024827518493896326,BC17,0.01
ABHD2,-0.08619118838137281,BC17,0.01
TMED7,-0.008370484448674819,BC17,0.01
KCNC2,-0.03931737161288728,BC17,0.01
FAM110A,0.019648249159944543,BC17,0.01
LLGL2,0.017491955436883068,BC17,0.01
SLC22A18,-0.03787245021838023,BC17,0.01
CYB5B,0.006018812622469548,BC17,0.01
MPLKIP,0.05799768231100116,BC17,0.01
KCNQ1OT1,0.02673583759665959,BC17,0.01
PRPSAP1,-0.05142884507827487,BC17,0.01
H2BC4,0.03225562162550415,BC17,0.01
NUBP2,0.015952954818611826,BC17,0.01
RBP1,0.017913342058230947,BC17,0.01
PARL,0.0185181658741964,BC17,0.01
FBXL15,-0.017178236516129205,BC17,0.01
ZNRD2,0.02591326360148266,BC17,0.01
BCAT2,-0.041886418790752736,BC17,0.01
GSTO2,-0.03610461743149342,BC17,0.01
EBLN3P,0.044698900114610744,BC17,0.01
ARFGAP2,-0.025902080824829938,BC17,0.01
KRCC1,-0.027731249706673507,BC17,0.01
KAT6B,-0.06432299427587103,BC17,0.01
MMAB,0.007589263759681874,BC17,0.01
THAP7,-0.0066767330428293475,BC17,0.01
DNASE2,0.011744206813268652,BC17,0.01
SYNE4,-0.0014458093665457538,BC17,0.01
CCDC34,0.08018375290699631,BC17,0.01
ITFG1,0.04569794076147313,BC17,0.01
CPEB4,-0.031972912165471094,BC17,0.01
DNAJA4,0.07906254833823442,BC17,0.01
COQ7,0.020865001840461233,BC17,0.01
RPRD1A,0.014719082496959066,BC17,0.01
TPGS2,0.0011448865282830466,BC17,0.01
ENDOV,-0.02799829326529472,BC17,0.01
OIP5-AS1,-0.013870546771050495,BC17,0.01
HK1,-0.06660994024367804,BC17,0.01
PDHX,0.013867773333993343,BC17,0.01
EBAG9,0.0002912798382615532,BC17,0.01
CCZ1,-0.003998478468712543,BC17,0.01
GET1,0.01724029866003961,BC17,0.01
AHCY,0.027866546199128733,BC17,0.01
SMARCA2,-0.0053023091703949116,BC17,0.01
ZNF830,0.06111090867542997,BC17,0.01
NDUFS1,-0.005283270097483488,BC17,0.01
ARMT1,-0.00156065651656646,BC17,0.01
HNRNPL,-0.0197327110617416,BC17,0.01
B3GAT3,-0.03140693808043783,BC17,0.01
ABHD14A,0.030720977444394823,BC17,0.01
CH17-340M24.3,0.009128448795500165,BC17,0.01
GFPT1,0.024643315515540165,BC17,0.01
RXRA,0.004902750665094477,BC17,0.01
PTGES2,-0.03444325571076409,BC17,0.01
TRUB2,0.07953697434738005,BC17,0.01
SMUG1,-0.008942292047337852,BC17,0.01
HRAS,0.042020771140069885,BC17,0.01
COPG1,0.01580925273778706,BC17,0.01
TMEM251,0.030358722027739968,BC17,0.01
NPTN,0.04577085592397272,BC17,0.01
DHRS4L2,-0.007556133198591304,BC17,0.01
MAFB,0.02599850775860116,BC17,0.01
ZBED5-AS1,-0.021285971672041396,BC17,0.01
TRH,0.06290270985381655,BC17,0.01
VEZF1,0.0651686898760776,BC17,0.01
SLC39A3,0.037766597802892876,BC17,0.01
NFIX,0.09289682851549827,BC17,0.01
WFDC2,0.008392317448284952,BC17,0.01
PCNA,0.025050474421763554,BC17,0.01
IFI27,0.021526900795588538,BC17,0.01
CD27-AS1,-0.04269331841115914,BC17,0.01
SMIM10L1,0.04037572785432223,BC17,0.01
CCDC57,-0.01240323856830464,BC17,0.01
TNFSF10,0.0005288283626655353,BC17,0.01
ZDHHC4,-0.02308783723253545,BC17,0.01
DNAJC12,-0.12372982276638674,BC17,0.01
IDH3A,0.04334125725429888,BC17,0.01
MTUS1,0.008766462719931926,BC17,0.01
ZNF664,-0.007167911471186949,BC17,0.01
THNSL2,0.006701139036867558,BC17,0.01
OXLD1,0.0019976962367529833,BC17,0.01
FBXL5,0.02784497595478764,BC17,0.01
RTN2,0.08182249012639087,BC17,0.01
TSR3,-0.017625732099560504,BC17,0.01
GPATCH2,-0.05771892566478127,BC17,0.01
NKAP,0.026412557426751367,BC17,0.01
CYP51A1,0.00854094779935746,BC17,0.01
MRPL35,0.057780631901367834,BC17,0.01
ZNF32,-0.02228146683303185,BC17,0.01
TPGS1,-0.06280167625463914,BC17,0.01
BAIAP2,-0.01902987606284417,BC17,0.01
NIPSNAP1,-0.03490623015407148,BC17,0.01
AKT1S1,0.02858020367226379,BC17,0.01
HSBP1L1,-0.03447846481644931,BC17,0.01
HTATSF1,-0.024376237370838893,BC17,0.01
DCTN1,0.00538960573393774,BC17,0.01
C15orf40,-0.0225661815179524,BC17,0.01
PIGF,0.05803673331558665,BC17,0.01
TP53I11,-0.02664840497784602,BC17,0.01
PTPN18,-0.0172588115786778,BC17,0.01
HOXB2,0.06447489451050088,BC17,0.01
OGFR,0.04881883529873663,BC17,0.01
XAB2,0.017551011138124576,BC17,0.01
TLE3,-0.0018347759350158587,BC17,0.01
APTR,0.007735362598145777,BC17,0.01
PTGER3,-0.06598152572421659,BC17,0.01
GNPAT,0.037374737614063624,BC17,0.01
FAM210B,-0.0005287685946557701,BC17,0.01
ABHD14B,0.039670897924478095,BC17,0.01
ACY1,0.0013479642470739814,BC17,0.01
HDDC3,0.020037994851202685,BC17,0.01
HOXB6,0.02367920173132694,BC17,0.01
GPS1,0.00829130229156405,BC17,0.01
NFKBIZ,0.02733798430971901,BC17,0.01
TMEM223,-0.0479175258040233,BC17,0.01
FUNDC1,0.008629723274705792,BC17,0.01
RMND1,-0.007945645077467135,BC17,0.01
TM2D3,-0.030502534763675156,BC17,0.01
CDS1,0.003189872728509806,BC17,0.01
STC1,0.034754644286264166,BC17,0.01
FAM200B,-0.01398813594123525,BC17,0.01
MT-ND6,-0.06538585350768979,BC17,0.01
PSME3IP1,0.02634066811063076,BC17,0.01
KEAP1,-0.021940570584420175,BC17,0.01
SYNJ2BP,-0.002311155968532138,BC17,0.01
ITPK1,0.09908545617927632,BC17,0.01
COPS7A,0.03723168353080344,BC17,0.01
RXYLT1,0.059285728408932876,BC17,0.01
ARSD,0.04703753254371399,BC17,0.01
SERPINA5,0.04089465211421645,BC17,0.01
IMMP1L,-0.02931136369562237,BC17,0.01
KIF21A,0.005612484224196864,BC17,0.01
ZFX,0.025855914501723552,BC17,0.01
HOXB5,0.07654981306361318,BC17,0.01
ZNF467,-0.0020310102868978637,BC17,0.01
TSPAN1,-0.01828789604063833,BC17,0.01
LY6E,0.037971434445451015,BC17,0.01
FBXO21,-0.03119514914077857,BC17,0.01
HAGHL,-0.06779140361787132,BC17,0.01
ANXA9,0.04017050192080359,BC17,0.01
MALSU1,-0.018341098809940146,BC17,0.01
PIK3R1,-0.0002537465998268641,BC17,0.01
NCBP2AS2,0.0116268985714373,BC17,0.01
BLCAP,-0.032048409382257226,BC17,0.01
TMX1,0.019889227050670845,BC17,0.01
MRPL11,0.05244680755389818,BC17,0.01
GLCE,-0.05543516608157881,BC17,0.01
OARD1,-0.02748666565987221,BC17,0.01
IGF1R,0.015979735093743695,BC17,0.01
H2BC15,-0.027708379919263223,BC17,0.01
LINC00472,0.019066674776863198,BC17,0.01
LDOC1,-0.04887441760865637,BC17,0.01
HOXB-AS3,0.06975544430925022,BC17,0.01
RASD1,0.07467913867245306,BC17,0.01
TTC14,-0.03337575598434802,BC17,0.01
SEPTIN8,-0.0033061765498428796,BC17,0.01
CRELD1,-0.002310539916567368,BC17,0.01
WASHC3,0.007212218326459561,BC17,0.01
CEACAM5,0.06118005451746438,BC17,0.01
HDGFL3,0.034444104501735295,BC17,0.01
TAOK3,-0.04481292740024823,BC17,0.01
PDE4DIP,-0.04090176346333073,BC17,0.01
VPS51,-0.01775268557528987,BC17,0.01
HSPH1,-0.0002860943403490276,BC17,0.01
DEGS2,-0.05378798797305518,BC17,0.01
CCDC151,0.08535626852201757,BC17,0.01
STAU2,-0.007232829418175984,BC17,0.01
MRFAP1L1,-0.02756875706955269,BC17,0.01
IER5,0.08309819456072352,BC17,0.01
PSIP1,0.0009093965651831629,BC17,0.01
TMEM98,0.015675106807785964,BC17,0.01
IFI27L1,0.03581444671257515,BC17,0.01
AUTS2,0.06930596558121686,BC17,0.01
SNX10,0.10309911556415038,BC17,0.01
ALDH3B2,0.07406629478427795,BC17,0.01
FGD5-AS1,-0.009515913838943606,BC17,0.01
PDRG1,-0.050864979847120996,BC17,0.01
MYL9,-0.009502800782934457,BC17,0.01
TCTN1,0.06471807643217235,BC17,0.01
AC068888.1,0.039592486940045656,BC17,0.01
C3orf14,-0.06514789661590376,BC17,0.01
DACH1,0.18591465284911254,BC17,0.01
SYT1,0.07443553625716967,BC17,0.01
HSPB8,0.1272319495743481,BC17,0.01
RAMP3,0.023599712513023074,BC17,0.01
CD81,0.05954718774156524,BC17,0.01
GATAD1,0.028841755930181557,BC17,0.01
STMN3,0.027187088192787458,BC17,0.01
LAPTM4B,-0.0404290507975774,BC17,0.01
ZNF44,0.02078466698862339,BC17,0.01
TMX4,0.11202311172977136,BC17,0.01
CDKN1C,0.006444928356979341,BC17,0.01
CCDC115,-0.03917549992930011,BC17,0.01
C22orf39,-0.02529147387358177,BC17,0.01
SLC2A10,0.09227927959825646,BC17,0.01
PPP2R5A,0.02072958951873197,BC17,0.01
EXOSC3,-0.021963868409425845,BC17,0.01
GAS2L1,-0.01942749792630064,BC17,0.01
MT1F,0.07134385931903461,BC17,0.01
KAZALD1,0.015835153270740712,BC17,0.01
SLC49A3,0.0828777436599391,BC17,0.01
DNAJC30,0.017811210579349417,BC17,0.01
IRX5,0.026915620909094606,BC17,0.01
CPD,0.012052575456668277,BC17,0.01
RNF14,-0.0006583966682860762,BC17,0.01
IFI6,-0.047010597658148,BC17,0.01
E4F1,0.013659899038647063,BC17,0.01
NR4A1,-0.0012691311082472746,BC17,0.01
THBS1,0.013076467237868343,BC17,0.01
TACO1,0.025670002439228505,BC17,0.01
PFDN6,-0.0027755541433810114,BC17,0.01
WNK1,-0.03995765972670953,BC17,0.01
DEDD2,0.06965844910047264,BC17,0.01
PREX1,0.0628709855236514,BC17,0.01
GOT2,0.01894838937382465,BC17,0.01
DDX42,-0.0008177690340670001,BC17,0.01
PIGS,-0.007161359693402969,BC17,0.01
MSMB,0.04800892886327166,BC17,0.01
ISOC1,-0.05149678611860095,BC17,0.01
RBL2,0.04578582518891374,BC17,0.01
NPEPL1,0.04514070092735086,BC17,0.01
TRPT1,-0.034558362425185354,BC17,0.01
HOXB7,0.07187083281495495,BC17,0.01
SCNN1A,0.021213773084789486,BC17,0.01
SLC35E3,0.004848684496328118,BC17,0.01
ZNF587,-0.00757418048469244,BC17,0.01
CTPS2,0.09112622330567073,BC17,0.01
MB,0.032660513865531635,BC17,0.01
FAM89B,0.046621348463679435,BC17,0.01
UBE2S,0.09693588943022768,BC17,0.01
FBLN1,0.07040690275502035,BC17,0.01
RAB1B,-0.025967779495547974,BC17,0.01
NUDT9,-0.049568813863373105,BC17,0.01
TXNDC15,0.029117593924513244,BC17,0.01
ZCCHC10,-0.043576431011977106,BC17,0.01
CRBN,-0.006978592343336147,BC17,0.01
RING1,-0.02087676026966496,BC17,0.01
SUMF1,0.024009655668607206,BC17,0.01
MYLIP,0.10853612209029836,BC17,0.01
PCP2,0.0004105056764519809,BC17,0.01
MRPL45,0.08783054294767491,BC17,0.01
KLHDC3,0.008517177911357973,BC17,0.01
INO80C,0.05715326829697892,BC17,0.01
LY6K,0.18473224190379017,BC17,0.01
ADCY1,0.027017611116103114,BC17,0.01
JARID2,0.006941752352836731,BC17,0.01
TPP1,0.020132504398392884,BC17,0.01
HAUS1,-0.01822330611436619,BC17,0.01
TMEM54,0.0018228343689548376,BC17,0.01
ADIPOR2,0.05356189396469353,BC17,0.01
PTPRA,0.052759996002494564,BC17,0.01
ZNF444,0.02409845182004362,BC17,0.01
MAGED1,0.04978390786150983,BC17,0.01
OAZ3,0.030542043369592944,BC17,0.01
AIP,0.022064857060653843,BC17,0.01
MRS2,0.03309401100261217,BC17,0.01
SMC4,-0.041575250306005104,BC17,0.01
SLC2A4RG,-0.04126221657056671,BC17,0.01
DCAF10,-0.046105533125111724,BC17,0.01
STX16,0.00017042586635263341,BC17,0.01
ATPAF1,-0.0090414419887342,BC17,0.01
DYNC1LI2,-0.02425075223364293,BC17,0.01
NFATC4,-0.029911382414221734,BC17,0.01
DHRSX,0.003125794453873617,BC17,0.01
GOLM2,0.024850468375487985,BC17,0.01
HOXC10,0.08149228691383836,BC17,0.01
MDM2,0.02140014496252384,BC17,0.01
CMTM8,0.06329943301599153,BC17,0.01
MAGI1,0.010330219450737305,BC17,0.01
NCOA4,-0.00935825863620213,BC17,0.01
G6PC3,0.003963262666000576,BC17,0.01
ZFAND2A,0.024185162753534224,BC17,0.01
IDH3B,-0.056990761789196084,BC17,0.01
SERPINI1,-0.031827872939734735,BC17,0.01
NABP2,0.013262171573080501,BC17,0.01
SLC25A1,0.011601092718980417,BC17,0.01
AC008268.1,-0.07645145200773285,BC17,0.01
ASXL1,-0.008264815383117312,BC17,0.01
GNS,0.04775159756221158,BC17,0.01
MBTPS1,-0.007275586837451436,BC17,0.01
NSL1,-0.010802394595737026,BC17,0.01
MAT2A,-0.010288237048414393,BC17,0.01
STYXL1,0.007598848340418678,BC17,0.01
NSD1,0.004317261098692909,BC17,0.01
SRARP,0.053028704291525085,BC17,0.01
TUG1,-0.007838520953901577,BC17,0.01
ELP5,0.087958058611999,BC17,0.01
COG2,-0.027533729847330962,BC17,0.01
RGS16,-0.01968744165152176,BC17,0.01
MINDY1,0.03759486637186088,BC17,0.01
USP9X,0.01674178065385835,BC17,0.01
BATF,-0.0832901502134424,BC17,0.01
ZNF75A,-0.06892426874457236,BC17,0.01
AFTPH,0.0232738088637765,BC17,0.01
MLST8,-0.029029439953076653,BC17,0.01
ACOT8,0.016497123000818854,BC17,0.01
MRPL2,0.04049272607699977,BC17,0.01
TRAK1,0.0005323856980589919,BC17,0.01
CEACAM6,0.12996886995583912,BC17,0.01
NSMCE4A,-0.020987940989080547,BC17,0.01
CHMP1A,0.011643121364566984,BC17,0.01
NECAP1,0.008588368743987544,BC17,0.01
AC018521.5,-0.02933696750982838,BC17,0.01
SMARCD2,0.033510057733082056,BC17,0.01
GAA,-0.016114334257698103,BC17,0.01
NFYC,-0.004809605081822495,BC17,0.01
CZIB,0.03303674225694899,BC17,0.01
CFD,0.017393025849270684,BC17,0.01
IRS1,-0.015295891315075954,BC17,0.01
LMTK3,-0.0613052111285793,BC17,0.01
AMFR,0.05303956685606593,BC17,0.01
PPP1R37,0.05158187701775099,BC17,0.01
ANKRD11,0.03591397458313255,BC17,0.01
GPRC5C,0.05528584021770305,BC17,0.01
OLMALINC,0.0391409067152447,BC17,0.01
STK24,0.04715741010037817,BC17,0.01
TSPYL2,-0.005921654952007538,BC17,0.01
INSIG1,-0.008628233959621829,BC17,0.01
SIRT2,0.05871693942655107,BC17,0.01
EPM2AIP1,0.014107146307711423,BC17,0.01
NDRG3,-0.044454872140128825,BC17,0.01
MAVS,0.03910782101602412,BC17,0.01
ZMPSTE24,-0.04525620126557458,BC17,0.01
ROGDI,-0.016610136972756484,BC17,0.01
PDCD7,0.0025915319780532068,BC17,0.01
ENPP5,-0.04498448352575956,BC17,0.01
SYT13,0.07227236582963512,BC17,0.01
ELOVL2,0.11800178767657675,BC17,0.01
ATP6V1A,0.015452575069331443,BC17,0.01
ANKRD40,0.050618743299638363,BC17,0.01
SLC27A2,-0.061434956291524505,BC17,0.01
CMC4,-0.038319208234403164,BC17,0.01
GEMIN8,0.06053795688943806,BC17,0.01
ZNF688,0.006776463371288248,BC17,0.01
MRPS25,-0.028831925999073683,BC17,0.01
POLR1H,-0.0007375211987336117,BC17,0.01
TBCC,0.04914509121099333,BC17,0.01
MTERF2,-0.03640147561084886,BC17,0.01
KCNK15,0.04900917599530711,BC17,0.01
ACP5,-0.004557381673971089,BC17,0.01
CDK12,0.056833357801475665,BC17,0.01
ATF7,0.019443961341596306,BC17,0.01
KDM2A,-0.012274254280705336,BC17,0.01
NCOA3,0.08323152511054609,BC17,0.01
FGF2,0.17672388679939485,BC17,0.01
TIMM10B,-0.018133856424515628,BC17,0.01
GUCD1,0.00031412147759671873,BC17,0.01
PAK4,0.062506295280438,BC17,0.01
MOAP1,-0.006799441475120575,BC17,0.01
WWOX,0.1267232895039991,BC17,0.01
COQ9,-0.01257732851025885,BC17,0.01
PANK3,-0.05745479287971357,BC17,0.01
SLC35C2,0.07258328925237299,BC17,0.01
RITA1,0.04105027988825347,BC17,0.01
RELL1,-0.030374584583871964,BC17,0.01
RAMP2,-0.036650871186736655,BC17,0.01
ALDH7A1,-0.015057089104514441,BC17,0.01
HIBADH,-0.003909466223762726,BC17,0.01
SKA2,0.016540501636496837,BC17,0.01
SLC9A3R2,0.03349132865753298,BC17,0.01
VPS26B,-0.025980798489214762,BC17,0.01
HID1,0.009369544956930707,BC17,0.01
SDSL,0.032149855866590346,BC17,0.01
GSE1,-0.00031059773464603473,BC17,0.01
SAMM50,-0.005896653614248766,BC17,0.01
POR,0.0005875781429104192,BC17,0.01
DNAJA3,0.041761917893614185,BC17,0.01
MRPL15,-0.0009058878328089878,BC17,0.01
TAF10,0.021904603613647027,BC17,0.01
BRAF,0.006184698684474585,BC17,0.01
CXCL17,0.18637315724783088,BC17,0.01
LTBP4,-0.024356111060130355,BC17,0.01
CLEC3A,0.11441355201641082,BC17,0.01
PCYOX1,0.051680455709524134,BC17,0.01
CALCOCO2,0.044914129020980645,BC17,0.01
NSF,-0.031717603481832085,BC17,0.01
MDP1,-0.000862408310189204,BC17,0.01
SLC1A5,0.05181689300356076,BC17,0.01
PHYH,-0.002248065246631608,BC17,0.01
ZNF652,0.018687536272862796,BC17,0.01
TMEM25,-0.032980575034731424,BC17,0.01
NTN4,-0.05665620735103082,BC17,0.01
NUDT16,0.038189101369243944,BC17,0.01
UNC119,0.0058296417306264925,BC17,0.01
SLC25A24,-0.01921942546352107,BC17,0.01
PTPN1,-0.036013171257516276,BC17,0.01
ARMC1,0.050528325634375974,BC17,0.01
GREB1,0.0018102861279484482,BC17,0.01
RHPN1,0.023197003995871764,BC17,0.01
RPS6KB1,0.008002212600508162,BC17,0.01
TMEM35B,0.0592688994054544,BC17,0.01
ECPAS,-0.013148289594601952,BC17,0.01
GLT8D1,0.007655356221929554,BC17,0.01
SLC38A10,-0.01835085294093241,BC17,0.01
PNPO,0.037473304250044435,BC17,0.01
AC091271.1,-0.011791022664306603,BC17,0.01
EPS15L1,-0.04175195918694289,BC17,0.01
SNRNP35,0.011753406493497282,BC17,0.01
CYP4B1,0.05023432351001088,BC17,0.01
TMEM192,-0.009700379080176047,BC17,0.01
EGFL7,-0.003232086682202491,BC17,0.01
PCMTD2,0.045544647080620095,BC17,0.01
POP4,-0.00041776082819164795,BC17,0.01
MFSD1,0.0031224463440839532,BC17,0.01
EIF2AK2,0.030929633664080372,BC17,0.01
C5orf15,-0.03360548275986799,BC17,0.01
YTHDF1,0.016751625168162306,BC17,0.01
TTC17,0.05179853148226574,BC17,0.01
VPS4A,0.00908821081045247,BC17,0.01
FUBP1,-0.010478005356846475,BC17,0.01
CFAP20,0.06424401739135419,BC17,0.01
RNF135,-0.030916540614303673,BC17,0.01
DNAJC10,-0.0062959519444762335,BC17,0.01
PITX1,0.12053995950042543,BC17,0.01
KLHL5,-0.08001865924879879,BC17,0.01
ANKRD26,-0.08073501653500795,BC17,0.01
APOE,-0.06656187368527136,BC17,0.01
MT1G,-0.045478998700106264,BC17,0.01
CGA,-0.0056579862597144785,BC17,0.01
USP32,0.029315191927039203,BC17,0.01
PCCA-DT,0.013778808816733218,BC17,0.01
DMAC2,0.0026206771443728436,BC17,0.01
IDNK,-0.007223286687664792,BC17,0.01
TMEM64,0.10269416959089321,BC17,0.01
AGPAT1,0.051766892201931855,BC17,0.01
LENG1,0.021791559552374884,BC17,0.01
LINC02802,0.05933847486393252,BC17,0.01
PDK2,0.026285907006367654,BC17,0.01
FAM3B,0.04221090673774453,BC17,0.01
NDRG2,-0.04770945714098229,BC17,0.01
OSBPL8,-0.08202005635767068,BC17,0.01
RBP7,0.14869217768204168,BC17,0.01
DHRS2,0.03252541790089004,BC17,0.01
SLC30A1,0.07369771505171573,BC17,0.01
RCC1L,-0.061108299179913894,BC17,0.01
VWA1,0.11079719195618642,BC17,0.01
HOPX,0.09129407725562184,BC17,0.01
FAM234A,0.011419602405634433,BC17,0.01
MTARC1,0.05549979375582736,BC17,0.01
PDZK1,0.0024100433841601466,BC17,0.01
RAD9A,0.04690850103488789,BC17,0.01
GOT1,-0.0015850000482234936,BC17,0.01
FBXO9,-0.016382912653818825,BC17,0.01
FDXR,0.02620414956483693,BC17,0.01
C20orf204,0.11217887104953142,BC17,0.01
RIDA,0.009792545861696986,BC17,0.01
ZFHX3,0.018981022383075603,BC17,0.01
PXMP4,0.041126204645961645,BC17,0.01
ARHGAP35,0.04025598759056707,BC17,0.01
VAMP5,-0.0009649822597318491,BC17,0.01
LIG3,0.004669718613512629,BC17,0.01
ALG3,0.056067040102528005,BC17,0.01
AP1S2,0.057150354733570274,BC17,0.01
TMEM60,-0.04253814264359598,BC17,0.01
C6orf89,-0.025730045475639736,BC17,0.01
SYNGR1,0.07774748887113712,BC17,0.01
PVALB,0.047699912826209626,BC17,0.01
APPBP2,0.0632418985806232,BC17,0.01
GCDH,0.00842996898068451,BC17,0.01
LENG8,-0.017867270036679272,BC17,0.01
MYB,0.0010165482528524648,BC17,0.01
TTC36,0.036549081805993075,BC17,0.01
C6orf226,0.019397642946442837,BC17,0.01
RAD51C,0.05652874084485871,BC17,0.01
ARAF,-0.011364091973662995,BC17,0.01
PEPD,0.04988998865125331,BC17,0.01
CHCHD6,0.04746549201911077,BC17,0.01
SULT1A1,0.02732914045186404,BC17,0.01
KCNJ3,0.07710435431680629,BC17,0.01
KIF3B,0.023471092027163774,BC17,0.01
SLC35B2,0.032185057975035174,BC17,0.01
HSD17B8,0.041627735191381195,BC17,0.01
TXLNG,0.01852897387616766,BC17,0.01
ZNF749,0.01120780857016457,BC17,0.01
CHAD,0.14555511686002381,BC17,0.01
ALB,-0.014274487874699943,BC17,0.01
CST5,0.013102116393994221,BC17,0.01
AGTR1,-0.030395387848328702,BC17,0.01
NEFH,-0.003260182936116806,BC17,0.01
