"integrated_rank","gene","final_integrated_score","final_tier","adjusted_biomarker_score","biomarker_score","avg_log2FC","absolute_log2FC","pct.1","pct.2","prevalence_difference","mean_sample_prevalence","minimum_sample_prevalence","maximum_sample_prevalence","consistency_category","sample_consistency_score","specificity_score","prevalence_score","significance_score","high_priority","robust_3sample","final_biological_category","biological_class","GO_BP_support","GO_CC_support","GO_MF_support","KEGG_support","pathway_support","epithelial_relevance","proliferation_relevance","mitochondrial_relevance","stress_relevance","metabolic_flag","biological_review_flag"
1,"H1-2",0.77315,"Tier_2_Strong_Robust_Candidate",0.836386859906486,0.836386859906486,1.81269487925189,1.81269487925189,0.966,0.633,0.333,0.962348168672217,0.928057553956835,0.986842105263158,"Consistent_3_of_3",1,0.333,0.966,1,TRUE,TRUE,"Other_Candidate","Other_Candidate",FALSE,FALSE,TRUE,FALSE,TRUE,FALSE,FALSE,FALSE,FALSE,"Not_OXPHOS_Classified","Standard_candidate"
2,"CHCHD10",0.757554960075271,"Tier_2_Strong_Robust_Candidate",0.830779814806566,0.830779814806566,1.98223851845253,1.98223851845253,0.818,0.471,0.347,0.810558098016529,0.705035971223022,0.958217270194986,"Consistent_3_of_3",1,0.347,0.818,1,TRUE,TRUE,"Mitochondrial_Metabolic","Mitochondrial_OXPHOS",TRUE,TRUE,FALSE,FALSE,TRUE,FALSE,FALSE,TRUE,FALSE,"OXPHOS_Pathway_Supported","Standard_candidate"
3,"DBI",0.743245335955574,"Tier_2_Strong_Robust_Candidate",0.798515492510135,0.798515492510135,1.60572394008108,1.60572394008108,0.966,0.693,0.273,0.963724209021582,0.938848920863309,0.994428969359331,"Consistent_3_of_3",1,0.273,0.966,1,TRUE,TRUE,"Other_Candidate","Other_Candidate",TRUE,TRUE,FALSE,FALSE,TRUE,FALSE,FALSE,FALSE,FALSE,"Not_OXPHOS_Classified","Standard_candidate"
4,"SLC9A3R1",0.741963260707186,"Tier_2_Strong_Robust_Candidate",0.825541146108718,0.825541146108718,1.64592916886974,1.64592916886974,0.912,0.475,0.437,0.918039490120263,0.841225626740947,0.989208633093525,"Consistent_3_of_3",1,0.437,0.912,1,TRUE,TRUE,"Other_Candidate","Other_Candidate",FALSE,FALSE,FALSE,FALSE,FALSE,FALSE,FALSE,FALSE,FALSE,"Not_OXPHOS_Classified","Standard_candidate"
5,"MPC2",0.734046892959788,"Tier_2_Strong_Robust_Candidate",0.79498564862518,0.79498564862518,1.65428518900144,1.65428518900144,0.965,0.739,0.226,0.968318428382935,0.910526315789474,1,"Consistent_3_of_3",1,0.226,0.965,1,TRUE,TRUE,"Other_Candidate","Other_Candidate",TRUE,TRUE,FALSE,FALSE,TRUE,FALSE,FALSE,FALSE,FALSE,"Not_OXPHOS_Classified","Standard_candidate"
6,"FKBP4",0.732220761440943,"Tier_2_Strong_Robust_Candidate",0.780898230953857,0.780898230953857,1.43758584763086,1.43758584763086,0.889,0.522,0.367,0.887317449954419,0.857938718662953,0.926315789473684,"Consistent_3_of_3",1,0.367,0.889,1,TRUE,TRUE,"Other_Candidate","Other_Candidate",FALSE,TRUE,TRUE,FALSE,TRUE,FALSE,FALSE,FALSE,FALSE,"Not_OXPHOS_Classified","Standard_candidate"
7,"PRSS23",0.731177175465214,"Tier_1_Strong_Tumor_Relevant",0.767050935819276,0.767050935819276,1.57640748655421,1.57640748655421,0.739,0.378,0.361,0.758410723407786,0.465789473684211,0.920863309352518,"Consistent_3_of_3",1,0.361,0.739,1,TRUE,TRUE,"Epithelial_Tumor_Relevant","Epithelial_TumorAssociated",FALSE,TRUE,FALSE,FALSE,TRUE,TRUE,FALSE,FALSE,FALSE,"Not_OXPHOS_Classified","Standard_candidate"
8,"GLRX5",0.728054154528145,"Tier_2_Strong_Robust_Candidate",0.8248,0.8248,2.04788098238135,2.04788098238135,0.717,0.31,0.407,0.704492579517972,0.543165467625899,0.891364902506964,"Consistent_3_of_3",1,0.407,0.717,1,TRUE,TRUE,"Other_Candidate","Other_Candidate",FALSE,TRUE,FALSE,FALSE,TRUE,FALSE,FALSE,FALSE,FALSE,"Not_OXPHOS_Classified","Standard_candidate"
9,"FCGRT",0.7279716884174,"Tier_1_Strong_Tumor_Relevant",0.757529975309625,0.757529975309625,1.461839802477,1.461839802477,0.708,0.292,0.416,0.723525211497713,0.37883008356546,0.949640287769784,"Consistent_3_of_3",1,0.416,0.708,1,TRUE,TRUE,"Epithelial_Tumor_Relevant","Epithelial_TumorAssociated",FALSE,TRUE,FALSE,FALSE,TRUE,TRUE,FALSE,FALSE,FALSE,"Not_OXPHOS_Classified","Standard_candidate"
10,"HSPA1A",0.726293066147912,"Tier_2_Strong_Robust_Candidate",0.725321816673933,0.725321816673933,0.815374533391467,0.815374533391467,0.961,0.555,0.406,0.961362568060198,0.947075208913649,0.971223021582734,"Consistent_3_of_3",1,0.406,0.961,1,FALSE,TRUE,"Stress_Response","Stress_Response",TRUE,TRUE,TRUE,FALSE,TRUE,FALSE,FALSE,FALSE,TRUE,"Not_OXPHOS_Classified","Standard_candidate"
11,"TMEM160",0.71975825675542,"Tier_2_Strong_Robust_Candidate",0.781056739466263,0.781056739466263,1.5252539157301,1.5252539157301,0.8,0.398,0.402,0.788378181782385,0.658273381294964,0.868421052631579,"Consistent_3_of_3",1,0.402,0.8,1,TRUE,TRUE,"Other_Candidate","Other_Candidate",FALSE,TRUE,FALSE,FALSE,TRUE,FALSE,FALSE,FALSE,FALSE,"Not_OXPHOS_Classified","Standard_candidate"
12,"NDUFAB1",0.710650057452456,"Tier_2_Strong_Robust_Candidate",0.716729273665924,0.716729273665924,0.95303418932739,0.95303418932739,0.92,0.602,0.318,0.917649946894852,0.892086330935252,0.95,"Consistent_3_of_3",1,0.318,0.92,1,FALSE,TRUE,"Mitochondrial_Metabolic","Mitochondrial_OXPHOS",TRUE,TRUE,FALSE,FALSE,TRUE,FALSE,FALSE,TRUE,FALSE,"OXPHOS_Pathway_Supported","Standard_candidate"
13,"GATA3",0.709856373078879,"Tier_2_Strong_Robust_Candidate",0.729965562123559,0.729965562123559,0.996524496988474,0.996524496988474,0.941,0.605,0.336,0.942055533113459,0.934210526315789,0.953237410071942,"Consistent_3_of_3",1,0.336,0.941,1,FALSE,TRUE,"Other_Candidate","Other_Candidate",TRUE,FALSE,FALSE,FALSE,TRUE,FALSE,FALSE,FALSE,FALSE,"Not_OXPHOS_Classified","Standard_candidate"
14,"ATP5MC3",0.709240312118732,"Tier_2_Strong_Robust_Candidate",0.727128450278051,0.727128450278051,1.13542760222441,1.13542760222441,0.963,0.75,0.213,0.96202083634368,0.953237410071942,0.974930362116992,"Consistent_3_of_3",1,0.213,0.963,1,TRUE,TRUE,"Mitochondrial_Metabolic","Mitochondrial_OXPHOS",TRUE,TRUE,FALSE,FALSE,TRUE,FALSE,FALSE,TRUE,FALSE,"OXPHOS_Pathway_Supported","Standard_candidate"
15,"COX7B",0.705287673580521,"Tier_2_Strong_Robust_Candidate",0.724587398228997,0.724587398228997,1.13909918583198,1.13909918583198,0.957,0.753,0.204,0.955456312270225,0.935251798561151,0.991643454038997,"Consistent_3_of_3",1,0.204,0.957,1,TRUE,TRUE,"Mitochondrial_Metabolic","Mitochondrial_OXPHOS",TRUE,TRUE,TRUE,FALSE,TRUE,FALSE,FALSE,TRUE,FALSE,"OXPHOS_Pathway_Supported","Standard_candidate"
16,"NUCB2",0.705137011028754,"Tier_2_Strong_Robust_Candidate",0.740437898015671,0.740437898015671,1.16990318412537,1.16990318412537,0.899,0.577,0.322,0.907568687756143,0.807894736842105,0.992805755395683,"Consistent_3_of_3",1,0.322,0.899,1,TRUE,TRUE,"Other_Candidate","Other_Candidate",FALSE,TRUE,FALSE,FALSE,TRUE,FALSE,FALSE,FALSE,FALSE,"Not_OXPHOS_Classified","Standard_candidate"
17,"HSBP1",0.702634808458785,"Tier_2_Strong_Robust_Candidate",0.781467165712491,0.781467165712491,1.47413732569993,1.47413732569993,0.951,0.666,0.285,0.94837866695355,0.91726618705036,0.98050139275766,"Consistent_3_of_3",1,0.285,0.951,1,TRUE,TRUE,"Other_Candidate","Other_Candidate",FALSE,FALSE,FALSE,FALSE,FALSE,FALSE,FALSE,FALSE,FALSE,"Not_OXPHOS_Classified","Standard_candidate"
18,"HSPE1",0.702315962936845,"Tier_2_Strong_Robust_Candidate",0.7257256215936,0.7257256215936,1.0298049727488,1.0298049727488,0.963,0.691,0.272,0.960616845916318,0.935251798561151,0.986072423398329,"Consistent_3_of_3",1,0.272,0.963,1,TRUE,TRUE,"Other_Candidate","Other_Candidate",FALSE,TRUE,TRUE,FALSE,TRUE,FALSE,FALSE,FALSE,FALSE,"Not_OXPHOS_Classified","Standard_candidate"
19,"HERPUD1",0.701973568631143,"Tier_2_Strong_Robust_Candidate",0.736065650581529,0.736065650581529,1.11092520465223,1.11092520465223,0.839,0.442,0.397,0.840924644831855,0.785515320334262,0.87410071942446,"Consistent_3_of_3",1,0.397,0.839,1,TRUE,TRUE,"Other_Candidate","Other_Candidate",FALSE,TRUE,FALSE,FALSE,TRUE,FALSE,FALSE,FALSE,FALSE,"Not_OXPHOS_Classified","Standard_candidate"
20,"ATP6AP2",0.701841203458518,"Tier_2_Strong_Robust_Candidate",0.789449891652199,0.789449891652199,1.81799913321759,1.81799913321759,0.772,0.483,0.289,0.754123919747064,0.528776978417266,0.988857938718663,"Consistent_3_of_3",1,0.289,0.772,1,TRUE,TRUE,"Other_Candidate","Other_Candidate",FALSE,TRUE,FALSE,FALSE,TRUE,FALSE,FALSE,FALSE,FALSE,"Not_OXPHOS_Classified","Standard_candidate"
21,"ATP5F1A",0.701494756227477,"Tier_2_Strong_Robust_Candidate",0.774782182712209,0.774782182712209,1.78705746169767,1.78705746169767,0.789,0.571,0.218,0.772152054049474,0.564748201438849,0.983286908077994,"Consistent_3_of_3",1,0.218,0.789,1,TRUE,TRUE,"Mitochondrial_Metabolic","Mitochondrial_OXPHOS",TRUE,TRUE,TRUE,FALSE,TRUE,FALSE,FALSE,TRUE,FALSE,"OXPHOS_Pathway_Supported","Standard_candidate"
22,"COX8A",0.699713647123647,"Tier_2_Strong_Robust_Candidate",0.71394587758215,0.71394587758215,1.0635670206572,1.0635670206572,0.981,0.807,0.174,0.982162541481256,0.968421052631579,0.989208633093525,"Consistent_3_of_3",1,0.174,0.981,1,FALSE,TRUE,"Mitochondrial_Metabolic","Mitochondrial_OXPHOS",TRUE,TRUE,TRUE,FALSE,TRUE,FALSE,FALSE,TRUE,FALSE,"OXPHOS_Pathway_Supported","Standard_candidate"
23,"H2AJ",0.698130948329827,"Tier_2_Strong_Robust_Candidate",0.786170392067126,0.786170392067126,1.60456313653701,1.60456313653701,0.983,0.788,0.195,0.9837769661122,0.963788300835655,0.994736842105263,"Consistent_3_of_3",1,0.195,0.983,1,FALSE,TRUE,"Other_Candidate","Other_Candidate",FALSE,FALSE,FALSE,FALSE,FALSE,FALSE,FALSE,FALSE,FALSE,"Not_OXPHOS_Classified","Standard_candidate"
24,"TMEM230",0.696602381695325,"Tier_2_Strong_Robust_Candidate",0.720900216910069,0.720900216910069,0.983201735280551,0.983201735280551,0.887,0.534,0.353,0.888664942551164,0.86908077994429,0.910071942446043,"Consistent_3_of_3",1,0.353,0.887,1,FALSE,TRUE,"Other_Candidate","Other_Candidate",FALSE,TRUE,FALSE,FALSE,TRUE,FALSE,FALSE,FALSE,FALSE,"Not_OXPHOS_Classified","Standard_candidate"
25,"RETREG1",0.696187116975553,"Tier_2_Strong_Robust_Candidate",0.8062,0.8062,2.67024984721513,2.67024984721513,0.564,0.097,0.467,0.585827974477184,0.257894736842105,0.76978417266187,"Consistent_3_of_3",1,0.467,0.564,1,TRUE,TRUE,"Other_Candidate","Other_Candidate",FALSE,TRUE,FALSE,FALSE,TRUE,FALSE,FALSE,FALSE,FALSE,"Not_OXPHOS_Classified","Standard_candidate"
26,"GPX1",0.694264363223507,"Tier_2_Strong_Robust_Candidate",0.7183856509076,0.7183856509076,0.977485207260803,0.977485207260803,0.895,0.559,0.336,0.898490467265537,0.846796657381616,0.946043165467626,"Consistent_3_of_3",1,0.336,0.895,1,FALSE,TRUE,"Other_Candidate","Other_Candidate",FALSE,TRUE,TRUE,FALSE,TRUE,FALSE,FALSE,FALSE,FALSE,"Not_OXPHOS_Classified","Standard_candidate"
27,"ATP5PD",0.691066363815906,"Tier_2_Strong_Robust_Candidate",0.695019340250557,0.695019340250557,0.865754722004458,0.865754722004458,0.93,0.676,0.254,0.931879314024224,0.918421052631579,0.949640287769784,"Consistent_3_of_3",1,0.254,0.93,1,FALSE,TRUE,"Mitochondrial_Metabolic","Mitochondrial_OXPHOS",TRUE,TRUE,FALSE,FALSE,TRUE,FALSE,FALSE,TRUE,FALSE,"OXPHOS_Pathway_Supported","Standard_candidate"
28,"COX5B",0.689992131137538,"Tier_2_Strong_Robust_Candidate",0.694250790629771,0.694250790629771,0.896406325038166,0.896406325038166,0.986,0.811,0.175,0.986226658608606,0.984210526315789,0.988857938718663,"Consistent_3_of_3",1,0.175,0.986,1,FALSE,TRUE,"Mitochondrial_Metabolic","Mitochondrial_OXPHOS",TRUE,TRUE,TRUE,FALSE,TRUE,FALSE,FALSE,TRUE,FALSE,"OXPHOS_Pathway_Supported","Standard_candidate"
29,"NDUFB7",0.689624893148779,"Tier_2_Strong_Robust_Candidate",0.684980285276756,0.684980285276756,0.74224228221405,0.74224228221405,0.931,0.651,0.28,0.931520427991282,0.928947368421053,0.935251798561151,"Consistent_3_of_3",1,0.28,0.931,1,FALSE,TRUE,"Mitochondrial_Metabolic","Mitochondrial_OXPHOS",TRUE,TRUE,TRUE,FALSE,TRUE,FALSE,FALSE,TRUE,FALSE,"OXPHOS_Pathway_Supported","Standard_candidate"
30,"ETFB",0.687697613954743,"Tier_2_Strong_Robust_Candidate",0.740547687662161,0.740547687662161,1.38518150129729,1.38518150129729,0.651,0.215,0.436,0.643616641652226,0.58273381294964,0.763157894736842,"Consistent_3_of_3",1,0.436,0.651,1,TRUE,TRUE,"Mitochondrial_Metabolic","Mitochondrial_OXPHOS",TRUE,TRUE,TRUE,FALSE,TRUE,FALSE,FALSE,TRUE,FALSE,"OXPHOS_Pathway_Supported","Standard_candidate"
31,"NDUFB10",0.684466735445208,"Tier_2_Strong_Robust_Candidate",0.681885747721626,0.681885747721626,0.751085981773012,0.751085981773012,0.925,0.66,0.265,0.924405445589284,0.899721448467967,0.952631578947368,"Consistent_3_of_3",1,0.265,0.925,1,FALSE,TRUE,"Mitochondrial_Metabolic","Mitochondrial_OXPHOS",TRUE,TRUE,TRUE,FALSE,TRUE,FALSE,FALSE,TRUE,FALSE,"OXPHOS_Pathway_Supported","Standard_candidate"
32,"COX5A",0.684395716904917,"Tier_2_Strong_Robust_Candidate",0.686557889505941,0.686557889505941,0.828463116047528,0.828463116047528,0.947,0.729,0.218,0.947188116681556,0.928947368421053,0.966573816155989,"Consistent_3_of_3",1,0.218,0.947,1,FALSE,TRUE,"Mitochondrial_Metabolic","Mitochondrial_OXPHOS",TRUE,TRUE,TRUE,FALSE,TRUE,FALSE,FALSE,TRUE,FALSE,"OXPHOS_Pathway_Supported","Standard_candidate"
33,"CST3",0.683884296908137,"Tier_2_Strong_Robust_Candidate",0.719055831229711,0.719055831229711,1.13804664983769,1.13804664983769,0.971,0.808,0.163,0.972914528661487,0.958217270194986,1,"Consistent_3_of_3",1,0.163,0.971,1,FALSE,TRUE,"Other_Candidate","Other_Candidate",FALSE,TRUE,FALSE,FALSE,TRUE,FALSE,FALSE,FALSE,FALSE,"Not_OXPHOS_Classified","Standard_candidate"
34,"NDUFB9",0.683514994591374,"Tier_2_Strong_Robust_Candidate",0.682063756237649,0.682063756237649,0.787710049901196,0.787710049901196,0.97,0.772,0.198,0.969924362518488,0.955263157894737,0.983286908077994,"Consistent_3_of_3",1,0.198,0.97,1,FALSE,TRUE,"Mitochondrial_Metabolic","Mitochondrial_OXPHOS",TRUE,TRUE,TRUE,FALSE,TRUE,FALSE,FALSE,TRUE,FALSE,"OXPHOS_Pathway_Supported","Standard_candidate"
35,"MDH2",0.682656071180685,"Tier_2_Strong_Robust_Candidate",0.703877645922375,0.703877645922375,1.058221167379,1.058221167379,0.892,0.676,0.216,0.887108509937395,0.820143884892086,0.983286908077994,"Consistent_3_of_3",1,0.216,0.892,1,TRUE,TRUE,"Mitochondrial_Metabolic","Mitochondrial_OXPHOS",TRUE,TRUE,TRUE,FALSE,TRUE,FALSE,FALSE,TRUE,FALSE,"OXPHOS_Pathway_Supported","Standard_candidate"
36,"UQCR10",0.68245030629408,"Tier_2_Strong_Robust_Candidate",0.685026324311889,0.685026324311889,0.837010594495108,0.837010594495108,0.964,0.776,0.188,0.964983052408682,0.936842105263158,0.983286908077994,"Consistent_3_of_3",1,0.188,0.964,1,FALSE,TRUE,"Mitochondrial_Metabolic","Mitochondrial_OXPHOS",TRUE,TRUE,TRUE,FALSE,TRUE,FALSE,FALSE,TRUE,FALSE,"OXPHOS_Pathway_Supported","Standard_candidate"
37,"ATP5F1B",0.679362492992467,"Tier_2_Strong_Robust_Candidate",0.694559422061715,0.694559422061715,0.966075376493722,0.966075376493722,0.896,0.673,0.223,0.888597545947995,0.802158273381295,0.96100278551532,"Consistent_3_of_3",1,0.223,0.896,1,FALSE,TRUE,"Mitochondrial_Metabolic","Mitochondrial_OXPHOS",TRUE,TRUE,TRUE,FALSE,TRUE,FALSE,FALSE,TRUE,FALSE,"OXPHOS_Pathway_Supported","Standard_candidate"
38,"DCAF6",0.678928380079811,"Tier_2_Strong_Robust_Candidate",0.758447909511439,0.758447909511439,1.59718327609151,1.59718327609151,0.707,0.37,0.337,0.71914086382265,0.492105263157895,0.852367688022284,"Consistent_3_of_3",1,0.337,0.707,1,TRUE,TRUE,"Other_Candidate","Other_Candidate",FALSE,TRUE,FALSE,FALSE,TRUE,FALSE,FALSE,FALSE,FALSE,"Not_OXPHOS_Classified","Standard_candidate"
39,"CYC1",0.678760804154267,"Tier_2_Strong_Robust_Candidate",0.699357163119656,0.699357163119656,1.01405730495725,1.01405730495725,0.849,0.585,0.264,0.83788165479931,0.712230215827338,0.930362116991644,"Consistent_3_of_3",1,0.264,0.849,1,TRUE,TRUE,"Mitochondrial_Metabolic","Mitochondrial_OXPHOS",TRUE,TRUE,TRUE,FALSE,TRUE,FALSE,FALSE,TRUE,FALSE,"OXPHOS_Pathway_Supported","Standard_candidate"
40,"NDUFB5",0.678153746151341,"Tier_2_Strong_Robust_Candidate",0.70713435500549,0.70713435500549,1.09387484004392,1.09387484004392,0.784,0.466,0.318,0.770065536780369,0.615107913669065,0.863509749303621,"Consistent_3_of_3",1,0.318,0.784,1,TRUE,TRUE,"Mitochondrial_Metabolic","Mitochondrial_OXPHOS",TRUE,TRUE,TRUE,FALSE,TRUE,FALSE,FALSE,TRUE,FALSE,"OXPHOS_Pathway_Supported","Standard_candidate"
41,"IDH2",0.677867804054534,"Tier_2_Strong_Robust_Candidate",0.670927365297269,0.670927365297269,0.660218922378154,0.660218922378154,0.908,0.624,0.284,0.901316097100329,0.838129496402878,0.960526315789474,"Consistent_3_of_3",1,0.284,0.908,1,FALSE,TRUE,"Mitochondrial_Metabolic","Mitochondrial_OXPHOS",TRUE,TRUE,TRUE,FALSE,TRUE,FALSE,FALSE,TRUE,FALSE,"OXPHOS_Pathway_Supported","Standard_candidate"
42,"PRDX2",0.677291645042586,"Tier_2_Strong_Robust_Candidate",0.688452716836706,0.688452716836706,0.778021734693648,0.778021734693648,0.961,0.716,0.245,0.962622009121921,0.928947368421053,0.98050139275766,"Consistent_3_of_3",1,0.245,0.961,1,FALSE,TRUE,"Other_Candidate","Other_Candidate",FALSE,FALSE,TRUE,FALSE,TRUE,FALSE,FALSE,FALSE,FALSE,"Not_OXPHOS_Classified","Standard_candidate"
43,"CKB",0.677003265448991,"Tier_2_Strong_Robust_Candidate",0.7892,0.7892,2.72474626626942,2.72474626626942,0.623,0.3,0.323,0.619685380562285,0.365789473684211,0.986072423398329,"Consistent_3_of_3",1,0.323,0.623,1,TRUE,TRUE,"Other_Candidate","Other_Candidate",TRUE,TRUE,FALSE,FALSE,TRUE,FALSE,FALSE,FALSE,FALSE,"Not_OXPHOS_Classified","Standard_candidate"
44,"GABARAPL2",0.676049846341689,"Tier_2_Strong_Robust_Candidate",0.701964164852038,0.701964164852038,0.921313318816309,0.921313318816309,0.853,0.522,0.331,0.854753886379241,0.729805013927577,0.931578947368421,"Consistent_3_of_3",1,0.331,0.853,1,FALSE,TRUE,"Other_Candidate","Other_Candidate",FALSE,TRUE,FALSE,FALSE,TRUE,FALSE,FALSE,FALSE,FALSE,"Not_OXPHOS_Classified","Standard_candidate"
45,"UQCRH",0.675785282088052,"Tier_2_Strong_Robust_Candidate",0.679926562090905,0.679926562090905,0.841012496727239,0.841012496727239,0.971,0.818,0.153,0.970596605840969,0.956834532374101,0.994428969359331,"Consistent_3_of_3",1,0.153,0.971,1,FALSE,TRUE,"Mitochondrial_Metabolic","Mitochondrial_OXPHOS",TRUE,TRUE,TRUE,FALSE,TRUE,FALSE,FALSE,TRUE,FALSE,"OXPHOS_Pathway_Supported","Standard_candidate"
46,"CLU",0.675777182974774,"Tier_2_Strong_Robust_Candidate",0.695854170776018,0.695854170776018,0.854833366208147,0.854833366208147,0.882,0.569,0.313,0.893360801755898,0.713157894736842,0.989208633093525,"Consistent_3_of_3",1,0.313,0.882,1,FALSE,TRUE,"Other_Candidate","Other_Candidate",FALSE,TRUE,FALSE,FALSE,TRUE,FALSE,FALSE,FALSE,FALSE,"Not_OXPHOS_Classified","Standard_candidate"
47,"EPN3",0.675747068071565,"Tier_1_Strong_Tumor_Relevant",0.766,0.766,2.37194040602517,2.37194040602517,0.452,0.074,0.378,0.455457472462142,0.35,0.54874651810585,"Consistent_3_of_3",1,0.378,0.452,1,TRUE,TRUE,"Epithelial_Tumor_Relevant","Epithelial_TumorAssociated",FALSE,TRUE,FALSE,FALSE,TRUE,TRUE,FALSE,FALSE,FALSE,"Not_OXPHOS_Classified","Standard_candidate"
48,"C18orf32",0.675492607160691,"Tier_2_Strong_Robust_Candidate",0.708201149075133,0.708201149075133,1.03680919260106,1.03680919260106,0.896,0.649,0.247,0.886447235702129,0.776978417266187,0.966573816155989,"Consistent_3_of_3",1,0.247,0.896,1,TRUE,TRUE,"Other_Candidate","Other_Candidate",FALSE,TRUE,FALSE,FALSE,TRUE,FALSE,FALSE,FALSE,FALSE,"Not_OXPHOS_Classified","Standard_candidate"
49,"NDUFA1",0.675077224677425,"Tier_2_Strong_Robust_Candidate",0.67348070392601,0.67348070392601,0.735045631408079,0.735045631408079,0.926,0.694,0.232,0.926038345397571,0.902631578947368,0.958217270194986,"Consistent_3_of_3",1,0.232,0.926,1,FALSE,TRUE,"Mitochondrial_Metabolic","Mitochondrial_OXPHOS",TRUE,TRUE,TRUE,FALSE,TRUE,FALSE,FALSE,TRUE,FALSE,"OXPHOS_Pathway_Supported","Standard_candidate"
50,"FXYD3",0.674868680922156,"Tier_2_Strong_Robust_Candidate",0.689226344800889,0.689226344800889,0.825810758407108,0.825810758407108,0.982,0.784,0.198,0.984005277818502,0.963157894736842,1,"Consistent_3_of_3",1,0.198,0.982,1,FALSE,TRUE,"Other_Candidate","Other_Candidate",FALSE,TRUE,FALSE,FALSE,TRUE,FALSE,FALSE,FALSE,FALSE,"Not_OXPHOS_Classified","Standard_candidate"
51,"PEBP1",0.673806779130097,"Tier_2_Strong_Robust_Candidate",0.683588752356543,0.683588752356543,0.755110018852341,0.755110018852341,0.975,0.754,0.221,0.976745447213553,0.960526315789474,0.989208633093525,"Consistent_3_of_3",1,0.221,0.975,1,FALSE,TRUE,"Other_Candidate","Other_Candidate",FALSE,FALSE,TRUE,FALSE,TRUE,FALSE,FALSE,FALSE,FALSE,"Not_OXPHOS_Classified","Standard_candidate"
52,"CLDN3",0.673804538138461,"Tier_2_Strong_Robust_Candidate",0.725704924167605,0.725704924167605,1.00083939334084,1.00083939334084,0.939,0.625,0.314,0.932702786605198,0.859712230215827,0.98050139275766,"Consistent_3_of_3",1,0.314,0.939,1,TRUE,TRUE,"Other_Candidate","Other_Candidate",FALSE,FALSE,FALSE,FALSE,FALSE,FALSE,FALSE,FALSE,FALSE,"Not_OXPHOS_Classified","Standard_candidate"
53,"HSPD1",0.6733375045662,"Tier_2_Strong_Robust_Candidate",0.693608341024119,0.693608341024119,0.857666728192954,0.857666728192954,0.897,0.612,0.285,0.891139878011094,0.834532374100719,0.944736842105263,"Consistent_3_of_3",1,0.285,0.897,1,FALSE,TRUE,"Other_Candidate","Other_Candidate",FALSE,TRUE,TRUE,FALSE,TRUE,FALSE,FALSE,FALSE,FALSE,"Not_OXPHOS_Classified","Standard_candidate"
54,"NDUFAF3",0.672185538739713,"Tier_2_Strong_Robust_Candidate",0.705289747175892,0.705289747175892,0.983117977407135,0.983117977407135,0.805,0.448,0.357,0.800110534648077,0.713091922005571,0.921052631578947,"Consistent_3_of_3",1,0.357,0.805,1,FALSE,TRUE,"Other_Candidate","Other_Candidate",TRUE,TRUE,FALSE,FALSE,TRUE,FALSE,FALSE,FALSE,FALSE,"Not_OXPHOS_Classified","Standard_candidate"
55,"NDUFB4",0.672060477631703,"Tier_2_Strong_Robust_Candidate",0.669011888572467,0.669011888572467,0.723295108579735,0.723295108579735,0.96,0.777,0.183,0.959491881644955,0.944736842105263,0.98050139275766,"Consistent_3_of_3",1,0.183,0.96,1,FALSE,TRUE,"Mitochondrial_Metabolic","Mitochondrial_OXPHOS",TRUE,TRUE,TRUE,FALSE,TRUE,FALSE,FALSE,TRUE,FALSE,"OXPHOS_Pathway_Supported","Standard_candidate"
56,"COX14",0.670866569666946,"Tier_2_Strong_Robust_Candidate",0.700907487490663,0.700907487490663,0.944859899925304,0.944859899925304,0.821,0.478,0.343,0.822080016678638,0.792105263157895,0.846796657381616,"Consistent_3_of_3",1,0.343,0.821,1,FALSE,TRUE,"Other_Candidate","Other_Candidate",TRUE,TRUE,FALSE,FALSE,TRUE,FALSE,FALSE,FALSE,FALSE,"Not_OXPHOS_Classified","Standard_candidate"
57,"PBX1",0.670675991826099,"Tier_2_Strong_Robust_Candidate",0.75137825371762,0.75137825371762,1.31662602974096,1.31662602974096,0.8,0.416,0.384,0.814265754966764,0.671309192200557,0.982014388489209,"Consistent_3_of_3",1,0.384,0.8,1,TRUE,TRUE,"Other_Candidate","Other_Candidate",FALSE,FALSE,FALSE,FALSE,FALSE,FALSE,FALSE,FALSE,FALSE,"Not_OXPHOS_Classified","Standard_candidate"
58,"ATP5ME",0.670291597225851,"Tier_2_Strong_Robust_Candidate",0.667347223817779,0.667347223817779,0.713177790542229,0.713177790542229,0.949,0.757,0.192,0.952842013150951,0.886842105263158,0.986072423398329,"Consistent_3_of_3",1,0.192,0.949,1,FALSE,TRUE,"Mitochondrial_Metabolic","Mitochondrial_OXPHOS",TRUE,TRUE,FALSE,FALSE,TRUE,FALSE,FALSE,TRUE,FALSE,"OXPHOS_Pathway_Supported","Standard_candidate"
59,"SLC39A6",0.670196058625176,"Tier_2_Strong_Robust_Candidate",0.695435460619314,0.695435460619314,0.939483684954513,0.939483684954513,0.94,0.74,0.2,0.93934049066274,0.891364902506964,0.984210526315789,"Consistent_3_of_3",1,0.2,0.94,1,FALSE,TRUE,"Other_Candidate","Other_Candidate",FALSE,TRUE,FALSE,FALSE,TRUE,FALSE,FALSE,FALSE,FALSE,"Not_OXPHOS_Classified","Standard_candidate"
60,"CKS2",0.669085860190442,"Tier_2_Strong_Robust_Candidate",0.728569683356045,0.728569683356045,1.28295746684836,1.28295746684836,0.699,0.307,0.392,0.712025072802043,0.584958217270195,0.866906474820144,"Consistent_3_of_3",1,0.392,0.699,1,TRUE,TRUE,"Other_Candidate","Other_Candidate",FALSE,TRUE,FALSE,FALSE,TRUE,FALSE,FALSE,FALSE,FALSE,"Not_OXPHOS_Classified","Standard_candidate"
61,"DYNLRB1",0.668644075921236,"Tier_2_Strong_Robust_Candidate",0.686917241235651,0.686917241235651,0.821737929885207,0.821737929885207,0.91,0.649,0.261,0.907343153478976,0.881294964028777,0.927576601671309,"Consistent_3_of_3",1,0.261,0.91,1,FALSE,TRUE,"Other_Candidate","Other_Candidate",FALSE,TRUE,FALSE,FALSE,TRUE,FALSE,FALSE,FALSE,FALSE,"Not_OXPHOS_Classified","Standard_candidate"
62,"NDUFS6",0.667746100131695,"Tier_2_Strong_Robust_Candidate",0.662463999645813,0.662463999645813,0.640511997166507,0.640511997166507,0.889,0.616,0.273,0.887149538542454,0.866295264623955,0.921052631578947,"Consistent_3_of_3",1,0.273,0.889,1,FALSE,TRUE,"Mitochondrial_Metabolic","Mitochondrial_OXPHOS",TRUE,TRUE,TRUE,FALSE,TRUE,FALSE,FALSE,TRUE,FALSE,"OXPHOS_Pathway_Supported","Standard_candidate"
63,"STARD10",0.667244062115248,"Tier_2_Strong_Robust_Candidate",0.737461494195711,0.737461494195711,1.18129195356569,1.18129195356569,0.84,0.481,0.359,0.851545920571855,0.768421052631579,0.97841726618705,"Consistent_3_of_3",1,0.359,0.84,1,TRUE,TRUE,"Other_Candidate","Other_Candidate",FALSE,FALSE,FALSE,FALSE,FALSE,FALSE,FALSE,FALSE,FALSE,"Not_OXPHOS_Classified","Standard_candidate"
64,"TBC1D9",0.666814329834952,"Tier_2_Strong_Robust_Candidate",0.748367948858305,0.748367948858305,1.29734359086644,1.29734359086644,0.765,0.349,0.416,0.769635597781854,0.626740947075209,0.845323741007194,"Consistent_3_of_3",1,0.416,0.765,1,TRUE,TRUE,"Other_Candidate","Other_Candidate",FALSE,FALSE,FALSE,FALSE,FALSE,FALSE,FALSE,FALSE,FALSE,"Not_OXPHOS_Classified","Standard_candidate"
65,"PAFAH1B3",0.666647890556655,"Tier_2_Strong_Robust_Candidate",0.679224754734395,0.679224754734395,0.707398037875157,0.707398037875157,0.856,0.508,0.348,0.848663335861145,0.76978417266187,0.921052631578947,"Consistent_3_of_3",1,0.348,0.856,1,FALSE,TRUE,"Other_Candidate","Other_Candidate",FALSE,TRUE,FALSE,FALSE,TRUE,FALSE,FALSE,FALSE,FALSE,"Not_OXPHOS_Classified","Standard_candidate"
66,"ATP5MC1",0.666642306339773,"Tier_2_Strong_Robust_Candidate",0.675953717079961,0.675953717079961,0.830029736639687,0.830029736639687,0.871,0.631,0.24,0.879616096010452,0.807799442896936,0.97841726618705,"Consistent_3_of_3",1,0.24,0.871,1,FALSE,TRUE,"Mitochondrial_Metabolic","Mitochondrial_OXPHOS",TRUE,TRUE,FALSE,FALSE,TRUE,FALSE,FALSE,TRUE,FALSE,"OXPHOS_Pathway_Supported","Standard_candidate"
67,"SELENOP",0.666280589836808,"Tier_2_Strong_Robust_Candidate",0.750933677862371,0.750933677862371,1.35146942289897,1.35146942289897,0.789,0.418,0.371,0.770743264646456,0.571942446043165,0.871866295264624,"Consistent_3_of_3",1,0.371,0.789,1,TRUE,TRUE,"Other_Candidate","Other_Candidate",FALSE,FALSE,FALSE,FALSE,FALSE,FALSE,FALSE,FALSE,FALSE,"Not_OXPHOS_Classified","Standard_candidate"
68,"NDUFA7",0.665890917795199,"Tier_2_Strong_Robust_Candidate",0.662635773493152,0.662635773493152,0.651486187945216,0.651486187945216,0.868,0.58,0.288,0.872488035081391,0.839473684210526,0.91726618705036,"Consistent_3_of_3",1,0.288,0.868,1,FALSE,TRUE,"Mitochondrial_Metabolic","Mitochondrial_OXPHOS",TRUE,TRUE,TRUE,FALSE,TRUE,FALSE,FALSE,TRUE,FALSE,"OXPHOS_Pathway_Supported","Standard_candidate"
69,"PRKAR1A",0.664919814987304,"Tier_2_Strong_Robust_Candidate",0.710152643405642,0.710152643405642,1.11322114724514,1.11322114724514,0.777,0.449,0.328,0.793413783853433,0.660526315789474,0.967625899280576,"Consistent_3_of_3",1,0.328,0.777,1,TRUE,TRUE,"Other_Candidate","Other_Candidate",FALSE,TRUE,FALSE,FALSE,TRUE,FALSE,FALSE,FALSE,FALSE,"Not_OXPHOS_Classified","Standard_candidate"
70,"RBBP7",0.663626237525903,"Tier_2_Strong_Robust_Candidate",0.734258862745949,0.734258862745949,1.40847090196759,1.40847090196759,0.677,0.313,0.364,0.660966520728586,0.510791366906475,0.881578947368421,"Consistent_3_of_3",1,0.364,0.677,1,TRUE,TRUE,"Other_Candidate","Other_Candidate",FALSE,TRUE,TRUE,FALSE,TRUE,FALSE,FALSE,FALSE,FALSE,"Not_OXPHOS_Classified","Standard_candidate"
71,"SCD",0.662744454338693,"Tier_2_Strong_Robust_Candidate",0.747879036238214,0.747879036238214,1.59103228990571,1.59103228990571,0.647,0.299,0.348,0.657431328064656,0.267409470752089,0.863157894736842,"Consistent_3_of_3",1,0.348,0.647,1,TRUE,TRUE,"Other_Candidate","Other_Candidate",FALSE,TRUE,TRUE,FALSE,TRUE,FALSE,FALSE,FALSE,FALSE,"Not_OXPHOS_Classified","Standard_candidate"
72,"MORF4L2",0.662431337991068,"Tier_2_Strong_Robust_Candidate",0.681278134024389,0.681278134024389,0.827825072195108,0.827825072195108,0.944,0.749,0.195,0.941300722799564,0.913669064748201,0.963157894736842,"Consistent_3_of_3",1,0.195,0.944,1,FALSE,TRUE,"Other_Candidate","Other_Candidate",FALSE,TRUE,FALSE,FALSE,TRUE,FALSE,FALSE,FALSE,FALSE,"Not_OXPHOS_Classified","Standard_candidate"
73,"ATP6AP1",0.662220983587066,"Tier_2_Strong_Robust_Candidate",0.704448148438674,0.704448148438674,1.05798518750939,1.05798518750939,0.768,0.425,0.343,0.768400415278392,0.696378830083565,0.821052631578947,"Consistent_3_of_3",1,0.343,0.768,1,TRUE,TRUE,"Other_Candidate","Other_Candidate",FALSE,TRUE,FALSE,FALSE,TRUE,FALSE,FALSE,FALSE,FALSE,"Not_OXPHOS_Classified","Standard_candidate"
74,"NDUFA12",0.66182174262231,"Tier_2_Strong_Robust_Candidate",0.67501065194601,0.67501065194601,0.822485215568076,0.822485215568076,0.785,0.459,0.326,0.776931851381525,0.690647482014389,0.821727019498607,"Consistent_3_of_3",1,0.326,0.785,1,FALSE,TRUE,"Mitochondrial_Metabolic","Mitochondrial_OXPHOS",TRUE,TRUE,TRUE,FALSE,TRUE,FALSE,FALSE,TRUE,FALSE,"OXPHOS_Pathway_Supported","Standard_candidate"
75,"TOMM6",0.657303490694014,"Tier_2_Strong_Robust_Candidate",0.668093419443206,0.668093419443206,0.682347355545644,0.682347355545644,0.912,0.66,0.252,0.911019239146141,0.874651810584958,0.944736842105263,"Consistent_3_of_3",1,0.252,0.912,1,FALSE,TRUE,"Other_Candidate","Other_Candidate",FALSE,TRUE,FALSE,FALSE,TRUE,FALSE,FALSE,FALSE,FALSE,"Not_OXPHOS_Classified","Standard_candidate"
76,"C1orf43",0.65720591484678,"Tier_2_Strong_Robust_Candidate",0.668460135667059,0.668460135667059,0.70448108533647,0.70448108533647,0.942,0.732,0.21,0.93820763357061,0.899280575539568,0.971052631578947,"Consistent_3_of_3",1,0.21,0.942,1,FALSE,TRUE,"Other_Candidate","Other_Candidate",FALSE,TRUE,FALSE,FALSE,TRUE,FALSE,FALSE,FALSE,FALSE,"Not_OXPHOS_Classified","Standard_candidate"
77,"COX17",0.655397087163073,"Tier_2_Strong_Robust_Candidate",0.665364384360595,0.665364384360595,0.663715074884758,0.663715074884758,0.91,0.658,0.252,0.914195194203822,0.880222841225627,0.967625899280576,"Consistent_3_of_3",1,0.252,0.91,1,FALSE,TRUE,"Other_Candidate","Other_Candidate",TRUE,TRUE,FALSE,FALSE,TRUE,FALSE,FALSE,FALSE,FALSE,"Not_OXPHOS_Classified","Standard_candidate"
78,"BEX3",0.655043723010928,"Tier_2_Strong_Robust_Candidate",0.707569102571714,0.707569102571714,0.900552820573711,0.900552820573711,0.848,0.471,0.377,0.853404512865298,0.754874651810585,0.931654676258993,"Consistent_3_of_3",1,0.377,0.848,1,FALSE,TRUE,"Other_Candidate","Other_Candidate",FALSE,FALSE,FALSE,FALSE,FALSE,FALSE,FALSE,FALSE,FALSE,"Not_OXPHOS_Classified","Standard_candidate"
79,"GTF2I",0.65483279974601,"Tier_2_Strong_Robust_Candidate",0.729651112704744,0.729651112704744,1.19080890163795,1.19080890163795,0.813,0.472,0.341,0.817441393608468,0.718421052631579,0.88857938718663,"Consistent_3_of_3",1,0.341,0.813,1,TRUE,TRUE,"Other_Candidate","Other_Candidate",FALSE,FALSE,FALSE,FALSE,FALSE,FALSE,FALSE,FALSE,FALSE,"Not_OXPHOS_Classified","Standard_candidate"
80,"PRDX5",0.654677206652904,"Tier_2_Strong_Robust_Candidate",0.660618148921255,0.660618148921255,0.624145191370041,0.624145191370041,0.945,0.727,0.218,0.941753443748446,0.910071942446043,0.973684210526316,"Consistent_3_of_3",1,0.218,0.945,1,FALSE,TRUE,"Other_Candidate","Other_Candidate",FALSE,TRUE,TRUE,FALSE,TRUE,FALSE,FALSE,FALSE,FALSE,"Not_OXPHOS_Classified","Standard_candidate"
81,"VAMP8",0.654639024883184,"Tier_2_Strong_Robust_Candidate",0.665168616263358,0.665168616263358,0.692548930106864,0.692548930106864,0.954,0.765,0.189,0.955684026301902,0.923684210526316,0.972144846796657,"Consistent_3_of_3",1,0.189,0.954,1,FALSE,TRUE,"Other_Candidate","Other_Candidate",FALSE,TRUE,FALSE,FALSE,TRUE,FALSE,FALSE,FALSE,FALSE,"Not_OXPHOS_Classified","Standard_candidate"
82,"ACO2",0.654468968982492,"Tier_2_Strong_Robust_Candidate",0.717035277656129,0.717035277656129,1.39868222124903,1.39868222124903,0.624,0.287,0.337,0.615776570943802,0.503597122302158,0.743732590529248,"Consistent_3_of_3",1,0.337,0.624,1,TRUE,TRUE,"Mitochondrial_Metabolic","Mitochondrial_OXPHOS",TRUE,TRUE,FALSE,FALSE,TRUE,FALSE,FALSE,TRUE,FALSE,"OXPHOS_Pathway_Supported","Standard_candidate"
83,"NDUFA6",0.653661511659396,"Tier_2_Strong_Robust_Candidate",0.649629397170681,0.649629397170681,0.609835177365444,0.609835177365444,0.884,0.651,0.233,0.883943752489578,0.847368421052632,0.930362116991644,"Consistent_3_of_3",1,0.233,0.884,1,FALSE,TRUE,"Mitochondrial_Metabolic","Mitochondrial_OXPHOS",TRUE,TRUE,TRUE,FALSE,TRUE,FALSE,FALSE,TRUE,FALSE,"OXPHOS_Pathway_Supported","Standard_candidate"
84,"IGFBP4",0.653504471863885,"Tier_2_Strong_Robust_Candidate",0.716012621768069,0.716012621768069,1.26410097414455,1.26410097414455,0.679,0.318,0.361,0.681663201911715,0.518105849582173,0.789473684210526,"Consistent_3_of_3",1,0.361,0.679,1,TRUE,TRUE,"Other_Candidate","Other_Candidate",FALSE,TRUE,FALSE,FALSE,TRUE,FALSE,FALSE,FALSE,FALSE,"Not_OXPHOS_Classified","Standard_candidate"
85,"ERP29",0.652723828240141,"Tier_2_Strong_Robust_Candidate",0.658619243358451,0.658619243358451,0.580953946867604,0.580953946867604,0.877,0.574,0.303,0.873698642610615,0.834532374100719,0.899721448467967,"Consistent_3_of_3",1,0.303,0.877,1,FALSE,TRUE,"Other_Candidate","Other_Candidate",FALSE,TRUE,FALSE,FALSE,TRUE,FALSE,FALSE,FALSE,FALSE,"Not_OXPHOS_Classified","Standard_candidate"
86,"MZT2B",0.65224880756176,"Tier_2_Strong_Robust_Candidate",0.702052864117883,0.702052864117883,0.926822912943061,0.926822912943061,0.985,0.789,0.196,0.985941849071688,0.978947368421053,0.992805755395683,"Consistent_3_of_3",1,0.196,0.985,1,FALSE,TRUE,"Other_Candidate","Other_Candidate",FALSE,FALSE,FALSE,FALSE,FALSE,FALSE,FALSE,FALSE,FALSE,"Not_OXPHOS_Classified","Standard_candidate"
87,"NQO1",0.652237491151435,"Tier_2_Strong_Robust_Candidate",0.682466836093541,0.682466836093541,0.837334688748328,0.837334688748328,0.727,0.315,0.412,0.735448222568405,0.47075208913649,0.877697841726619,"Consistent_3_of_3",1,0.412,0.727,1,FALSE,TRUE,"Other_Candidate","Other_Candidate",FALSE,FALSE,TRUE,FALSE,TRUE,FALSE,FALSE,FALSE,FALSE,"Not_OXPHOS_Classified","Standard_candidate"
88,"HACD3",0.651722395902081,"Tier_2_Strong_Robust_Candidate",0.685700410354077,0.685700410354077,0.904803282832616,0.904803282832616,0.759,0.405,0.354,0.76696140814954,0.660526315789474,0.838129496402878,"Consistent_3_of_3",1,0.354,0.759,1,FALSE,TRUE,"Other_Candidate","Other_Candidate",TRUE,TRUE,FALSE,FALSE,TRUE,FALSE,FALSE,FALSE,FALSE,"Not_OXPHOS_Classified","Standard_candidate"
89,"MRPL27",0.651602935560356,"Tier_2_Strong_Robust_Candidate",0.684215857260936,0.684215857260936,0.899326858087485,0.899326858087485,0.785,0.461,0.324,0.793042803698692,0.735376044568245,0.888489208633094,"Consistent_3_of_3",1,0.324,0.785,1,FALSE,TRUE,"Other_Candidate","Other_Candidate",TRUE,TRUE,TRUE,FALSE,TRUE,FALSE,FALSE,FALSE,FALSE,"Not_OXPHOS_Classified","Standard_candidate"
90,"MAGED2",0.651269949767156,"Tier_2_Strong_Robust_Candidate",0.710786955579129,0.710786955579129,1.00949564463303,1.00949564463303,0.893,0.613,0.28,0.899782059706289,0.810526315789474,0.964028776978417,"Consistent_3_of_3",1,0.28,0.893,1,TRUE,TRUE,"Other_Candidate","Other_Candidate",FALSE,FALSE,FALSE,FALSE,FALSE,FALSE,FALSE,FALSE,FALSE,"Not_OXPHOS_Classified","Standard_candidate"
91,"DYNLL1",0.651073561127038,"Tier_2_Strong_Robust_Candidate",0.666952224635479,0.666952224635479,0.751617797083834,0.751617797083834,0.947,0.779,0.168,0.942220438573639,0.89568345323741,0.989473684210526,"Consistent_3_of_3",1,0.168,0.947,1,FALSE,TRUE,"Other_Candidate","Other_Candidate",FALSE,TRUE,FALSE,FALSE,TRUE,FALSE,FALSE,FALSE,FALSE,"Not_OXPHOS_Classified","Standard_candidate"
92,"HINT2",0.6510612376596,"Tier_2_Strong_Robust_Candidate",0.694919472445259,0.694919472445259,1.02175577956207,1.02175577956207,0.725,0.364,0.361,0.715493484116094,0.60431654676259,0.81058495821727,"Consistent_3_of_3",1,0.361,0.725,1,TRUE,TRUE,"Other_Candidate","Other_Candidate",FALSE,TRUE,FALSE,FALSE,TRUE,FALSE,FALSE,FALSE,FALSE,"Not_OXPHOS_Classified","Standard_candidate"
93,"ESR1",0.650898007284263,"Tier_1_Strong_Tumor_Relevant",0.717087884107616,0.717087884107616,1.35430307286093,1.35430307286093,0.618,0.247,0.371,0.636625008745386,0.410526315789474,0.805755395683453,"Consistent_3_of_3",1,0.371,0.618,1,TRUE,TRUE,"Epithelial_Tumor_Relevant","Epithelial_TumorAssociated",FALSE,FALSE,FALSE,FALSE,FALSE,TRUE,FALSE,FALSE,FALSE,"Not_OXPHOS_Classified","Standard_candidate"
94,"NDUFS2",0.650355760092151,"Tier_2_Strong_Robust_Candidate",0.676793320495267,0.676793320495267,0.956746563962134,0.956746563962134,0.761,0.486,0.275,0.756159142470513,0.683453237410072,0.871866295264624,"Consistent_3_of_3",1,0.275,0.761,1,FALSE,TRUE,"Mitochondrial_Metabolic","Mitochondrial_OXPHOS",TRUE,TRUE,TRUE,FALSE,TRUE,FALSE,FALSE,TRUE,FALSE,"OXPHOS_Pathway_Supported","Standard_candidate"
95,"MRPS7",0.649998241181109,"Tier_3_Exploratory_Robust",0.687921179692176,0.687921179692176,0.946569437537409,0.946569437537409,0.745,0.392,0.353,0.739689022861758,0.690647482014389,0.823684210526316,"Consistent_3_of_3",1,0.353,0.745,1,FALSE,TRUE,"Other_Candidate","Other_Candidate",TRUE,TRUE,TRUE,FALSE,TRUE,FALSE,FALSE,FALSE,FALSE,"Not_OXPHOS_Classified","Standard_candidate"
96,"TEX264",0.649618701646311,"Tier_3_Exploratory_Robust",0.701364255549819,0.701364255549819,1.11491404439855,1.11491404439855,0.703,0.346,0.357,0.688787940473014,0.546762589928058,0.831578947368421,"Consistent_3_of_3",1,0.357,0.703,1,TRUE,TRUE,"Other_Candidate","Other_Candidate",FALSE,TRUE,FALSE,FALSE,TRUE,FALSE,FALSE,FALSE,FALSE,"Not_OXPHOS_Classified","Standard_candidate"
97,"CALR",0.649503477513745,"Tier_3_Exploratory_Robust",0.658491794373848,0.658491794373848,0.626334354990783,0.626334354990783,0.901,0.651,0.25,0.897806428658569,0.838440111420613,0.973684210526316,"Consistent_3_of_3",1,0.25,0.901,1,FALSE,TRUE,"Other_Candidate","Other_Candidate",TRUE,TRUE,TRUE,FALSE,TRUE,FALSE,FALSE,FALSE,FALSE,"Not_OXPHOS_Classified","Standard_candidate"
98,"CAPG",0.649171404272342,"Tier_3_Exploratory_Robust",0.714322255183375,0.714322255183375,1.055378041467,1.055378041467,0.845,0.528,0.317,0.843370645808525,0.773684210526316,0.947075208913649,"Consistent_3_of_3",1,0.317,0.845,1,TRUE,TRUE,"Other_Candidate","Other_Candidate",FALSE,FALSE,FALSE,FALSE,FALSE,FALSE,FALSE,FALSE,FALSE,"Not_OXPHOS_Classified","Standard_candidate"
99,"BANF1",0.648913319516892,"Tier_3_Exploratory_Robust",0.672459120442732,0.672459120442732,0.794072963541858,0.794072963541858,0.84,0.564,0.276,0.832146404266412,0.766187050359712,0.944736842105263,"Consistent_3_of_3",1,0.276,0.84,1,FALSE,TRUE,"Other_Candidate","Other_Candidate",FALSE,TRUE,FALSE,FALSE,TRUE,FALSE,FALSE,FALSE,FALSE,"Not_OXPHOS_Classified","Standard_candidate"
100,"SSR3",0.648556633736971,"Tier_3_Exploratory_Robust",0.663298312855857,0.663298312855857,0.690386502846857,0.690386502846857,0.877,0.619,0.258,0.877122368957202,0.85,0.910863509749304,"Consistent_3_of_3",1,0.258,0.877,1,FALSE,TRUE,"Other_Candidate","Other_Candidate",FALSE,TRUE,FALSE,FALSE,TRUE,FALSE,FALSE,FALSE,FALSE,"Not_OXPHOS_Classified","Standard_candidate"
101,"ANAPC11",0.648290612114681,"Tier_3_Exploratory_Robust",0.659736623129168,0.659736623129168,0.671492985033344,0.671492985033344,0.929,0.729,0.2,0.930605599086191,0.88857938718663,0.953237410071942,"Consistent_3_of_3",1,0.2,0.929,1,FALSE,TRUE,"Other_Candidate","Other_Candidate",FALSE,TRUE,FALSE,FALSE,TRUE,FALSE,FALSE,FALSE,FALSE,"Not_OXPHOS_Classified","Standard_candidate"
102,"NDUFA8",0.647985164378658,"Tier_3_Exploratory_Robust",0.671864627090596,0.671864627090596,0.90451701672477,0.90451701672477,0.744,0.444,0.3,0.736628981523768,0.643884892086331,0.813370473537604,"Consistent_3_of_3",1,0.3,0.744,1,FALSE,TRUE,"Mitochondrial_Metabolic","Mitochondrial_OXPHOS",TRUE,TRUE,TRUE,FALSE,TRUE,FALSE,FALSE,TRUE,FALSE,"OXPHOS_Pathway_Supported","Standard_candidate"
103,"CERS2",0.647816181216151,"Tier_3_Exploratory_Robust",0.672554885905865,0.672554885905865,0.791639087246923,0.791639087246923,0.811,0.504,0.307,0.813975144470262,0.731578947368421,0.883008356545961,"Consistent_3_of_3",1,0.307,0.811,1,FALSE,TRUE,"Other_Candidate","Other_Candidate",TRUE,TRUE,FALSE,FALSE,TRUE,FALSE,FALSE,FALSE,FALSE,"Not_OXPHOS_Classified","Standard_candidate"
104,"NAXE",0.647726645629012,"Tier_3_Exploratory_Robust",0.660345389127592,0.660345389127592,0.660363113020736,0.660363113020736,0.881,0.623,0.258,0.875392927118502,0.816546762589928,0.921052631578947,"Consistent_3_of_3",1,0.258,0.881,1,FALSE,TRUE,"Other_Candidate","Other_Candidate",FALSE,TRUE,FALSE,FALSE,TRUE,FALSE,FALSE,FALSE,FALSE,"Not_OXPHOS_Classified","Standard_candidate"
105,"MRPS26",0.647450135427186,"Tier_3_Exploratory_Robust",0.681855674749395,0.681855674749395,0.89964539799516,0.89964539799516,0.764,0.431,0.333,0.774430477608823,0.707520891364902,0.892086330935252,"Consistent_3_of_3",1,0.333,0.764,1,FALSE,TRUE,"Other_Candidate","Other_Candidate",TRUE,TRUE,TRUE,FALSE,TRUE,FALSE,FALSE,FALSE,FALSE,"Not_OXPHOS_Classified","Standard_candidate"
106,"TMED2",0.647169556588713,"Tier_3_Exploratory_Robust",0.66332172418957,0.66332172418957,0.72417379351656,0.72417379351656,0.912,0.71,0.202,0.905249639901039,0.827338129496403,0.955263157894737,"Consistent_3_of_3",1,0.202,0.912,1,FALSE,TRUE,"Other_Candidate","Other_Candidate",TRUE,TRUE,FALSE,FALSE,TRUE,FALSE,FALSE,FALSE,FALSE,"Not_OXPHOS_Classified","Standard_candidate"
107,"RSBN1L",0.646223260497278,"Tier_3_Exploratory_Robust",0.721209784855062,0.721209784855062,1.4064782788405,1.4064782788405,0.665,0.353,0.312,0.647469023754754,0.420863309352518,0.913649025069638,"Consistent_3_of_3",1,0.312,0.665,1,TRUE,TRUE,"Other_Candidate","Other_Candidate",FALSE,FALSE,TRUE,FALSE,TRUE,FALSE,FALSE,FALSE,FALSE,"Not_OXPHOS_Classified","Standard_candidate"
108,"NDUFB1",0.6459141343472,"Tier_3_Exploratory_Robust",0.640485453016786,0.640485453016786,0.53828362413429,0.53828362413429,0.833,0.55,0.283,0.838152418982568,0.747368421052632,0.885793871866295,"Consistent_3_of_3",1,0.283,0.833,1,FALSE,TRUE,"Mitochondrial_Metabolic","Mitochondrial_OXPHOS",TRUE,TRUE,TRUE,FALSE,TRUE,FALSE,FALSE,TRUE,FALSE,"OXPHOS_Pathway_Supported","Standard_candidate"
109,"TM7SF2",0.645403669903999,"Tier_3_Exploratory_Robust",0.76429091830756,0.76429091830756,1.92552734646048,1.92552734646048,0.5,0.132,0.368,0.49327617806063,0.373259052924791,0.660526315789474,"Consistent_3_of_3",1,0.368,0.5,1,TRUE,TRUE,"Other_Candidate","Other_Candidate",FALSE,TRUE,TRUE,FALSE,TRUE,FALSE,FALSE,FALSE,FALSE,"Not_OXPHOS_Classified","Standard_candidate"
110,"SNF8",0.645013043216873,"Tier_3_Exploratory_Robust",0.689034969118448,0.689034969118448,1.00667975294758,1.00667975294758,0.729,0.392,0.337,0.733788269194057,0.512534818941504,0.857894736842105,"Consistent_3_of_3",1,0.337,0.729,1,TRUE,TRUE,"Other_Candidate","Other_Candidate",FALSE,TRUE,FALSE,FALSE,TRUE,FALSE,FALSE,FALSE,FALSE,"Not_OXPHOS_Classified","Standard_candidate"
111,"CANX",0.644752112103249,"Tier_3_Exploratory_Robust",0.666098136803663,0.666098136803663,0.743185094429304,0.743185094429304,0.827,0.538,0.289,0.82384477405614,0.796657381615599,0.876315789473684,"Consistent_3_of_3",1,0.289,0.827,1,FALSE,TRUE,"Other_Candidate","Other_Candidate",FALSE,TRUE,TRUE,FALSE,TRUE,FALSE,FALSE,FALSE,FALSE,"Not_OXPHOS_Classified","Standard_candidate"
112,"SRI",0.644393262272129,"Tier_3_Exploratory_Robust",0.692350635809389,0.692350635809389,1.10200508647511,1.10200508647511,0.809,0.595,0.214,0.793740272406031,0.600719424460432,0.98050139275766,"Consistent_3_of_3",1,0.214,0.809,1,TRUE,TRUE,"Other_Candidate","Other_Candidate",FALSE,TRUE,FALSE,FALSE,TRUE,FALSE,FALSE,FALSE,FALSE,"Not_OXPHOS_Classified","Standard_candidate"
113,"TMEM14B",0.644221716711344,"Tier_3_Exploratory_Robust",0.665318422670113,0.665318422670113,0.7385473813609,0.7385473813609,0.828,0.541,0.287,0.830636414486648,0.715877437325905,0.894736842105263,"Consistent_3_of_3",1,0.287,0.828,1,FALSE,TRUE,"Other_Candidate","Other_Candidate",TRUE,TRUE,FALSE,FALSE,TRUE,FALSE,FALSE,FALSE,FALSE,"Not_OXPHOS_Classified","Standard_candidate"
114,"SELENOT",0.644162772240566,"Tier_3_Exploratory_Robust",0.677440091866903,0.677440091866903,0.888320734935225,0.888320734935225,0.792,0.502,0.29,0.773878577829717,0.58273381294964,0.892105263157895,"Consistent_3_of_3",1,0.29,0.792,1,FALSE,TRUE,"Other_Candidate","Other_Candidate",TRUE,TRUE,TRUE,FALSE,TRUE,FALSE,FALSE,FALSE,FALSE,"Not_OXPHOS_Classified","Standard_candidate"
115,"ARL6IP4",0.643712941360903,"Tier_3_Exploratory_Robust",0.660864049022024,0.660864049022024,0.710912392176193,0.710912392176193,0.882,0.654,0.228,0.874199072057411,0.798561151079137,0.960526315789474,"Consistent_3_of_3",1,0.228,0.882,1,FALSE,TRUE,"Other_Candidate","Other_Candidate",FALSE,FALSE,TRUE,FALSE,TRUE,FALSE,FALSE,FALSE,FALSE,"Not_OXPHOS_Classified","Standard_candidate"
116,"COX7A2L",0.643668867594856,"Tier_3_Exploratory_Robust",0.65100144050133,0.65100144050133,0.710411524010644,0.710411524010644,0.837,0.613,0.224,0.835196285135797,0.784210526315789,0.919220055710306,"Consistent_3_of_3",1,0.224,0.837,1,FALSE,TRUE,"Mitochondrial_Metabolic","Mitochondrial_OXPHOS",TRUE,TRUE,TRUE,FALSE,TRUE,FALSE,FALSE,TRUE,FALSE,"OXPHOS_Pathway_Supported","Standard_candidate"
117,"SNHG25",0.643538825025498,"Tier_3_Exploratory_Robust",0.7570175335208,0.7570175335208,1.6129402681664,1.6129402681664,0.666,0.305,0.361,0.685031643355599,0.406685236768802,0.935251798561151,"Consistent_3_of_3",1,0.361,0.666,1,TRUE,TRUE,"Other_Candidate","Other_Candidate",FALSE,FALSE,FALSE,FALSE,FALSE,FALSE,FALSE,FALSE,FALSE,"Not_OXPHOS_Classified","Standard_candidate"
118,"GASK1B",0.643473838376877,"Tier_3_Exploratory_Robust",0.7694,0.7694,2.19875890360774,2.19875890360774,0.468,0.089,0.379,0.463871799496336,0.420863309352518,0.5,"Consistent_3_of_3",1,0.379,0.468,1,TRUE,TRUE,"Other_Candidate","Other_Candidate",FALSE,TRUE,FALSE,FALSE,TRUE,FALSE,FALSE,FALSE,FALSE,"Not_OXPHOS_Classified","Standard_candidate"
119,"YWHAQ",0.6428721968899,"Tier_3_Exploratory_Robust",0.734523286067324,0.734523286067324,1.41058628853859,1.41058628853859,0.859,0.677,0.182,0.862601723342042,0.723684210526316,0.997214484679666,"Consistent_3_of_3",1,0.182,0.859,1,FALSE,TRUE,"Other_Candidate","Other_Candidate",FALSE,FALSE,FALSE,FALSE,FALSE,FALSE,FALSE,FALSE,FALSE,"Not_OXPHOS_Classified","Standard_candidate"
120,"MRPS24",0.642557502347613,"Tier_3_Exploratory_Robust",0.653788866402394,0.653788866402394,0.615910931219153,0.615910931219153,0.865,0.596,0.269,0.85945470276762,0.802158273381295,0.921052631578947,"Consistent_3_of_3",1,0.269,0.865,1,FALSE,TRUE,"Other_Candidate","Other_Candidate",TRUE,TRUE,TRUE,FALSE,TRUE,FALSE,FALSE,FALSE,FALSE,"Not_OXPHOS_Classified","Standard_candidate"
121,"NDUFB8",0.641666147550104,"Tier_3_Exploratory_Robust",0.637047016735127,0.637047016735127,0.539576133881018,0.539576133881018,0.84,0.582,0.258,0.846069920196375,0.757894736842105,0.902877697841727,"Consistent_3_of_3",1,0.258,0.84,1,FALSE,TRUE,"Mitochondrial_Metabolic","Mitochondrial_OXPHOS",TRUE,TRUE,TRUE,FALSE,TRUE,FALSE,FALSE,TRUE,FALSE,"OXPHOS_Pathway_Supported","Standard_candidate"
122,"SMDT1",0.641405390321332,"Tier_3_Exploratory_Robust",0.65940107109299,0.65940107109299,0.70240856874392,0.70240856874392,0.858,0.608,0.25,0.861519070918313,0.793871866295265,0.906474820143885,"Consistent_3_of_3",1,0.25,0.858,1,FALSE,TRUE,"Other_Candidate","Other_Candidate",FALSE,TRUE,FALSE,FALSE,TRUE,FALSE,FALSE,FALSE,FALSE,"Not_OXPHOS_Classified","Standard_candidate"
123,"DNPH1",0.640963095004295,"Tier_3_Exploratory_Robust",0.71983265166576,0.71983265166576,1.16186121332608,1.16186121332608,0.737,0.351,0.386,0.743637454792067,0.54874651810585,0.845323741007194,"Consistent_3_of_3",1,0.386,0.737,1,TRUE,TRUE,"Other_Candidate","Other_Candidate",FALSE,FALSE,FALSE,FALSE,FALSE,FALSE,FALSE,FALSE,FALSE,"Not_OXPHOS_Classified","Standard_candidate"
124,"MRPS12",0.640412242256878,"Tier_3_Exploratory_Robust",0.681605864328952,0.681605864328952,0.964846914631618,0.964846914631618,0.752,0.449,0.303,0.729961007004395,0.489208633093525,0.878947368421053,"Consistent_3_of_3",1,0.303,0.752,1,FALSE,TRUE,"Other_Candidate","Other_Candidate",TRUE,TRUE,TRUE,FALSE,TRUE,FALSE,FALSE,FALSE,FALSE,"Not_OXPHOS_Classified","Standard_candidate"
125,"NENF",0.640122681461793,"Tier_3_Exploratory_Robust",0.655537406955771,0.655537406955771,0.695499255646167,0.695499255646167,0.92,0.747,0.173,0.92397489133748,0.852367688022284,0.974820143884892,"Consistent_3_of_3",1,0.173,0.92,1,FALSE,TRUE,"Other_Candidate","Other_Candidate",FALSE,TRUE,FALSE,FALSE,TRUE,FALSE,FALSE,FALSE,FALSE,"Not_OXPHOS_Classified","Standard_candidate"
126,"H2BC5",0.639155881576965,"Tier_3_Exploratory_Robust",0.707772291594604,0.707772291594604,1.03817833275683,1.03817833275683,0.783,0.426,0.357,0.781460273798261,0.62116991643454,0.921052631578947,"Consistent_3_of_3",1,0.357,0.783,1,TRUE,TRUE,"Other_Candidate","Other_Candidate",FALSE,FALSE,FALSE,FALSE,FALSE,FALSE,FALSE,FALSE,FALSE,"Not_OXPHOS_Classified","Standard_candidate"
127,"SARAF",0.63890928147023,"Tier_3_Exploratory_Robust",0.657053010661047,0.657053010661047,0.707624085288372,0.707624085288372,0.879,0.665,0.214,0.879156466646065,0.768802228412256,0.965789473684211,"Consistent_3_of_3",1,0.214,0.879,1,FALSE,TRUE,"Other_Candidate","Other_Candidate",FALSE,TRUE,FALSE,FALSE,TRUE,FALSE,FALSE,FALSE,FALSE,"Not_OXPHOS_Classified","Standard_candidate"
128,"TECR",0.638863888018151,"Tier_3_Exploratory_Robust",0.64564813193056,0.64564813193056,0.531585055444476,0.531585055444476,0.845,0.544,0.301,0.840413316612507,0.787769784172662,0.891364902506964,"Consistent_3_of_3",1,0.301,0.845,1,FALSE,TRUE,"Other_Candidate","Other_Candidate",TRUE,TRUE,TRUE,FALSE,TRUE,FALSE,FALSE,FALSE,FALSE,"Not_OXPHOS_Classified","Standard_candidate"
129,"TSPAN13",0.638536136730483,"Tier_3_Exploratory_Robust",0.753570579898006,0.753570579898006,1.67816463918405,1.67816463918405,0.778,0.587,0.191,0.787928273419968,0.406685236768802,0.989473684210526,"Consistent_3_of_3",1,0.191,0.778,1,FALSE,TRUE,"Other_Candidate","Other_Candidate",FALSE,FALSE,FALSE,FALSE,FALSE,FALSE,FALSE,FALSE,FALSE,"Not_OXPHOS_Classified","Standard_candidate"
130,"COPS9",0.638211307965508,"Tier_3_Exploratory_Robust",0.684502768331509,0.684502768331509,0.808822146652075,0.808822146652075,0.94,0.713,0.227,0.940893829431397,0.918421052631579,0.958217270194986,"Consistent_3_of_3",1,0.227,0.94,1,FALSE,TRUE,"Other_Candidate","Other_Candidate",FALSE,FALSE,FALSE,FALSE,FALSE,FALSE,FALSE,FALSE,FALSE,"Not_OXPHOS_Classified","Standard_candidate"
131,"PCBD1",0.636852672573578,"Tier_3_Exploratory_Robust",0.643091541761819,0.643091541761819,0.523932334094548,0.523932334094548,0.857,0.576,0.281,0.854186359166588,0.816546762589928,0.880222841225627,"Consistent_3_of_3",1,0.281,0.857,1,FALSE,TRUE,"Other_Candidate","Other_Candidate",TRUE,FALSE,TRUE,FALSE,TRUE,FALSE,FALSE,FALSE,FALSE,"Not_OXPHOS_Classified","Standard_candidate"
132,"PMVK",0.636300032952547,"Tier_3_Exploratory_Robust",0.647434654643252,0.647434654643252,0.576277237146016,0.576277237146016,0.831,0.535,0.296,0.826709850416105,0.79136690647482,0.892105263157895,"Consistent_3_of_3",1,0.296,0.831,1,FALSE,TRUE,"Other_Candidate","Other_Candidate",TRUE,FALSE,FALSE,FALSE,TRUE,FALSE,FALSE,FALSE,FALSE,"Not_OXPHOS_Classified","Standard_candidate"
133,"CSAD",0.634053557904685,"Tier_3_Exploratory_Robust",0.694452653909059,0.694452653909059,1.15402123127247,1.15402123127247,0.645,0.289,0.356,0.63719666694441,0.557103064066852,0.778947368421053,"Consistent_3_of_3",1,0.356,0.645,1,TRUE,TRUE,"Other_Candidate","Other_Candidate",TRUE,FALSE,FALSE,FALSE,TRUE,FALSE,FALSE,FALSE,FALSE,"Not_OXPHOS_Classified","Standard_candidate"
134,"APRT",0.633890525217003,"Tier_3_Exploratory_Robust",0.655569733110731,0.655569733110731,0.727757864885848,0.727757864885848,0.855,0.637,0.218,0.861135627489798,0.671309192200557,0.956834532374101,"Consistent_3_of_3",1,0.218,0.855,1,FALSE,TRUE,"Other_Candidate","Other_Candidate",TRUE,FALSE,FALSE,FALSE,TRUE,FALSE,FALSE,FALSE,FALSE,"Not_OXPHOS_Classified","Standard_candidate"
135,"RTN3",0.633597982150403,"Tier_3_Exploratory_Robust",0.66808344003964,0.66808344003964,0.855067520317116,0.855067520317116,0.762,0.468,0.294,0.759536232617776,0.64066852367688,0.878947368421053,"Consistent_3_of_3",1,0.294,0.762,1,FALSE,TRUE,"Other_Candidate","Other_Candidate",FALSE,TRUE,FALSE,FALSE,TRUE,FALSE,FALSE,FALSE,FALSE,"Not_OXPHOS_Classified","Standard_candidate"
136,"MRPL23",0.63355914902705,"Tier_3_Exploratory_Robust",0.671817497084747,0.671817497084747,0.891339976677975,0.891339976677975,0.732,0.412,0.32,0.724535053089327,0.651079136690647,0.781578947368421,"Consistent_3_of_3",1,0.32,0.732,1,FALSE,TRUE,"Other_Candidate","Other_Candidate",TRUE,TRUE,TRUE,FALSE,TRUE,FALSE,FALSE,FALSE,FALSE,"Not_OXPHOS_Classified","Standard_candidate"
137,"CMTM6",0.633509269375665,"Tier_3_Exploratory_Robust",0.687307090618384,0.687307090618384,1.08085672494707,1.08085672494707,0.683,0.355,0.328,0.680936851457113,0.651079136690647,0.707520891364902,"Consistent_3_of_3",1,0.328,0.683,1,TRUE,TRUE,"Other_Candidate","Other_Candidate",FALSE,TRUE,FALSE,FALSE,TRUE,FALSE,FALSE,FALSE,FALSE,"Not_OXPHOS_Classified","Standard_candidate"
138,"NDUFS3",0.633010436249248,"Tier_3_Exploratory_Robust",0.659863118127973,0.659863118127973,0.866104945023785,0.866104945023785,0.685,0.362,0.323,0.674962302552035,0.550359712230216,0.777158774373259,"Consistent_3_of_3",1,0.323,0.685,1,FALSE,TRUE,"Mitochondrial_Metabolic","Mitochondrial_OXPHOS",TRUE,TRUE,TRUE,FALSE,TRUE,FALSE,FALSE,TRUE,FALSE,"OXPHOS_Pathway_Supported","Standard_candidate"
139,"PLAAT3",0.632808350168642,"Tier_3_Exploratory_Robust",0.7566,0.7566,2.56087183593064,2.56087183593064,0.588,0.393,0.195,0.561588295702684,0.338129496402878,0.978947368421053,"Consistent_3_of_3",1,0.195,0.588,1,FALSE,TRUE,"Other_Candidate","Other_Candidate",TRUE,TRUE,FALSE,FALSE,TRUE,FALSE,FALSE,FALSE,FALSE,"Not_OXPHOS_Classified","Standard_candidate"
140,"PCMTD1",0.630928634009562,"Tier_3_Exploratory_Robust",0.714878839600547,0.714878839600547,1.46143071680438,1.46143071680438,0.627,0.343,0.284,0.608897476652896,0.366906474820144,0.891364902506964,"Consistent_3_of_3",1,0.284,0.627,1,TRUE,TRUE,"Other_Candidate","Other_Candidate",FALSE,TRUE,FALSE,FALSE,TRUE,FALSE,FALSE,FALSE,FALSE,"Not_OXPHOS_Classified","Standard_candidate"
141,"GADD45GIP1",0.630563463406908,"Tier_3_Exploratory_Robust",0.63975958837947,0.63975958837947,0.542076707035761,0.542076707035761,0.852,0.594,0.258,0.847215926130229,0.805013927576602,0.923684210526316,"Consistent_3_of_3",1,0.258,0.852,1,FALSE,TRUE,"Other_Candidate","Other_Candidate",TRUE,TRUE,FALSE,FALSE,TRUE,FALSE,FALSE,FALSE,FALSE,"Not_OXPHOS_Classified","Standard_candidate"
142,"MRPS34",0.630548200461746,"Tier_3_Exploratory_Robust",0.649877025730594,0.649877025730594,0.667816205844752,0.667816205844752,0.824,0.566,0.258,0.812868514746918,0.697841726618705,0.907894736842105,"Consistent_3_of_3",1,0.258,0.824,1,FALSE,TRUE,"Other_Candidate","Other_Candidate",TRUE,TRUE,FALSE,FALSE,TRUE,FALSE,FALSE,FALSE,FALSE,"Not_OXPHOS_Classified","Standard_candidate"
143,"TNNT1",0.630317337899257,"Tier_3_Exploratory_Robust",0.7106916427162,0.7106916427162,1.1335331417296,1.1335331417296,0.709,0.323,0.386,0.706127166878138,0.487465181058496,0.907894736842105,"Consistent_3_of_3",1,0.386,0.709,1,TRUE,TRUE,"Other_Candidate","Other_Candidate",FALSE,FALSE,FALSE,FALSE,FALSE,FALSE,FALSE,FALSE,FALSE,"Not_OXPHOS_Classified","Standard_candidate"
144,"MRPL12",0.629858792246829,"Tier_3_Exploratory_Robust",0.678882179912325,0.678882179912325,1.0118574392986,1.0118574392986,0.7,0.388,0.312,0.682098326616525,0.492805755395683,0.823684210526316,"Consistent_3_of_3",1,0.312,0.7,1,TRUE,TRUE,"Other_Candidate","Other_Candidate",TRUE,TRUE,TRUE,FALSE,TRUE,FALSE,FALSE,FALSE,FALSE,"Not_OXPHOS_Classified","Standard_candidate"
145,"HPN",0.62968655610746,"Tier_3_Exploratory_Robust",0.724675954932564,0.724675954932564,1.56380763946051,1.56380763946051,0.539,0.182,0.357,0.527356340993764,0.399280575539568,0.593314763231198,"Consistent_3_of_3",1,0.357,0.539,1,TRUE,TRUE,"Other_Candidate","Other_Candidate",FALSE,TRUE,FALSE,FALSE,TRUE,FALSE,FALSE,FALSE,FALSE,"Not_OXPHOS_Classified","Standard_candidate"
146,"P4HTM",0.629597738344377,"Tier_3_Exploratory_Robust",0.688010849884973,0.688010849884973,1.11848679907978,1.11848679907978,0.657,0.323,0.334,0.65152925599705,0.60431654676259,0.726315789473684,"Consistent_3_of_3",1,0.334,0.657,1,TRUE,TRUE,"Other_Candidate","Other_Candidate",FALSE,TRUE,TRUE,FALSE,TRUE,FALSE,FALSE,FALSE,FALSE,"Not_OXPHOS_Classified","Standard_candidate"
147,"CTSF",0.628839874402642,"Tier_3_Exploratory_Robust",0.717978961826481,0.717978961826481,1.49743169461185,1.49743169461185,0.572,0.24,0.332,0.547581369005367,0.305755395683453,0.810526315789474,"Consistent_3_of_3",1,0.332,0.572,1,TRUE,TRUE,"Other_Candidate","Other_Candidate",FALSE,TRUE,FALSE,FALSE,TRUE,FALSE,FALSE,FALSE,FALSE,"Not_OXPHOS_Classified","Standard_candidate"
148,"GCSH",0.628306798378633,"Tier_3_Exploratory_Robust",0.677701012911977,0.677701012911977,0.986408103295816,0.986408103295816,0.652,0.282,0.37,0.646079711513006,0.54874651810585,0.781578947368421,"Consistent_3_of_3",1,0.37,0.652,1,FALSE,TRUE,"Other_Candidate","Other_Candidate",FALSE,TRUE,FALSE,FALSE,TRUE,FALSE,FALSE,FALSE,FALSE,"Not_OXPHOS_Classified","Standard_candidate"
149,"MRPL57",0.628023588318336,"Tier_3_Exploratory_Robust",0.646571516649364,0.646571516649364,0.636572133194911,0.636572133194911,0.801,0.517,0.284,0.802791544802569,0.752089136490251,0.828947368421053,"Consistent_3_of_3",1,0.284,0.801,1,FALSE,TRUE,"Other_Candidate","Other_Candidate",TRUE,TRUE,FALSE,FALSE,TRUE,FALSE,FALSE,FALSE,FALSE,"Not_OXPHOS_Classified","Standard_candidate"
150,"MRPS23",0.62772308889957,"Tier_3_Exploratory_Robust",0.685067597800949,0.685067597800949,1.09654078240759,1.09654078240759,0.655,0.32,0.335,0.66906696311328,0.518105849582173,0.841726618705036,"Consistent_3_of_3",1,0.335,0.655,1,TRUE,TRUE,"Other_Candidate","Other_Candidate",TRUE,TRUE,TRUE,FALSE,TRUE,FALSE,FALSE,FALSE,FALSE,"Not_OXPHOS_Classified","Standard_candidate"
151,"MRFAP1",0.627514290288182,"Tier_3_Exploratory_Robust",0.662949859065837,0.662949859065837,0.623598872526695,0.623598872526695,0.94,0.705,0.235,0.939065366970461,0.924460431654676,0.963788300835655,"Consistent_3_of_3",1,0.235,0.94,1,FALSE,TRUE,"Other_Candidate","Other_Candidate",FALSE,FALSE,FALSE,FALSE,FALSE,FALSE,FALSE,FALSE,FALSE,"Not_OXPHOS_Classified","Standard_candidate"
152,"PTMS",0.627047171616785,"Tier_3_Exploratory_Robust",0.692810623784149,0.692810623784149,1.01608499027319,1.01608499027319,0.889,0.699,0.19,0.897131618850939,0.742105263157895,0.988857938718663,"Consistent_3_of_3",1,0.19,0.889,1,FALSE,TRUE,"Other_Candidate","Other_Candidate",FALSE,FALSE,FALSE,FALSE,FALSE,FALSE,FALSE,FALSE,FALSE,"Not_OXPHOS_Classified","Standard_candidate"
153,"ATP5PB",0.626920390305706,"Tier_3_Exploratory_Robust",0.657435460254685,0.657435460254685,0.926683682037479,0.926683682037479,0.74,0.522,0.218,0.714625748455626,0.413669064748201,0.927576601671309,"Consistent_3_of_3",1,0.218,0.74,1,FALSE,TRUE,"Mitochondrial_Metabolic","Mitochondrial_OXPHOS",TRUE,TRUE,FALSE,FALSE,TRUE,FALSE,FALSE,TRUE,FALSE,"OXPHOS_Pathway_Supported","Standard_candidate"
154,"GHITM",0.626163746616898,"Tier_3_Exploratory_Robust",0.62662583566809,0.62662583566809,0.547406685344724,0.547406685344724,0.816,0.591,0.225,0.817978562465963,0.792105263157895,0.834532374100719,"Consistent_3_of_3",1,0.225,0.816,1,FALSE,TRUE,"Mitochondrial_Metabolic","Mitochondrial_OXPHOS",TRUE,TRUE,FALSE,FALSE,TRUE,FALSE,FALSE,TRUE,FALSE,"OXPHOS_Pathway_Supported","Standard_candidate"
155,"PIGT",0.625868680379939,"Tier_3_Exploratory_Robust",0.657704105944019,0.657704105944019,0.783232847552155,0.783232847552155,0.743,0.437,0.306,0.739417889526526,0.662952646239554,0.839473684210526,"Consistent_3_of_3",1,0.306,0.743,1,FALSE,TRUE,"Other_Candidate","Other_Candidate",TRUE,TRUE,FALSE,FALSE,TRUE,FALSE,FALSE,FALSE,FALSE,"Not_OXPHOS_Classified","Standard_candidate"
156,"PTGES3",0.624845903300533,"Tier_3_Exploratory_Robust",0.63184721662058,0.63184721662058,0.517177732964641,0.517177732964641,0.897,0.708,0.189,0.886051012583863,0.766187050359712,0.949860724233983,"Consistent_3_of_3",1,0.189,0.897,1,FALSE,TRUE,"Other_Candidate","Other_Candidate",TRUE,TRUE,FALSE,FALSE,TRUE,FALSE,FALSE,FALSE,FALSE,"Not_OXPHOS_Classified","Standard_candidate"
157,"TRMT112",0.623875236713492,"Tier_3_Exploratory_Robust",0.656266685254719,0.656266685254719,0.579733482037749,0.579733482037749,0.959,0.749,0.21,0.957471846888418,0.935933147632312,0.986842105263158,"Consistent_3_of_3",1,0.21,0.959,1,FALSE,TRUE,"Other_Candidate","Other_Candidate",FALSE,FALSE,FALSE,FALSE,FALSE,FALSE,FALSE,FALSE,FALSE,"Not_OXPHOS_Classified","Standard_candidate"
158,"TOB1",0.623635909907035,"Tier_3_Exploratory_Robust",0.648405461587555,0.648405461587555,0.696043692700439,0.696043692700439,0.777,0.497,0.28,0.787195840747135,0.554317548746518,0.938848920863309,"Consistent_3_of_3",1,0.28,0.777,1,FALSE,TRUE,"Other_Candidate","Other_Candidate",TRUE,FALSE,FALSE,FALSE,TRUE,FALSE,FALSE,FALSE,FALSE,"Not_OXPHOS_Classified","Standard_candidate"
159,"PHPT1",0.623520048713327,"Tier_3_Exploratory_Robust",0.670116201482606,0.670116201482606,0.740129611860846,0.740129611860846,0.892,0.646,0.246,0.889170170973616,0.848920863309353,0.955431754874652,"Consistent_3_of_3",1,0.246,0.892,1,FALSE,TRUE,"Other_Candidate","Other_Candidate",FALSE,FALSE,FALSE,FALSE,FALSE,FALSE,FALSE,FALSE,FALSE,"Not_OXPHOS_Classified","Standard_candidate"
160,"EGR1",0.623042085248035,"Tier_3_Exploratory_Robust",0.697692790941373,0.697692790941373,1.05674232753098,1.05674232753098,0.758,0.438,0.32,0.764978499534341,0.584958217270195,0.870503597122302,"Consistent_3_of_3",1,0.32,0.758,1,TRUE,TRUE,"Other_Candidate","Other_Candidate",FALSE,FALSE,FALSE,FALSE,FALSE,FALSE,FALSE,FALSE,FALSE,"Not_OXPHOS_Classified","Standard_candidate"
161,"NDUFAF8",0.622955988748066,"Tier_3_Exploratory_Robust",0.654057867760798,0.654057867760798,0.770062942086385,0.770062942086385,0.755,0.471,0.284,0.748036480652745,0.68705035971223,0.857894736842105,"Consistent_3_of_3",1,0.284,0.755,1,FALSE,TRUE,"Other_Candidate","Other_Candidate",TRUE,TRUE,FALSE,FALSE,TRUE,FALSE,FALSE,FALSE,FALSE,"Not_OXPHOS_Classified","Standard_candidate"
162,"AHCYL1",0.622833781783054,"Tier_3_Exploratory_Robust",0.70465249622981,0.70465249622981,1.40521996983848,1.40521996983848,0.626,0.357,0.269,0.617773542491326,0.5,0.774373259052925,"Consistent_3_of_3",1,0.269,0.626,1,TRUE,TRUE,"Other_Candidate","Other_Candidate",FALSE,TRUE,TRUE,FALSE,TRUE,FALSE,FALSE,FALSE,FALSE,"Not_OXPHOS_Classified","Standard_candidate"
163,"CALM3",0.622435097128975,"Tier_3_Exploratory_Robust",0.651936653729629,0.651936653729629,0.740293229837035,0.740293229837035,0.744,0.441,0.303,0.750211664710161,0.607242339832869,0.838129496402878,"Consistent_3_of_3",1,0.303,0.744,1,FALSE,TRUE,"Other_Candidate","Other_Candidate",FALSE,TRUE,FALSE,FALSE,TRUE,FALSE,FALSE,FALSE,FALSE,"Not_OXPHOS_Classified","Standard_candidate"
164,"ZCRB1",0.622270098548032,"Tier_3_Exploratory_Robust",0.654808078543597,0.654808078543597,0.779264628348774,0.779264628348774,0.739,0.441,0.298,0.732466828179444,0.661870503597122,0.797368421052632,"Consistent_3_of_3",1,0.298,0.739,1,FALSE,TRUE,"Other_Candidate","Other_Candidate",FALSE,FALSE,TRUE,FALSE,TRUE,FALSE,FALSE,FALSE,FALSE,"Not_OXPHOS_Classified","Standard_candidate"
165,"RERG",0.622260084163204,"Tier_3_Exploratory_Robust",0.74446526813962,0.74446526813962,1.62932214511696,1.62932214511696,0.598,0.242,0.356,0.60808212541534,0.402631578947368,0.738161559888579,"Consistent_3_of_3",1,0.356,0.598,1,TRUE,TRUE,"Other_Candidate","Other_Candidate",FALSE,FALSE,FALSE,FALSE,FALSE,FALSE,FALSE,FALSE,FALSE,"Not_OXPHOS_Classified","Standard_candidate"
166,"NDUFS7",0.621676176752716,"Tier_3_Exploratory_Robust",0.626104867526463,0.626104867526463,0.556038940211703,0.556038940211703,0.756,0.479,0.277,0.746091717741479,0.647482014388489,0.852631578947368,"Consistent_3_of_3",1,0.277,0.756,1,FALSE,TRUE,"Mitochondrial_Metabolic","Mitochondrial_OXPHOS",TRUE,TRUE,TRUE,FALSE,TRUE,FALSE,FALSE,TRUE,FALSE,"OXPHOS_Pathway_Supported","Standard_candidate"
167,"SCAND1",0.621668299455514,"Tier_3_Exploratory_Robust",0.661054918155377,0.661054918155377,0.632439345243016,0.632439345243016,0.889,0.618,0.271,0.888670128257459,0.844011142061281,0.926315789473684,"Consistent_3_of_3",1,0.271,0.889,1,FALSE,TRUE,"Other_Candidate","Other_Candidate",FALSE,FALSE,FALSE,FALSE,FALSE,FALSE,FALSE,FALSE,FALSE,"Not_OXPHOS_Classified","Standard_candidate"
168,"SEC11C",0.621381686135872,"Tier_3_Exploratory_Robust",0.665698808080823,0.665698808080823,0.925590464646581,0.925590464646581,0.712,0.424,0.288,0.705960362922095,0.636690647482014,0.754874651810585,"Consistent_3_of_3",1,0.288,0.712,1,FALSE,TRUE,"Other_Candidate","Other_Candidate",FALSE,TRUE,FALSE,FALSE,TRUE,FALSE,FALSE,FALSE,FALSE,"Not_OXPHOS_Classified","Standard_candidate"
169,"NDUFB6",0.621294182168432,"Tier_3_Exploratory_Robust",0.630757124858498,0.630757124858498,0.612456998867984,0.612456998867984,0.733,0.445,0.288,0.729955452146127,0.697841726618705,0.760445682451253,"Consistent_3_of_3",1,0.288,0.733,1,FALSE,TRUE,"Mitochondrial_Metabolic","Mitochondrial_OXPHOS",TRUE,TRUE,TRUE,FALSE,TRUE,FALSE,FALSE,TRUE,FALSE,"OXPHOS_Pathway_Supported","Standard_candidate"
170,"GGA2",0.620995233064668,"Tier_3_Exploratory_Robust",0.744528944693239,0.744528944693239,1.89863155754591,1.89863155754591,0.476,0.166,0.31,0.477452496293538,0.281578947368421,0.704735376044568,"Consistent_3_of_3",1,0.31,0.476,1,TRUE,TRUE,"Other_Candidate","Other_Candidate",FALSE,TRUE,FALSE,FALSE,TRUE,FALSE,FALSE,FALSE,FALSE,"Not_OXPHOS_Classified","Standard_candidate"
171,"COA3",0.620762208836621,"Tier_3_Exploratory_Robust",0.655790177938491,0.655790177938491,0.80472142350793,0.80472142350793,0.731,0.436,0.295,0.713209593591803,0.510791366906475,0.855153203342618,"Consistent_3_of_3",1,0.295,0.731,1,FALSE,TRUE,"Other_Candidate","Other_Candidate",TRUE,TRUE,FALSE,FALSE,TRUE,FALSE,FALSE,FALSE,FALSE,"Not_OXPHOS_Classified","Standard_candidate"
172,"UGCG",0.620222139068431,"Tier_3_Exploratory_Robust",0.672928003860561,0.672928003860561,1.02662403088449,1.02662403088449,0.69,0.407,0.283,0.670383253578928,0.435251798561151,0.84958217270195,"Consistent_3_of_3",1,0.283,0.69,1,TRUE,TRUE,"Other_Candidate","Other_Candidate",TRUE,TRUE,FALSE,FALSE,TRUE,FALSE,FALSE,FALSE,FALSE,"Not_OXPHOS_Classified","Standard_candidate"
173,"PXMP2",0.619916807631012,"Tier_3_Exploratory_Robust",0.71277404836643,0.71277404836643,1.49739238693144,1.49739238693144,0.529,0.18,0.349,0.523883113125392,0.479108635097493,0.610526315789474,"Consistent_3_of_3",1,0.349,0.529,1,TRUE,TRUE,"Other_Candidate","Other_Candidate",FALSE,TRUE,FALSE,FALSE,TRUE,FALSE,FALSE,FALSE,FALSE,"Not_OXPHOS_Classified","Standard_candidate"
174,"SELENOW",0.619824419548346,"Tier_3_Exploratory_Robust",0.657533340866104,0.657533340866104,0.63146672692883,0.63146672692883,0.942,0.741,0.201,0.944042818816344,0.894150417827298,0.974820143884892,"Consistent_3_of_3",1,0.201,0.942,1,FALSE,TRUE,"Other_Candidate","Other_Candidate",FALSE,FALSE,FALSE,FALSE,FALSE,FALSE,FALSE,FALSE,FALSE,"Not_OXPHOS_Classified","Standard_candidate"
175,"TMEM14A",0.619767999561178,"Tier_3_Exploratory_Robust",0.660420306856716,0.660420306856716,0.85136245485373,0.85136245485373,0.678,0.336,0.342,0.667301151015854,0.568345323741007,0.826315789473684,"Consistent_3_of_3",1,0.342,0.678,1,FALSE,TRUE,"Other_Candidate","Other_Candidate",TRUE,TRUE,FALSE,FALSE,TRUE,FALSE,FALSE,FALSE,FALSE,"Not_OXPHOS_Classified","Standard_candidate"
176,"PPP1CA",0.619403322120674,"Tier_3_Exploratory_Robust",0.647350032232124,0.647350032232124,0.726000257856995,0.726000257856995,0.776,0.519,0.257,0.766266259826034,0.671309192200557,0.936842105263158,"Consistent_3_of_3",1,0.257,0.776,1,FALSE,TRUE,"Other_Candidate","Other_Candidate",TRUE,TRUE,FALSE,FALSE,TRUE,FALSE,FALSE,FALSE,FALSE,"Not_OXPHOS_Classified","Standard_candidate"
177,"DDRGK1",0.619094923866197,"Tier_3_Exploratory_Robust",0.645523194895922,0.645523194895922,0.698585559167374,0.698585559167374,0.766,0.491,0.275,0.767406324170981,0.685236768802228,0.818421052631579,"Consistent_3_of_3",1,0.275,0.766,1,FALSE,TRUE,"Other_Candidate","Other_Candidate",FALSE,TRUE,FALSE,FALSE,TRUE,FALSE,FALSE,FALSE,FALSE,"Not_OXPHOS_Classified","Standard_candidate"
178,"MRPL24",0.617605489745714,"Tier_3_Exploratory_Robust",0.633857368796868,0.633857368796868,0.560458950374947,0.560458950374947,0.781,0.493,0.288,0.768982497626001,0.643884892086331,0.855263157894737,"Consistent_3_of_3",1,0.288,0.781,1,FALSE,TRUE,"Other_Candidate","Other_Candidate",TRUE,TRUE,TRUE,FALSE,TRUE,FALSE,FALSE,FALSE,FALSE,"Not_OXPHOS_Classified","Standard_candidate"
179,"MRPL40",0.617205857134868,"Tier_3_Exploratory_Robust",0.662572256799186,0.662572256799186,0.900578054393485,0.900578054393485,0.663,0.326,0.337,0.652398556158738,0.543165467625899,0.731578947368421,"Consistent_3_of_3",1,0.337,0.663,1,FALSE,TRUE,"Other_Candidate","Other_Candidate",TRUE,TRUE,TRUE,FALSE,TRUE,FALSE,FALSE,FALSE,FALSE,"Not_OXPHOS_Classified","Standard_candidate"
180,"BTG2",0.617175793121836,"Tier_3_Exploratory_Robust",0.634256475430585,0.634256475430585,0.600451803444679,0.600451803444679,0.837,0.628,0.209,0.849362175704386,0.723684210526316,0.974820143884892,"Consistent_3_of_3",1,0.209,0.837,1,FALSE,TRUE,"Other_Candidate","Other_Candidate",TRUE,FALSE,FALSE,FALSE,TRUE,FALSE,FALSE,FALSE,FALSE,"Not_OXPHOS_Classified","Standard_candidate"
181,"MAST4",0.616902535120456,"Tier_3_Exploratory_Robust",0.748980649287046,0.748980649287046,1.73424519429637,1.73424519429637,0.57,0.229,0.341,0.550188513607821,0.305755395683453,0.763231197771588,"Consistent_3_of_3",1,0.341,0.57,1,TRUE,TRUE,"Other_Candidate","Other_Candidate",FALSE,FALSE,FALSE,FALSE,FALSE,FALSE,FALSE,FALSE,FALSE,"Not_OXPHOS_Classified","Standard_candidate"
182,"MICOS13",0.61674272285772,"Tier_3_Exploratory_Robust",0.632294360574244,0.632294360574244,0.567154884593953,0.567154884593953,0.817,0.577,0.24,0.810137915177314,0.73021582733813,0.860724233983287,"Consistent_3_of_3",1,0.24,0.817,1,FALSE,TRUE,"Other_Candidate","Other_Candidate",FALSE,TRUE,FALSE,FALSE,TRUE,FALSE,FALSE,FALSE,FALSE,"Not_OXPHOS_Classified","Standard_candidate"
183,"RWDD4",0.616163292302609,"Tier_3_Exploratory_Robust",0.750902341253885,0.750902341253885,1.77521873003108,1.77521873003108,0.582,0.269,0.313,0.573238942931566,0.438848920863309,0.796657381615599,"Consistent_3_of_3",1,0.313,0.582,1,TRUE,TRUE,"Other_Candidate","Other_Candidate",FALSE,FALSE,FALSE,FALSE,FALSE,FALSE,FALSE,FALSE,FALSE,"Not_OXPHOS_Classified","Standard_candidate"
184,"NDUFV1",0.614697415224058,"Tier_3_Exploratory_Robust",0.657756162644686,0.657756162644686,0.99804930115749,0.99804930115749,0.621,0.327,0.294,0.597444325729857,0.345323741007194,0.786842105263158,"Consistent_3_of_3",1,0.294,0.621,1,FALSE,TRUE,"Mitochondrial_Metabolic","Mitochondrial_OXPHOS",TRUE,TRUE,TRUE,FALSE,TRUE,FALSE,FALSE,TRUE,FALSE,"OXPHOS_Pathway_Supported","Standard_candidate"
185,"UQCC3",0.61445551357706,"Tier_3_Exploratory_Robust",0.621810119909018,0.621810119909018,0.550480959272148,0.550480959272148,0.713,0.411,0.302,0.713530861280774,0.576601671309192,0.815789473684211,"Consistent_3_of_3",1,0.302,0.713,1,FALSE,TRUE,"Mitochondrial_Metabolic","Mitochondrial_OXPHOS",TRUE,TRUE,FALSE,FALSE,TRUE,FALSE,FALSE,TRUE,FALSE,"OXPHOS_Pathway_Supported","Standard_candidate"
186,"LSM4",0.61417212109635,"Tier_3_Exploratory_Robust",0.62899611679282,0.62899611679282,0.545568934342559,0.545568934342559,0.811,0.568,0.243,0.807640813020307,0.755395683453237,0.88857938718663,"Consistent_3_of_3",1,0.243,0.811,1,FALSE,TRUE,"Other_Candidate","Other_Candidate",FALSE,FALSE,TRUE,FALSE,TRUE,FALSE,FALSE,FALSE,FALSE,"Not_OXPHOS_Classified","Standard_candidate"
187,"H2BC21",0.613147680166396,"Tier_3_Exploratory_Robust",0.667267662668648,0.667267662668648,0.72534130134918,0.72534130134918,0.731,0.329,0.402,0.716050112556195,0.568345323741007,0.85,"Consistent_3_of_3",1,0.402,0.731,1,FALSE,TRUE,"Other_Candidate","Other_Candidate",FALSE,FALSE,FALSE,FALSE,FALSE,FALSE,FALSE,FALSE,FALSE,"Not_OXPHOS_Classified","Standard_candidate"
188,"RPN2",0.613094544074122,"Tier_3_Exploratory_Robust",0.63284114679143,0.63284114679143,0.60032917433144,0.60032917433144,0.792,0.545,0.247,0.791472782776564,0.71866295264624,0.85,"Consistent_3_of_3",1,0.247,0.792,1,FALSE,TRUE,"Other_Candidate","Other_Candidate",TRUE,TRUE,FALSE,FALSE,TRUE,FALSE,FALSE,FALSE,FALSE,"Not_OXPHOS_Classified","Standard_candidate"
189,"MIEN1",0.612408051393774,"Tier_3_Exploratory_Robust",0.675257592033279,0.675257592033279,0.894860736266229,0.894860736266229,0.826,0.585,0.241,0.809701946696564,0.633093525179856,0.91578947368421,"Consistent_3_of_3",1,0.241,0.826,1,FALSE,TRUE,"Other_Candidate","Other_Candidate",FALSE,FALSE,FALSE,FALSE,FALSE,FALSE,FALSE,FALSE,FALSE,"Not_OXPHOS_Classified","Standard_candidate"
190,"AMZ2",0.612243433762867,"Tier_3_Exploratory_Robust",0.721789818064199,0.721789818064199,1.42231854451359,1.42231854451359,0.6,0.23,0.37,0.608963994322794,0.498607242339833,0.723021582733813,"Consistent_3_of_3",1,0.37,0.6,1,TRUE,TRUE,"Other_Candidate","Other_Candidate",FALSE,FALSE,FALSE,FALSE,FALSE,FALSE,FALSE,FALSE,FALSE,"Not_OXPHOS_Classified","Standard_candidate"
191,"ANAPC16",0.612055772739052,"Tier_3_Exploratory_Robust",0.625614997432156,0.625614997432156,0.526519979457244,0.526519979457244,0.821,0.593,0.228,0.810876043337739,0.690647482014389,0.902506963788301,"Consistent_3_of_3",1,0.228,0.821,1,FALSE,TRUE,"Other_Candidate","Other_Candidate",FALSE,TRUE,FALSE,FALSE,TRUE,FALSE,FALSE,FALSE,FALSE,"Not_OXPHOS_Classified","Standard_candidate"
192,"MZT2A",0.611844947731065,"Tier_3_Exploratory_Robust",0.650505201012539,0.650505201012539,0.608841608100312,0.608841608100312,0.923,0.724,0.199,0.928640181243072,0.857938718662953,0.996402877697842,"Consistent_3_of_3",1,0.199,0.923,1,FALSE,TRUE,"Other_Candidate","Other_Candidate",FALSE,FALSE,FALSE,FALSE,FALSE,FALSE,FALSE,FALSE,FALSE,"Not_OXPHOS_Classified","Standard_candidate"
193,"YIF1A",0.611829577263345,"Tier_3_Exploratory_Robust",0.644317837776142,0.644317837776142,0.749742702209136,0.749742702209136,0.748,0.493,0.255,0.734353669388196,0.607913669064748,0.921052631578947,"Consistent_3_of_3",1,0.255,0.748,1,FALSE,TRUE,"Other_Candidate","Other_Candidate",FALSE,TRUE,FALSE,FALSE,TRUE,FALSE,FALSE,FALSE,FALSE,"Not_OXPHOS_Classified","Standard_candidate"
194,"C11orf58",0.610321238638534,"Tier_3_Exploratory_Robust",0.646567259915705,0.646567259915705,0.569338079325638,0.569338079325638,0.921,0.715,0.206,0.917687582817487,0.87410071942446,0.952646239554318,"Consistent_3_of_3",1,0.206,0.921,1,FALSE,TRUE,"Other_Candidate","Other_Candidate",FALSE,FALSE,FALSE,FALSE,FALSE,FALSE,FALSE,FALSE,FALSE,"Not_OXPHOS_Classified","Standard_candidate"
195,"PDHB",0.60961618221682,"Tier_3_Exploratory_Robust",0.687319614079493,0.687319614079493,1.27135691263594,1.27135691263594,0.562,0.232,0.33,0.545531116522996,0.345323741007194,0.6991643454039,"Consistent_3_of_3",1,0.33,0.562,1,TRUE,TRUE,"Other_Candidate","Other_Candidate",TRUE,TRUE,TRUE,FALSE,TRUE,FALSE,FALSE,FALSE,FALSE,"Not_OXPHOS_Classified","Standard_candidate"
196,"TRAPPC6A",0.607370887999608,"Tier_3_Exploratory_Robust",0.646838368120163,0.646838368120163,0.785906944961308,0.785906944961308,0.661,0.329,0.332,0.654767492266266,0.600719424460432,0.736842105263158,"Consistent_3_of_3",1,0.332,0.661,1,FALSE,TRUE,"Other_Candidate","Other_Candidate",FALSE,TRUE,FALSE,FALSE,TRUE,FALSE,FALSE,FALSE,FALSE,"Not_OXPHOS_Classified","Standard_candidate"
197,"FDPS",0.606728484046514,"Tier_3_Exploratory_Robust",0.629369968632106,0.629369968632106,0.615759749056845,0.615759749056845,0.784,0.556,0.228,0.78898446995226,0.754874651810585,0.848920863309353,"Consistent_3_of_3",1,0.228,0.784,1,FALSE,TRUE,"Other_Candidate","Other_Candidate",TRUE,FALSE,TRUE,FALSE,TRUE,FALSE,FALSE,FALSE,FALSE,"Not_OXPHOS_Classified","Standard_candidate"
198,"DCXR",0.606563167705605,"Tier_3_Exploratory_Robust",0.627530598332331,0.627530598332331,0.58504478665865,0.58504478665865,0.771,0.52,0.251,0.774968630871582,0.543175487465181,0.918421052631579,"Consistent_3_of_3",1,0.251,0.771,1,FALSE,TRUE,"Other_Candidate","Other_Candidate",TRUE,FALSE,TRUE,FALSE,TRUE,FALSE,FALSE,FALSE,FALSE,"Not_OXPHOS_Classified","Standard_candidate"
199,"CMBL",0.605616653999467,"Tier_3_Exploratory_Robust",0.720654329512656,0.720654329512656,1.46283463610125,1.46283463610125,0.573,0.207,0.366,0.572839942384166,0.436842105263158,0.749303621169916,"Consistent_3_of_3",1,0.366,0.573,1,TRUE,TRUE,"Other_Candidate","Other_Candidate",FALSE,FALSE,FALSE,FALSE,FALSE,FALSE,FALSE,FALSE,FALSE,"Not_OXPHOS_Classified","Standard_candidate"
200,"DHRS7",0.605174474985611,"Tier_3_Exploratory_Robust",0.653819614421494,0.653819614421494,0.916956915371953,0.916956915371953,0.681,0.416,0.265,0.674368934701235,0.561151079136691,0.883008356545961,"Consistent_3_of_3",1,0.265,0.681,1,FALSE,TRUE,"Other_Candidate","Other_Candidate",FALSE,TRUE,TRUE,FALSE,TRUE,FALSE,FALSE,FALSE,FALSE,"Not_OXPHOS_Classified","Standard_candidate"
201,"SDF2L1",0.604775596303466,"Tier_3_Exploratory_Robust",0.641502610335347,0.641502610335347,0.754420882682773,0.754420882682773,0.689,0.392,0.297,0.69040718165828,0.551532033426184,0.789473684210526,"Consistent_3_of_3",1,0.297,0.689,1,FALSE,TRUE,"Other_Candidate","Other_Candidate",FALSE,TRUE,FALSE,FALSE,TRUE,FALSE,FALSE,FALSE,FALSE,"Not_OXPHOS_Classified","Standard_candidate"
202,"GTF3A",0.604275033392597,"Tier_3_Exploratory_Robust",0.629001392775295,0.629001392775295,0.620811142202362,0.620811142202362,0.754,0.501,0.253,0.762822405907557,0.571030640668524,0.888489208633094,"Consistent_3_of_3",1,0.253,0.754,1,FALSE,TRUE,"Other_Candidate","Other_Candidate",FALSE,FALSE,TRUE,FALSE,TRUE,FALSE,FALSE,FALSE,FALSE,"Not_OXPHOS_Classified","Standard_candidate"
203,"H2AC6",0.604243224698222,"Tier_3_Exploratory_Robust",0.653219513826373,0.653219513826373,0.664156110610981,0.664156110610981,0.804,0.507,0.297,0.790305664865557,0.647482014388489,0.918421052631579,"Consistent_3_of_3",1,0.297,0.804,1,FALSE,TRUE,"Other_Candidate","Other_Candidate",FALSE,FALSE,FALSE,FALSE,FALSE,FALSE,FALSE,FALSE,FALSE,"Not_OXPHOS_Classified","Standard_candidate"
204,"ARF3",0.60384779669266,"Tier_3_Exploratory_Robust",0.642720383931182,0.642720383931182,0.778563071449458,0.778563071449458,0.684,0.391,0.293,0.677354688599216,0.587743732590529,0.818421052631579,"Consistent_3_of_3",1,0.293,0.684,1,FALSE,TRUE,"Other_Candidate","Other_Candidate",FALSE,TRUE,FALSE,FALSE,TRUE,FALSE,FALSE,FALSE,FALSE,"Not_OXPHOS_Classified","Standard_candidate"
205,"BLVRB",0.603648789385594,"Tier_3_Exploratory_Robust",0.618537017050563,0.618537017050563,0.524296136404504,0.524296136404504,0.833,0.651,0.182,0.839831322158224,0.610027855153203,0.956834532374101,"Consistent_3_of_3",1,0.182,0.833,1,FALSE,TRUE,"Other_Candidate","Other_Candidate",FALSE,FALSE,TRUE,FALSE,TRUE,FALSE,FALSE,FALSE,FALSE,"Not_OXPHOS_Classified","Standard_candidate"
206,"CRNDE",0.603479526547142,"Tier_3_Exploratory_Robust",0.644046002467556,0.644046002467556,0.56036801974045,0.56036801974045,0.833,0.546,0.287,0.830721758907198,0.727019498607242,0.934210526315789,"Consistent_3_of_3",1,0.287,0.833,1,FALSE,TRUE,"Other_Candidate","Other_Candidate",FALSE,FALSE,FALSE,FALSE,FALSE,FALSE,FALSE,FALSE,FALSE,"Not_OXPHOS_Classified","Standard_candidate"
207,"CYB561",0.603459188541566,"Tier_3_Exploratory_Robust",0.687035200747529,0.687035200747529,1.34428160598023,1.34428160598023,0.583,0.321,0.262,0.61105812315402,0.303621169916435,0.953237410071942,"Consistent_3_of_3",1,0.262,0.583,1,TRUE,TRUE,"Other_Candidate","Other_Candidate",TRUE,TRUE,TRUE,FALSE,TRUE,FALSE,FALSE,FALSE,FALSE,"Not_OXPHOS_Classified","Standard_candidate"
208,"DUT",0.603261364328547,"Tier_3_Exploratory_Robust",0.647726926253074,0.647726926253074,0.860215410024594,0.860215410024594,0.695,0.439,0.256,0.672758869579311,0.406474820143885,0.880222841225627,"Consistent_3_of_3",1,0.256,0.695,1,FALSE,TRUE,"Other_Candidate","Other_Candidate",TRUE,TRUE,TRUE,FALSE,TRUE,FALSE,FALSE,FALSE,FALSE,"Not_OXPHOS_Classified","Standard_candidate"
209,"CHCHD5",0.603205547785903,"Tier_3_Exploratory_Robust",0.62507110304198,0.62507110304198,0.568568824335839,0.568568824335839,0.737,0.454,0.283,0.740032052938502,0.702631578947368,0.762589928057554,"Consistent_3_of_3",1,0.283,0.737,1,FALSE,TRUE,"Other_Candidate","Other_Candidate",TRUE,TRUE,FALSE,FALSE,TRUE,FALSE,FALSE,FALSE,FALSE,"Not_OXPHOS_Classified","Standard_candidate"
210,"ST13",0.602901275269033,"Tier_3_Exploratory_Robust",0.637382398343936,0.637382398343936,0.505459186751491,0.505459186751491,0.892,0.663,0.229,0.887887367865567,0.848920863309353,0.928947368421053,"Consistent_3_of_3",1,0.229,0.892,1,FALSE,TRUE,"Other_Candidate","Other_Candidate",FALSE,FALSE,FALSE,FALSE,FALSE,FALSE,FALSE,FALSE,FALSE,"Not_OXPHOS_Classified","Standard_candidate"
211,"TMEM134",0.602478783621782,"Tier_3_Exploratory_Robust",0.68933522822586,0.68933522822586,1.14028182580688,1.14028182580688,0.721,0.458,0.263,0.706256528276865,0.58273381294964,0.931578947368421,"Consistent_3_of_3",1,0.263,0.721,1,TRUE,TRUE,"Other_Candidate","Other_Candidate",FALSE,FALSE,FALSE,FALSE,FALSE,FALSE,FALSE,FALSE,FALSE,"Not_OXPHOS_Classified","Standard_candidate"
212,"GALNT1",0.602471054710396,"Tier_3_Exploratory_Robust",0.690770524646346,0.690770524646346,1.37416419717077,1.37416419717077,0.522,0.199,0.323,0.517406728480286,0.303621169916435,0.734210526315789,"Consistent_3_of_3",1,0.323,0.522,1,TRUE,TRUE,"Other_Candidate","Other_Candidate",TRUE,TRUE,FALSE,FALSE,TRUE,FALSE,FALSE,FALSE,FALSE,"Not_OXPHOS_Classified","Standard_candidate"
213,"TMEM9B",0.602037587782441,"Tier_3_Exploratory_Robust",0.65393395100739,0.65393395100739,0.93707160805912,0.93707160805912,0.653,0.372,0.281,0.628364618084158,0.352517985611511,0.779944289693593,"Consistent_3_of_3",1,0.281,0.653,1,FALSE,TRUE,"Other_Candidate","Other_Candidate",FALSE,TRUE,FALSE,FALSE,TRUE,FALSE,FALSE,FALSE,FALSE,"Not_OXPHOS_Classified","Standard_candidate"
214,"FOXA1",0.601162835619438,"Tier_3_Exploratory_Robust",0.685592509584113,0.685592509584113,1.0783400766729,1.0783400766729,0.676,0.348,0.328,0.687437002457849,0.537604456824513,0.827338129496403,"Consistent_3_of_3",1,0.328,0.676,1,TRUE,TRUE,"Other_Candidate","Other_Candidate",FALSE,FALSE,FALSE,FALSE,FALSE,FALSE,FALSE,FALSE,FALSE,"Not_OXPHOS_Classified","Standard_candidate"
215,"RNF139",0.601089176491008,"Tier_3_Exploratory_Robust",0.679571292707081,0.679571292707081,1.24617034165665,1.24617034165665,0.546,0.223,0.323,0.538883832092807,0.309192200557103,0.789473684210526,"Consistent_3_of_3",1,0.323,0.546,1,TRUE,TRUE,"Other_Candidate","Other_Candidate",TRUE,TRUE,FALSE,FALSE,TRUE,FALSE,FALSE,FALSE,FALSE,"Not_OXPHOS_Classified","Standard_candidate"
216,"DDT",0.600830898626044,"Tier_3_Exploratory_Robust",0.651476141909126,0.651476141909126,0.703009135273006,0.703009135273006,0.854,0.64,0.214,0.853663165348091,0.805263157894737,0.924791086350975,"Consistent_3_of_3",1,0.214,0.854,1,FALSE,TRUE,"Other_Candidate","Other_Candidate",FALSE,FALSE,FALSE,FALSE,FALSE,FALSE,FALSE,FALSE,FALSE,"Not_OXPHOS_Classified","Standard_candidate"
217,"TOMM22",0.600744617792374,"Tier_3_Exploratory_Robust",0.634743484350772,0.634743484350772,0.719547874806178,0.719547874806178,0.719,0.464,0.255,0.696353534384045,0.453237410071942,0.844736842105263,"Consistent_3_of_3",1,0.255,0.719,1,FALSE,TRUE,"Other_Candidate","Other_Candidate",FALSE,TRUE,FALSE,FALSE,TRUE,FALSE,FALSE,FALSE,FALSE,"Not_OXPHOS_Classified","Standard_candidate"
218,"COMT",0.600510238958821,"Tier_3_Exploratory_Robust",0.670823079053571,0.670823079053571,0.907384632428568,0.907384632428568,0.727,0.417,0.31,0.738876958834633,0.571052631578947,0.848920863309353,"Consistent_3_of_3",1,0.31,0.727,1,FALSE,TRUE,"Other_Candidate","Other_Candidate",FALSE,FALSE,FALSE,FALSE,FALSE,FALSE,FALSE,FALSE,FALSE,"Not_OXPHOS_Classified","Standard_candidate"
219,"HSD17B10",0.600488434334649,"Tier_3_Exploratory_Robust",0.62730462850531,0.62730462850531,0.62483702804248,0.62483702804248,0.73,0.464,0.266,0.721246102370413,0.62589928057554,0.779944289693593,"Consistent_3_of_3",1,0.266,0.73,1,FALSE,TRUE,"Other_Candidate","Other_Candidate",FALSE,TRUE,TRUE,FALSE,TRUE,FALSE,FALSE,FALSE,FALSE,"Not_OXPHOS_Classified","Standard_candidate"
220,"SELENOS",0.599548601292992,"Tier_3_Exploratory_Robust",0.617087378004619,0.617087378004619,0.54149902403695,0.54149902403695,0.821,0.645,0.176,0.832570208310701,0.682451253481894,0.97841726618705,"Consistent_3_of_3",1,0.176,0.821,1,FALSE,TRUE,"Other_Candidate","Other_Candidate",TRUE,TRUE,FALSE,FALSE,TRUE,FALSE,FALSE,FALSE,FALSE,"Not_OXPHOS_Classified","Standard_candidate"
221,"PPCS",0.599489516905213,"Tier_3_Exploratory_Robust",0.628665306864665,0.628665306864665,0.640522454917316,0.640522454917316,0.704,0.415,0.289,0.688284505074433,0.52158273381295,0.807894736842105,"Consistent_3_of_3",1,0.289,0.704,1,FALSE,TRUE,"Other_Candidate","Other_Candidate",TRUE,FALSE,FALSE,FALSE,TRUE,FALSE,FALSE,FALSE,FALSE,"Not_OXPHOS_Classified","Standard_candidate"
222,"CACYBP",0.59919938142497,"Tier_3_Exploratory_Robust",0.617813440456092,0.617813440456092,0.51850752364874,0.51850752364874,0.752,0.489,0.263,0.742774219269944,0.643884892086331,0.818421052631579,"Consistent_3_of_3",1,0.263,0.752,1,FALSE,TRUE,"Other_Candidate","Other_Candidate",FALSE,TRUE,FALSE,FALSE,TRUE,FALSE,FALSE,FALSE,FALSE,"Not_OXPHOS_Classified","Standard_candidate"
223,"GNG10",0.598381133403589,"Tier_3_Exploratory_Robust",0.625479779105301,0.625479779105301,0.62463823284241,0.62463823284241,0.735,0.483,0.252,0.732740756522476,0.576601671309192,0.884210526315789,"Consistent_3_of_3",1,0.252,0.735,1,FALSE,TRUE,"Other_Candidate","Other_Candidate",FALSE,TRUE,FALSE,FALSE,TRUE,FALSE,FALSE,FALSE,FALSE,"Not_OXPHOS_Classified","Standard_candidate"
224,"POLD4",0.597986982804213,"Tier_3_Exploratory_Robust",0.630291176609067,0.630291176609067,0.715929412872533,0.715929412872533,0.773,0.592,0.181,0.769241255580787,0.573816155988858,0.960526315789474,"Consistent_3_of_3",1,0.181,0.773,1,FALSE,TRUE,"Other_Candidate","Other_Candidate",FALSE,TRUE,FALSE,FALSE,TRUE,FALSE,FALSE,FALSE,FALSE,"Not_OXPHOS_Classified","Standard_candidate"
225,"POLR2F",0.597866687493472,"Tier_3_Exploratory_Robust",0.620562226825049,0.620562226825049,0.559697814600396,0.559697814600396,0.731,0.459,0.272,0.732632260999586,0.721052631578947,0.755395683453237,"Consistent_3_of_3",1,0.272,0.731,1,FALSE,TRUE,"Other_Candidate","Other_Candidate",FALSE,TRUE,FALSE,FALSE,TRUE,FALSE,FALSE,FALSE,FALSE,"Not_OXPHOS_Classified","Standard_candidate"
226,"BPTF",0.597619718411254,"Tier_3_Exploratory_Robust",0.668847467093368,0.668847467093368,1.15717973674694,1.15717973674694,0.589,0.307,0.282,0.609637151735876,0.342618384401114,0.870503597122302,"Consistent_3_of_3",1,0.282,0.589,1,TRUE,TRUE,"Other_Candidate","Other_Candidate",FALSE,TRUE,FALSE,FALSE,TRUE,FALSE,FALSE,FALSE,FALSE,"Not_OXPHOS_Classified","Standard_candidate"
227,"CISD3",0.597606374128985,"Tier_3_Exploratory_Robust",0.648442535039981,0.648442535039981,0.907540280319843,0.907540280319843,0.652,0.379,0.273,0.636512927174753,0.496402877697842,0.842105263157895,"Consistent_3_of_3",1,0.273,0.652,1,FALSE,TRUE,"Other_Candidate","Other_Candidate",FALSE,TRUE,FALSE,FALSE,TRUE,FALSE,FALSE,FALSE,FALSE,"Not_OXPHOS_Classified","Standard_candidate"
228,"TMEM141",0.597590314725289,"Tier_3_Exploratory_Robust",0.644880776867634,0.644880776867634,0.605446214941069,0.605446214941069,0.778,0.46,0.318,0.773011685945189,0.732590529247911,0.852631578947368,"Consistent_3_of_3",1,0.318,0.778,1,FALSE,TRUE,"Other_Candidate","Other_Candidate",FALSE,FALSE,FALSE,FALSE,FALSE,FALSE,FALSE,FALSE,FALSE,"Not_OXPHOS_Classified","Standard_candidate"
229,"ECH1",0.597440283217714,"Tier_3_Exploratory_Robust",0.618702769368961,0.618702769368961,0.543222154951691,0.543222154951691,0.74,0.476,0.264,0.72992968182264,0.615107913669065,0.794736842105263,"Consistent_3_of_3",1,0.264,0.74,1,FALSE,TRUE,"Other_Candidate","Other_Candidate",FALSE,TRUE,FALSE,FALSE,TRUE,FALSE,FALSE,FALSE,FALSE,"Not_OXPHOS_Classified","Standard_candidate"
230,"SYAP1",0.597191826734276,"Tier_3_Exploratory_Robust",0.694974888312403,0.694974888312403,1.27819910649922,1.27819910649922,0.727,0.528,0.199,0.725293642816285,0.426183844011142,0.976315789473684,"Consistent_3_of_3",1,0.199,0.727,1,FALSE,TRUE,"Other_Candidate","Other_Candidate",FALSE,FALSE,FALSE,FALSE,FALSE,FALSE,FALSE,FALSE,FALSE,"Not_OXPHOS_Classified","Standard_candidate"
231,"SORD",0.596786388765997,"Tier_3_Exploratory_Robust",0.702755015090049,0.702755015090049,1.58524012072039,1.58524012072039,0.492,0.211,0.281,0.488809755596783,0.314763231197772,0.655263157894737,"Consistent_3_of_3",1,0.281,0.492,1,TRUE,TRUE,"Other_Candidate","Other_Candidate",TRUE,TRUE,TRUE,FALSE,TRUE,FALSE,FALSE,FALSE,FALSE,"Not_OXPHOS_Classified","Standard_candidate"
232,"GAMT",0.595879908102804,"Tier_3_Exploratory_Robust",0.64078577254308,0.64078577254308,0.806286180344643,0.806286180344643,0.627,0.304,0.323,0.612791977237738,0.471223021582734,0.771052631578947,"Consistent_3_of_3",1,0.323,0.627,1,FALSE,TRUE,"Other_Candidate","Other_Candidate",TRUE,FALSE,FALSE,FALSE,TRUE,FALSE,FALSE,FALSE,FALSE,"Not_OXPHOS_Classified","Standard_candidate"
233,"GADD45G",0.595816757155627,"Tier_3_Exploratory_Robust",0.7558,0.7558,2.12597677533072,2.12597677533072,0.469,0.159,0.31,0.458993280379362,0.31294964028777,0.682451253481894,"Consistent_3_of_3",1,0.31,0.469,1,TRUE,TRUE,"Other_Candidate","Other_Candidate",FALSE,FALSE,FALSE,FALSE,FALSE,FALSE,FALSE,FALSE,FALSE,"Not_OXPHOS_Classified","Standard_candidate"
234,"DGCR6L",0.595622259514704,"Tier_3_Exploratory_Robust",0.691316194157287,0.691316194157287,1.1865295532583,1.1865295532583,0.619,0.273,0.346,0.61301840802684,0.539568345323741,0.657381615598886,"Consistent_3_of_3",1,0.346,0.619,1,TRUE,TRUE,"Other_Candidate","Other_Candidate",FALSE,FALSE,FALSE,FALSE,FALSE,FALSE,FALSE,FALSE,FALSE,"Not_OXPHOS_Classified","Standard_candidate"
235,"MCRIP2",0.594834467065591,"Tier_3_Exploratory_Robust",0.66497919693015,0.66497919693015,0.881433575441203,0.881433575441203,0.717,0.41,0.307,0.703177027356271,0.561151079136691,0.815789473684211,"Consistent_3_of_3",1,0.307,0.717,1,FALSE,TRUE,"Other_Candidate","Other_Candidate",FALSE,FALSE,FALSE,FALSE,FALSE,FALSE,FALSE,FALSE,FALSE,"Not_OXPHOS_Classified","Standard_candidate"
236,"MARCHF6",0.594802209666423,"Tier_3_Exploratory_Robust",0.657311942649518,0.657311942649518,1.03289554119614,1.03289554119614,0.6,0.309,0.291,0.589242841176406,0.467625899280576,0.668523676880223,"Consistent_3_of_3",1,0.291,0.6,1,TRUE,TRUE,"Other_Candidate","Other_Candidate",FALSE,TRUE,FALSE,FALSE,TRUE,FALSE,FALSE,FALSE,FALSE,"Not_OXPHOS_Classified","Standard_candidate"
237,"HEBP1",0.594722720711446,"Tier_3_Exploratory_Robust",0.691679354245121,0.691679354245121,1.23423483396097,1.23423483396097,0.681,0.425,0.256,0.67305818151519,0.553956834532374,0.846796657381616,"Consistent_3_of_3",1,0.256,0.681,1,TRUE,TRUE,"Other_Candidate","Other_Candidate",FALSE,FALSE,FALSE,FALSE,FALSE,FALSE,FALSE,FALSE,FALSE,"Not_OXPHOS_Classified","Standard_candidate"
238,"BLVRA",0.594334426755152,"Tier_3_Exploratory_Robust",0.641065702066952,0.641065702066952,0.835725616535616,0.835725616535616,0.644,0.355,0.289,0.622130432291024,0.370503597122302,0.782729805013928,"Consistent_3_of_3",1,0.289,0.644,1,FALSE,TRUE,"Other_Candidate","Other_Candidate",FALSE,FALSE,TRUE,FALSE,TRUE,FALSE,FALSE,FALSE,FALSE,"Not_OXPHOS_Classified","Standard_candidate"
239,"MTCH1",0.593894423017035,"Tier_3_Exploratory_Robust",0.613003657095056,0.613003657095056,0.512029256760451,0.512029256760451,0.759,0.523,0.236,0.749315680134385,0.654676258992806,0.857894736842105,"Consistent_3_of_3",1,0.236,0.759,1,FALSE,TRUE,"Other_Candidate","Other_Candidate",FALSE,TRUE,FALSE,FALSE,TRUE,FALSE,FALSE,FALSE,FALSE,"Not_OXPHOS_Classified","Standard_candidate"
240,"LAMP2",0.593491273599261,"Tier_3_Exploratory_Robust",0.635643237367238,0.635643237367238,0.776345898937901,0.776345898937901,0.657,0.371,0.286,0.651361344585086,0.600719424460432,0.721052631578947,"Consistent_3_of_3",1,0.286,0.657,1,FALSE,TRUE,"Other_Candidate","Other_Candidate",FALSE,TRUE,FALSE,FALSE,TRUE,FALSE,FALSE,FALSE,FALSE,"Not_OXPHOS_Classified","Standard_candidate"
241,"FOSB",0.59343779510019,"Tier_3_Exploratory_Robust",0.64369865739406,0.64369865739406,0.666389259152479,0.666389259152479,0.84,0.628,0.212,0.841335229719757,0.637883008356546,0.986842105263158,"Consistent_3_of_3",1,0.212,0.84,1,FALSE,TRUE,"Other_Candidate","Other_Candidate",FALSE,FALSE,FALSE,FALSE,FALSE,FALSE,FALSE,FALSE,FALSE,"Not_OXPHOS_Classified","Standard_candidate"
242,"PNPLA4",0.59341857509185,"Tier_3_Exploratory_Robust",0.674008520998905,0.674008520998905,1.24646816799124,1.24646816799124,0.538,0.235,0.303,0.517075476109363,0.316546762589928,0.75,"Consistent_3_of_3",1,0.303,0.538,1,TRUE,TRUE,"Other_Candidate","Other_Candidate",FALSE,TRUE,FALSE,FALSE,TRUE,FALSE,FALSE,FALSE,FALSE,"Not_OXPHOS_Classified","Standard_candidate"
243,"PNKD",0.593008329227046,"Tier_3_Exploratory_Robust",0.630420429420103,0.630420429420103,0.708963435360822,0.708963435360822,0.657,0.355,0.302,0.651734504494337,0.60431654676259,0.715789473684211,"Consistent_3_of_3",1,0.302,0.657,1,FALSE,TRUE,"Other_Candidate","Other_Candidate",FALSE,TRUE,FALSE,FALSE,TRUE,FALSE,FALSE,FALSE,FALSE,"Not_OXPHOS_Classified","Standard_candidate"
244,"MDH1",0.592387736436902,"Tier_3_Exploratory_Robust",0.632194745916951,0.632194745916951,0.886357967335605,0.886357967335605,0.631,0.405,0.226,0.61646428349184,0.420863309352518,0.84958217270195,"Consistent_3_of_3",1,0.226,0.631,1,FALSE,TRUE,"Mitochondrial_Metabolic","Mitochondrial_OXPHOS",TRUE,FALSE,TRUE,FALSE,TRUE,FALSE,FALSE,TRUE,FALSE,"OXPHOS_Pathway_Supported","Standard_candidate"
245,"SHARPIN",0.592362940490684,"Tier_3_Exploratory_Robust",0.653255231406825,0.653255231406825,1.0020418512546,1.0020418512546,0.599,0.308,0.291,0.581560120617771,0.406474820143885,0.742105263157895,"Consistent_3_of_3",1,0.291,0.599,1,TRUE,TRUE,"Other_Candidate","Other_Candidate",FALSE,TRUE,FALSE,FALSE,TRUE,FALSE,FALSE,FALSE,FALSE,"Not_OXPHOS_Classified","Standard_candidate"
246,"SDHB",0.592033162965059,"Tier_3_Exploratory_Robust",0.649396877741153,0.649396877741153,1.11357502192922,1.11357502192922,0.602,0.403,0.199,0.58967270986026,0.41726618705036,0.841225626740947,"Consistent_3_of_3",1,0.199,0.602,1,FALSE,TRUE,"Mitochondrial_Metabolic","Mitochondrial_OXPHOS",TRUE,TRUE,TRUE,FALSE,TRUE,FALSE,FALSE,TRUE,FALSE,"OXPHOS_Pathway_Supported","Standard_candidate"
247,"TPD52L1",0.591575542207817,"Tier_3_Exploratory_Robust",0.704094082366995,0.704094082366995,1.37515265893596,1.37515265893596,0.559,0.207,0.352,0.583759721441437,0.397368421052632,0.852517985611511,"Consistent_3_of_3",1,0.352,0.559,1,TRUE,TRUE,"Other_Candidate","Other_Candidate",FALSE,FALSE,FALSE,FALSE,FALSE,FALSE,FALSE,FALSE,FALSE,"Not_OXPHOS_Classified","Standard_candidate"
248,"YIPF3",0.591138979165295,"Tier_3_Exploratory_Robust",0.648773346499272,0.648773346499272,0.713386771994173,0.713386771994173,0.75,0.452,0.298,0.744336136427319,0.649025069637883,0.878947368421053,"Consistent_3_of_3",1,0.298,0.75,1,FALSE,TRUE,"Other_Candidate","Other_Candidate",FALSE,FALSE,FALSE,FALSE,FALSE,FALSE,FALSE,FALSE,FALSE,"Not_OXPHOS_Classified","Standard_candidate"
249,"RABAC1",0.5906311458015,"Tier_3_Exploratory_Robust",0.631095832451341,0.631095832451341,0.536766659610725,0.536766659610725,0.869,0.668,0.201,0.869960064787929,0.763231197771588,0.947368421052632,"Consistent_3_of_3",1,0.201,0.869,1,FALSE,TRUE,"Other_Candidate","Other_Candidate",FALSE,FALSE,FALSE,FALSE,FALSE,FALSE,FALSE,FALSE,FALSE,"Not_OXPHOS_Classified","Standard_candidate"
250,"MRPL36",0.590257962029262,"Tier_3_Exploratory_Robust",0.622901529300829,0.622901529300829,0.652012234406633,0.652012234406633,0.691,0.425,0.266,0.684008160719628,0.615598885793872,0.810526315789474,"Consistent_3_of_3",1,0.266,0.691,1,FALSE,TRUE,"Other_Candidate","Other_Candidate",TRUE,TRUE,FALSE,FALSE,TRUE,FALSE,FALSE,FALSE,FALSE,"Not_OXPHOS_Classified","Standard_candidate"
251,"TCEAL1",0.590075970322216,"Tier_3_Exploratory_Robust",0.67393133722402,0.67393133722402,1.02345069779216,1.02345069779216,0.655,0.33,0.325,0.652942035757115,0.62116991643454,0.697368421052632,"Consistent_3_of_3",1,0.325,0.655,1,TRUE,TRUE,"Other_Candidate","Other_Candidate",FALSE,FALSE,FALSE,FALSE,FALSE,FALSE,FALSE,FALSE,FALSE,"Not_OXPHOS_Classified","Standard_candidate"
252,"NDUFA10",0.589013592323117,"Tier_3_Exploratory_Robust",0.612766641218333,0.612766641218333,0.67653312974666,0.67653312974666,0.676,0.461,0.215,0.651306112418378,0.377697841726619,0.807799442896936,"Consistent_3_of_3",1,0.215,0.676,1,FALSE,TRUE,"Mitochondrial_Metabolic","Mitochondrial_OXPHOS",TRUE,TRUE,TRUE,FALSE,TRUE,FALSE,FALSE,TRUE,FALSE,"OXPHOS_Pathway_Supported","Standard_candidate"
253,"PRLR",0.588857310824521,"Tier_3_Exploratory_Robust",0.676977292124124,0.676977292124124,1.05901833699299,1.05901833699299,0.618,0.263,0.355,0.622108810532574,0.582172701949861,0.676258992805755,"Consistent_3_of_3",1,0.355,0.618,1,TRUE,TRUE,"Other_Candidate","Other_Candidate",FALSE,FALSE,FALSE,FALSE,FALSE,FALSE,FALSE,FALSE,FALSE,"Not_OXPHOS_Classified","Standard_candidate"
254,"PHF14",0.588731675009239,"Tier_3_Exploratory_Robust",0.67620620054842,0.67620620054842,1.07204960438736,1.07204960438736,0.66,0.359,0.301,0.657645260422654,0.629496402877698,0.690807799442897,"Consistent_3_of_3",1,0.301,0.66,1,TRUE,TRUE,"Other_Candidate","Other_Candidate",FALSE,FALSE,FALSE,FALSE,FALSE,FALSE,FALSE,FALSE,FALSE,"Not_OXPHOS_Classified","Standard_candidate"
255,"SUPT4H1",0.588105384676525,"Tier_3_Exploratory_Robust",0.64200948134972,0.64200948134972,0.65927585079776,0.65927585079776,0.764,0.48,0.284,0.773124312454449,0.601671309192201,0.899280575539568,"Consistent_3_of_3",1,0.284,0.764,1,FALSE,TRUE,"Other_Candidate","Other_Candidate",FALSE,FALSE,FALSE,FALSE,FALSE,FALSE,FALSE,FALSE,FALSE,"Not_OXPHOS_Classified","Standard_candidate"
256,"PRXL2A",0.587855184445637,"Tier_3_Exploratory_Robust",0.663295687286536,0.663295687286536,0.91756549829229,0.91756549829229,0.689,0.385,0.304,0.695403020788178,0.602631578947368,0.748201438848921,"Consistent_3_of_3",1,0.304,0.689,1,FALSE,TRUE,"Other_Candidate","Other_Candidate",FALSE,FALSE,FALSE,FALSE,FALSE,FALSE,FALSE,FALSE,FALSE,"Not_OXPHOS_Classified","Standard_candidate"
257,"CCDC167",0.587786134169081,"Tier_3_Exploratory_Robust",0.683370189186457,0.683370189186457,1.15176151349166,1.15176151349166,0.604,0.261,0.343,0.595680781280268,0.52158273381295,0.7,"Consistent_3_of_3",1,0.343,0.604,1,TRUE,TRUE,"Other_Candidate","Other_Candidate",FALSE,FALSE,FALSE,FALSE,FALSE,FALSE,FALSE,FALSE,FALSE,"Not_OXPHOS_Classified","Standard_candidate"
258,"BAD",0.587696765714685,"Tier_3_Exploratory_Robust",0.623152989231275,0.623152989231275,0.678023913850196,0.678023913850196,0.682,0.422,0.26,0.672032026922078,0.579136690647482,0.815789473684211,"Consistent_3_of_3",1,0.26,0.682,1,FALSE,TRUE,"Other_Candidate","Other_Candidate",TRUE,TRUE,FALSE,FALSE,TRUE,FALSE,FALSE,FALSE,FALSE,"Not_OXPHOS_Classified","Standard_candidate"
259,"SPDEF",0.587664760362336,"Tier_3_Exploratory_Robust",0.646102618005821,0.646102618005821,0.70002094404657,0.70002094404657,0.725,0.407,0.318,0.720773412057628,0.590529247910863,0.863157894736842,"Consistent_3_of_3",1,0.318,0.725,1,FALSE,TRUE,"Other_Candidate","Other_Candidate",FALSE,FALSE,FALSE,FALSE,FALSE,FALSE,FALSE,FALSE,FALSE,"Not_OXPHOS_Classified","Standard_candidate"
260,"MRPS18A",0.586810772944466,"Tier_3_Exploratory_Robust",0.658414429799644,0.658414429799644,1.10891543839715,1.10891543839715,0.554,0.259,0.295,0.547557549913742,0.482014388489209,0.586842105263158,"Consistent_3_of_3",1,0.295,0.554,1,TRUE,TRUE,"Other_Candidate","Other_Candidate",TRUE,TRUE,TRUE,FALSE,TRUE,FALSE,FALSE,FALSE,FALSE,"Not_OXPHOS_Classified","Standard_candidate"
261,"BSCL2",0.586773716273766,"Tier_3_Exploratory_Robust",0.610882777989153,0.610882777989153,0.517462223913225,0.517462223913225,0.682,0.383,0.299,0.679434525975466,0.62116991643454,0.755263157894737,"Consistent_3_of_3",1,0.299,0.682,1,FALSE,TRUE,"Other_Candidate","Other_Candidate",FALSE,TRUE,FALSE,FALSE,TRUE,FALSE,FALSE,FALSE,FALSE,"Not_OXPHOS_Classified","Standard_candidate"
262,"LASP1",0.586482393546361,"Tier_3_Exploratory_Robust",0.675573434263476,0.675573434263476,1.07498747410781,1.07498747410781,0.637,0.318,0.319,0.632488168679248,0.575539568345324,0.682451253481894,"Consistent_3_of_3",1,0.319,0.637,1,TRUE,TRUE,"Other_Candidate","Other_Candidate",FALSE,FALSE,FALSE,FALSE,FALSE,FALSE,FALSE,FALSE,FALSE,"Not_OXPHOS_Classified","Standard_candidate"
263,"MRPL21",0.5861559890297,"Tier_3_Exploratory_Robust",0.63684745104064,0.63684745104064,0.865979608325122,0.865979608325122,0.647,0.401,0.246,0.617177414790056,0.320143884892086,0.91578947368421,"Consistent_3_of_3",1,0.246,0.647,1,FALSE,TRUE,"Other_Candidate","Other_Candidate",TRUE,TRUE,TRUE,FALSE,TRUE,FALSE,FALSE,FALSE,FALSE,"Not_OXPHOS_Classified","Standard_candidate"
264,"NR2F6",0.5860554667465,"Tier_3_Exploratory_Robust",0.690832866277829,0.690832866277829,1.25946293022263,1.25946293022263,0.577,0.237,0.34,0.581512042967883,0.540389972144847,0.633093525179856,"Consistent_3_of_3",1,0.34,0.577,1,TRUE,TRUE,"Other_Candidate","Other_Candidate",FALSE,FALSE,FALSE,FALSE,FALSE,FALSE,FALSE,FALSE,FALSE,"Not_OXPHOS_Classified","Standard_candidate"
265,"NORAD",0.585485014854293,"Tier_3_Exploratory_Robust",0.657461954421316,0.657461954421316,0.859695635370527,0.859695635370527,0.685,0.37,0.315,0.694030373121236,0.554317548746518,0.809352517985611,"Consistent_3_of_3",1,0.315,0.685,1,FALSE,TRUE,"Other_Candidate","Other_Candidate",FALSE,FALSE,FALSE,FALSE,FALSE,FALSE,FALSE,FALSE,FALSE,"Not_OXPHOS_Classified","Standard_candidate"
266,"ERLEC1",0.584653182798327,"Tier_3_Exploratory_Robust",0.633219121475006,0.633219121475006,0.820952971800046,0.820952971800046,0.627,0.351,0.276,0.637326872119076,0.442896935933148,0.776978417266187,"Consistent_3_of_3",1,0.276,0.627,1,FALSE,TRUE,"Other_Candidate","Other_Candidate",FALSE,TRUE,FALSE,FALSE,TRUE,FALSE,FALSE,FALSE,FALSE,"Not_OXPHOS_Classified","Standard_candidate"
267,"ACSF2",0.584623432391576,"Tier_3_Exploratory_Robust",0.67990509490981,0.67990509490981,1.39444075927848,1.39444075927848,0.486,0.194,0.292,0.516897580015448,0.302631578947368,0.852517985611511,"Consistent_3_of_3",1,0.292,0.486,1,TRUE,TRUE,"Other_Candidate","Other_Candidate",FALSE,TRUE,FALSE,FALSE,TRUE,FALSE,FALSE,FALSE,FALSE,"Not_OXPHOS_Classified","Standard_candidate"
268,"EIF2AK1",0.584599085283192,"Tier_3_Exploratory_Robust",0.644715503524246,0.644715503524246,0.956124028193965,0.956124028193965,0.58,0.284,0.296,0.579446479467943,0.512534818941504,0.639473684210526,"Consistent_3_of_3",1,0.296,0.58,1,FALSE,TRUE,"Other_Candidate","Other_Candidate",TRUE,FALSE,FALSE,FALSE,TRUE,FALSE,FALSE,FALSE,FALSE,"Not_OXPHOS_Classified","Standard_candidate"
269,"RHBDD2",0.584591808099174,"Tier_3_Exploratory_Robust",0.662999710961462,0.662999710961462,1.2047976876917,1.2047976876917,0.57,0.328,0.242,0.559713372829079,0.406474820143885,0.79108635097493,"Consistent_3_of_3",1,0.242,0.57,1,TRUE,TRUE,"Other_Candidate","Other_Candidate",FALSE,TRUE,FALSE,FALSE,TRUE,FALSE,FALSE,FALSE,FALSE,"Not_OXPHOS_Classified","Standard_candidate"
270,"EMC10",0.584024212559118,"Tier_3_Exploratory_Robust",0.61468808509039,0.61468808509039,0.599104680723122,0.599104680723122,0.681,0.413,0.268,0.681463139120722,0.481894150417827,0.839473684210526,"Consistent_3_of_3",1,0.268,0.681,1,FALSE,TRUE,"Other_Candidate","Other_Candidate",FALSE,TRUE,FALSE,FALSE,TRUE,FALSE,FALSE,FALSE,FALSE,"Not_OXPHOS_Classified","Standard_candidate"
271,"TSC22D3",0.583877538944962,"Tier_3_Exploratory_Robust",0.631632785047467,0.631632785047467,0.56026228037974,0.56026228037974,0.764,0.47,0.294,0.765894523788681,0.715877437325905,0.794964028776978,"Consistent_3_of_3",1,0.294,0.764,1,FALSE,TRUE,"Other_Candidate","Other_Candidate",FALSE,FALSE,FALSE,FALSE,FALSE,FALSE,FALSE,FALSE,FALSE,"Not_OXPHOS_Classified","Standard_candidate"
272,"RBM47",0.58264848769488,"Tier_3_Exploratory_Robust",0.621072742513664,0.621072742513664,0.683781940109307,0.683781940109307,0.646,0.364,0.282,0.652342374744099,0.493036211699164,0.748201438848921,"Consistent_3_of_3",1,0.282,0.646,1,FALSE,TRUE,"Other_Candidate","Other_Candidate",FALSE,TRUE,TRUE,FALSE,TRUE,FALSE,FALSE,FALSE,FALSE,"Not_OXPHOS_Classified","Standard_candidate"
273,"SERINC3",0.582334243896743,"Tier_3_Exploratory_Robust",0.632278999894655,0.632278999894655,0.832631999157237,0.832631999157237,0.627,0.363,0.264,0.63890816096573,0.476323119777159,0.787769784172662,"Consistent_3_of_3",1,0.264,0.627,1,FALSE,TRUE,"Other_Candidate","Other_Candidate",TRUE,TRUE,FALSE,FALSE,TRUE,FALSE,FALSE,FALSE,FALSE,"Not_OXPHOS_Classified","Standard_candidate"
274,"LRPAP1",0.582086491633824,"Tier_3_Exploratory_Robust",0.608369650110664,0.608369650110664,0.535757200885312,0.535757200885312,0.688,0.419,0.269,0.690122372121362,0.54874651810585,0.784210526315789,"Consistent_3_of_3",1,0.269,0.688,1,FALSE,TRUE,"Other_Candidate","Other_Candidate",FALSE,TRUE,FALSE,FALSE,TRUE,FALSE,FALSE,FALSE,FALSE,"Not_OXPHOS_Classified","Standard_candidate"
275,"RNF187",0.581397300265175,"Tier_3_Exploratory_Robust",0.623969187925026,0.623969187925026,0.500553503400204,0.500553503400204,0.802,0.547,0.255,0.798953032267047,0.762589928057554,0.823684210526316,"Consistent_3_of_3",1,0.255,0.802,1,FALSE,TRUE,"Other_Candidate","Other_Candidate",FALSE,FALSE,FALSE,FALSE,FALSE,FALSE,FALSE,FALSE,FALSE,"Not_OXPHOS_Classified","Standard_candidate"
276,"CDH1",0.581053128549911,"Tier_3_Exploratory_Robust",0.627331248881681,0.627331248881681,0.78184999105345,0.78184999105345,0.635,0.372,0.263,0.648061829088261,0.295264623955432,0.848920863309353,"Consistent_3_of_3",1,0.263,0.635,1,FALSE,TRUE,"Other_Candidate","Other_Candidate",FALSE,TRUE,FALSE,FALSE,TRUE,FALSE,FALSE,FALSE,FALSE,"Not_OXPHOS_Classified","Standard_candidate"
277,"DYNLL2",0.581042943541288,"Tier_3_Exploratory_Robust",0.681661483477815,0.681661483477815,1.44369186782252,1.44369186782252,0.461,0.166,0.295,0.472536235781936,0.278551532033426,0.62589928057554,"Consistent_3_of_3",1,0.295,0.461,1,TRUE,TRUE,"Other_Candidate","Other_Candidate",FALSE,TRUE,FALSE,FALSE,TRUE,FALSE,FALSE,FALSE,FALSE,"Not_OXPHOS_Classified","Standard_candidate"
278,"YIPF6",0.579786616589484,"Tier_3_Exploratory_Robust",0.642247224084033,0.642247224084033,0.973177792672262,0.973177792672262,0.58,0.307,0.273,0.574898685361929,0.525179856115108,0.636842105263158,"Consistent_3_of_3",1,0.273,0.58,1,FALSE,TRUE,"Other_Candidate","Other_Candidate",FALSE,TRUE,FALSE,FALSE,TRUE,FALSE,FALSE,FALSE,FALSE,"Not_OXPHOS_Classified","Standard_candidate"
279,"MLF2",0.579262666086442,"Tier_3_Exploratory_Robust",0.631968165610154,0.631968165610154,0.630145324881234,0.630145324881234,0.794,0.572,0.222,0.788040565934586,0.721448467966574,0.905263157894737,"Consistent_3_of_3",1,0.222,0.794,1,FALSE,TRUE,"Other_Candidate","Other_Candidate",FALSE,FALSE,FALSE,FALSE,FALSE,FALSE,FALSE,FALSE,FALSE,"Not_OXPHOS_Classified","Standard_candidate"
280,"MRPS14",0.578811394781471,"Tier_3_Exploratory_Robust",0.609229995512245,0.609229995512245,0.565039964097961,0.565039964097961,0.655,0.367,0.288,0.647764521120239,0.575539568345324,0.713157894736842,"Consistent_3_of_3",1,0.288,0.655,1,FALSE,TRUE,"Other_Candidate","Other_Candidate",TRUE,TRUE,TRUE,FALSE,TRUE,FALSE,FALSE,FALSE,FALSE,"Not_OXPHOS_Classified","Standard_candidate"
281,"DMAC1",0.578786865527877,"Tier_3_Exploratory_Robust",0.633189560734742,0.633189560734742,0.867116485877938,0.867116485877938,0.597,0.32,0.277,0.594512907486648,0.523684210526316,0.713091922005571,"Consistent_3_of_3",1,0.277,0.597,1,FALSE,TRUE,"Other_Candidate","Other_Candidate",TRUE,TRUE,FALSE,FALSE,TRUE,FALSE,FALSE,FALSE,FALSE,"Not_OXPHOS_Classified","Standard_candidate"
282,"FLOT1",0.578767866055567,"Tier_3_Exploratory_Robust",0.609966368166913,0.609966368166913,0.585330945335301,0.585330945335301,0.673,0.412,0.261,0.662065943199113,0.573816155988858,0.836842105263158,"Consistent_3_of_3",1,0.261,0.673,1,FALSE,TRUE,"Other_Candidate","Other_Candidate",FALSE,TRUE,FALSE,FALSE,TRUE,FALSE,FALSE,FALSE,FALSE,"Not_OXPHOS_Classified","Standard_candidate"
283,"ING2",0.57854792082199,"Tier_3_Exploratory_Robust",0.654858482011294,0.654858482011294,1.14286785609035,1.14286785609035,0.545,0.28,0.265,0.535553466038194,0.428057553956835,0.612813370473538,"Consistent_3_of_3",1,0.265,0.545,1,TRUE,TRUE,"Other_Candidate","Other_Candidate",FALSE,TRUE,FALSE,FALSE,TRUE,FALSE,FALSE,FALSE,FALSE,"Not_OXPHOS_Classified","Standard_candidate"
284,"ISOC2",0.578209502888358,"Tier_3_Exploratory_Robust",0.652614935764622,0.652614935764622,0.852919486116977,0.852919486116977,0.653,0.326,0.327,0.646868255285817,0.526462395543176,0.802631578947368,"Consistent_3_of_3",1,0.327,0.653,1,FALSE,TRUE,"Other_Candidate","Other_Candidate",FALSE,FALSE,FALSE,FALSE,FALSE,FALSE,FALSE,FALSE,FALSE,"Not_OXPHOS_Classified","Standard_candidate"
285,"OS9",0.577492941479854,"Tier_3_Exploratory_Robust",0.625048265169682,0.625048265169682,0.777986121357455,0.777986121357455,0.616,0.343,0.273,0.611137438092335,0.571030640668524,0.686842105263158,"Consistent_3_of_3",1,0.273,0.616,1,FALSE,TRUE,"Other_Candidate","Other_Candidate",FALSE,TRUE,FALSE,FALSE,TRUE,FALSE,FALSE,FALSE,FALSE,"Not_OXPHOS_Classified","Standard_candidate"
286,"PTOV1",0.577332041391645,"Tier_3_Exploratory_Robust",0.646496249286943,0.646496249286943,0.800769994295541,0.800769994295541,0.697,0.412,0.285,0.691109168082628,0.636690647482014,0.773684210526316,"Consistent_3_of_3",1,0.285,0.697,1,FALSE,TRUE,"Other_Candidate","Other_Candidate",FALSE,FALSE,FALSE,FALSE,FALSE,FALSE,FALSE,FALSE,FALSE,"Not_OXPHOS_Classified","Standard_candidate"
287,"SRSF1",0.575798422596427,"Tier_3_Exploratory_Robust",0.607666615368791,0.607666615368791,0.581332922950329,0.581332922950329,0.666,0.407,0.259,0.671668183705491,0.607242339832869,0.744604316546763,"Consistent_3_of_3",1,0.259,0.666,1,FALSE,TRUE,"Other_Candidate","Other_Candidate",FALSE,TRUE,TRUE,FALSE,TRUE,FALSE,FALSE,FALSE,FALSE,"Not_OXPHOS_Classified","Standard_candidate"
288,"HAGH",0.574919732164662,"Tier_3_Exploratory_Robust",0.622288784344035,0.622288784344035,0.765510274752277,0.765510274752277,0.613,0.343,0.27,0.606994445493305,0.454038997214485,0.784210526315789,"Consistent_3_of_3",1,0.27,0.613,1,FALSE,TRUE,"Other_Candidate","Other_Candidate",TRUE,TRUE,FALSE,FALSE,TRUE,FALSE,FALSE,FALSE,FALSE,"Not_OXPHOS_Classified","Standard_candidate"
289,"POLDIP2",0.574744802383776,"Tier_3_Exploratory_Robust",0.626229191288909,0.626229191288909,0.817833530311269,0.817833530311269,0.605,0.34,0.265,0.586244870105968,0.402877697841727,0.773684210526316,"Consistent_3_of_3",1,0.265,0.605,1,FALSE,TRUE,"Other_Candidate","Other_Candidate",FALSE,TRUE,FALSE,FALSE,TRUE,FALSE,FALSE,FALSE,FALSE,"Not_OXPHOS_Classified","Standard_candidate"
290,"COA1",0.573150602685596,"Tier_3_Exploratory_Robust",0.648432079361166,0.648432079361166,1.09305663488933,1.09305663488933,0.511,0.213,0.298,0.496017359986809,0.345323741007194,0.655263157894737,"Consistent_3_of_3",1,0.298,0.511,1,TRUE,TRUE,"Other_Candidate","Other_Candidate",TRUE,TRUE,FALSE,FALSE,TRUE,FALSE,FALSE,FALSE,FALSE,"Not_OXPHOS_Classified","Standard_candidate"
291,"CMC1",0.572710346206014,"Tier_3_Exploratory_Robust",0.614300639914763,0.614300639914763,0.674405119318101,0.674405119318101,0.606,0.312,0.294,0.603051128954628,0.520891364902507,0.694736842105263,"Consistent_3_of_3",1,0.294,0.606,1,FALSE,TRUE,"Other_Candidate","Other_Candidate",FALSE,TRUE,FALSE,FALSE,TRUE,FALSE,FALSE,FALSE,FALSE,"Not_OXPHOS_Classified","Standard_candidate"
292,"ECI1",0.572616032764278,"Tier_3_Exploratory_Robust",0.655887686596591,0.655887686596591,1.20550149277273,1.20550149277273,0.517,0.258,0.259,0.509354873526776,0.402877697841727,0.646239554317549,"Consistent_3_of_3",1,0.259,0.517,1,TRUE,TRUE,"Other_Candidate","Other_Candidate",FALSE,TRUE,FALSE,FALSE,TRUE,FALSE,FALSE,FALSE,FALSE,"Not_OXPHOS_Classified","Standard_candidate"
293,"TP53TG1",0.57233231576728,"Tier_3_Exploratory_Robust",0.655736022970528,0.655736022970528,0.949888183764226,0.949888183764226,0.636,0.337,0.299,0.62374687846849,0.453237410071942,0.84958217270195,"Consistent_3_of_3",1,0.299,0.636,1,FALSE,TRUE,"Other_Candidate","Other_Candidate",FALSE,FALSE,FALSE,FALSE,FALSE,FALSE,FALSE,FALSE,FALSE,"Not_OXPHOS_Classified","Standard_candidate"
294,"RPP21",0.571930878810949,"Tier_3_Exploratory_Robust",0.600750665753707,0.600750665753707,0.532405326029655,0.532405326029655,0.677,0.433,0.244,0.674955323821869,0.651079136690647,0.705263157894737,"Consistent_3_of_3",1,0.244,0.677,1,FALSE,TRUE,"Other_Candidate","Other_Candidate",FALSE,TRUE,TRUE,FALSE,TRUE,FALSE,FALSE,FALSE,FALSE,"Not_OXPHOS_Classified","Standard_candidate"
295,"VAV3",0.571445810977901,"Tier_3_Exploratory_Robust",0.667083114117394,0.667083114117394,1.08706491293915,1.08706491293915,0.58,0.254,0.326,0.57127450949371,0.464028776978417,0.662952646239554,"Consistent_3_of_3",1,0.326,0.58,1,TRUE,TRUE,"Other_Candidate","Other_Candidate",FALSE,FALSE,FALSE,FALSE,FALSE,FALSE,FALSE,FALSE,FALSE,"Not_OXPHOS_Classified","Standard_candidate"
296,"UHMK1",0.571099214124663,"Tier_3_Exploratory_Robust",0.619534179094068,0.619534179094068,0.762673432752545,0.762673432752545,0.603,0.335,0.268,0.597555668996543,0.543165467625899,0.639473684210526,"Consistent_3_of_3",1,0.268,0.603,1,FALSE,TRUE,"Other_Candidate","Other_Candidate",TRUE,FALSE,TRUE,FALSE,TRUE,FALSE,FALSE,FALSE,FALSE,"Not_OXPHOS_Classified","Standard_candidate"
297,"DEK",0.570965293949343,"Tier_3_Exploratory_Robust",0.606700787321025,0.606700787321025,0.615206298568197,0.615206298568197,0.658,0.417,0.241,0.644626201985194,0.503597122302158,0.739473684210526,"Consistent_3_of_3",1,0.241,0.658,1,FALSE,TRUE,"Other_Candidate","Other_Candidate",FALSE,TRUE,TRUE,FALSE,TRUE,FALSE,FALSE,FALSE,FALSE,"Not_OXPHOS_Classified","Standard_candidate"
298,"TXN2",0.569633408250252,"Tier_3_Exploratory_Robust",0.604106750446545,0.604106750446545,0.58645400357236,0.58645400357236,0.645,0.386,0.259,0.634202211607052,0.517985611510791,0.710526315789474,"Consistent_3_of_3",1,0.259,0.645,1,FALSE,TRUE,"Other_Candidate","Other_Candidate",FALSE,TRUE,TRUE,FALSE,TRUE,FALSE,FALSE,FALSE,FALSE,"Not_OXPHOS_Classified","Standard_candidate"
299,"ARMCX3",0.569628751520714,"Tier_3_Exploratory_Robust",0.602014947912523,0.602014947912523,0.560119583300181,0.560119583300181,0.65,0.39,0.26,0.646811458617888,0.526462395543176,0.773684210526316,"Consistent_3_of_3",1,0.26,0.65,1,FALSE,TRUE,"Other_Candidate","Other_Candidate",FALSE,TRUE,FALSE,FALSE,TRUE,FALSE,FALSE,FALSE,FALSE,"Not_OXPHOS_Classified","Standard_candidate"
300,"COX11",0.569418642386706,"Tier_3_Exploratory_Robust",0.664678785150076,0.664678785150076,1.32863028120061,1.32863028120061,0.455,0.167,0.288,0.459511604907542,0.423684210526316,0.503597122302158,"Consistent_3_of_3",1,0.288,0.455,1,TRUE,TRUE,"Other_Candidate","Other_Candidate",TRUE,TRUE,TRUE,FALSE,TRUE,FALSE,FALSE,FALSE,FALSE,"Not_OXPHOS_Classified","Standard_candidate"
301,"ZDHHC24",0.568773584498387,"Tier_3_Exploratory_Robust",0.648020808022141,0.648020808022141,1.12816646417713,1.12816646417713,0.5,0.215,0.285,0.494736068643985,0.295264623955432,0.710526315789474,"Consistent_3_of_3",1,0.285,0.5,1,TRUE,TRUE,"Other_Candidate","Other_Candidate",TRUE,TRUE,FALSE,FALSE,TRUE,FALSE,FALSE,FALSE,FALSE,"Not_OXPHOS_Classified","Standard_candidate"
302,"TCEAL3",0.568627726052608,"Tier_3_Exploratory_Robust",0.630093244579556,0.630093244579556,0.669545956636448,0.669545956636448,0.704,0.426,0.278,0.710631752624583,0.568245125348189,0.805755395683453,"Consistent_3_of_3",1,0.278,0.704,1,FALSE,TRUE,"Other_Candidate","Other_Candidate",FALSE,FALSE,FALSE,FALSE,FALSE,FALSE,FALSE,FALSE,FALSE,"Not_OXPHOS_Classified","Standard_candidate"
303,"ARL3",0.568622152016171,"Tier_3_Exploratory_Robust",0.613235053870586,0.613235053870586,0.707480430964689,0.707480430964689,0.614,0.354,0.26,0.601285756323837,0.446043165467626,0.760445682451253,"Consistent_3_of_3",1,0.26,0.614,1,FALSE,TRUE,"Other_Candidate","Other_Candidate",FALSE,TRUE,FALSE,FALSE,TRUE,FALSE,FALSE,FALSE,FALSE,"Not_OXPHOS_Classified","Standard_candidate"
304,"RCN2",0.568306845456895,"Tier_3_Exploratory_Robust",0.599891896090088,0.599891896090088,0.547935168720707,0.547935168720707,0.656,0.405,0.251,0.651836829905669,0.618384401114206,0.718421052631579,"Consistent_3_of_3",1,0.251,0.656,1,FALSE,TRUE,"Other_Candidate","Other_Candidate",FALSE,TRUE,FALSE,FALSE,TRUE,FALSE,FALSE,FALSE,FALSE,"Not_OXPHOS_Classified","Standard_candidate"
305,"TMEM208",0.568176872258061,"Tier_3_Exploratory_Robust",0.611522563445692,0.611522563445692,0.692180507565537,0.692180507565537,0.621,0.367,0.254,0.627165911311414,0.334261838440111,0.802631578947368,"Consistent_3_of_3",1,0.254,0.621,1,FALSE,TRUE,"Other_Candidate","Other_Candidate",FALSE,TRUE,FALSE,FALSE,TRUE,FALSE,FALSE,FALSE,FALSE,"Not_OXPHOS_Classified","Standard_candidate"
306,"MCTS1",0.567841919122009,"Tier_3_Exploratory_Robust",0.606839603235964,0.606839603235964,0.643516825887716,0.643516825887716,0.645,0.408,0.237,0.624234317281551,0.39568345323741,0.75,"Consistent_3_of_3",1,0.237,0.645,1,FALSE,TRUE,"Other_Candidate","Other_Candidate",TRUE,FALSE,TRUE,FALSE,TRUE,FALSE,FALSE,FALSE,FALSE,"Not_OXPHOS_Classified","Standard_candidate"
307,"NUDT4",0.56779699734703,"Tier_3_Exploratory_Robust",0.658298892469014,0.658298892469014,1.26639113975211,1.26639113975211,0.472,0.194,0.278,0.462105020572312,0.370503597122302,0.586842105263158,"Consistent_3_of_3",1,0.278,0.472,1,TRUE,TRUE,"Other_Candidate","Other_Candidate",FALSE,FALSE,TRUE,FALSE,TRUE,FALSE,FALSE,FALSE,FALSE,"Not_OXPHOS_Classified","Standard_candidate"
308,"RNASEH2C",0.567498250299662,"Tier_3_Exploratory_Robust",0.6217969615896,0.6217969615896,0.815975692716803,0.815975692716803,0.572,0.295,0.277,0.559354363745479,0.431754874651811,0.789473684210526,"Consistent_3_of_3",1,0.277,0.572,1,FALSE,TRUE,"Other_Candidate","Other_Candidate",FALSE,TRUE,FALSE,FALSE,TRUE,FALSE,FALSE,FALSE,FALSE,"Not_OXPHOS_Classified","Standard_candidate"
309,"POLE4",0.567169726927218,"Tier_3_Exploratory_Robust",0.615766932536884,0.615766932536884,0.770935460295075,0.770935460295075,0.638,0.429,0.209,0.630725292218944,0.543165467625899,0.696378830083565,"Consistent_3_of_3",1,0.209,0.638,1,FALSE,TRUE,"Other_Candidate","Other_Candidate",FALSE,TRUE,FALSE,FALSE,TRUE,FALSE,FALSE,FALSE,FALSE,"Not_OXPHOS_Classified","Standard_candidate"
310,"IRX3",0.566947253318796,"Tier_3_Exploratory_Robust",0.623335034872667,0.623335034872667,0.581880278981335,0.581880278981335,0.682,0.361,0.321,0.668836911119103,0.535971223021583,0.813157894736842,"Consistent_3_of_3",1,0.321,0.682,1,FALSE,TRUE,"Other_Candidate","Other_Candidate",FALSE,FALSE,FALSE,FALSE,FALSE,FALSE,FALSE,FALSE,FALSE,"Not_OXPHOS_Classified","Standard_candidate"
311,"STRBP",0.566936306732949,"Tier_3_Exploratory_Robust",0.67476529319192,0.67476529319192,1.47972234553536,1.47972234553536,0.426,0.153,0.273,0.416711703207438,0.302158273381295,0.534818941504178,"Consistent_3_of_3",1,0.273,0.426,1,TRUE,TRUE,"Other_Candidate","Other_Candidate",FALSE,FALSE,TRUE,FALSE,TRUE,FALSE,FALSE,FALSE,FALSE,"Not_OXPHOS_Classified","Standard_candidate"
312,"IDH1",0.566720259589589,"Tier_3_Exploratory_Robust",0.652815585137174,0.652815585137174,1.33292468109739,1.33292468109739,0.418,0.155,0.263,0.415142209645273,0.370503597122302,0.498607242339833,"Consistent_3_of_3",1,0.263,0.418,1,TRUE,TRUE,"Mitochondrial_Metabolic","Mitochondrial_OXPHOS",TRUE,TRUE,TRUE,FALSE,TRUE,FALSE,FALSE,TRUE,FALSE,"OXPHOS_Pathway_Supported","Standard_candidate"
313,"HTATIP2",0.566190020182096,"Tier_3_Exploratory_Robust",0.607741974506174,0.607741974506174,0.645935796049395,0.645935796049395,0.593,0.301,0.292,0.600351485414806,0.504178272980501,0.694244604316547,"Consistent_3_of_3",1,0.292,0.593,1,FALSE,TRUE,"Other_Candidate","Other_Candidate",FALSE,TRUE,TRUE,FALSE,TRUE,FALSE,FALSE,FALSE,FALSE,"Not_OXPHOS_Classified","Standard_candidate"
314,"MED13L",0.566125019257953,"Tier_3_Exploratory_Robust",0.654182925010985,0.654182925010985,0.972663400087876,0.972663400087876,0.595,0.277,0.318,0.596760234386893,0.353760445682451,0.771052631578947,"Consistent_3_of_3",1,0.318,0.595,1,FALSE,TRUE,"Other_Candidate","Other_Candidate",FALSE,FALSE,FALSE,FALSE,FALSE,FALSE,FALSE,FALSE,FALSE,"Not_OXPHOS_Classified","Standard_candidate"
315,"BCAM",0.566075779545357,"Tier_3_Exploratory_Robust",0.635705749128211,0.635705749128211,0.791245993025689,0.791245993025689,0.735,0.536,0.199,0.748202915456815,0.345403899721448,0.967625899280576,"Consistent_3_of_3",1,0.199,0.735,1,FALSE,TRUE,"Other_Candidate","Other_Candidate",FALSE,FALSE,FALSE,FALSE,FALSE,FALSE,FALSE,FALSE,FALSE,"Not_OXPHOS_Classified","Standard_candidate"
316,"EPHX1",0.565931826492529,"Tier_3_Exploratory_Robust",0.627745563304016,0.627745563304016,0.898764506432124,0.898764506432124,0.541,0.255,0.286,0.530015571181817,0.420863309352518,0.631578947368421,"Consistent_3_of_3",1,0.286,0.541,1,FALSE,TRUE,"Other_Candidate","Other_Candidate",FALSE,TRUE,FALSE,FALSE,TRUE,FALSE,FALSE,FALSE,FALSE,"Not_OXPHOS_Classified","Standard_candidate"
317,"PLD3",0.565722535695446,"Tier_3_Exploratory_Robust",0.615862602108949,0.615862602108949,0.76050081687159,0.76050081687159,0.587,0.32,0.267,0.573739161434377,0.442446043165468,0.710526315789474,"Consistent_3_of_3",1,0.267,0.587,1,FALSE,TRUE,"Other_Candidate","Other_Candidate",FALSE,TRUE,FALSE,FALSE,TRUE,FALSE,FALSE,FALSE,FALSE,"Not_OXPHOS_Classified","Standard_candidate"
318,"SIAH2",0.565564750986041,"Tier_3_Exploratory_Robust",0.652080956478483,0.652080956478483,0.981447651827864,0.981447651827864,0.655,0.413,0.242,0.628976162274989,0.348920863309353,0.802631578947368,"Consistent_3_of_3",1,0.242,0.655,1,FALSE,TRUE,"Other_Candidate","Other_Candidate",FALSE,FALSE,FALSE,FALSE,FALSE,FALSE,FALSE,FALSE,FALSE,"Not_OXPHOS_Classified","Standard_candidate"
319,"PPP1CC",0.564794158819369,"Tier_3_Exploratory_Robust",0.606209592719691,0.606209592719691,0.652876741757526,0.652876741757526,0.618,0.363,0.255,0.600778506354863,0.428057553956835,0.792105263157895,"Consistent_3_of_3",1,0.255,0.618,1,FALSE,TRUE,"Other_Candidate","Other_Candidate",TRUE,TRUE,TRUE,FALSE,TRUE,FALSE,FALSE,FALSE,FALSE,"Not_OXPHOS_Classified","Standard_candidate"
320,"TMEM9",0.564658267431536,"Tier_3_Exploratory_Robust",0.595546577292612,0.595546577292612,0.524372618340899,0.524372618340899,0.652,0.404,0.248,0.649746023442205,0.590529247910863,0.718421052631579,"Consistent_3_of_3",1,0.248,0.652,1,FALSE,TRUE,"Other_Candidate","Other_Candidate",FALSE,TRUE,FALSE,FALSE,TRUE,FALSE,FALSE,FALSE,FALSE,"Not_OXPHOS_Classified","Standard_candidate"
321,"PIN1",0.564309030175143,"Tier_3_Exploratory_Robust",0.622722302091695,0.622722302091695,0.602578416733561,0.602578416733561,0.684,0.381,0.303,0.681394160437667,0.632311977715877,0.75,"Consistent_3_of_3",1,0.303,0.684,1,FALSE,TRUE,"Other_Candidate","Other_Candidate",FALSE,FALSE,FALSE,FALSE,FALSE,FALSE,FALSE,FALSE,FALSE,"Not_OXPHOS_Classified","Standard_candidate"
322,"SLC35B1",0.56409668282374,"Tier_3_Exploratory_Robust",0.628678288806527,0.628678288806527,0.938226310452213,0.938226310452213,0.554,0.301,0.253,0.573263236647158,0.431754874651811,0.798561151079137,"Consistent_3_of_3",1,0.253,0.554,1,FALSE,TRUE,"Other_Candidate","Other_Candidate",FALSE,TRUE,FALSE,FALSE,TRUE,FALSE,FALSE,FALSE,FALSE,"Not_OXPHOS_Classified","Standard_candidate"
323,"ANAPC13",0.563713799059839,"Tier_3_Exploratory_Robust",0.603890063702166,0.603890063702166,0.624720509617326,0.624720509617326,0.604,0.329,0.275,0.602878031836369,0.554317548746518,0.65,"Consistent_3_of_3",1,0.275,0.604,1,FALSE,TRUE,"Other_Candidate","Other_Candidate",FALSE,TRUE,FALSE,FALSE,TRUE,FALSE,FALSE,FALSE,FALSE,"Not_OXPHOS_Classified","Standard_candidate"
324,"ERBB3",0.563551175421086,"Tier_3_Exploratory_Robust",0.603776613286227,0.603776613286227,0.639812906289814,0.639812906289814,0.632,0.395,0.237,0.62208012215063,0.442896935933148,0.865789473684211,"Consistent_3_of_3",1,0.237,0.632,1,FALSE,TRUE,"Other_Candidate","Other_Candidate",FALSE,TRUE,FALSE,FALSE,TRUE,FALSE,FALSE,FALSE,FALSE,"Not_OXPHOS_Classified","Standard_candidate"
325,"GRAMD1A",0.562934231817501,"Tier_3_Exploratory_Robust",0.615793209927794,0.615793209927794,0.785545679422354,0.785545679422354,0.58,0.322,0.258,0.565826248252241,0.435251798561151,0.755263157894737,"Consistent_3_of_3",1,0.258,0.58,1,FALSE,TRUE,"Other_Candidate","Other_Candidate",FALSE,TRUE,FALSE,FALSE,TRUE,FALSE,FALSE,FALSE,FALSE,"Not_OXPHOS_Classified","Standard_candidate"
326,"CORO1B",0.562824438758951,"Tier_3_Exploratory_Robust",0.647660031046841,0.647660031046841,0.941280248374726,0.941280248374726,0.64,0.38,0.26,0.627217891425021,0.445682451253482,0.9,"Consistent_3_of_3",1,0.26,0.64,1,FALSE,TRUE,"Other_Candidate","Other_Candidate",FALSE,FALSE,FALSE,FALSE,FALSE,FALSE,FALSE,FALSE,FALSE,"Not_OXPHOS_Classified","Standard_candidate"
327,"SEZ6L2",0.562658583550284,"Tier_3_Exploratory_Robust",0.644642129658784,0.644642129658784,1.12033703727027,1.12033703727027,0.451,0.129,0.322,0.453297476371637,0.413157894736842,0.479108635097493,"Consistent_3_of_3",1,0.322,0.451,1,TRUE,TRUE,"Other_Candidate","Other_Candidate",FALSE,TRUE,FALSE,FALSE,TRUE,FALSE,FALSE,FALSE,FALSE,"Not_OXPHOS_Classified","Standard_candidate"
328,"GRINA",0.562317944159593,"Tier_3_Exploratory_Robust",0.592031443285039,0.592031443285039,0.510651546280311,0.510651546280311,0.671,0.451,0.22,0.661626898451917,0.540389972144847,0.847368421052632,"Consistent_3_of_3",1,0.22,0.671,1,FALSE,TRUE,"Other_Candidate","Other_Candidate",FALSE,TRUE,FALSE,FALSE,TRUE,FALSE,FALSE,FALSE,FALSE,"Not_OXPHOS_Classified","Standard_candidate"
329,"SQLE",0.562151282840642,"Tier_3_Exploratory_Robust",0.625788025716163,0.625788025716163,0.921504205729306,0.921504205729306,0.559,0.315,0.244,0.568301851701457,0.413157894736842,0.651079136690647,"Consistent_3_of_3",1,0.244,0.559,1,FALSE,TRUE,"Other_Candidate","Other_Candidate",FALSE,TRUE,TRUE,FALSE,TRUE,FALSE,FALSE,FALSE,FALSE,"Not_OXPHOS_Classified","Standard_candidate"
330,"C20orf27",0.562111416619735,"Tier_3_Exploratory_Robust",0.68776388633143,0.68776388633143,1.42051109065144,1.42051109065144,0.48,0.159,0.321,0.485079580376162,0.334261838440111,0.568345323741007,"Consistent_3_of_3",1,0.321,0.48,1,TRUE,TRUE,"Other_Candidate","Other_Candidate",FALSE,FALSE,FALSE,FALSE,FALSE,FALSE,FALSE,FALSE,FALSE,"Not_OXPHOS_Classified","Standard_candidate"
331,"SRSF6",0.561701574535019,"Tier_3_Exploratory_Robust",0.61238254494534,0.61238254494534,0.743860359562716,0.743860359562716,0.566,0.285,0.281,0.569316087959423,0.506963788300836,0.611510791366906,"Consistent_3_of_3",1,0.281,0.566,1,FALSE,TRUE,"Other_Candidate","Other_Candidate",FALSE,FALSE,TRUE,FALSE,TRUE,FALSE,FALSE,FALSE,FALSE,"Not_OXPHOS_Classified","Standard_candidate"
332,"SPOP",0.561596863457806,"Tier_3_Exploratory_Robust",0.6484253052906,0.6484253052906,1.1922024423248,1.1922024423248,0.466,0.185,0.281,0.470508817985928,0.397368421052632,0.507194244604317,"Consistent_3_of_3",1,0.281,0.466,1,TRUE,TRUE,"Other_Candidate","Other_Candidate",FALSE,TRUE,FALSE,FALSE,TRUE,FALSE,FALSE,FALSE,FALSE,"Not_OXPHOS_Classified","Standard_candidate"
333,"MRPL34",0.561066918981271,"Tier_3_Exploratory_Robust",0.603080485533314,0.603080485533314,0.64864388426651,0.64864388426651,0.617,0.374,0.243,0.613330183236492,0.552631578947368,0.729805013927577,"Consistent_3_of_3",1,0.243,0.617,1,FALSE,TRUE,"Other_Candidate","Other_Candidate",TRUE,TRUE,FALSE,FALSE,TRUE,FALSE,FALSE,FALSE,FALSE,"Not_OXPHOS_Classified","Standard_candidate"
334,"TXNIP",0.560186869338007,"Tier_3_Exploratory_Robust",0.675219218136696,0.675219218136696,1.30575374509357,1.30575374509357,0.553,0.296,0.257,0.565604300022817,0.265789473684211,0.779944289693593,"Consistent_3_of_3",1,0.257,0.553,1,TRUE,TRUE,"Other_Candidate","Other_Candidate",FALSE,FALSE,FALSE,FALSE,FALSE,FALSE,FALSE,FALSE,FALSE,"Not_OXPHOS_Classified","Standard_candidate"
335,"GRN",0.560023641836806,"Tier_3_Exploratory_Robust",0.608074627694605,0.608074627694605,0.728597021556837,0.728597021556837,0.616,0.397,0.219,0.598939760374665,0.460431654676259,0.868421052631579,"Consistent_3_of_3",1,0.219,0.616,1,FALSE,TRUE,"Other_Candidate","Other_Candidate",FALSE,TRUE,TRUE,FALSE,TRUE,FALSE,FALSE,FALSE,FALSE,"Not_OXPHOS_Classified","Standard_candidate"
336,"C7orf50",0.55952923464396,"Tier_3_Exploratory_Robust",0.600657105999876,0.600657105999876,0.622856847999012,0.622856847999012,0.601,0.338,0.263,0.600437515403306,0.389972144846797,0.771052631578947,"Consistent_3_of_3",1,0.263,0.601,1,FALSE,TRUE,"Other_Candidate","Other_Candidate",FALSE,FALSE,TRUE,FALSE,TRUE,FALSE,FALSE,FALSE,FALSE,"Not_OXPHOS_Classified","Standard_candidate"
337,"ABHD12",0.559352323504463,"Tier_3_Exploratory_Robust",0.641641611087143,0.641641611087143,1.12833288869714,1.12833288869714,0.478,0.203,0.275,0.461607667391962,0.287769784172662,0.578947368421053,"Consistent_3_of_3",1,0.275,0.478,1,TRUE,TRUE,"Other_Candidate","Other_Candidate",FALSE,TRUE,FALSE,FALSE,TRUE,FALSE,FALSE,FALSE,FALSE,"Not_OXPHOS_Classified","Standard_candidate"
338,"EGLN2",0.558924579812667,"Tier_3_Exploratory_Robust",0.594760898885414,0.594760898885414,0.56928719108331,0.56928719108331,0.642,0.416,0.226,0.627032014617012,0.485611510791367,0.810526315789474,"Consistent_3_of_3",1,0.226,0.642,1,FALSE,TRUE,"Other_Candidate","Other_Candidate",FALSE,FALSE,TRUE,FALSE,TRUE,FALSE,FALSE,FALSE,FALSE,"Not_OXPHOS_Classified","Standard_candidate"
339,"TAF15",0.558846168591446,"Tier_3_Exploratory_Robust",0.635561524103692,0.635561524103692,1.05889219282954,1.05889219282954,0.496,0.226,0.27,0.494371012499486,0.426183844011142,0.560526315789474,"Consistent_3_of_3",1,0.27,0.496,1,TRUE,TRUE,"Other_Candidate","Other_Candidate",FALSE,FALSE,TRUE,FALSE,TRUE,FALSE,FALSE,FALSE,FALSE,"Not_OXPHOS_Classified","Standard_candidate"
340,"SH3YL1",0.558742991361399,"Tier_3_Exploratory_Robust",0.598598661687446,0.598598661687446,0.609589293499569,0.609589293499569,0.614,0.366,0.248,0.593617309641511,0.37410071942446,0.713157894736842,"Consistent_3_of_3",1,0.248,0.614,1,FALSE,TRUE,"Other_Candidate","Other_Candidate",TRUE,FALSE,FALSE,FALSE,TRUE,FALSE,FALSE,FALSE,FALSE,"Not_OXPHOS_Classified","Standard_candidate"
341,"ATG101",0.558249922615164,"Tier_3_Exploratory_Robust",0.597614825928765,0.597614825928765,0.614518607430124,0.614518607430124,0.639,0.424,0.215,0.618444063104596,0.392086330935252,0.747368421052632,"Consistent_3_of_3",1,0.215,0.639,1,FALSE,TRUE,"Other_Candidate","Other_Candidate",TRUE,TRUE,FALSE,FALSE,TRUE,FALSE,FALSE,FALSE,FALSE,"Not_OXPHOS_Classified","Standard_candidate"
342,"TLE5",0.557975126501546,"Tier_3_Exploratory_Robust",0.63488933576925,0.63488933576925,0.824714686154001,0.824714686154001,0.657,0.405,0.252,0.66308323814486,0.55,0.727019498607242,"Consistent_3_of_3",1,0.252,0.657,1,FALSE,TRUE,"Other_Candidate","Other_Candidate",FALSE,FALSE,FALSE,FALSE,FALSE,FALSE,FALSE,FALSE,FALSE,"Not_OXPHOS_Classified","Standard_candidate"
343,"PTPMT1",0.556908503714767,"Tier_3_Exploratory_Robust",0.636127357555066,0.636127357555066,1.07781886044053,1.07781886044053,0.478,0.199,0.279,0.467974536951585,0.381294964028777,0.613157894736842,"Consistent_3_of_3",1,0.279,0.478,1,TRUE,TRUE,"Other_Candidate","Other_Candidate",TRUE,TRUE,FALSE,FALSE,TRUE,FALSE,FALSE,FALSE,FALSE,"Not_OXPHOS_Classified","Standard_candidate"
344,"NINJ1",0.556648320825533,"Tier_3_Exploratory_Robust",0.623155806505647,0.623155806505647,0.679646452045178,0.679646452045178,0.664,0.387,0.277,0.636329827795878,0.341726618705036,0.826315789473684,"Consistent_3_of_3",1,0.277,0.664,1,FALSE,TRUE,"Other_Candidate","Other_Candidate",FALSE,FALSE,FALSE,FALSE,FALSE,FALSE,FALSE,FALSE,FALSE,"Not_OXPHOS_Classified","Standard_candidate"
345,"MRPS18B",0.555147528343856,"Tier_3_Exploratory_Robust",0.614820905642487,0.614820905642487,0.836967245139896,0.836967245139896,0.546,0.291,0.255,0.533417429668639,0.392086330935252,0.623955431754875,"Consistent_3_of_3",1,0.255,0.546,1,FALSE,TRUE,"Other_Candidate","Other_Candidate",TRUE,TRUE,FALSE,FALSE,TRUE,FALSE,FALSE,FALSE,FALSE,"Not_OXPHOS_Classified","Standard_candidate"
346,"ADI1",0.554407893258171,"Tier_3_Exploratory_Robust",0.60587214976981,0.60587214976981,0.726977198158476,0.726977198158476,0.558,0.291,0.267,0.576216962216768,0.454038997214485,0.787769784172662,"Consistent_3_of_3",1,0.267,0.558,1,FALSE,TRUE,"Other_Candidate","Other_Candidate",TRUE,FALSE,TRUE,FALSE,TRUE,FALSE,FALSE,FALSE,FALSE,"Not_OXPHOS_Classified","Standard_candidate"
347,"TRPS1",0.554240926833806,"Tier_3_Exploratory_Robust",0.614808946195928,0.614808946195928,0.598471569567423,0.598471569567423,0.681,0.412,0.269,0.674573761310553,0.50974930362117,0.873684210526316,"Consistent_3_of_3",1,0.269,0.681,1,FALSE,TRUE,"Other_Candidate","Other_Candidate",FALSE,FALSE,FALSE,FALSE,FALSE,FALSE,FALSE,FALSE,FALSE,"Not_OXPHOS_Classified","Standard_candidate"
348,"ZMAT2",0.554070173923018,"Tier_3_Exploratory_Robust",0.631619442405302,0.631619442405302,0.806555539242413,0.806555539242413,0.63,0.356,0.274,0.605017214787033,0.341726618705036,0.813157894736842,"Consistent_3_of_3",1,0.274,0.63,1,FALSE,TRUE,"Other_Candidate","Other_Candidate",FALSE,FALSE,FALSE,FALSE,FALSE,FALSE,FALSE,FALSE,FALSE,"Not_OXPHOS_Classified","Standard_candidate"
349,"METRN",0.553698036838366,"Tier_3_Exploratory_Robust",0.627412605763935,0.627412605763935,0.772900846111479,0.772900846111479,0.669,0.434,0.235,0.647535084379352,0.446043165467626,0.892105263157895,"Consistent_3_of_3",1,0.235,0.669,1,FALSE,TRUE,"Other_Candidate","Other_Candidate",FALSE,FALSE,FALSE,FALSE,FALSE,FALSE,FALSE,FALSE,FALSE,"Not_OXPHOS_Classified","Standard_candidate"
350,"NECAB3",0.553376216003929,"Tier_3_Exploratory_Robust",0.657083689649528,0.657083689649528,1.37346951719622,1.37346951719622,0.416,0.155,0.261,0.408765355403699,0.316546762589928,0.50974930362117,"Consistent_3_of_3",1,0.261,0.416,1,TRUE,TRUE,"Other_Candidate","Other_Candidate",TRUE,TRUE,FALSE,FALSE,TRUE,FALSE,FALSE,FALSE,FALSE,"Not_OXPHOS_Classified","Standard_candidate"
351,"TERF2IP",0.55291702607412,"Tier_3_Exploratory_Robust",0.642392895745071,0.642392895745071,0.935943165960568,0.935943165960568,0.569,0.261,0.308,0.57818876111543,0.513157894736842,0.672661870503597,"Consistent_3_of_3",1,0.308,0.569,1,FALSE,TRUE,"Other_Candidate","Other_Candidate",FALSE,FALSE,FALSE,FALSE,FALSE,FALSE,FALSE,FALSE,FALSE,"Not_OXPHOS_Classified","Standard_candidate"
352,"METTL5",0.551388531815924,"Tier_3_Exploratory_Robust",0.588807819194574,0.588807819194574,0.548862553556596,0.548862553556596,0.608,0.365,0.243,0.600150508533212,0.517985611510791,0.647368421052632,"Consistent_3_of_3",1,0.243,0.608,1,FALSE,TRUE,"Other_Candidate","Other_Candidate",TRUE,FALSE,FALSE,FALSE,TRUE,FALSE,FALSE,FALSE,FALSE,"Not_OXPHOS_Classified","Standard_candidate"
354,"SRPRB",0.550603312950179,"Tier_3_Exploratory_Robust",0.624432986359256,0.624432986359256,0.990663890874045,0.990663890874045,0.493,0.233,0.26,0.486869791661173,0.431654676258993,0.552631578947368,"Consistent_3_of_3",1,0.26,0.493,1,FALSE,TRUE,"Other_Candidate","Other_Candidate",FALSE,TRUE,FALSE,FALSE,TRUE,FALSE,FALSE,FALSE,FALSE,"Not_OXPHOS_Classified","Standard_candidate"
355,"CTSH",0.550330715627816,"Tier_3_Exploratory_Robust",0.646131522929604,0.646131522929604,0.997852183436832,0.997852183436832,0.536,0.215,0.321,0.541997119208313,0.465181058495822,0.618705035971223,"Consistent_3_of_3",1,0.321,0.536,1,FALSE,TRUE,"Other_Candidate","Other_Candidate",FALSE,FALSE,FALSE,FALSE,FALSE,FALSE,FALSE,FALSE,FALSE,"Not_OXPHOS_Classified","Standard_candidate"
356,"VDAC3",0.550097637697697,"Tier_3_Exploratory_Robust",0.592719304780876,0.592719304780876,0.61215443824701,0.61215443824701,0.599,0.367,0.232,0.585515742222232,0.420863309352518,0.740947075208914,"Consistent_3_of_3",1,0.232,0.599,1,FALSE,TRUE,"Other_Candidate","Other_Candidate",FALSE,TRUE,FALSE,FALSE,TRUE,FALSE,FALSE,FALSE,FALSE,"Not_OXPHOS_Classified","Standard_candidate"
357,"SURF1",0.549663076696097,"Tier_3_Exploratory_Robust",0.587312405824346,0.587312405824346,0.541699246594768,0.541699246594768,0.599,0.35,0.249,0.592731344905017,0.45125348189415,0.765789473684211,"Consistent_3_of_3",1,0.249,0.599,1,FALSE,TRUE,"Other_Candidate","Other_Candidate",TRUE,TRUE,TRUE,FALSE,TRUE,FALSE,FALSE,FALSE,FALSE,"Not_OXPHOS_Classified","Standard_candidate"
358,"OCEL1",0.549523493505855,"Tier_3_Exploratory_Robust",0.677912420472846,0.677912420472846,1.40729936378277,1.40729936378277,0.46,0.16,0.3,0.45495591798076,0.381294964028777,0.559888579387187,"Consistent_3_of_3",1,0.3,0.46,1,TRUE,TRUE,"Other_Candidate","Other_Candidate",FALSE,FALSE,FALSE,FALSE,FALSE,FALSE,FALSE,FALSE,FALSE,"Not_OXPHOS_Classified","Standard_candidate"
359,"SEC61A1",0.54936149838363,"Tier_3_Exploratory_Robust",0.598632189432108,0.598632189432108,0.683457515456863,0.683457515456863,0.564,0.312,0.252,0.568587733536965,0.370473537604457,0.684210526315789,"Consistent_3_of_3",1,0.252,0.564,1,FALSE,TRUE,"Other_Candidate","Other_Candidate",FALSE,TRUE,FALSE,FALSE,TRUE,FALSE,FALSE,FALSE,FALSE,"Not_OXPHOS_Classified","Standard_candidate"
360,"COQ4",0.549289438967515,"Tier_3_Exploratory_Robust",0.602396634108801,0.602396634108801,0.726373072870408,0.726373072870408,0.545,0.282,0.263,0.549570008265488,0.465181058495822,0.615107913669065,"Consistent_3_of_3",1,0.263,0.545,1,FALSE,TRUE,"Other_Candidate","Other_Candidate",FALSE,TRUE,FALSE,FALSE,TRUE,FALSE,FALSE,FALSE,FALSE,"Not_OXPHOS_Classified","Standard_candidate"
361,"THSD4",0.549114611222959,"Tier_3_Exploratory_Robust",0.658330802169411,0.658330802169411,1.18344641735529,1.18344641735529,0.542,0.282,0.26,0.568138247062517,0.323119777158774,0.881294964028777,"Consistent_3_of_3",1,0.26,0.542,1,TRUE,TRUE,"Other_Candidate","Other_Candidate",FALSE,FALSE,FALSE,FALSE,FALSE,FALSE,FALSE,FALSE,FALSE,"Not_OXPHOS_Classified","Standard_candidate"
362,"CNPY3",0.549025133916561,"Tier_3_Exploratory_Robust",0.633892956625966,0.633892956625966,1.12234365300773,1.12234365300773,0.462,0.206,0.256,0.46258282627673,0.405263157894737,0.52924791086351,"Consistent_3_of_3",1,0.256,0.462,1,TRUE,TRUE,"Other_Candidate","Other_Candidate",FALSE,TRUE,FALSE,FALSE,TRUE,FALSE,FALSE,FALSE,FALSE,"Not_OXPHOS_Classified","Standard_candidate"
363,"DCTN3",0.548932710709874,"Tier_3_Exploratory_Robust",0.6059171096328,0.6059171096328,0.527336877062397,0.527336877062397,0.673,0.396,0.277,0.670951694882183,0.532033426183844,0.797368421052632,"Consistent_3_of_3",1,0.277,0.673,1,FALSE,TRUE,"Other_Candidate","Other_Candidate",FALSE,FALSE,FALSE,FALSE,FALSE,FALSE,FALSE,FALSE,FALSE,"Not_OXPHOS_Classified","Standard_candidate"
364,"RNF5",0.548849166476688,"Tier_3_Exploratory_Robust",0.584750933739891,0.584750933739891,0.519607469919131,0.519607469919131,0.608,0.367,0.241,0.603555460865145,0.540389972144847,0.694736842105263,"Consistent_3_of_3",1,0.241,0.608,1,FALSE,TRUE,"Other_Candidate","Other_Candidate",FALSE,TRUE,FALSE,FALSE,TRUE,FALSE,FALSE,FALSE,FALSE,"Not_OXPHOS_Classified","Standard_candidate"
365,"CDS2",0.548599400202763,"Tier_3_Exploratory_Robust",0.633302849981706,0.633302849981706,1.11282279985365,1.11282279985365,0.451,0.181,0.27,0.468722808001949,0.315789473684211,0.647482014388489,"Consistent_3_of_3",1,0.27,0.451,1,TRUE,TRUE,"Other_Candidate","Other_Candidate",TRUE,TRUE,FALSE,FALSE,TRUE,FALSE,FALSE,FALSE,FALSE,"Not_OXPHOS_Classified","Standard_candidate"
366,"PIGP",0.548460438089036,"Tier_3_Exploratory_Robust",0.596184577708598,0.596184577708598,0.660676621668785,0.660676621668785,0.567,0.316,0.251,0.571797720890873,0.384401114206128,0.676315789473684,"Consistent_3_of_3",1,0.251,0.567,1,FALSE,TRUE,"Other_Candidate","Other_Candidate",TRUE,TRUE,FALSE,FALSE,TRUE,FALSE,FALSE,FALSE,FALSE,"Not_OXPHOS_Classified","Standard_candidate"
367,"SNRPN",0.548159794514098,"Tier_3_Exploratory_Robust",0.597995034659879,0.597995034659879,0.697560277279035,0.697560277279035,0.583,0.362,0.221,0.600297606805334,0.378947368421053,0.758992805755396,"Consistent_3_of_3",1,0.221,0.583,1,FALSE,TRUE,"Other_Candidate","Other_Candidate",FALSE,TRUE,TRUE,FALSE,TRUE,FALSE,FALSE,FALSE,FALSE,"Not_OXPHOS_Classified","Standard_candidate"
368,"RPN1",0.548066520529511,"Tier_3_Exploratory_Robust",0.604710224268713,0.604710224268713,0.7688817941497,0.7688817941497,0.54,0.287,0.253,0.53654087725275,0.503597122302158,0.568421052631579,"Consistent_3_of_3",1,0.253,0.54,1,FALSE,TRUE,"Other_Candidate","Other_Candidate",TRUE,TRUE,TRUE,FALSE,TRUE,FALSE,FALSE,FALSE,FALSE,"Not_OXPHOS_Classified","Standard_candidate"
369,"FAM120AOS",0.547269284820206,"Tier_3_Exploratory_Robust",0.636690375712111,0.636690375712111,0.919123005696885,0.919123005696885,0.573,0.287,0.286,0.56250785326877,0.467966573816156,0.744736842105263,"Consistent_3_of_3",1,0.286,0.573,1,FALSE,TRUE,"Other_Candidate","Other_Candidate",FALSE,FALSE,FALSE,FALSE,FALSE,FALSE,FALSE,FALSE,FALSE,"Not_OXPHOS_Classified","Standard_candidate"
370,"TIMMDC1",0.545900769553325,"Tier_3_Exploratory_Robust",0.602779485430415,0.602779485430415,0.76303588344332,0.76303588344332,0.536,0.285,0.251,0.519579785519188,0.356115107913669,0.678947368421053,"Consistent_3_of_3",1,0.251,0.536,1,FALSE,TRUE,"Other_Candidate","Other_Candidate",FALSE,TRUE,FALSE,FALSE,TRUE,FALSE,FALSE,FALSE,FALSE,"Not_OXPHOS_Classified","Standard_candidate"
371,"ZBTB20",0.545841244068971,"Tier_3_Exploratory_Robust",0.65729207712243,0.65729207712243,1.44553661697944,1.44553661697944,0.395,0.157,0.238,0.424026097989809,0.259052924791086,0.744604316546763,"Consistent_3_of_3",1,0.238,0.395,1,FALSE,TRUE,"Other_Candidate","Other_Candidate",TRUE,FALSE,FALSE,FALSE,TRUE,FALSE,FALSE,FALSE,FALSE,"Not_OXPHOS_Classified","Standard_candidate"
372,"GPAA1",0.545539726768163,"Tier_3_Exploratory_Robust",0.605748657797793,0.605748657797793,0.817189262382344,0.817189262382344,0.553,0.338,0.215,0.525956112400799,0.258992805755396,0.786842105263158,"Consistent_3_of_3",1,0.215,0.553,1,FALSE,TRUE,"Other_Candidate","Other_Candidate",TRUE,TRUE,FALSE,FALSE,TRUE,FALSE,FALSE,FALSE,FALSE,"Not_OXPHOS_Classified","Standard_candidate"
373,"RAP1A",0.545239180439564,"Tier_3_Exploratory_Robust",0.599588150310803,0.599588150310803,0.743905202486425,0.743905202486425,0.57,0.357,0.213,0.555561889734657,0.381294964028777,0.688022284122563,"Consistent_3_of_3",1,0.213,0.57,1,FALSE,TRUE,"Other_Candidate","Other_Candidate",FALSE,TRUE,FALSE,FALSE,TRUE,FALSE,FALSE,FALSE,FALSE,"Not_OXPHOS_Classified","Standard_candidate"
374,"TIMM17B",0.545165364361092,"Tier_3_Exploratory_Robust",0.593747811386121,0.593747811386121,0.661982491088967,0.661982491088967,0.567,0.329,0.238,0.572156905761126,0.403899721448468,0.657894736842105,"Consistent_3_of_3",1,0.238,0.567,1,FALSE,TRUE,"Other_Candidate","Other_Candidate",FALSE,TRUE,FALSE,FALSE,TRUE,FALSE,FALSE,FALSE,FALSE,"Not_OXPHOS_Classified","Standard_candidate"
375,"USF2",0.54511069006202,"Tier_3_Exploratory_Robust",0.660225902514264,0.660225902514264,1.22580722011411,1.22580722011411,0.492,0.199,0.293,0.484229423381102,0.413669064748201,0.571052631578947,"Consistent_3_of_3",1,0.293,0.492,1,TRUE,TRUE,"Other_Candidate","Other_Candidate",FALSE,FALSE,FALSE,FALSE,FALSE,FALSE,FALSE,FALSE,FALSE,"Not_OXPHOS_Classified","Standard_candidate"
376,"WBP1",0.545025867025299,"Tier_3_Exploratory_Robust",0.604545994307568,0.604545994307568,0.540367954460541,0.540367954460541,0.655,0.375,0.28,0.659033781624459,0.584958217270195,0.715827338129496,"Consistent_3_of_3",1,0.28,0.655,1,FALSE,TRUE,"Other_Candidate","Other_Candidate",FALSE,FALSE,FALSE,FALSE,FALSE,FALSE,FALSE,FALSE,FALSE,"Not_OXPHOS_Classified","Standard_candidate"
377,"BAG3",0.544917170223626,"Tier_3_Exploratory_Robust",0.633606785987791,0.633606785987791,0.905654287902327,0.905654287902327,0.581,0.31,0.271,0.601383528860829,0.345403899721448,0.856115107913669,"Consistent_3_of_3",1,0.271,0.581,1,FALSE,TRUE,"Other_Candidate","Other_Candidate",FALSE,FALSE,FALSE,FALSE,FALSE,FALSE,FALSE,FALSE,FALSE,"Not_OXPHOS_Classified","Standard_candidate"
378,"CAND1",0.544100510902339,"Tier_3_Exploratory_Robust",0.600967393986019,0.600967393986019,0.750139151888154,0.750139151888154,0.523,0.26,0.263,0.521824458040956,0.495821727019499,0.555263157894737,"Consistent_3_of_3",1,0.263,0.523,1,FALSE,TRUE,"Other_Candidate","Other_Candidate",FALSE,TRUE,FALSE,FALSE,TRUE,FALSE,FALSE,FALSE,FALSE,"Not_OXPHOS_Classified","Standard_candidate"
379,"SPATA20",0.543587026609481,"Tier_3_Exploratory_Robust",0.673589042473575,0.673589042473575,1.4015123397886,1.4015123397886,0.443,0.144,0.299,0.462530846163122,0.307894736842105,0.661870503597122,"Consistent_3_of_3",1,0.299,0.443,1,TRUE,TRUE,"Other_Candidate","Other_Candidate",FALSE,FALSE,FALSE,FALSE,FALSE,FALSE,FALSE,FALSE,FALSE,"Not_OXPHOS_Classified","Standard_candidate"
380,"CTSA",0.542692958920957,"Tier_3_Exploratory_Robust",0.6042146338033,0.6042146338033,0.798517070426401,0.798517070426401,0.501,0.23,0.271,0.49489969086159,0.37883008356546,0.652631578947368,"Consistent_3_of_3",1,0.271,0.501,1,FALSE,TRUE,"Other_Candidate","Other_Candidate",FALSE,TRUE,FALSE,FALSE,TRUE,FALSE,FALSE,FALSE,FALSE,"Not_OXPHOS_Classified","Standard_candidate"
381,"C8orf82",0.542507367829021,"Tier_3_Exploratory_Robust",0.677883206827957,0.677883206827957,1.47906565462366,1.47906565462366,0.455,0.195,0.26,0.442999542603126,0.294964028776978,0.568245125348189,"Consistent_3_of_3",1,0.26,0.455,1,TRUE,TRUE,"Other_Candidate","Other_Candidate",FALSE,FALSE,FALSE,FALSE,FALSE,FALSE,FALSE,FALSE,FALSE,"Not_OXPHOS_Classified","Standard_candidate"
383,"FBP1",0.542110982237213,"Tier_3_Exploratory_Robust",0.594464521776841,0.594464521776841,0.680516174214728,0.680516174214728,0.522,0.247,0.275,0.535374515224355,0.381578947368421,0.661870503597122,"Consistent_3_of_3",1,0.275,0.522,1,FALSE,TRUE,"Other_Candidate","Other_Candidate",TRUE,FALSE,FALSE,FALSE,TRUE,FALSE,FALSE,FALSE,FALSE,"Not_OXPHOS_Classified","Standard_candidate"
384,"POP7",0.541891735280165,"Tier_3_Exploratory_Robust",0.580842482051682,0.580842482051682,0.534739856413452,0.534739856413452,0.599,0.378,0.221,0.589013931795481,0.489208633093525,0.678947368421053,"Consistent_3_of_3",1,0.221,0.599,1,FALSE,TRUE,"Other_Candidate","Other_Candidate",FALSE,TRUE,TRUE,FALSE,TRUE,FALSE,FALSE,FALSE,FALSE,"Not_OXPHOS_Classified","Standard_candidate"
385,"CTSZ",0.541652365964198,"Tier_3_Exploratory_Robust",0.602872958668175,0.602872958668175,0.803783669345402,0.803783669345402,0.525,0.288,0.237,0.535412326933644,0.264623955431755,0.694244604316547,"Consistent_3_of_3",1,0.237,0.525,1,FALSE,TRUE,"Other_Candidate","Other_Candidate",FALSE,TRUE,FALSE,FALSE,TRUE,FALSE,FALSE,FALSE,FALSE,"Not_OXPHOS_Classified","Standard_candidate"
386,"COPRS",0.540758513558941,"Tier_3_Exploratory_Robust",0.637486092538763,0.637486092538763,0.984688740310106,0.984688740310106,0.545,0.268,0.277,0.532526050703199,0.428057553956835,0.721052631578947,"Consistent_3_of_3",1,0.277,0.545,1,FALSE,TRUE,"Other_Candidate","Other_Candidate",FALSE,FALSE,FALSE,FALSE,FALSE,FALSE,FALSE,FALSE,FALSE,"Not_OXPHOS_Classified","Standard_candidate"
387,"HMGCS1",0.540680869114965,"Tier_3_Exploratory_Robust",0.624392326594174,0.624392326594174,1.07993861275339,1.07993861275339,0.463,0.229,0.234,0.474589318429438,0.392105263157895,0.597122302158273,"Consistent_3_of_3",1,0.234,0.463,1,TRUE,TRUE,"Other_Candidate","Other_Candidate",TRUE,FALSE,FALSE,FALSE,TRUE,FALSE,FALSE,FALSE,FALSE,"Not_OXPHOS_Classified","Standard_candidate"
388,"CLTC",0.539719493715203,"Tier_3_Exploratory_Robust",0.590313208772378,0.590313208772378,0.669705670179023,0.669705670179023,0.562,0.341,0.221,0.580080418878502,0.373259052924791,0.798561151079137,"Consistent_3_of_3",1,0.221,0.562,1,FALSE,TRUE,"Other_Candidate","Other_Candidate",TRUE,TRUE,TRUE,FALSE,TRUE,FALSE,FALSE,FALSE,FALSE,"Not_OXPHOS_Classified","Standard_candidate"
389,"NFU1",0.539627294373041,"Tier_3_Exploratory_Robust",0.614331343601693,0.614331343601693,0.953050748813541,0.953050748813541,0.466,0.206,0.26,0.46650209520113,0.394736842105263,0.551532033426184,"Consistent_3_of_3",1,0.26,0.466,1,FALSE,TRUE,"Other_Candidate","Other_Candidate",FALSE,TRUE,FALSE,FALSE,TRUE,FALSE,FALSE,FALSE,FALSE,"Not_OXPHOS_Classified","Standard_candidate"
390,"MEA1",0.539529394160152,"Tier_3_Exploratory_Robust",0.610983645321281,0.610983645321281,0.683069162570246,0.683069162570246,0.645,0.412,0.233,0.630013391427307,0.496402877697842,0.842105263157895,"Consistent_3_of_3",1,0.233,0.645,1,FALSE,TRUE,"Other_Candidate","Other_Candidate",FALSE,FALSE,FALSE,FALSE,FALSE,FALSE,FALSE,FALSE,FALSE,"Not_OXPHOS_Classified","Standard_candidate"
391,"COMTD1",0.539437262903155,"Tier_3_Exploratory_Robust",0.647139776699815,0.647139776699815,1.11631821359852,1.11631821359852,0.514,0.24,0.274,0.512227245032884,0.485611510791367,0.543175487465181,"Consistent_3_of_3",1,0.274,0.514,1,TRUE,TRUE,"Other_Candidate","Other_Candidate",FALSE,FALSE,FALSE,FALSE,FALSE,FALSE,FALSE,FALSE,FALSE,"Not_OXPHOS_Classified","Standard_candidate"
392,"CLPTM1",0.539137522225125,"Tier_3_Exploratory_Robust",0.635998765865343,0.635998765865343,0.979190126922748,0.979190126922748,0.541,0.264,0.277,0.521106457452422,0.320143884892086,0.7,"Consistent_3_of_3",1,0.277,0.541,1,FALSE,TRUE,"Other_Candidate","Other_Candidate",FALSE,FALSE,FALSE,FALSE,FALSE,FALSE,FALSE,FALSE,FALSE,"Not_OXPHOS_Classified","Standard_candidate"
393,"EBP",0.538949184922537,"Tier_3_Exploratory_Robust",0.605041143259988,0.605041143259988,0.845129146079902,0.845129146079902,0.492,0.237,0.255,0.483091380582676,0.384892086330935,0.545961002785515,"Consistent_3_of_3",1,0.255,0.492,1,FALSE,TRUE,"Other_Candidate","Other_Candidate",FALSE,TRUE,FALSE,FALSE,TRUE,FALSE,FALSE,FALSE,FALSE,"Not_OXPHOS_Classified","Standard_candidate"
394,"RNF13",0.538430479461962,"Tier_3_Exploratory_Robust",0.608902245182548,0.608902245182548,0.895217961460383,0.895217961460383,0.475,0.215,0.26,0.463103998548705,0.359712230215827,0.636842105263158,"Consistent_3_of_3",1,0.26,0.475,1,FALSE,TRUE,"Other_Candidate","Other_Candidate",FALSE,TRUE,FALSE,FALSE,TRUE,FALSE,FALSE,FALSE,FALSE,"Not_OXPHOS_Classified","Standard_candidate"
395,"FLYWCH2",0.538283179948673,"Tier_3_Exploratory_Robust",0.61026585459579,0.61026585459579,0.909326836766321,0.909326836766321,0.463,0.193,0.27,0.444671449469951,0.266187050359712,0.65,"Consistent_3_of_3",1,0.27,0.463,1,FALSE,TRUE,"Other_Candidate","Other_Candidate",FALSE,FALSE,TRUE,FALSE,TRUE,FALSE,FALSE,FALSE,FALSE,"Not_OXPHOS_Classified","Standard_candidate"
396,"IRF2BPL",0.538029051389461,"Tier_3_Exploratory_Robust",0.676563772112108,0.676563772112108,1.48451017689686,1.48451017689686,0.41,0.115,0.295,0.400904053183197,0.294964028776978,0.473537604456825,"Consistent_3_of_3",1,0.295,0.41,1,TRUE,TRUE,"Other_Candidate","Other_Candidate",FALSE,FALSE,FALSE,FALSE,FALSE,FALSE,FALSE,FALSE,FALSE,"Not_OXPHOS_Classified","Standard_candidate"
397,"MGMT",0.537846946259544,"Tier_3_Exploratory_Robust",0.600598611624351,0.600598611624351,0.542388892994809,0.542388892994809,0.618,0.322,0.296,0.62305129067835,0.568245125348189,0.679856115107914,"Consistent_3_of_3",1,0.296,0.618,1,FALSE,TRUE,"Other_Candidate","Other_Candidate",FALSE,FALSE,FALSE,FALSE,FALSE,FALSE,FALSE,FALSE,FALSE,"Not_OXPHOS_Classified","Standard_candidate"
398,"EML2",0.537731863646495,"Tier_3_Exploratory_Robust",0.671405741692145,0.671405741692145,1.43204593353716,1.43204593353716,0.44,0.168,0.272,0.430611030893801,0.309352517985612,0.587743732590529,"Consistent_3_of_3",1,0.272,0.44,1,TRUE,TRUE,"Other_Candidate","Other_Candidate",FALSE,FALSE,FALSE,FALSE,FALSE,FALSE,FALSE,FALSE,FALSE,"Not_OXPHOS_Classified","Standard_candidate"
399,"STMN1",0.537300774146,"Tier_3_Exploratory_Robust",0.629863255602616,0.629863255602616,1.14290604482093,1.14290604482093,0.521,0.357,0.164,0.51101683086898,0.278947368421053,0.930362116991644,"Consistent_3_of_3",1,0.164,0.521,1,FALSE,TRUE,"Proliferation_Relevant","Proliferation_CellCycle",FALSE,FALSE,FALSE,FALSE,FALSE,FALSE,TRUE,FALSE,FALSE,"Not_OXPHOS_Classified","Standard_candidate"
400,"PIGX",0.537164853952633,"Tier_3_Exploratory_Robust",0.60479778620325,0.60479778620325,0.852782289625999,0.852782289625999,0.477,0.213,0.264,0.472652606546928,0.309192200557103,0.644736842105263,"Consistent_3_of_3",1,0.264,0.477,1,FALSE,TRUE,"Other_Candidate","Other_Candidate",FALSE,TRUE,FALSE,FALSE,TRUE,FALSE,FALSE,FALSE,FALSE,"Not_OXPHOS_Classified","Standard_candidate"
401,"AL035661.1",0.535915748976171,"Tier_3_Exploratory_Robust",0.677626646875828,0.677626646875828,1.52021317500662,1.52021317500662,0.407,0.126,0.281,0.40797921990805,0.344736842105263,0.476323119777159,"Consistent_3_of_3",1,0.281,0.407,1,TRUE,TRUE,"Other_Candidate","Other_Candidate",FALSE,FALSE,FALSE,FALSE,FALSE,FALSE,FALSE,FALSE,FALSE,"Not_OXPHOS_Classified","Standard_candidate"
402,"BRMS1",0.535872496499812,"Tier_3_Exploratory_Robust",0.597655721294375,0.597655721294375,0.790845770354998,0.790845770354998,0.521,0.298,0.223,0.503324600252359,0.338129496402878,0.728947368421053,"Consistent_3_of_3",1,0.223,0.521,1,FALSE,TRUE,"Other_Candidate","Other_Candidate",FALSE,TRUE,FALSE,FALSE,TRUE,FALSE,FALSE,FALSE,FALSE,"Not_OXPHOS_Classified","Standard_candidate"
403,"CDK4",0.535867854205297,"Tier_3_Exploratory_Robust",0.556795215571176,0.556795215571176,0.506890945863032,0.506890945863032,0.534,0.328,0.206,0.523763209048653,0.431654676258993,0.660526315789474,"Consistent_3_of_3",1,0.206,0.534,0.969558982255311,FALSE,TRUE,"Proliferation_Relevant","Proliferation_CellCycle",FALSE,TRUE,FALSE,FALSE,TRUE,FALSE,TRUE,FALSE,FALSE,"Not_OXPHOS_Classified","Standard_candidate"
404,"SIGIRR",0.535804399010235,"Tier_3_Exploratory_Robust",0.621536357304319,0.621536357304319,0.83309085843455,0.83309085843455,0.577,0.317,0.26,0.562359911220708,0.392086330935252,0.671309192200557,"Consistent_3_of_3",1,0.26,0.577,1,FALSE,TRUE,"Other_Candidate","Other_Candidate",FALSE,FALSE,FALSE,FALSE,FALSE,FALSE,FALSE,FALSE,FALSE,"Not_OXPHOS_Classified","Standard_candidate"
405,"TSG101",0.535765617205766,"Tier_3_Exploratory_Robust",0.577081339074848,0.577081339074848,0.538250712598783,0.538250712598783,0.581,0.363,0.218,0.572156290507837,0.47841726618705,0.644736842105263,"Consistent_3_of_3",1,0.218,0.581,1,FALSE,TRUE,"Other_Candidate","Other_Candidate",FALSE,TRUE,FALSE,FALSE,TRUE,FALSE,FALSE,FALSE,FALSE,"Not_OXPHOS_Classified","Standard_candidate"
406,"CHPF",0.535240270230615,"Tier_3_Exploratory_Robust",0.599590124601191,0.599590124601191,0.815920996809526,0.815920996809526,0.505,0.272,0.233,0.517182846597667,0.314763231197772,0.676258992805755,"Consistent_3_of_3",1,0.233,0.505,1,FALSE,TRUE,"Other_Candidate","Other_Candidate",TRUE,TRUE,FALSE,FALSE,TRUE,FALSE,FALSE,FALSE,FALSE,"Not_OXPHOS_Classified","Standard_candidate"
407,"SPR",0.534506138829318,"Tier_3_Exploratory_Robust",0.610035703998999,0.610035703998999,0.941085631991993,0.941085631991993,0.453,0.194,0.259,0.455042475329222,0.426183844011142,0.47841726618705,"Consistent_3_of_3",1,0.259,0.453,1,FALSE,TRUE,"Other_Candidate","Other_Candidate",TRUE,FALSE,TRUE,FALSE,TRUE,FALSE,FALSE,FALSE,FALSE,"Not_OXPHOS_Classified","Standard_candidate"
408,"ELAPOR1",0.53444900074114,"Tier_3_Exploratory_Robust",0.578591115743976,0.578591115743976,0.558328925951811,0.558328925951811,0.553,0.312,0.241,0.551008716557029,0.337047353760446,0.736842105263158,"Consistent_3_of_3",1,0.241,0.553,1,FALSE,TRUE,"Other_Candidate","Other_Candidate",FALSE,TRUE,TRUE,FALSE,TRUE,FALSE,FALSE,FALSE,FALSE,"Not_OXPHOS_Classified","Standard_candidate"
409,"MRPS36",0.534404444268245,"Tier_3_Exploratory_Robust",0.568637051597201,0.568637051597201,0.510953770879042,0.510953770879042,0.605,0.397,0.208,0.587051889056121,0.399280575539568,0.718421052631579,"Consistent_3_of_3",1,0.208,0.605,0.947785534915472,FALSE,TRUE,"Other_Candidate","Other_Candidate",TRUE,TRUE,TRUE,FALSE,TRUE,FALSE,FALSE,FALSE,FALSE,"Not_OXPHOS_Classified","Standard_candidate"
410,"ATXN10",0.534022420364164,"Tier_3_Exploratory_Robust",0.626188643510386,0.626188643510386,0.921509148083091,0.921509148083091,0.586,0.367,0.219,0.575203763100061,0.424460431654676,0.782729805013928,"Consistent_3_of_3",1,0.219,0.586,1,FALSE,TRUE,"Other_Candidate","Other_Candidate",FALSE,FALSE,FALSE,FALSE,FALSE,FALSE,FALSE,FALSE,FALSE,"Not_OXPHOS_Classified","Standard_candidate"
411,"MTX2",0.53384807361141,"Tier_3_Exploratory_Robust",0.596071596794882,0.596071596794882,0.784572774359052,0.784572774359052,0.51,0.28,0.23,0.497826960539763,0.363309352517986,0.58421052631579,"Consistent_3_of_3",1,0.23,0.51,1,FALSE,TRUE,"Other_Candidate","Other_Candidate",FALSE,TRUE,FALSE,FALSE,TRUE,FALSE,FALSE,FALSE,FALSE,"Not_OXPHOS_Classified","Standard_candidate"
412,"SAYSD1",0.532779966439549,"Tier_3_Exploratory_Robust",0.6175065243946,0.6175065243946,1.0520521951568,1.0520521951568,0.432,0.184,0.248,0.416008890585816,0.258992805755396,0.568421052631579,"Consistent_3_of_3",1,0.248,0.432,1,TRUE,TRUE,"Other_Candidate","Other_Candidate",FALSE,TRUE,FALSE,FALSE,TRUE,FALSE,FALSE,FALSE,FALSE,"Not_OXPHOS_Classified","Standard_candidate"
413,"JOSD2",0.531392924903639,"Tier_3_Exploratory_Robust",0.618526392820953,0.618526392820953,0.836211142567623,0.836211142567623,0.573,0.326,0.247,0.564186967388412,0.384401114206128,0.797368421052632,"Consistent_3_of_3",1,0.247,0.573,1,FALSE,TRUE,"Other_Candidate","Other_Candidate",FALSE,FALSE,FALSE,FALSE,FALSE,FALSE,FALSE,FALSE,FALSE,"Not_OXPHOS_Classified","Standard_candidate"
414,"FAM102A",0.531330834187853,"Tier_3_Exploratory_Robust",0.60908405009872,0.60908405009872,0.717472400789756,0.717472400789756,0.595,0.343,0.252,0.608351553620027,0.476323119777159,0.76978417266187,"Consistent_3_of_3",1,0.252,0.595,1,FALSE,TRUE,"Other_Candidate","Other_Candidate",FALSE,FALSE,FALSE,FALSE,FALSE,FALSE,FALSE,FALSE,FALSE,"Not_OXPHOS_Classified","Standard_candidate"
415,"FIBP",0.531319571354295,"Tier_3_Exploratory_Robust",0.574099324771254,0.574099324771254,0.541594598170034,0.541594598170034,0.576,0.37,0.206,0.557699596077426,0.39568345323741,0.828947368421053,"Consistent_3_of_3",1,0.206,0.576,1,FALSE,TRUE,"Other_Candidate","Other_Candidate",FALSE,TRUE,FALSE,FALSE,TRUE,FALSE,FALSE,FALSE,FALSE,"Not_OXPHOS_Classified","Standard_candidate"
416,"HEXIM1",0.529950668261732,"Tier_3_Exploratory_Robust",0.582398544681756,0.582398544681756,0.638388357454048,0.638388357454048,0.514,0.265,0.249,0.501354506484242,0.341726618705036,0.651810584958217,"Consistent_3_of_3",1,0.249,0.514,1,FALSE,TRUE,"Other_Candidate","Other_Candidate",FALSE,FALSE,TRUE,FALSE,TRUE,FALSE,FALSE,FALSE,FALSE,"Not_OXPHOS_Classified","Standard_candidate"
417,"ATP6V1H",0.529690744261365,"Tier_3_Exploratory_Robust",0.584011026715484,0.584011026715484,0.676888213723871,0.676888213723871,0.539,0.331,0.208,0.524067987949473,0.345323741007194,0.676880222841226,"Consistent_3_of_3",1,0.208,0.539,1,FALSE,TRUE,"Other_Candidate","Other_Candidate",FALSE,TRUE,TRUE,FALSE,TRUE,FALSE,FALSE,FALSE,FALSE,"Not_OXPHOS_Classified","Standard_candidate"
418,"KCNK6",0.528127836314377,"Tier_3_Exploratory_Robust",0.575020109195106,0.575020109195106,0.576160873560849,0.576160873560849,0.553,0.341,0.212,0.561699568654708,0.253481894150418,0.715827338129496,"Consistent_3_of_3",1,0.212,0.553,1,FALSE,TRUE,"Other_Candidate","Other_Candidate",FALSE,TRUE,FALSE,FALSE,TRUE,FALSE,FALSE,FALSE,FALSE,"Not_OXPHOS_Classified","Standard_candidate"
419,"FAM120A",0.52743881477228,"Tier_3_Exploratory_Robust",0.577304526603425,0.577304526603425,0.6040362128274,0.6040362128274,0.532,0.305,0.227,0.529905669365695,0.401114206128134,0.652631578947368,"Consistent_3_of_3",1,0.227,0.532,1,FALSE,TRUE,"Other_Candidate","Other_Candidate",FALSE,FALSE,TRUE,FALSE,TRUE,FALSE,FALSE,FALSE,FALSE,"Not_OXPHOS_Classified","Standard_candidate"
420,"HDDC2",0.527318030522283,"Tier_3_Exploratory_Robust",0.610238409548531,0.610238409548531,0.755507276388245,0.755507276388245,0.556,0.283,0.273,0.564690543416315,0.465181058495822,0.676258992805755,"Consistent_3_of_3",1,0.273,0.556,1,FALSE,TRUE,"Other_Candidate","Other_Candidate",FALSE,FALSE,FALSE,FALSE,FALSE,FALSE,FALSE,FALSE,FALSE,"Not_OXPHOS_Classified","Standard_candidate"
421,"CXXC5",0.526764810944731,"Tier_3_Exploratory_Robust",0.61530512091401,0.61530512091401,0.829640967312082,0.829640967312082,0.552,0.296,0.256,0.539571245803533,0.392757660167131,0.776315789473684,"Consistent_3_of_3",1,0.256,0.552,1,FALSE,TRUE,"Other_Candidate","Other_Candidate",FALSE,FALSE,FALSE,FALSE,FALSE,FALSE,FALSE,FALSE,FALSE,"Not_OXPHOS_Classified","Standard_candidate"
422,"IFT27",0.526113549599941,"Tier_3_Exploratory_Robust",0.597548931742669,0.597548931742669,0.85399145394135,0.85399145394135,0.447,0.19,0.257,0.444942213653209,0.373259052924791,0.526315789473684,"Consistent_3_of_3",1,0.257,0.447,1,FALSE,TRUE,"Other_Candidate","Other_Candidate",FALSE,TRUE,FALSE,FALSE,TRUE,FALSE,FALSE,FALSE,FALSE,"Not_OXPHOS_Classified","Standard_candidate"
423,"CANT1",0.526068883422458,"Tier_3_Exploratory_Robust",0.597920919190776,0.597920919190776,0.869767353526204,0.869767353526204,0.466,0.236,0.23,0.471147714580132,0.384401114206128,0.539568345323741,"Consistent_3_of_3",1,0.23,0.466,1,FALSE,TRUE,"Other_Candidate","Other_Candidate",TRUE,TRUE,FALSE,FALSE,TRUE,FALSE,FALSE,FALSE,FALSE,"Not_OXPHOS_Classified","Standard_candidate"
424,"SERTAD3",0.525691636799069,"Tier_3_Exploratory_Robust",0.621966142707335,0.621966142707335,0.92132914165868,0.92132914165868,0.529,0.274,0.255,0.505318565848099,0.273381294964029,0.757894736842105,"Consistent_3_of_3",1,0.255,0.529,1,FALSE,TRUE,"Other_Candidate","Other_Candidate",FALSE,FALSE,FALSE,FALSE,FALSE,FALSE,FALSE,FALSE,FALSE,"Not_OXPHOS_Classified","Standard_candidate"
425,"FSIP1",0.525372092834399,"Tier_3_Exploratory_Robust",0.6283619975896,0.6283619975896,0.9980959807168,0.9980959807168,0.5,0.232,0.268,0.482189014951358,0.273381294964029,0.610027855153203,"Consistent_3_of_3",1,0.268,0.5,1,FALSE,TRUE,"Other_Candidate","Other_Candidate",FALSE,FALSE,FALSE,FALSE,FALSE,FALSE,FALSE,FALSE,FALSE,"Not_OXPHOS_Classified","Standard_candidate"
426,"ERGIC1",0.52506055401323,"Tier_3_Exploratory_Robust",0.576891004192838,0.576891004192838,0.626328033542703,0.626328033542703,0.537,0.331,0.206,0.538536143669729,0.264623955431755,0.739473684210526,"Consistent_3_of_3",1,0.206,0.537,1,FALSE,TRUE,"Other_Candidate","Other_Candidate",FALSE,TRUE,FALSE,FALSE,TRUE,FALSE,FALSE,FALSE,FALSE,"Not_OXPHOS_Classified","Standard_candidate"
427,"RBBP4",0.525011588841574,"Tier_3_Exploratory_Robust",0.591657605272321,0.591657605272321,0.811660842178567,0.811660842178567,0.499,0.297,0.202,0.482076616964748,0.273381294964029,0.6991643454039,"Consistent_3_of_3",1,0.202,0.499,1,FALSE,TRUE,"Other_Candidate","Other_Candidate",FALSE,TRUE,FALSE,FALSE,TRUE,FALSE,FALSE,FALSE,FALSE,"Not_OXPHOS_Classified","Standard_candidate"
428,"CCDC85B",0.524977791039018,"Tier_3_Exploratory_Robust",0.597937056432621,0.597937056432621,0.634696451460964,0.634696451460964,0.603,0.363,0.24,0.596142080617869,0.376044568245125,0.836842105263158,"Consistent_3_of_3",1,0.24,0.603,1,FALSE,TRUE,"Other_Candidate","Other_Candidate",FALSE,FALSE,FALSE,FALSE,FALSE,FALSE,FALSE,FALSE,FALSE,"Not_OXPHOS_Classified","Standard_candidate"
429,"WDR61",0.524191535882775,"Tier_3_Exploratory_Robust",0.601041715778669,0.601041715778669,0.669133726229352,0.669133726229352,0.571,0.305,0.266,0.57364615271571,0.55,0.597122302158273,"Consistent_3_of_3",1,0.266,0.571,1,FALSE,TRUE,"Other_Candidate","Other_Candidate",FALSE,FALSE,FALSE,FALSE,FALSE,FALSE,FALSE,FALSE,FALSE,"Not_OXPHOS_Classified","Standard_candidate"
430,"PAGR1",0.524091765720574,"Tier_3_Exploratory_Robust",0.585552756650747,0.585552756650747,0.732422053205977,0.732422053205977,0.491,0.262,0.229,0.473305073870826,0.284172661870504,0.58421052631579,"Consistent_3_of_3",1,0.229,0.491,1,FALSE,TRUE,"Other_Candidate","Other_Candidate",FALSE,TRUE,FALSE,FALSE,TRUE,FALSE,FALSE,FALSE,FALSE,"Not_OXPHOS_Classified","Standard_candidate"
431,"NUCB1",0.524062664951677,"Tier_3_Exploratory_Robust",0.57082589181491,0.57082589181491,0.557007134519277,0.557007134519277,0.545,0.334,0.211,0.523369763359522,0.316546762589928,0.760526315789474,"Consistent_3_of_3",1,0.211,0.545,1,FALSE,TRUE,"Other_Candidate","Other_Candidate",FALSE,TRUE,FALSE,FALSE,TRUE,FALSE,FALSE,FALSE,FALSE,"Not_OXPHOS_Classified","Standard_candidate"
432,"ANAPC5",0.523827258263158,"Tier_3_Exploratory_Robust",0.574384993981076,0.574384993981076,0.598279951848608,0.598279951848608,0.525,0.302,0.223,0.512985817181177,0.402877697841727,0.673684210526316,"Consistent_3_of_3",1,0.223,0.525,1,FALSE,TRUE,"Other_Candidate","Other_Candidate",FALSE,TRUE,FALSE,FALSE,TRUE,FALSE,FALSE,FALSE,FALSE,"Not_OXPHOS_Classified","Standard_candidate"
433,"TCTA",0.523636939082161,"Tier_3_Exploratory_Robust",0.675672250203389,0.675672250203389,1.60217800162711,1.60217800162711,0.366,0.105,0.261,0.360515926798218,0.284122562674095,0.473684210526316,"Consistent_3_of_3",1,0.261,0.366,1,FALSE,TRUE,"Other_Candidate","Other_Candidate",FALSE,FALSE,FALSE,FALSE,FALSE,FALSE,FALSE,FALSE,FALSE,"Not_OXPHOS_Classified","Standard_candidate"
434,"CREG1",0.523525471720321,"Tier_3_Exploratory_Robust",0.588965321513379,0.588965321513379,0.527722572107036,0.527722572107036,0.607,0.349,0.258,0.611676030821729,0.557103064066852,0.672661870503597,"Consistent_3_of_3",1,0.258,0.607,1,FALSE,TRUE,"Other_Candidate","Other_Candidate",FALSE,FALSE,FALSE,FALSE,FALSE,FALSE,FALSE,FALSE,FALSE,"Not_OXPHOS_Classified","Standard_candidate"
435,"KRR1",0.523229492012604,"Tier_3_Exploratory_Robust",0.591418295636386,0.591418295636386,0.822546365091087,0.822546365091087,0.49,0.287,0.203,0.471355125253265,0.258992805755396,0.615598885793872,"Consistent_3_of_3",1,0.203,0.49,1,FALSE,TRUE,"Other_Candidate","Other_Candidate",FALSE,FALSE,TRUE,FALSE,TRUE,FALSE,FALSE,FALSE,FALSE,"Not_OXPHOS_Classified","Standard_candidate"
436,"NOL3",0.523140624485744,"Tier_3_Exploratory_Robust",0.600949483527649,0.600949483527649,0.929195868221196,0.929195868221196,0.44,0.206,0.234,0.44353124449568,0.275766016713092,0.536842105263158,"Consistent_3_of_3",1,0.234,0.44,1,FALSE,TRUE,"Other_Candidate","Other_Candidate",FALSE,TRUE,TRUE,FALSE,TRUE,FALSE,FALSE,FALSE,FALSE,"Not_OXPHOS_Classified","Standard_candidate"
437,"RETREG2",0.522705821544129,"Tier_3_Exploratory_Robust",0.589835534238039,0.589835534238039,0.798684273904314,0.798684273904314,0.476,0.252,0.224,0.478692952396623,0.440111420612813,0.514388489208633,"Consistent_3_of_3",1,0.224,0.476,1,FALSE,TRUE,"Other_Candidate","Other_Candidate",FALSE,TRUE,FALSE,FALSE,TRUE,FALSE,FALSE,FALSE,FALSE,"Not_OXPHOS_Classified","Standard_candidate"
439,"CDIPT",0.521956030175592,"Tier_3_Exploratory_Robust",0.581593028157652,0.581593028157652,0.702344225261213,0.702344225261213,0.495,0.271,0.224,0.494067428947913,0.317548746518106,0.639473684210526,"Consistent_3_of_3",1,0.224,0.495,1,FALSE,TRUE,"Other_Candidate","Other_Candidate",TRUE,TRUE,FALSE,FALSE,TRUE,FALSE,FALSE,FALSE,FALSE,"Not_OXPHOS_Classified","Standard_candidate"
440,"TESMIN",0.521906817228124,"Tier_3_Exploratory_Robust",0.64943973034501,0.64943973034501,1.28831784276008,1.28831784276008,0.426,0.16,0.266,0.416776779426774,0.328690807799443,0.576315789473684,"Consistent_3_of_3",1,0.266,0.426,1,TRUE,TRUE,"Other_Candidate","Other_Candidate",FALSE,FALSE,FALSE,FALSE,FALSE,FALSE,FALSE,FALSE,FALSE,"Not_OXPHOS_Classified","Standard_candidate"
441,"C1orf122",0.521456583615181,"Tier_3_Exploratory_Robust",0.585307857657494,0.585307857657494,0.517662861259953,0.517662861259953,0.642,0.431,0.211,0.632335515548857,0.543165467625899,0.760526315789474,"Consistent_3_of_3",1,0.211,0.642,1,FALSE,TRUE,"Other_Candidate","Other_Candidate",FALSE,FALSE,FALSE,FALSE,FALSE,FALSE,FALSE,FALSE,FALSE,"Not_OXPHOS_Classified","Standard_candidate"
442,"MYADM",0.520588689258747,"Tier_3_Exploratory_Robust",0.589351591281498,0.589351591281498,0.566012730251981,0.566012730251981,0.61,0.377,0.233,0.611490030963061,0.334261838440111,0.813157894736842,"Consistent_3_of_3",1,0.233,0.61,1,FALSE,TRUE,"Other_Candidate","Other_Candidate",FALSE,FALSE,FALSE,FALSE,FALSE,FALSE,FALSE,FALSE,FALSE,"Not_OXPHOS_Classified","Standard_candidate"
443,"FAM174A",0.520549148711798,"Tier_3_Exploratory_Robust",0.613555705131654,0.613555705131654,0.854045641053235,0.854045641053235,0.519,0.254,0.265,0.504401557188496,0.366906474820144,0.689473684210526,"Consistent_3_of_3",1,0.265,0.519,1,FALSE,TRUE,"Other_Candidate","Other_Candidate",FALSE,FALSE,FALSE,FALSE,FALSE,FALSE,FALSE,FALSE,FALSE,"Not_OXPHOS_Classified","Standard_candidate"
444,"PGP",0.520485961924447,"Tier_3_Exploratory_Robust",0.613441234502837,0.613441234502837,0.8531298760227,0.8531298760227,0.519,0.254,0.265,0.515936765321653,0.454038997214485,0.597368421052632,"Consistent_3_of_3",1,0.265,0.519,1,FALSE,TRUE,"Other_Candidate","Other_Candidate",FALSE,FALSE,FALSE,FALSE,FALSE,FALSE,FALSE,FALSE,FALSE,"Not_OXPHOS_Classified","Standard_candidate"
445,"ACOT13",0.519702239999943,"Tier_3_Exploratory_Robust",0.608669923640786,0.608669923640786,1.04695938912629,1.04695938912629,0.391,0.143,0.248,0.385575878836588,0.284122562674095,0.523684210526316,"Consistent_3_of_3",1,0.248,0.391,1,FALSE,TRUE,"Other_Candidate","Other_Candidate",FALSE,TRUE,FALSE,FALSE,TRUE,FALSE,FALSE,FALSE,FALSE,"Not_OXPHOS_Classified","Standard_candidate"
446,"NT5C",0.519626388958601,"Tier_3_Exploratory_Robust",0.602554154700883,0.602554154700883,0.735633237607061,0.735633237607061,0.565,0.327,0.238,0.57311267537795,0.498607242339833,0.665467625899281,"Consistent_3_of_3",1,0.238,0.565,1,FALSE,TRUE,"Other_Candidate","Other_Candidate",FALSE,FALSE,FALSE,FALSE,FALSE,FALSE,FALSE,FALSE,FALSE,"Not_OXPHOS_Classified","Standard_candidate"
447,"SPINT1-AS1",0.519560578960404,"Tier_3_Exploratory_Robust",0.590568802028689,0.590568802028689,0.58695041622951,0.58695041622951,0.597,0.358,0.239,0.580440254159376,0.384892086330935,0.735376044568245,"Consistent_3_of_3",1,0.239,0.597,1,FALSE,TRUE,"Other_Candidate","Other_Candidate",FALSE,FALSE,FALSE,FALSE,FALSE,FALSE,FALSE,FALSE,FALSE,"Not_OXPHOS_Classified","Standard_candidate"
448,"MSI2",0.518629552722721,"Tier_3_Exploratory_Robust",0.556906990016161,0.556906990016161,0.563244861326467,0.563244861326467,0.575,0.389,0.186,0.596218407183065,0.420612813370474,0.841726618705036,"Consistent_3_of_3",1,0.186,0.575,0.895342549002348,FALSE,TRUE,"Other_Candidate","Other_Candidate",TRUE,FALSE,TRUE,FALSE,TRUE,FALSE,FALSE,FALSE,FALSE,"Not_OXPHOS_Classified","Standard_candidate"
449,"CAMK2N1",0.518334787103582,"Tier_3_Exploratory_Robust",0.659001421259322,0.659001421259322,1.45921137007458,1.45921137007458,0.426,0.219,0.207,0.420872573309187,0.255263157894737,0.690807799442897,"Consistent_3_of_3",1,0.207,0.426,1,TRUE,TRUE,"Other_Candidate","Other_Candidate",FALSE,FALSE,FALSE,FALSE,FALSE,FALSE,FALSE,FALSE,FALSE,"Not_OXPHOS_Classified","Standard_candidate"
450,"AKAP1",0.517300489607896,"Tier_3_Exploratory_Robust",0.625333682960993,0.625333682960993,1.27946946368794,1.27946946368794,0.345,0.113,0.232,0.350295005162854,0.292479108635098,0.413669064748201,"Consistent_3_of_3",1,0.232,0.345,1,FALSE,TRUE,"Other_Candidate","Other_Candidate",FALSE,TRUE,TRUE,FALSE,TRUE,FALSE,FALSE,FALSE,FALSE,"Not_OXPHOS_Classified","Standard_candidate"
451,"PDZD11",0.516865105313518,"Tier_3_Exploratory_Robust",0.571554961976765,0.571554961976765,0.618839695814119,0.618839695814119,0.498,0.275,0.223,0.486945749074395,0.392086330935252,0.634210526315789,"Consistent_3_of_3",1,0.223,0.498,1,FALSE,TRUE,"Other_Candidate","Other_Candidate",FALSE,TRUE,FALSE,FALSE,TRUE,FALSE,FALSE,FALSE,FALSE,"Not_OXPHOS_Classified","Standard_candidate"
452,"RAB17",0.5167092179091,"Tier_3_Exploratory_Robust",0.612124648426648,0.612124648426648,1.12579718741318,1.12579718741318,0.389,0.171,0.218,0.383723667598687,0.323741007194245,0.426315789473684,"Consistent_3_of_3",1,0.218,0.389,1,FALSE,TRUE,"Other_Candidate","Other_Candidate",FALSE,TRUE,FALSE,FALSE,TRUE,FALSE,FALSE,FALSE,FALSE,"Not_OXPHOS_Classified","Standard_candidate"
453,"C15orf61",0.516660329733473,"Tier_3_Exploratory_Robust",0.631511027303103,0.631511027303103,1.11768821842482,1.11768821842482,0.468,0.227,0.241,0.485043878106721,0.260526315789474,0.640287769784173,"Consistent_3_of_3",1,0.241,0.468,1,TRUE,TRUE,"Other_Candidate","Other_Candidate",FALSE,FALSE,FALSE,FALSE,FALSE,FALSE,FALSE,FALSE,FALSE,"Not_OXPHOS_Classified","Standard_candidate"
454,"BRI3",0.515282830915029,"Tier_3_Exploratory_Robust",0.541151809927018,0.541151809927018,0.516569987646358,0.516569987646358,0.595,0.4,0.195,0.604979139397762,0.467966573816156,0.733812949640288,"Consistent_3_of_3",1,0.195,0.595,0.790537076474824,FALSE,TRUE,"Other_Candidate","Other_Candidate",FALSE,TRUE,FALSE,FALSE,TRUE,FALSE,FALSE,FALSE,FALSE,"Not_OXPHOS_Classified","Standard_candidate"
455,"MTARC2",0.513867356984396,"Tier_3_Exploratory_Robust",0.642755819802964,0.642755819802964,1.53564655842371,1.53564655842371,0.303,0.102,0.201,0.303018309586314,0.25,0.367688022284123,"Consistent_3_of_3",1,0.201,0.303,1,FALSE,TRUE,"Other_Candidate","Other_Candidate",FALSE,TRUE,TRUE,FALSE,TRUE,FALSE,FALSE,FALSE,FALSE,"Not_OXPHOS_Classified","Standard_candidate"
456,"NFE2L1",0.513666518778872,"Tier_3_Exploratory_Robust",0.587499803866844,0.587499803866844,0.847198430934755,0.847198430934755,0.447,0.236,0.211,0.4638611468251,0.264623955431755,0.669064748201439,"Consistent_3_of_3",1,0.211,0.447,1,FALSE,TRUE,"Other_Candidate","Other_Candidate",TRUE,TRUE,FALSE,FALSE,TRUE,FALSE,FALSE,FALSE,FALSE,"Not_OXPHOS_Classified","Standard_candidate"
457,"AK1",0.513616413728206,"Tier_3_Exploratory_Robust",0.563948516292041,0.563948516292041,0.553188130336329,0.553188130336329,0.508,0.292,0.216,0.516269511879135,0.384401114206128,0.622302158273381,"Consistent_3_of_3",1,0.216,0.508,1,FALSE,TRUE,"Other_Candidate","Other_Candidate",TRUE,FALSE,FALSE,FALSE,TRUE,FALSE,FALSE,FALSE,FALSE,"Not_OXPHOS_Classified","Standard_candidate"
458,"ETHE1",0.513265663381129,"Tier_3_Exploratory_Robust",0.552171608314811,0.552171608314811,0.581593275009395,0.581593275009395,0.559,0.37,0.189,0.535753089362552,0.316546762589928,0.792105263157895,"Consistent_3_of_3",1,0.189,0.559,0.865816326257575,FALSE,TRUE,"Other_Candidate","Other_Candidate",FALSE,TRUE,TRUE,FALSE,TRUE,FALSE,FALSE,FALSE,FALSE,"Not_OXPHOS_Classified","Standard_candidate"
459,"SYS1",0.512505178971556,"Tier_3_Exploratory_Robust",0.577787078077611,0.577787078077611,0.732696624620891,0.732696624620891,0.462,0.243,0.219,0.45122470561888,0.356115107913669,0.613157894736842,"Consistent_3_of_3",1,0.219,0.462,1,FALSE,TRUE,"Other_Candidate","Other_Candidate",FALSE,TRUE,FALSE,FALSE,TRUE,FALSE,FALSE,FALSE,FALSE,"Not_OXPHOS_Classified","Standard_candidate"
460,"ZNF24",0.511977295830167,"Tier_3_Exploratory_Robust",0.582265621506972,0.582265621506972,0.546124972055779,0.546124972055779,0.585,0.35,0.235,0.586313989418347,0.559888579387187,0.60431654676259,"Consistent_3_of_3",1,0.235,0.585,1,FALSE,TRUE,"Other_Candidate","Other_Candidate",FALSE,FALSE,FALSE,FALSE,FALSE,FALSE,FALSE,FALSE,FALSE,"Not_OXPHOS_Classified","Standard_candidate"
461,"MAP4K3-DT",0.511083835510584,"Tier_3_Exploratory_Robust",0.624488281727626,0.624488281727626,1.06790625382101,1.06790625382101,0.446,0.187,0.259,0.469463045602222,0.289473684210526,0.712230215827338,"Consistent_3_of_3",1,0.259,0.446,1,TRUE,TRUE,"Other_Candidate","Other_Candidate",FALSE,FALSE,FALSE,FALSE,FALSE,FALSE,FALSE,FALSE,FALSE,"Not_OXPHOS_Classified","Standard_candidate"
462,"ZNF385A",0.510660695264769,"Tier_3_Exploratory_Robust",0.592742960167962,0.592742960167962,0.937143681343693,0.937143681343693,0.419,0.21,0.209,0.405580312176003,0.258992805755396,0.484210526315789,"Consistent_3_of_3",1,0.209,0.419,1,FALSE,TRUE,"Other_Candidate","Other_Candidate",TRUE,FALSE,TRUE,FALSE,TRUE,FALSE,FALSE,FALSE,FALSE,"Not_OXPHOS_Classified","Standard_candidate"
463,"ARL2BP",0.510220695141613,"Tier_3_Exploratory_Robust",0.592579913886877,0.592579913886877,0.934239311095012,0.934239311095012,0.409,0.189,0.22,0.403543823788645,0.341726618705036,0.437325905292479,"Consistent_3_of_3",1,0.22,0.409,1,FALSE,TRUE,"Other_Candidate","Other_Candidate",FALSE,TRUE,FALSE,FALSE,TRUE,FALSE,FALSE,FALSE,FALSE,"Not_OXPHOS_Classified","Standard_candidate"
464,"MTHFS",0.509917238112658,"Tier_3_Exploratory_Robust",0.572011731521044,0.572011731521044,0.684893852168352,0.684893852168352,0.471,0.26,0.211,0.473509355541516,0.431754874651811,0.507194244604317,"Consistent_3_of_3",1,0.211,0.471,1,FALSE,TRUE,"Other_Candidate","Other_Candidate",TRUE,TRUE,FALSE,FALSE,TRUE,FALSE,FALSE,FALSE,FALSE,"Not_OXPHOS_Classified","Standard_candidate"
465,"MPC1",0.509519257490005,"Tier_3_Exploratory_Robust",0.584062681932483,0.584062681932483,0.850101455459866,0.850101455459866,0.459,0.279,0.18,0.451727965230806,0.330935251798561,0.676880222841226,"Consistent_3_of_3",1,0.18,0.459,1,FALSE,TRUE,"Other_Candidate","Other_Candidate",FALSE,TRUE,FALSE,FALSE,TRUE,FALSE,FALSE,FALSE,FALSE,"Not_OXPHOS_Classified","Standard_candidate"
466,"STARD7",0.509488912869113,"Tier_3_Exploratory_Robust",0.579750395187469,0.579750395187469,0.780403161499755,0.780403161499755,0.44,0.219,0.221,0.43384807181377,0.363309352517986,0.501392757660167,"Consistent_3_of_3",1,0.221,0.44,1,FALSE,TRUE,"Other_Candidate","Other_Candidate",FALSE,TRUE,FALSE,FALSE,TRUE,FALSE,FALSE,FALSE,FALSE,"Not_OXPHOS_Classified","Standard_candidate"
467,"DCAF7",0.509125774543357,"Tier_3_Exploratory_Robust",0.593947832996991,0.593947832996991,0.970782663975928,0.970782663975928,0.42,0.227,0.193,0.446445681748107,0.250696378830084,0.751798561151079,"Consistent_3_of_3",1,0.193,0.42,1,FALSE,TRUE,"Other_Candidate","Other_Candidate",FALSE,TRUE,FALSE,FALSE,TRUE,FALSE,FALSE,FALSE,FALSE,"Not_OXPHOS_Classified","Standard_candidate"
468,"CRLS1",0.508953889319402,"Tier_3_Exploratory_Robust",0.572983941118439,0.572983941118439,0.70227152894751,0.70227152894751,0.459,0.242,0.217,0.464214319791784,0.306406685236769,0.546762589928058,"Consistent_3_of_3",1,0.217,0.459,1,FALSE,TRUE,"Other_Candidate","Other_Candidate",TRUE,TRUE,FALSE,FALSE,TRUE,FALSE,FALSE,FALSE,FALSE,"Not_OXPHOS_Classified","Standard_candidate"
469,"BEX4",0.508631091554893,"Tier_3_Exploratory_Robust",0.607816380344286,0.607816380344286,0.878531042754286,0.878531042754286,0.476,0.212,0.264,0.469331205611673,0.28133704735376,0.684210526315789,"Consistent_3_of_3",1,0.264,0.476,1,FALSE,TRUE,"Other_Candidate","Other_Candidate",FALSE,FALSE,FALSE,FALSE,FALSE,FALSE,FALSE,FALSE,FALSE,"Not_OXPHOS_Classified","Standard_candidate"
470,"CERS6",0.508464873578403,"Tier_3_Exploratory_Robust",0.566572579277655,0.566572579277655,0.636580634221236,0.636580634221236,0.493,0.301,0.192,0.48498521810026,0.356545961002786,0.663157894736842,"Consistent_3_of_3",1,0.192,0.493,1,FALSE,TRUE,"Other_Candidate","Other_Candidate",TRUE,TRUE,FALSE,FALSE,TRUE,FALSE,FALSE,FALSE,FALSE,"Not_OXPHOS_Classified","Standard_candidate"
471,"POLR3K",0.50803982240223,"Tier_3_Exploratory_Robust",0.565349641130941,0.565349641130941,0.61079712904753,0.61079712904753,0.468,0.241,0.227,0.460224050637807,0.342618384401114,0.631578947368421,"Consistent_3_of_3",1,0.227,0.468,1,FALSE,TRUE,"Other_Candidate","Other_Candidate",FALSE,TRUE,FALSE,FALSE,TRUE,FALSE,FALSE,FALSE,FALSE,"Not_OXPHOS_Classified","Standard_candidate"
473,"ALG13",0.507611115278339,"Tier_3_Exploratory_Robust",0.568558555808311,0.568558555808311,0.658868446466485,0.658868446466485,0.466,0.251,0.215,0.460326288155812,0.39568345323741,0.495821727019499,"Consistent_3_of_3",1,0.215,0.466,1,FALSE,TRUE,"Other_Candidate","Other_Candidate",TRUE,TRUE,TRUE,FALSE,TRUE,FALSE,FALSE,FALSE,FALSE,"Not_OXPHOS_Classified","Standard_candidate"
474,"EXOSC5",0.5073792795407,"Tier_3_Exploratory_Robust",0.587885246128035,0.587885246128035,0.896681969024276,0.896681969024276,0.404,0.179,0.225,0.395799419693098,0.309352517985612,0.465789473684211,"Consistent_3_of_3",1,0.225,0.404,1,FALSE,TRUE,"Other_Candidate","Other_Candidate",TRUE,TRUE,TRUE,FALSE,TRUE,FALSE,FALSE,FALSE,FALSE,"Not_OXPHOS_Classified","Standard_candidate"
475,"GOSR2",0.506988816378854,"Tier_3_Exploratory_Robust",0.579931382670146,0.579931382670146,0.801051061361165,0.801051061361165,0.424,0.199,0.225,0.425232873369974,0.306406685236769,0.505263157894737,"Consistent_3_of_3",1,0.225,0.424,1,FALSE,TRUE,"Other_Candidate","Other_Candidate",FALSE,TRUE,FALSE,FALSE,TRUE,FALSE,FALSE,FALSE,FALSE,"Not_OXPHOS_Classified","Standard_candidate"
476,"A1BG",0.506630549927515,"Tier_3_Exploratory_Robust",0.582724422420726,0.582724422420726,0.589795379365804,0.589795379365804,0.548,0.301,0.247,0.536832155738538,0.434540389972145,0.726315789473684,"Consistent_3_of_3",1,0.247,0.548,1,FALSE,TRUE,"Other_Candidate","Other_Candidate",FALSE,FALSE,FALSE,FALSE,FALSE,FALSE,FALSE,FALSE,FALSE,"Not_OXPHOS_Classified","Standard_candidate"
477,"IARS2",0.506552852447431,"Tier_3_Exploratory_Robust",0.551786075161114,0.551786075161114,0.504558354291594,0.504558354291594,0.519,0.32,0.199,0.520032137316096,0.431754874651811,0.581578947368421,"Consistent_3_of_3",1,0.199,0.519,0.967441872497763,FALSE,TRUE,"Other_Candidate","Other_Candidate",TRUE,TRUE,TRUE,FALSE,TRUE,FALSE,FALSE,FALSE,FALSE,"Not_OXPHOS_Classified","Standard_candidate"
478,"SS18L2",0.506153860788257,"Tier_3_Exploratory_Robust",0.583853626628894,0.583853626628894,0.616429013031154,0.616429013031154,0.559,0.334,0.225,0.549713731433853,0.417827298050139,0.742105263157895,"Consistent_3_of_3",1,0.225,0.559,1,FALSE,TRUE,"Other_Candidate","Other_Candidate",FALSE,FALSE,FALSE,FALSE,FALSE,FALSE,FALSE,FALSE,FALSE,"Not_OXPHOS_Classified","Standard_candidate"
479,"SWI5",0.50586646797087,"Tier_3_Exploratory_Robust",0.598097705590083,0.598097705590083,0.784781644720663,0.784781644720663,0.498,0.246,0.252,0.500099583139529,0.484679665738162,0.528776978417266,"Consistent_3_of_3",1,0.252,0.498,1,FALSE,TRUE,"Other_Candidate","Other_Candidate",FALSE,FALSE,FALSE,FALSE,FALSE,FALSE,FALSE,FALSE,FALSE,"Not_OXPHOS_Classified","Standard_candidate"
480,"STIP1",0.505403619467264,"Tier_3_Exploratory_Robust",0.557856401314072,0.557856401314072,0.546051210512574,0.546051210512574,0.489,0.28,0.209,0.478593791145064,0.33983286908078,0.689473684210526,"Consistent_3_of_3",1,0.209,0.489,1,FALSE,TRUE,"Other_Candidate","Other_Candidate",FALSE,FALSE,TRUE,FALSE,TRUE,FALSE,FALSE,FALSE,FALSE,"Not_OXPHOS_Classified","Standard_candidate"
481,"M6PR",0.505137190629093,"Tier_3_Exploratory_Robust",0.577120421981854,0.577120421981854,0.788163375854833,0.788163375854833,0.436,0.229,0.207,0.423053400118199,0.284172661870504,0.494736842105263,"Consistent_3_of_3",1,0.207,0.436,1,FALSE,TRUE,"Other_Candidate","Other_Candidate",FALSE,TRUE,FALSE,FALSE,TRUE,FALSE,FALSE,FALSE,FALSE,"Not_OXPHOS_Classified","Standard_candidate"
482,"OTUB1",0.50510446798422,"Tier_3_Exploratory_Robust",0.576336491743612,0.576336491743612,0.535491933948898,0.535491933948898,0.582,0.367,0.215,0.570878374268772,0.476323119777159,0.757894736842105,"Consistent_3_of_3",1,0.215,0.582,1,FALSE,TRUE,"Other_Candidate","Other_Candidate",FALSE,FALSE,FALSE,FALSE,FALSE,FALSE,FALSE,FALSE,FALSE,"Not_OXPHOS_Classified","Standard_candidate"
483,"SKAP1",0.505099942834195,"Tier_3_Exploratory_Robust",0.608846924329424,0.608846924329424,1.17797539463539,1.17797539463539,0.34,0.122,0.218,0.351329140470061,0.289473684210526,0.474820143884892,"Consistent_3_of_3",1,0.218,0.34,1,FALSE,TRUE,"Other_Candidate","Other_Candidate",FALSE,TRUE,FALSE,FALSE,TRUE,FALSE,FALSE,FALSE,FALSE,"Not_OXPHOS_Classified","Standard_candidate"
484,"POLR2C",0.504963778364483,"Tier_3_Exploratory_Robust",0.577530913504522,0.577530913504522,0.786647308036177,0.786647308036177,0.419,0.192,0.227,0.416098453886063,0.275766016713092,0.555263157894737,"Consistent_3_of_3",1,0.227,0.419,1,FALSE,TRUE,"Other_Candidate","Other_Candidate",FALSE,TRUE,FALSE,FALSE,TRUE,FALSE,FALSE,FALSE,FALSE,"Not_OXPHOS_Classified","Standard_candidate"
485,"LYPD3",0.504794707670188,"Tier_3_Exploratory_Robust",0.576862296595435,0.576862296595435,0.533298372763483,0.533298372763483,0.558,0.315,0.243,0.56031584642856,0.481894150417827,0.60431654676259,"Consistent_3_of_3",1,0.243,0.558,1,FALSE,TRUE,"Other_Candidate","Other_Candidate",FALSE,FALSE,FALSE,FALSE,FALSE,FALSE,FALSE,FALSE,FALSE,"Not_OXPHOS_Classified","Standard_candidate"
487,"GPR160",0.504277655039101,"Tier_3_Exploratory_Robust",0.591505548876502,0.591505548876502,0.720844391012015,0.720844391012015,0.518,0.279,0.239,0.512396351794096,0.431654676258993,0.623955431754875,"Consistent_3_of_3",1,0.239,0.518,1,FALSE,TRUE,"Other_Candidate","Other_Candidate",FALSE,FALSE,FALSE,FALSE,FALSE,FALSE,FALSE,FALSE,FALSE,"Not_OXPHOS_Classified","Standard_candidate"
488,"ERG28",0.504174122628249,"Tier_3_Exploratory_Robust",0.55689715273285,0.55689715273285,0.543177221862797,0.543177221862797,0.484,0.273,0.211,0.473629628770228,0.363309352517986,0.539473684210526,"Consistent_3_of_3",1,0.211,0.484,1,FALSE,TRUE,"Other_Candidate","Other_Candidate",FALSE,TRUE,FALSE,FALSE,TRUE,FALSE,FALSE,FALSE,FALSE,"Not_OXPHOS_Classified","Standard_candidate"
489,"SAC3D1",0.503610393225153,"Tier_3_Exploratory_Robust",0.651801318429259,0.651801318429259,1.47681054743407,1.47681054743407,0.352,0.118,0.234,0.341336460226336,0.251798561151079,0.513157894736842,"Consistent_3_of_3",1,0.234,0.352,1,FALSE,TRUE,"Other_Candidate","Other_Candidate",FALSE,FALSE,FALSE,FALSE,FALSE,FALSE,FALSE,FALSE,FALSE,"Not_OXPHOS_Classified","Standard_candidate"
490,"TJP3",0.503426044688193,"Tier_3_Exploratory_Robust",0.635253323750446,0.635253323750446,1.27722659000357,1.27722659000357,0.405,0.182,0.223,0.393891993867155,0.266187050359712,0.47075208913649,"Consistent_3_of_3",1,0.223,0.405,1,TRUE,TRUE,"Other_Candidate","Other_Candidate",FALSE,FALSE,FALSE,FALSE,FALSE,FALSE,FALSE,FALSE,FALSE,"Not_OXPHOS_Classified","Standard_candidate"
491,"HMGN4",0.503377459389359,"Tier_3_Exploratory_Robust",0.598298780181786,0.598298780181786,0.815190241454291,0.815190241454291,0.5,0.268,0.232,0.483928529365336,0.31294964028777,0.578947368421053,"Consistent_3_of_3",1,0.232,0.5,1,FALSE,TRUE,"Other_Candidate","Other_Candidate",FALSE,FALSE,FALSE,FALSE,FALSE,FALSE,FALSE,FALSE,FALSE,"Not_OXPHOS_Classified","Standard_candidate"
492,"CCS",0.502866201419928,"Tier_3_Exploratory_Robust",0.562317671089791,0.562317671089791,0.615341368718326,0.615341368718326,0.452,0.227,0.225,0.442354739577346,0.309192200557103,0.647368421052632,"Consistent_3_of_3",1,0.225,0.452,1,FALSE,TRUE,"Other_Candidate","Other_Candidate",FALSE,FALSE,TRUE,FALSE,TRUE,FALSE,FALSE,FALSE,FALSE,"Not_OXPHOS_Classified","Standard_candidate"
493,"HADHB",0.502726709049197,"Tier_3_Exploratory_Robust",0.532354348513071,0.532354348513071,0.670063636324208,0.670063636324208,0.576,0.407,0.169,0.564449434441598,0.402877697841727,0.779944289693593,"Consistent_3_of_3",1,0.169,0.576,0.663975959816964,FALSE,TRUE,"Other_Candidate","Other_Candidate",FALSE,TRUE,TRUE,FALSE,TRUE,FALSE,FALSE,FALSE,FALSE,"Not_OXPHOS_Classified","Standard_candidate"
494,"CRELD2",0.501805401119143,"Tier_3_Exploratory_Robust",0.559308927288439,0.559308927288439,0.591271418307511,0.591271418307511,0.464,0.251,0.213,0.463142847399254,0.289693593314763,0.610526315789474,"Consistent_3_of_3",1,0.213,0.464,1,FALSE,TRUE,"Other_Candidate","Other_Candidate",FALSE,TRUE,FALSE,FALSE,TRUE,FALSE,FALSE,FALSE,FALSE,"Not_OXPHOS_Classified","Standard_candidate"
495,"MACROD1",0.501282622463544,"Tier_3_Exploratory_Robust",0.612982278942515,0.612982278942515,1.00785823154012,1.00785823154012,0.437,0.189,0.248,0.420152269915485,0.262589928057554,0.607894736842105,"Consistent_3_of_3",1,0.248,0.437,1,TRUE,TRUE,"Other_Candidate","Other_Candidate",FALSE,FALSE,FALSE,FALSE,FALSE,FALSE,FALSE,FALSE,FALSE,"Not_OXPHOS_Classified","Standard_candidate"
496,"RPA3",0.500767805546353,"Tier_3_Exploratory_Robust",0.579802737822227,0.579802737822227,0.604821902577814,0.604821902577814,0.535,0.299,0.236,0.515535426811754,0.320143884892086,0.7,"Consistent_3_of_3",1,0.236,0.535,1,FALSE,TRUE,"Other_Candidate","Other_Candidate",FALSE,FALSE,FALSE,FALSE,FALSE,FALSE,FALSE,FALSE,FALSE,"Not_OXPHOS_Classified","Standard_candidate"
497,"AKT2",0.500741685058086,"Tier_3_Exploratory_Robust",0.578759024771908,0.578759024771908,0.842872198175263,0.842872198175263,0.408,0.199,0.209,0.404732879874081,0.33983286908078,0.489473684210526,"Consistent_3_of_3",1,0.209,0.408,1,FALSE,TRUE,"Other_Candidate","Other_Candidate",TRUE,FALSE,FALSE,FALSE,TRUE,FALSE,FALSE,FALSE,FALSE,"Not_OXPHOS_Classified","Standard_candidate"
498,"OTUD6B-AS1",0.500734209897926,"Tier_3_Exploratory_Robust",0.589343476369009,0.589343476369009,0.730747810952069,0.730747810952069,0.522,0.304,0.218,0.512285535887373,0.384892086330935,0.654596100278552,"Consistent_3_of_3",1,0.218,0.522,1,FALSE,TRUE,"Other_Candidate","Other_Candidate",FALSE,FALSE,FALSE,FALSE,FALSE,FALSE,FALSE,FALSE,FALSE,"Not_OXPHOS_Classified","Standard_candidate"
499,"PRR15L",0.499972473057538,"Tier_4_Exploratory",0.629811984703616,0.629811984703616,1.23529587762893,1.23529587762893,0.399,0.171,0.228,0.392812857176508,0.31294964028777,0.47075208913649,"Consistent_3_of_3",1,0.228,0.399,1,FALSE,TRUE,"Other_Candidate","Other_Candidate",FALSE,FALSE,FALSE,FALSE,FALSE,FALSE,FALSE,FALSE,FALSE,"Not_OXPHOS_Classified","Standard_candidate"
500,"MAGEF1",0.49966290925382,"Tier_4_Exploratory",0.597457190533676,0.597457190533676,0.832457524269406,0.832457524269406,0.48,0.243,0.237,0.478451562163259,0.460431654676259,0.498607242339833,"Consistent_3_of_3",1,0.237,0.48,1,FALSE,TRUE,"Other_Candidate","Other_Candidate",FALSE,FALSE,FALSE,FALSE,FALSE,FALSE,FALSE,FALSE,FALSE,"Not_OXPHOS_Classified","Standard_candidate"
501,"DHX30",0.499219888710308,"Tier_4_Exploratory",0.574733967703889,0.574733967703889,0.801071741631108,0.801071741631108,0.404,0.185,0.219,0.407507127269889,0.331476323119777,0.456834532374101,"Consistent_3_of_3",1,0.219,0.404,1,FALSE,TRUE,"Other_Candidate","Other_Candidate",FALSE,TRUE,TRUE,FALSE,TRUE,FALSE,FALSE,FALSE,FALSE,"Not_OXPHOS_Classified","Standard_candidate"
502,"UNC50",0.499013824642098,"Tier_4_Exploratory",0.575900536762387,0.575900536762387,0.828004294099095,0.828004294099095,0.42,0.228,0.192,0.408062156051438,0.262589928057554,0.543175487465181,"Consistent_3_of_3",1,0.192,0.42,1,FALSE,TRUE,"Other_Candidate","Other_Candidate",FALSE,TRUE,TRUE,FALSE,TRUE,FALSE,FALSE,FALSE,FALSE,"Not_OXPHOS_Classified","Standard_candidate"
504,"ETFRF1",0.497400572000327,"Tier_4_Exploratory",0.548158698118285,0.548158698118285,0.615669584946277,0.615669584946277,0.412,0.218,0.194,0.398954790133587,0.266187050359712,0.518421052631579,"Consistent_3_of_3",1,0.194,0.412,1,FALSE,TRUE,"Mitochondrial_Metabolic","Mitochondrial_OXPHOS",TRUE,TRUE,FALSE,FALSE,TRUE,FALSE,FALSE,TRUE,FALSE,"OXPHOS_Pathway_Supported","Standard_candidate"
505,"CCDC91",0.496803929324728,"Tier_4_Exploratory",0.574433311886086,0.574433311886086,0.825866495088685,0.825866495088685,0.41,0.214,0.196,0.402308043610559,0.31294964028777,0.462395543175487,"Consistent_3_of_3",1,0.196,0.41,1,FALSE,TRUE,"Other_Candidate","Other_Candidate",FALSE,TRUE,FALSE,FALSE,TRUE,FALSE,FALSE,FALSE,FALSE,"Not_OXPHOS_Classified","Standard_candidate"
506,"MTSS1",0.496800788522235,"Tier_4_Exploratory",0.64970055203352,0.64970055203352,1.50800441626816,1.50800441626816,0.329,0.102,0.227,0.327751913701409,0.267409470752089,0.392105263157895,"Consistent_3_of_3",1,0.227,0.329,1,FALSE,TRUE,"Other_Candidate","Other_Candidate",FALSE,FALSE,FALSE,FALSE,FALSE,FALSE,FALSE,FALSE,FALSE,"Not_OXPHOS_Classified","Standard_candidate"
507,"CYHR1",0.495995750158437,"Tier_4_Exploratory",0.575233724611266,0.575233724611266,0.587469796890129,0.587469796890129,0.526,0.293,0.233,0.513625223556677,0.381294964028777,0.605263157894737,"Consistent_3_of_3",1,0.233,0.526,1,FALSE,TRUE,"Other_Candidate","Other_Candidate",FALSE,FALSE,FALSE,FALSE,FALSE,FALSE,FALSE,FALSE,FALSE,"Not_OXPHOS_Classified","Standard_candidate"
508,"SECISBP2",0.495992541590779,"Tier_4_Exploratory",0.553307275213833,0.553307275213833,0.567258201710662,0.567258201710662,0.459,0.256,0.203,0.461177728393447,0.28133704735376,0.58421052631579,"Consistent_3_of_3",1,0.203,0.459,1,FALSE,TRUE,"Other_Candidate","Other_Candidate",TRUE,TRUE,TRUE,FALSE,TRUE,FALSE,FALSE,FALSE,FALSE,"Not_OXPHOS_Classified","Standard_candidate"
509,"DST",0.49587764858354,"Tier_4_Exploratory",0.558624582157118,0.558624582157118,0.625796657256942,0.625796657256942,0.428,0.204,0.224,0.427561677384379,0.423684210526316,0.434540389972145,"Consistent_3_of_3",1,0.224,0.428,1,FALSE,TRUE,"Other_Candidate","Other_Candidate",FALSE,TRUE,FALSE,FALSE,TRUE,FALSE,FALSE,FALSE,FALSE,"Not_OXPHOS_Classified","Standard_candidate"
510,"ABHD2",0.495547784665289,"Tier_4_Exploratory",0.626596918631564,0.626596918631564,1.23517534905251,1.23517534905251,0.394,0.177,0.217,0.393609205876759,0.268421052631579,0.559888579387187,"Consistent_3_of_3",1,0.217,0.394,1,FALSE,TRUE,"Other_Candidate","Other_Candidate",FALSE,FALSE,FALSE,FALSE,FALSE,FALSE,FALSE,FALSE,FALSE,"Not_OXPHOS_Classified","Standard_candidate"
511,"TMED7",0.495519343594494,"Tier_4_Exploratory",0.547558637164292,0.547558637164292,0.500469097314336,0.500469097314336,0.474,0.273,0.201,0.459572761084491,0.323741007194245,0.631578947368421,"Consistent_3_of_3",1,0.201,0.474,1,FALSE,TRUE,"Other_Candidate","Other_Candidate",FALSE,TRUE,FALSE,FALSE,TRUE,FALSE,FALSE,FALSE,FALSE,"Not_OXPHOS_Classified","Standard_candidate"
513,"FAM110A",0.494808377415715,"Tier_4_Exploratory",0.607141162887137,0.607141162887137,0.997929303097096,0.997929303097096,0.441,0.22,0.221,0.44077487460259,0.323119777158774,0.531578947368421,"Consistent_3_of_3",1,0.221,0.441,1,FALSE,TRUE,"Other_Candidate","Other_Candidate",FALSE,FALSE,FALSE,FALSE,FALSE,FALSE,FALSE,FALSE,FALSE,"Not_OXPHOS_Classified","Standard_candidate"
514,"LLGL2",0.494520076204373,"Tier_4_Exploratory",0.60951746640644,0.60951746640644,1.03133973125152,1.03133973125152,0.436,0.219,0.217,0.453334831035626,0.264623955431755,0.669064748201439,"Consistent_3_of_3",1,0.217,0.436,1,TRUE,TRUE,"Other_Candidate","Other_Candidate",FALSE,FALSE,FALSE,FALSE,FALSE,FALSE,FALSE,FALSE,FALSE,"Not_OXPHOS_Classified","Standard_candidate"
515,"SLC22A18",0.494150242761475,"Tier_4_Exploratory",0.570893968634407,0.570893968634407,0.800751749075252,0.800751749075252,0.402,0.2,0.202,0.402119178429431,0.37883008356546,0.421052631578947,"Consistent_3_of_3",1,0.202,0.402,1,FALSE,TRUE,"Other_Candidate","Other_Candidate",FALSE,TRUE,FALSE,FALSE,TRUE,FALSE,FALSE,FALSE,FALSE,"Not_OXPHOS_Classified","Standard_candidate"
516,"CYB5B",0.493130804098462,"Tier_4_Exploratory",0.584898830322252,0.584898830322252,0.983190642578015,0.983190642578015,0.359,0.158,0.201,0.352799086050028,0.287769784172662,0.397368421052632,"Consistent_3_of_3",1,0.201,0.359,1,FALSE,TRUE,"Other_Candidate","Other_Candidate",FALSE,TRUE,TRUE,FALSE,TRUE,FALSE,FALSE,FALSE,FALSE,"Not_OXPHOS_Classified","Standard_candidate"
517,"MPLKIP",0.492871694685663,"Tier_4_Exploratory",0.571748061720652,0.571748061720652,0.573984493765218,0.573984493765218,0.529,0.308,0.221,0.516676475561963,0.410071942446043,0.702631578947368,"Consistent_3_of_3",1,0.221,0.529,1,FALSE,TRUE,"Other_Candidate","Other_Candidate",FALSE,FALSE,FALSE,FALSE,FALSE,FALSE,FALSE,FALSE,FALSE,"Not_OXPHOS_Classified","Standard_candidate"
518,"KCNQ1OT1",0.492677189470927,"Tier_4_Exploratory",0.557536776698397,0.557536776698397,0.750658737848571,0.750658737848571,0.454,0.282,0.172,0.477133461095074,0.267409470752089,0.748201438848921,"Consistent_3_of_3",1,0.172,0.454,0.923362896448837,FALSE,TRUE,"Other_Candidate","Other_Candidate",FALSE,FALSE,TRUE,FALSE,TRUE,FALSE,FALSE,FALSE,FALSE,"Not_OXPHOS_Classified","Standard_candidate"
519,"PRPSAP1",0.492417897322996,"Tier_4_Exploratory",0.578534768080444,0.578534768080444,0.914678144643555,0.914678144643555,0.382,0.193,0.189,0.378516023129305,0.326315789473684,0.481894150417827,"Consistent_3_of_3",1,0.189,0.382,1,FALSE,TRUE,"Other_Candidate","Other_Candidate",TRUE,TRUE,FALSE,FALSE,TRUE,FALSE,FALSE,FALSE,FALSE,"Not_OXPHOS_Classified","Standard_candidate"
520,"H2BC4",0.491922648118136,"Tier_4_Exploratory",0.595482048529972,0.595482048529972,0.858256388239774,0.858256388239774,0.425,0.159,0.266,0.410017677105933,0.284172661870504,0.639473684210526,"Consistent_3_of_3",1,0.266,0.425,1,FALSE,TRUE,"Other_Candidate","Other_Candidate",FALSE,FALSE,FALSE,FALSE,FALSE,FALSE,FALSE,FALSE,FALSE,"Not_OXPHOS_Classified","Standard_candidate"
521,"NUBP2",0.490865996945407,"Tier_4_Exploratory",0.566484033251689,0.566484033251689,0.527072266013513,0.527072266013513,0.538,0.323,0.215,0.523171810008378,0.37883008356546,0.784210526315789,"Consistent_3_of_3",1,0.215,0.538,1,FALSE,TRUE,"Other_Candidate","Other_Candidate",FALSE,FALSE,FALSE,FALSE,FALSE,FALSE,FALSE,FALSE,FALSE,"Not_OXPHOS_Classified","Standard_candidate"
523,"PARL",0.490618555431512,"Tier_4_Exploratory",0.553897889342454,0.553897889342454,0.618383114739628,0.618383114739628,0.432,0.231,0.201,0.418989370884175,0.31294964028777,0.623684210526316,"Consistent_3_of_3",1,0.201,0.432,1,FALSE,TRUE,"Other_Candidate","Other_Candidate",FALSE,TRUE,FALSE,FALSE,TRUE,FALSE,FALSE,FALSE,FALSE,"Not_OXPHOS_Classified","Standard_candidate"
524,"FBXL15",0.490305959209229,"Tier_4_Exploratory",0.571628973828415,0.571628973828415,0.848231790627319,0.848231790627319,0.395,0.212,0.183,0.393795979196704,0.334210526315789,0.487465181058496,"Consistent_3_of_3",1,0.183,0.395,1,FALSE,TRUE,"Other_Candidate","Other_Candidate",FALSE,TRUE,FALSE,FALSE,TRUE,FALSE,FALSE,FALSE,FALSE,"Not_OXPHOS_Classified","Standard_candidate"
525,"ZNRD2",0.490203881064616,"Tier_4_Exploratory",0.573255669593833,0.573255669593833,0.618045356750663,0.618045356750663,0.519,0.308,0.211,0.49956445340722,0.323741007194245,0.771052631578947,"Consistent_3_of_3",1,0.211,0.519,1,FALSE,TRUE,"Other_Candidate","Other_Candidate",FALSE,FALSE,FALSE,FALSE,FALSE,FALSE,FALSE,FALSE,FALSE,"Not_OXPHOS_Classified","Standard_candidate"
526,"BCAT2",0.490181745802823,"Tier_4_Exploratory",0.569411160828071,0.569411160828071,0.811289286624569,0.811289286624569,0.381,0.172,0.209,0.386076747750019,0.321052631578947,0.438848920863309,"Consistent_3_of_3",1,0.209,0.381,1,FALSE,TRUE,"Other_Candidate","Other_Candidate",TRUE,TRUE,FALSE,FALSE,TRUE,FALSE,FALSE,FALSE,FALSE,"Not_OXPHOS_Classified","Standard_candidate"
527,"GSTO2",0.489539304929824,"Tier_4_Exploratory",0.553210830461519,0.553210830461519,0.620886643692154,0.620886643692154,0.433,0.238,0.195,0.434863046375684,0.328947368421053,0.540389972144847,"Consistent_3_of_3",1,0.195,0.433,1,FALSE,TRUE,"Other_Candidate","Other_Candidate",FALSE,FALSE,TRUE,FALSE,TRUE,FALSE,FALSE,FALSE,FALSE,"Not_OXPHOS_Classified","Standard_candidate"
528,"EBLN3P",0.489474787224072,"Tier_4_Exploratory",0.57175366423395,0.57175366423395,0.601229313871602,0.601229313871602,0.512,0.291,0.221,0.517254813653842,0.387186629526462,0.593525179856115,"Consistent_3_of_3",1,0.221,0.512,1,FALSE,TRUE,"Other_Candidate","Other_Candidate",FALSE,FALSE,FALSE,FALSE,FALSE,FALSE,FALSE,FALSE,FALSE,"Not_OXPHOS_Classified","Standard_candidate"
529,"ARFGAP2",0.489336505792531,"Tier_4_Exploratory",0.560633413232447,0.560633413232447,0.712267305859576,0.712267305859576,0.407,0.206,0.201,0.402927480622158,0.35933147632312,0.478947368421053,"Consistent_3_of_3",1,0.201,0.407,1,FALSE,TRUE,"Other_Candidate","Other_Candidate",FALSE,TRUE,FALSE,FALSE,TRUE,FALSE,FALSE,FALSE,FALSE,"Not_OXPHOS_Classified","Standard_candidate"
530,"KRCC1",0.489066967421878,"Tier_4_Exploratory",0.57155833541485,0.57155833541485,0.599666683318803,0.599666683318803,0.506,0.279,0.227,0.492825548972931,0.348920863309353,0.594736842105263,"Consistent_3_of_3",1,0.227,0.506,1,FALSE,TRUE,"Other_Candidate","Other_Candidate",FALSE,FALSE,FALSE,FALSE,FALSE,FALSE,FALSE,FALSE,FALSE,"Not_OXPHOS_Classified","Standard_candidate"
531,"KAT6B",0.487791063091606,"Tier_4_Exploratory",0.536275341787187,0.536275341787187,0.549863075702978,0.549863075702978,0.48,0.297,0.183,0.489613399443178,0.3008356545961,0.62589928057554,"Consistent_3_of_3",1,0.183,0.48,0.8996163821621,FALSE,TRUE,"Other_Candidate","Other_Candidate",FALSE,TRUE,FALSE,FALSE,TRUE,FALSE,FALSE,FALSE,FALSE,"Not_OXPHOS_Classified","Standard_candidate"
532,"MMAB",0.487671775378155,"Tier_4_Exploratory",0.559429172413802,0.559429172413802,0.705833379310415,0.705833379310415,0.393,0.18,0.213,0.384634295202747,0.302158273381295,0.486842105263158,"Consistent_3_of_3",1,0.213,0.393,1,FALSE,TRUE,"Other_Candidate","Other_Candidate",FALSE,TRUE,FALSE,FALSE,TRUE,FALSE,FALSE,FALSE,FALSE,"Not_OXPHOS_Classified","Standard_candidate"
533,"THAP7",0.48758748409147,"Tier_4_Exploratory",0.562175064977577,0.562175064977577,0.748600519820618,0.748600519820618,0.4,0.207,0.193,0.392729094835845,0.316546762589928,0.460526315789474,"Consistent_3_of_3",1,0.193,0.4,1,FALSE,TRUE,"Other_Candidate","Other_Candidate",FALSE,TRUE,FALSE,FALSE,TRUE,FALSE,FALSE,FALSE,FALSE,"Not_OXPHOS_Classified","Standard_candidate"
534,"DNASE2",0.487002489811675,"Tier_4_Exploratory",0.567818280569127,0.567818280569127,0.563346244553013,0.563346244553013,0.494,0.251,0.243,0.485176790395861,0.406685236768802,0.631578947368421,"Consistent_3_of_3",1,0.243,0.494,1,FALSE,TRUE,"Other_Candidate","Other_Candidate",FALSE,FALSE,FALSE,FALSE,FALSE,FALSE,FALSE,FALSE,FALSE,"Not_OXPHOS_Classified","Standard_candidate"
535,"SYNE4",0.486870361736579,"Tier_4_Exploratory",0.535875514165784,0.535875514165784,0.523180463886104,0.523180463886104,0.469,0.276,0.193,0.458946345342726,0.366906474820144,0.592105263157895,"Consistent_3_of_3",1,0.193,0.469,0.920519707866809,FALSE,TRUE,"Other_Candidate","Other_Candidate",FALSE,TRUE,FALSE,FALSE,TRUE,FALSE,FALSE,FALSE,FALSE,"Not_OXPHOS_Classified","Standard_candidate"
536,"CCDC34",0.486704260953573,"Tier_4_Exploratory",0.593455952769213,0.593455952769213,0.885247622153707,0.885247622153707,0.424,0.184,0.24,0.437052592202737,0.284122562674095,0.600719424460432,"Consistent_3_of_3",1,0.24,0.424,1,FALSE,TRUE,"Other_Candidate","Other_Candidate",FALSE,FALSE,FALSE,FALSE,FALSE,FALSE,FALSE,FALSE,FALSE,"Not_OXPHOS_Classified","Standard_candidate"
537,"ITFG1",0.486385684233356,"Tier_4_Exploratory",0.600125303363599,0.600125303363599,0.972202426908789,0.972202426908789,0.407,0.171,0.236,0.403020717863475,0.311977715877437,0.515789473684211,"Consistent_3_of_3",1,0.236,0.407,1,FALSE,TRUE,"Other_Candidate","Other_Candidate",FALSE,FALSE,FALSE,FALSE,FALSE,FALSE,FALSE,FALSE,FALSE,"Not_OXPHOS_Classified","Standard_candidate"
538,"CPEB4",0.486235699804985,"Tier_4_Exploratory",0.56017904737039,0.56017904737039,0.732632378963121,0.732632378963121,0.395,0.197,0.198,0.385819659768447,0.287769784172662,0.465789473684211,"Consistent_3_of_3",1,0.198,0.395,1,FALSE,TRUE,"Other_Candidate","Other_Candidate",TRUE,TRUE,TRUE,FALSE,TRUE,FALSE,FALSE,FALSE,FALSE,"Not_OXPHOS_Classified","Standard_candidate"
540,"COQ7",0.484975385867259,"Tier_4_Exploratory",0.569309057880056,0.569309057880056,0.858472463040446,0.858472463040446,0.368,0.176,0.192,0.35994750307363,0.280575539568345,0.431578947368421,"Consistent_3_of_3",1,0.192,0.368,1,FALSE,TRUE,"Other_Candidate","Other_Candidate",FALSE,TRUE,TRUE,FALSE,TRUE,FALSE,FALSE,FALSE,FALSE,"Not_OXPHOS_Classified","Standard_candidate"
541,"RPRD1A",0.484581164790971,"Tier_4_Exploratory",0.585714714050908,0.585714714050908,0.812117712407266,0.812117712407266,0.446,0.221,0.225,0.429054774066687,0.26978417266187,0.655263157894737,"Consistent_3_of_3",1,0.225,0.446,1,FALSE,TRUE,"Other_Candidate","Other_Candidate",FALSE,FALSE,FALSE,FALSE,FALSE,FALSE,FALSE,FALSE,FALSE,"Not_OXPHOS_Classified","Standard_candidate"
542,"TPGS2",0.484578291418111,"Tier_4_Exploratory",0.563607709613401,0.563607709613401,0.537661676907208,0.537661676907208,0.507,0.282,0.225,0.495232507733734,0.373259052924791,0.713157894736842,"Consistent_3_of_3",1,0.225,0.507,1,FALSE,TRUE,"Other_Candidate","Other_Candidate",FALSE,FALSE,FALSE,FALSE,FALSE,FALSE,FALSE,FALSE,FALSE,"Not_OXPHOS_Classified","Standard_candidate"
543,"ENDOV",0.484508012727385,"Tier_4_Exploratory",0.551614261355639,0.551614261355639,0.643314090845108,0.643314090845108,0.416,0.226,0.19,0.410421107477015,0.359712230215827,0.481578947368421,"Consistent_3_of_3",1,0.19,0.416,1,FALSE,TRUE,"Other_Candidate","Other_Candidate",FALSE,FALSE,TRUE,FALSE,TRUE,FALSE,FALSE,FALSE,FALSE,"Not_OXPHOS_Classified","Standard_candidate"
544,"OIP5-AS1",0.484063854176326,"Tier_4_Exploratory",0.568201193085262,0.568201193085262,0.856009544682094,0.856009544682094,0.374,0.192,0.182,0.366568138247063,0.273381294964029,0.476323119777159,"Consistent_3_of_3",1,0.182,0.374,1,FALSE,TRUE,"Other_Candidate","Other_Candidate",FALSE,FALSE,TRUE,FALSE,TRUE,FALSE,FALSE,FALSE,FALSE,"Not_OXPHOS_Classified","Standard_candidate"
545,"HK1",0.483574213095555,"Tier_4_Exploratory",0.557621965772032,0.557621965772032,0.72977572617626,0.72977572617626,0.403,0.224,0.179,0.404507785063549,0.318421052631579,0.495821727019499,"Consistent_3_of_3",1,0.179,0.403,1,FALSE,TRUE,"Other_Candidate","Other_Candidate",TRUE,TRUE,FALSE,FALSE,TRUE,FALSE,FALSE,FALSE,FALSE,"Not_OXPHOS_Classified","Standard_candidate"
546,"PDHX",0.483562916646686,"Tier_4_Exploratory",0.562945788322698,0.562945788322698,0.783566306581581,0.783566306581581,0.365,0.155,0.21,0.356919402170684,0.284172661870504,0.457894736842105,"Consistent_3_of_3",1,0.21,0.365,1,FALSE,TRUE,"Other_Candidate","Other_Candidate",TRUE,TRUE,TRUE,FALSE,TRUE,FALSE,FALSE,FALSE,FALSE,"Not_OXPHOS_Classified","Standard_candidate"
547,"EBAG9",0.483561810967527,"Tier_4_Exploratory",0.551349398904379,0.551349398904379,0.649195191235029,0.649195191235029,0.415,0.229,0.186,0.399543271115405,0.255395683453237,0.589473684210526,"Consistent_3_of_3",1,0.186,0.415,1,FALSE,TRUE,"Other_Candidate","Other_Candidate",FALSE,TRUE,FALSE,FALSE,TRUE,FALSE,FALSE,FALSE,FALSE,"Not_OXPHOS_Classified","Standard_candidate"
548,"CCZ1",0.482865245920586,"Tier_4_Exploratory",0.547913538297811,0.547913538297811,0.604108306382486,0.604108306382486,0.406,0.2,0.206,0.408683104828262,0.317548746518106,0.455263157894737,"Consistent_3_of_3",1,0.206,0.406,1,FALSE,TRUE,"Other_Candidate","Other_Candidate",FALSE,TRUE,FALSE,FALSE,TRUE,FALSE,FALSE,FALSE,FALSE,"Not_OXPHOS_Classified","Standard_candidate"
549,"GET1",0.482200997693903,"Tier_4_Exploratory",0.560116180232443,0.560116180232443,0.770529441859541,0.770529441859541,0.387,0.205,0.182,0.377449437605758,0.26978417266187,0.444736842105263,"Consistent_3_of_3",1,0.182,0.387,1,FALSE,TRUE,"Other_Candidate","Other_Candidate",FALSE,TRUE,FALSE,FALSE,TRUE,FALSE,FALSE,FALSE,FALSE,"Not_OXPHOS_Classified","Standard_candidate"
550,"AHCY",0.481936502037814,"Tier_4_Exploratory",0.515523997058079,0.515523997058079,0.513783308540888,0.513783308540888,0.511,0.332,0.179,0.513023980463774,0.484679665738162,0.535971223021583,"Consistent_3_of_3",1,0.179,0.511,0.755340556603123,FALSE,TRUE,"Other_Candidate","Other_Candidate",FALSE,TRUE,FALSE,FALSE,TRUE,FALSE,FALSE,FALSE,FALSE,"Not_OXPHOS_Classified","Standard_candidate"
551,"SMARCA2",0.481000561419574,"Tier_4_Exploratory",0.571619195069247,0.571619195069247,0.920153560553976,0.920153560553976,0.344,0.155,0.189,0.347043690366575,0.297368421052632,0.373259052924791,"Consistent_3_of_3",1,0.189,0.344,1,FALSE,TRUE,"Other_Candidate","Other_Candidate",FALSE,TRUE,FALSE,FALSE,TRUE,FALSE,FALSE,FALSE,FALSE,"Not_OXPHOS_Classified","Standard_candidate"
552,"ZNF830",0.480829302243956,"Tier_4_Exploratory",0.58761354382782,0.58761354382782,0.865708350622564,0.865708350622564,0.422,0.197,0.225,0.439533539566236,0.286908077994429,0.647482014388489,"Consistent_3_of_3",1,0.225,0.422,1,FALSE,TRUE,"Other_Candidate","Other_Candidate",FALSE,FALSE,FALSE,FALSE,FALSE,FALSE,FALSE,FALSE,FALSE,"Not_OXPHOS_Classified","Standard_candidate"
553,"NDUFS1",0.480721832247528,"Tier_4_Exploratory",0.559791600012931,0.559791600012931,0.902332800103452,0.902332800103452,0.313,0.141,0.172,0.311328430291978,0.29136690647482,0.342618384401114,"Consistent_3_of_3",1,0.172,0.313,1,FALSE,TRUE,"Mitochondrial_Metabolic","Mitochondrial_OXPHOS",TRUE,TRUE,TRUE,FALSE,TRUE,FALSE,FALSE,TRUE,FALSE,"OXPHOS_Pathway_Supported","Standard_candidate"
554,"ARMT1",0.48027638935648,"Tier_4_Exploratory",0.562517290075245,0.562517290075245,0.549738320601957,0.549738320601957,0.472,0.225,0.247,0.486514140102666,0.389473684210526,0.643884892086331,"Consistent_3_of_3",1,0.247,0.472,1,FALSE,TRUE,"Other_Candidate","Other_Candidate",FALSE,FALSE,FALSE,FALSE,FALSE,FALSE,FALSE,FALSE,FALSE,"Not_OXPHOS_Classified","Standard_candidate"
555,"HNRNPL",0.480137294727684,"Tier_4_Exploratory",0.540888153242142,0.540888153242142,0.543105225937137,0.543105225937137,0.42,0.225,0.195,0.416224739018344,0.33983286908078,0.513157894736842,"Consistent_3_of_3",1,0.195,0.42,1,FALSE,TRUE,"Other_Candidate","Other_Candidate",FALSE,FALSE,TRUE,FALSE,TRUE,FALSE,FALSE,FALSE,FALSE,"Not_OXPHOS_Classified","Standard_candidate"
556,"B3GAT3",0.478325689238666,"Tier_4_Exploratory",0.539236667893142,0.539236667893142,0.602139863679465,0.602139863679465,0.423,0.238,0.185,0.414397173069344,0.330935251798561,0.5,"Consistent_3_of_3",1,0.185,0.423,0.949127899554729,FALSE,TRUE,"Other_Candidate","Other_Candidate",TRUE,TRUE,FALSE,FALSE,TRUE,FALSE,FALSE,FALSE,FALSE,"Not_OXPHOS_Classified","Standard_candidate"
557,"ABHD14A",0.47783936964991,"Tier_4_Exploratory",0.5945159490628,0.5945159490628,0.973727592502403,0.973727592502403,0.385,0.156,0.229,0.386409265784851,0.370473537604457,0.399280575539568,"Consistent_3_of_3",1,0.229,0.385,1,FALSE,TRUE,"Other_Candidate","Other_Candidate",FALSE,FALSE,FALSE,FALSE,FALSE,FALSE,FALSE,FALSE,FALSE,"Not_OXPHOS_Classified","Standard_candidate"
558,"CH17-340M24.3",0.477685857310911,"Tier_4_Exploratory",0.601846658637891,0.601846658637891,1.06597326910313,1.06597326910313,0.364,0.135,0.229,0.358407154938708,0.298561151079137,0.389473684210526,"Consistent_3_of_3",1,0.229,0.364,1,FALSE,TRUE,"Other_Candidate","Other_Candidate",FALSE,FALSE,FALSE,FALSE,FALSE,FALSE,FALSE,FALSE,FALSE,"Not_OXPHOS_Classified","Standard_candidate"
559,"GFPT1",0.476500161595256,"Tier_4_Exploratory",0.549063766052251,0.549063766052251,0.680510128418004,0.680510128418004,0.392,0.214,0.178,0.402941983021119,0.323119777158774,0.525179856115108,"Consistent_3_of_3",1,0.178,0.392,1,FALSE,TRUE,"Other_Candidate","Other_Candidate",TRUE,FALSE,FALSE,FALSE,TRUE,FALSE,FALSE,FALSE,FALSE,"Not_OXPHOS_Classified","Standard_candidate"
560,"RXRA",0.472594871612122,"Tier_4_Exploratory",0.5901780216641,0.5901780216641,1.2270241733128,1.2270241733128,0.268,0.102,0.166,0.271061702170297,0.25,0.298561151079137,"Consistent_3_of_3",1,0.166,0.268,1,FALSE,TRUE,"Other_Candidate","Other_Candidate",FALSE,TRUE,FALSE,FALSE,TRUE,FALSE,FALSE,FALSE,FALSE,"Not_OXPHOS_Classified","Standard_candidate"
561,"PTGES2",0.472297664251001,"Tier_4_Exploratory",0.534113353158865,0.534113353158865,0.615614658636414,0.615614658636414,0.41,0.229,0.181,0.400502943195949,0.284172661870504,0.504178272980501,"Consistent_3_of_3",1,0.181,0.41,0.926410138862089,FALSE,TRUE,"Other_Candidate","Other_Candidate",FALSE,TRUE,TRUE,FALSE,TRUE,FALSE,FALSE,FALSE,FALSE,"Not_OXPHOS_Classified","Standard_candidate"
562,"TRUB2",0.472179413139186,"Tier_4_Exploratory",0.558627778866475,0.558627778866475,0.832222230931803,0.832222230931803,0.341,0.159,0.182,0.338068392961924,0.309352517985612,0.378947368421053,"Consistent_3_of_3",1,0.182,0.341,1,FALSE,TRUE,"Other_Candidate","Other_Candidate",TRUE,TRUE,TRUE,FALSE,TRUE,FALSE,FALSE,FALSE,FALSE,"Not_OXPHOS_Classified","Standard_candidate"
563,"SMUG1",0.471764918826137,"Tier_4_Exploratory",0.568021959542568,0.568021959542568,0.697775676340546,0.697775676340546,0.436,0.218,0.218,0.424312630235937,0.330935251798561,0.610526315789474,"Consistent_3_of_3",1,0.218,0.436,1,FALSE,TRUE,"Other_Candidate","Other_Candidate",FALSE,FALSE,FALSE,FALSE,FALSE,FALSE,FALSE,FALSE,FALSE,"Not_OXPHOS_Classified","Standard_candidate"
564,"HRAS",0.470565800069465,"Tier_4_Exploratory",0.521555429501128,0.521555429501128,0.501863323714513,0.501863323714513,0.433,0.248,0.185,0.436901134421593,0.284122562674095,0.515789473684211,"Consistent_3_of_3",1,0.185,0.433,0.90148342691209,FALSE,TRUE,"Other_Candidate","Other_Candidate",FALSE,TRUE,FALSE,FALSE,TRUE,FALSE,FALSE,FALSE,FALSE,"Not_OXPHOS_Classified","Standard_candidate"
565,"COPG1",0.470511339709207,"Tier_4_Exploratory",0.553341330315021,0.553341330315021,0.781930642520165,0.781930642520165,0.351,0.174,0.177,0.354466633407832,0.250696378830084,0.410071942446043,"Consistent_3_of_3",1,0.177,0.351,1,FALSE,TRUE,"Other_Candidate","Other_Candidate",FALSE,TRUE,FALSE,FALSE,TRUE,FALSE,FALSE,FALSE,FALSE,"Not_OXPHOS_Classified","Standard_candidate"
566,"TMEM251",0.469920616493862,"Tier_4_Exploratory",0.582797007928497,0.582797007928497,0.899176063427978,0.899176063427978,0.392,0.182,0.21,0.38813239688267,0.345323741007194,0.426315789473684,"Consistent_3_of_3",1,0.21,0.392,1,FALSE,TRUE,"Other_Candidate","Other_Candidate",FALSE,FALSE,FALSE,FALSE,FALSE,FALSE,FALSE,FALSE,FALSE,"Not_OXPHOS_Classified","Standard_candidate"
567,"NPTN",0.469820750167499,"Tier_4_Exploratory",0.602906263911254,0.602906263911254,1.15125011129003,1.15125011129003,0.339,0.133,0.206,0.346720348395085,0.261838440111421,0.438848920863309,"Consistent_3_of_3",1,0.206,0.339,1,FALSE,TRUE,"Other_Candidate","Other_Candidate",FALSE,FALSE,FALSE,FALSE,FALSE,FALSE,FALSE,FALSE,FALSE,"Not_OXPHOS_Classified","Standard_candidate"
568,"DHRS4L2",0.469715985891893,"Tier_4_Exploratory",0.545650350263809,0.545650350263809,0.688402802110471,0.688402802110471,0.36,0.172,0.188,0.363667535404311,0.331578947368421,0.402877697841727,"Consistent_3_of_3",1,0.188,0.36,1,FALSE,TRUE,"Other_Candidate","Other_Candidate",FALSE,FALSE,TRUE,FALSE,TRUE,FALSE,FALSE,FALSE,FALSE,"Not_OXPHOS_Classified","Standard_candidate"
570,"ZBED5-AS1",0.469432939104729,"Tier_4_Exploratory",0.610808905137301,0.610808905137301,1.25287124109841,1.25287124109841,0.316,0.111,0.205,0.310009186610541,0.251798561151079,0.357894736842105,"Consistent_3_of_3",1,0.205,0.316,1,FALSE,TRUE,"Other_Candidate","Other_Candidate",FALSE,FALSE,FALSE,FALSE,FALSE,FALSE,FALSE,FALSE,FALSE,"Not_OXPHOS_Classified","Standard_candidate"
572,"VEZF1",0.4685951089387,"Tier_4_Exploratory",0.563457014331621,0.563457014331621,0.67405611465297,0.67405611465297,0.447,0.248,0.199,0.453123570634769,0.275766016713092,0.546762589928058,"Consistent_3_of_3",1,0.199,0.447,1,FALSE,TRUE,"Other_Candidate","Other_Candidate",FALSE,FALSE,FALSE,FALSE,FALSE,FALSE,FALSE,FALSE,FALSE,"Not_OXPHOS_Classified","Standard_candidate"
573,"SLC39A3",0.468584972910586,"Tier_4_Exploratory",0.559000175648745,0.559000175648745,0.617601405189962,0.617601405189962,0.457,0.255,0.202,0.442178935344614,0.305755395683453,0.644736842105263,"Consistent_3_of_3",1,0.202,0.457,1,FALSE,TRUE,"Other_Candidate","Other_Candidate",FALSE,FALSE,FALSE,FALSE,FALSE,FALSE,FALSE,FALSE,FALSE,"Not_OXPHOS_Classified","Standard_candidate"
576,"PCNA",0.466408909310927,"Tier_4_Exploratory",0.513843548863385,0.513843548863385,0.555210909682802,0.555210909682802,0.339,0.178,0.161,0.35067117102389,0.284122562674095,0.47841726618705,"Consistent_3_of_3",1,0.161,0.339,0.962947901020231,FALSE,TRUE,"Proliferation_Relevant","Proliferation_CellCycle",FALSE,TRUE,FALSE,FALSE,TRUE,FALSE,TRUE,FALSE,FALSE,"Not_OXPHOS_Classified","Standard_candidate"
578,"CD27-AS1",0.466098334811867,"Tier_4_Exploratory",0.576868867608241,0.576868867608241,0.85175094086593,0.85175094086593,0.381,0.16,0.221,0.380712547686525,0.334261838440111,0.415789473684211,"Consistent_3_of_3",1,0.221,0.381,1,FALSE,TRUE,"Other_Candidate","Other_Candidate",FALSE,FALSE,FALSE,FALSE,FALSE,FALSE,FALSE,FALSE,FALSE,"Not_OXPHOS_Classified","Standard_candidate"
579,"SMIM10L1",0.465779602506218,"Tier_4_Exploratory",0.561798461944241,0.561798461944241,0.668787695553926,0.668787695553926,0.424,0.207,0.217,0.420596430054315,0.334261838440111,0.521052631578947,"Consistent_3_of_3",1,0.217,0.424,1,FALSE,TRUE,"Other_Candidate","Other_Candidate",FALSE,FALSE,FALSE,FALSE,FALSE,FALSE,FALSE,FALSE,FALSE,"Not_OXPHOS_Classified","Standard_candidate"
580,"CCDC57",0.46577784617485,"Tier_4_Exploratory",0.561523536704221,0.561523536704221,0.669788293633769,0.669788293633769,0.433,0.227,0.206,0.446915752839746,0.303621169916435,0.618705035971223,"Consistent_3_of_3",1,0.206,0.433,1,FALSE,TRUE,"Other_Candidate","Other_Candidate",FALSE,FALSE,FALSE,FALSE,FALSE,FALSE,FALSE,FALSE,FALSE,"Not_OXPHOS_Classified","Standard_candidate"
582,"ZDHHC4",0.465672982824271,"Tier_4_Exploratory",0.522111928803885,0.522111928803885,0.606850841386523,0.606850841386523,0.416,0.243,0.173,0.408168172982505,0.334532374100719,0.5,"Consistent_3_of_3",1,0.173,0.416,0.856370490870465,FALSE,TRUE,"Other_Candidate","Other_Candidate",TRUE,TRUE,FALSE,FALSE,TRUE,FALSE,FALSE,FALSE,FALSE,"Not_OXPHOS_Classified","Standard_candidate"
585,"MTUS1",0.463979876936461,"Tier_4_Exploratory",0.55074805962358,0.55074805962358,0.801184476988638,0.801184476988638,0.324,0.145,0.179,0.316373647893004,0.255395683453237,0.426315789473684,"Consistent_3_of_3",1,0.179,0.324,1,FALSE,TRUE,"Other_Candidate","Other_Candidate",FALSE,TRUE,FALSE,FALSE,TRUE,FALSE,FALSE,FALSE,FALSE,"Not_OXPHOS_Classified","Standard_candidate"
586,"ZNF664",0.463622576004413,"Tier_4_Exploratory",0.569847454328181,0.569847454328181,0.792379634625445,0.792379634625445,0.403,0.202,0.201,0.410790593445197,0.295264623955432,0.510791366906475,"Consistent_3_of_3",1,0.201,0.403,1,FALSE,TRUE,"Other_Candidate","Other_Candidate",FALSE,FALSE,FALSE,FALSE,FALSE,FALSE,FALSE,FALSE,FALSE,"Not_OXPHOS_Classified","Standard_candidate"
587,"THNSL2",0.462609017288011,"Tier_4_Exploratory",0.588663768857599,0.588663768857599,1.02931015086079,1.02931015086079,0.337,0.124,0.213,0.330893309102901,0.276978417266187,0.431578947368421,"Consistent_3_of_3",1,0.213,0.337,1,FALSE,TRUE,"Other_Candidate","Other_Candidate",FALSE,FALSE,FALSE,FALSE,FALSE,FALSE,FALSE,FALSE,FALSE,"Not_OXPHOS_Classified","Standard_candidate"
588,"OXLD1",0.462553233113479,"Tier_4_Exploratory",0.544268529889057,0.544268529889057,0.502163835828922,0.502163835828922,0.469,0.269,0.2,0.452896524592377,0.302158273381295,0.652631578947368,"Consistent_3_of_3",1,0.2,0.469,0.984653669402942,FALSE,TRUE,"Other_Candidate","Other_Candidate",FALSE,FALSE,FALSE,FALSE,FALSE,FALSE,FALSE,FALSE,FALSE,"Not_OXPHOS_Classified","Standard_candidate"
589,"FBXL5",0.461541654077874,"Tier_4_Exploratory",0.546783825056283,0.546783825056283,0.777470600450265,0.777470600450265,0.334,0.17,0.164,0.33314555802946,0.284210526315789,0.409470752089136,"Consistent_3_of_3",1,0.164,0.334,1,FALSE,TRUE,"Other_Candidate","Other_Candidate",FALSE,TRUE,FALSE,FALSE,TRUE,FALSE,FALSE,FALSE,FALSE,"Not_OXPHOS_Classified","Standard_candidate"
591,"TSR3",0.46104623664876,"Tier_4_Exploratory",0.552498738975505,0.552498738975505,0.600789911804038,0.600789911804038,0.444,0.251,0.193,0.428592367273166,0.292479108635098,0.694736842105263,"Consistent_3_of_3",1,0.193,0.444,1,FALSE,TRUE,"Other_Candidate","Other_Candidate",FALSE,FALSE,FALSE,FALSE,FALSE,FALSE,FALSE,FALSE,FALSE,"Not_OXPHOS_Classified","Standard_candidate"
592,"GPATCH2",0.460884590162743,"Tier_4_Exploratory",0.53209688268863,0.53209688268863,0.764186801755397,0.764186801755397,0.522,0.359,0.163,0.516735504720399,0.407894736842105,0.721448467966574,"Consistent_3_of_3",1,0.163,0.522,0.663823549794703,FALSE,TRUE,"Other_Candidate","Other_Candidate",FALSE,FALSE,FALSE,FALSE,FALSE,FALSE,FALSE,FALSE,FALSE,"Not_OXPHOS_Classified","Standard_candidate"
593,"NKAP",0.458984246772302,"Tier_4_Exploratory",0.524034538839376,0.524034538839376,0.576770452250274,0.576770452250274,0.378,0.206,0.172,0.370836994090404,0.272980501392758,0.515789473684211,"Consistent_3_of_3",1,0.172,0.378,0.946254882053946,FALSE,TRUE,"Other_Candidate","Other_Candidate",FALSE,FALSE,TRUE,FALSE,TRUE,FALSE,FALSE,FALSE,FALSE,"Not_OXPHOS_Classified","Standard_candidate"
594,"CYP51A1",0.458741483831129,"Tier_4_Exploratory",0.508648855296614,0.508648855296614,0.637007927963047,0.637007927963047,0.423,0.256,0.167,0.426366240243401,0.357894736842105,0.467966573816156,"Consistent_3_of_3",1,0.167,0.423,0.740152428674885,FALSE,TRUE,"Other_Candidate","Other_Candidate",FALSE,TRUE,TRUE,FALSE,TRUE,FALSE,FALSE,FALSE,FALSE,"Not_OXPHOS_Classified","Standard_candidate"
595,"MRPL35",0.458515619279546,"Tier_4_Exploratory",0.550178743266385,0.550178743266385,0.844629946131082,0.844629946131082,0.311,0.149,0.162,0.311430456865998,0.303621169916435,0.320143884892086,"Consistent_3_of_3",1,0.162,0.311,1,FALSE,TRUE,"Other_Candidate","Other_Candidate",TRUE,TRUE,FALSE,FALSE,TRUE,FALSE,FALSE,FALSE,FALSE,"Not_OXPHOS_Classified","Standard_candidate"
596,"ZNF32",0.457091937698211,"Tier_4_Exploratory",0.561549065230164,0.561549065230164,0.767426128740677,0.767426128740677,0.412,0.236,0.176,0.405769704717094,0.316546762589928,0.537604456824513,"Consistent_3_of_3",1,0.176,0.412,0.986805327583863,FALSE,TRUE,"Other_Candidate","Other_Candidate",FALSE,FALSE,FALSE,FALSE,FALSE,FALSE,FALSE,FALSE,FALSE,"Not_OXPHOS_Classified","Standard_candidate"
597,"TPGS1",0.456400948305652,"Tier_4_Exploratory",0.52189084827947,0.52189084827947,0.506296882382972,0.506296882382972,0.512,0.328,0.184,0.510995367318519,0.434210526315789,0.623955431754875,"Consistent_3_of_3",1,0.184,0.512,0.796024919877322,FALSE,TRUE,"Other_Candidate","Other_Candidate",FALSE,FALSE,FALSE,FALSE,FALSE,FALSE,FALSE,FALSE,FALSE,"Not_OXPHOS_Classified","Standard_candidate"
598,"BAIAP2",0.455854789268503,"Tier_4_Exploratory",0.544090186768447,0.544090186768447,0.538321494147573,0.538321494147573,0.442,0.25,0.192,0.445533102912187,0.259052924791086,0.563157894736842,"Consistent_3_of_3",1,0.192,0.442,1,FALSE,TRUE,"Other_Candidate","Other_Candidate",FALSE,FALSE,FALSE,FALSE,FALSE,FALSE,FALSE,FALSE,FALSE,"Not_OXPHOS_Classified","Standard_candidate"
599,"NIPSNAP1",0.455602401870907,"Tier_4_Exploratory",0.537020532525587,0.537020532525587,0.699364260204696,0.699364260204696,0.323,0.148,0.175,0.319792487370608,0.29136690647482,0.342105263157895,"Consistent_3_of_3",1,0.175,0.323,1,FALSE,TRUE,"Other_Candidate","Other_Candidate",FALSE,TRUE,FALSE,FALSE,TRUE,FALSE,FALSE,FALSE,FALSE,"Not_OXPHOS_Classified","Standard_candidate"
600,"AKT1S1",0.455582833434118,"Tier_4_Exploratory",0.540608327630752,0.540608327630752,0.509375680514805,0.509375680514805,0.451,0.26,0.191,0.442774324741936,0.362116991643454,0.592105263157895,"Consistent_3_of_3",1,0.191,0.451,0.990242450442674,FALSE,TRUE,"Other_Candidate","Other_Candidate",FALSE,FALSE,FALSE,FALSE,FALSE,FALSE,FALSE,FALSE,FALSE,"Not_OXPHOS_Classified","Standard_candidate"
601,"HSBP1L1",0.455518941968776,"Tier_4_Exploratory",0.520564728861268,0.520564728861268,0.519787252370131,0.519787252370131,0.518,0.343,0.175,0.518198998930162,0.392105263157895,0.676880222841226,"Consistent_3_of_3",1,0.175,0.518,0.779942148766677,FALSE,TRUE,"Other_Candidate","Other_Candidate",FALSE,FALSE,FALSE,FALSE,FALSE,FALSE,FALSE,FALSE,FALSE,"Not_OXPHOS_Classified","Standard_candidate"
602,"HTATSF1",0.455424282871499,"Tier_4_Exploratory",0.522386027429123,0.522386027429123,0.549540663255054,0.549540663255054,0.364,0.191,0.173,0.359839095444067,0.323741007194245,0.413157894736842,"Consistent_3_of_3",1,0.173,0.364,0.975289630148273,FALSE,TRUE,"Other_Candidate","Other_Candidate",FALSE,FALSE,TRUE,FALSE,TRUE,FALSE,FALSE,FALSE,FALSE,"Not_OXPHOS_Classified","Standard_candidate"
603,"DCTN1",0.454893418575377,"Tier_4_Exploratory",0.555754554848763,0.555754554848763,0.943636438790102,0.943636438790102,0.279,0.119,0.16,0.279600732256886,0.252631578947368,0.309192200557103,"Consistent_3_of_3",1,0.16,0.279,1,FALSE,TRUE,"Other_Candidate","Other_Candidate",FALSE,TRUE,FALSE,FALSE,TRUE,FALSE,FALSE,FALSE,FALSE,"Not_OXPHOS_Classified","Standard_candidate"
604,"C15orf40",0.453966000366718,"Tier_4_Exploratory",0.54936420336276,0.54936420336276,0.618913626902082,0.618913626902082,0.418,0.226,0.192,0.414456378014433,0.356545961002786,0.494736842105263,"Consistent_3_of_3",1,0.192,0.418,1,FALSE,TRUE,"Other_Candidate","Other_Candidate",FALSE,FALSE,FALSE,FALSE,FALSE,FALSE,FALSE,FALSE,FALSE,"Not_OXPHOS_Classified","Standard_candidate"
605,"PIGF",0.452539364375389,"Tier_4_Exploratory",0.514442208814467,0.514442208814467,0.623989008334552,0.623989008334552,0.379,0.216,0.163,0.369167565815402,0.262589928057554,0.431754874651811,"Consistent_3_of_3",1,0.163,0.379,0.853623885150988,FALSE,TRUE,"Other_Candidate","Other_Candidate",TRUE,TRUE,FALSE,FALSE,TRUE,FALSE,FALSE,FALSE,FALSE,"Not_OXPHOS_Classified","Standard_candidate"
606,"TP53I11",0.452220720870555,"Tier_4_Exploratory",0.573286176971338,0.573286176971338,0.930289415770702,0.930289415770702,0.344,0.153,0.191,0.348988752115153,0.294736842105263,0.39568345323741,"Consistent_3_of_3",1,0.191,0.344,1,FALSE,TRUE,"Other_Candidate","Other_Candidate",FALSE,FALSE,FALSE,FALSE,FALSE,FALSE,FALSE,FALSE,FALSE,"Not_OXPHOS_Classified","Standard_candidate"
607,"PTPN18",0.451601103988446,"Tier_4_Exploratory",0.572797732862554,0.572797732862554,0.932781862900431,0.932781862900431,0.349,0.167,0.182,0.343835882767177,0.29136690647482,0.394736842105263,"Consistent_3_of_3",1,0.182,0.349,1,FALSE,TRUE,"Other_Candidate","Other_Candidate",FALSE,FALSE,FALSE,FALSE,FALSE,FALSE,FALSE,FALSE,FALSE,"Not_OXPHOS_Classified","Standard_candidate"
609,"OGFR",0.450927937567334,"Tier_4_Exploratory",0.550744546218122,0.550744546218122,0.665156369744972,0.665156369744972,0.408,0.228,0.18,0.420661945740285,0.278551532033426,0.575539568345324,"Consistent_3_of_3",1,0.18,0.408,1,FALSE,TRUE,"Other_Candidate","Other_Candidate",FALSE,FALSE,FALSE,FALSE,FALSE,FALSE,FALSE,FALSE,FALSE,"Not_OXPHOS_Classified","Standard_candidate"
610,"XAB2",0.450520348548422,"Tier_4_Exploratory",0.502541629532887,0.502541629532887,0.569551284723998,0.569551284723998,0.401,0.237,0.164,0.411438490316089,0.339473684210526,0.52158273381295,"Consistent_3_of_3",1,0.164,0.401,0.788984792949246,FALSE,TRUE,"Other_Candidate","Other_Candidate",FALSE,TRUE,FALSE,FALSE,TRUE,FALSE,FALSE,FALSE,FALSE,"Not_OXPHOS_Classified","Standard_candidate"
611,"TLE3",0.450168235694417,"Tier_4_Exploratory",0.548643603786991,0.548643603786991,0.641948830295929,0.641948830295929,0.404,0.216,0.188,0.409372926816149,0.345403899721448,0.474820143884892,"Consistent_3_of_3",1,0.188,0.404,1,FALSE,TRUE,"Other_Candidate","Other_Candidate",FALSE,FALSE,FALSE,FALSE,FALSE,FALSE,FALSE,FALSE,FALSE,"Not_OXPHOS_Classified","Standard_candidate"
614,"GNPAT",0.446700390079347,"Tier_4_Exploratory",0.484479824793701,0.484479824793701,0.540807332939997,0.540807332939997,0.434,0.273,0.161,0.42970898167846,0.388489208633094,0.460526315789474,"Consistent_3_of_3",1,0.161,0.434,0.652526054508009,FALSE,TRUE,"Other_Candidate","Other_Candidate",TRUE,TRUE,FALSE,FALSE,TRUE,FALSE,FALSE,FALSE,FALSE,"Not_OXPHOS_Classified","Standard_candidate"
615,"FAM210B",0.446467417178383,"Tier_4_Exploratory",0.503804455002343,0.503804455002343,0.523231075339697,0.523231075339697,0.372,0.201,0.171,0.361287190742934,0.267409470752089,0.539473684210526,"Consistent_3_of_3",1,0.171,0.372,0.865337137232541,FALSE,TRUE,"Other_Candidate","Other_Candidate",FALSE,TRUE,FALSE,FALSE,TRUE,FALSE,FALSE,FALSE,FALSE,"Not_OXPHOS_Classified","Standard_candidate"
617,"ACY1",0.445815013336872,"Tier_4_Exploratory",0.551536362676547,0.551536362676547,0.711490901412376,0.711490901412376,0.372,0.181,0.191,0.364976864718458,0.302158273381295,0.447368421052632,"Consistent_3_of_3",1,0.191,0.372,1,FALSE,TRUE,"Other_Candidate","Other_Candidate",FALSE,FALSE,FALSE,FALSE,FALSE,FALSE,FALSE,FALSE,FALSE,"Not_OXPHOS_Classified","Standard_candidate"
618,"HDDC3",0.445090985259814,"Tier_4_Exploratory",0.563902449497245,0.563902449497245,0.872819595977959,0.872819595977959,0.338,0.152,0.186,0.335665424558169,0.302158273381295,0.373259052924791,"Consistent_3_of_3",1,0.186,0.338,1,FALSE,TRUE,"Other_Candidate","Other_Candidate",FALSE,FALSE,FALSE,FALSE,FALSE,FALSE,FALSE,FALSE,FALSE,"Not_OXPHOS_Classified","Standard_candidate"
620,"GPS1",0.443279940122307,"Tier_4_Exploratory",0.545494467780074,0.545494467780074,0.656755742240595,0.656755742240595,0.376,0.185,0.191,0.366675737258016,0.264623955431755,0.536842105263158,"Consistent_3_of_3",1,0.191,0.376,1,FALSE,TRUE,"Other_Candidate","Other_Candidate",FALSE,FALSE,FALSE,FALSE,FALSE,FALSE,FALSE,FALSE,FALSE,"Not_OXPHOS_Classified","Standard_candidate"
622,"TMEM223",0.442229088221597,"Tier_4_Exploratory",0.510256859706664,0.510256859706664,0.517749465481703,0.517749465481703,0.336,0.169,0.167,0.330813748063271,0.284172661870504,0.415789473684211,"Consistent_3_of_3",1,0.167,0.336,0.966254510143007,FALSE,TRUE,"Other_Candidate","Other_Candidate",TRUE,TRUE,FALSE,FALSE,TRUE,FALSE,FALSE,FALSE,FALSE,"Not_OXPHOS_Classified","Standard_candidate"
623,"FUNDC1",0.442185267976994,"Tier_4_Exploratory",0.507460039649999,0.507460039649999,0.573865410447036,0.573865410447036,0.348,0.187,0.161,0.342543604758474,0.276978417266187,0.392757660167131,"Consistent_3_of_3",1,0.161,0.348,0.89284575562746,FALSE,TRUE,"Other_Candidate","Other_Candidate",FALSE,TRUE,FALSE,FALSE,TRUE,FALSE,FALSE,FALSE,FALSE,"Not_OXPHOS_Classified","Standard_candidate"
624,"RMND1",0.442145911792159,"Tier_4_Exploratory",0.524599158315991,0.524599158315991,0.78463702612084,0.78463702612084,0.308,0.157,0.151,0.31015155622167,0.289693593314763,0.338129496402878,"Consistent_3_of_3",1,0.151,0.308,0.898130200339238,FALSE,TRUE,"Other_Candidate","Other_Candidate",TRUE,TRUE,FALSE,FALSE,TRUE,FALSE,FALSE,FALSE,FALSE,"Not_OXPHOS_Classified","Standard_candidate"
625,"TM2D3",0.441145911923688,"Tier_4_Exploratory",0.530939838586515,0.530939838586515,0.540531549697488,0.540531549697488,0.413,0.232,0.181,0.418177306857051,0.371052631578947,0.471223021582734,"Consistent_3_of_3",1,0.181,0.413,0.963822632495525,FALSE,TRUE,"Other_Candidate","Other_Candidate",FALSE,FALSE,FALSE,FALSE,FALSE,FALSE,FALSE,FALSE,FALSE,"Not_OXPHOS_Classified","Standard_candidate"
626,"CDS1",0.440715533034163,"Tier_4_Exploratory",0.498909659904431,0.498909659904431,0.538748926805604,0.538748926805604,0.362,0.198,0.164,0.362567216421849,0.306406685236769,0.4,"Consistent_3_of_3",1,0.164,0.362,0.842440293691537,FALSE,TRUE,"Other_Candidate","Other_Candidate",TRUE,TRUE,FALSE,FALSE,TRUE,FALSE,FALSE,FALSE,FALSE,"Not_OXPHOS_Classified","Standard_candidate"
628,"FAM200B",0.438490044734591,"Tier_4_Exploratory",0.510186127632821,0.510186127632821,0.553707603460351,0.553707603460351,0.46,0.283,0.177,0.457390738926232,0.413669064748201,0.534818941504178,"Consistent_3_of_3",1,0.177,0.46,0.757151181335184,FALSE,TRUE,"Other_Candidate","Other_Candidate",FALSE,FALSE,FALSE,FALSE,FALSE,FALSE,FALSE,FALSE,FALSE,"Not_OXPHOS_Classified","Standard_candidate"
629,"MT-ND6",0.438231707354945,"Tier_4_Exploratory",0.500841165683481,0.500841165683481,0.533366937032447,0.533366937032447,0.477,0.29,0.187,0.467260667349422,0.370503597122302,0.560526315789474,"Consistent_3_of_3",1,0.187,0.477,0.675801990362833,FALSE,TRUE,"Other_Candidate","Other_Candidate",FALSE,FALSE,FALSE,FALSE,FALSE,FALSE,FALSE,FALSE,FALSE,"Not_OXPHOS_Classified","Standard_candidate"
630,"PSME3IP1",0.43775029733633,"Tier_4_Exploratory",0.548701687390613,0.548701687390613,0.741613499124905,0.741613499124905,0.341,0.152,0.189,0.338380853739527,0.272980501392758,0.418421052631579,"Consistent_3_of_3",1,0.189,0.341,1,FALSE,TRUE,"Other_Candidate","Other_Candidate",FALSE,FALSE,FALSE,FALSE,FALSE,FALSE,FALSE,FALSE,FALSE,"Not_OXPHOS_Classified","Standard_candidate"
631,"KEAP1",0.436890134627238,"Tier_4_Exploratory",0.505928976748461,0.505928976748461,0.724257234807845,0.724257234807845,0.331,0.177,0.154,0.326656393694603,0.276978417266187,0.363157894736842,"Consistent_3_of_3",1,0.154,0.331,0.789312149316533,FALSE,TRUE,"Other_Candidate","Other_Candidate",FALSE,TRUE,FALSE,FALSE,TRUE,FALSE,FALSE,FALSE,FALSE,"Not_OXPHOS_Classified","Standard_candidate"
632,"SYNJ2BP",0.436775335906373,"Tier_4_Exploratory",0.491137440686557,0.491137440686557,0.500760843596156,0.500760843596156,0.363,0.198,0.165,0.358546817435364,0.309352517985612,0.389972144846797,"Consistent_3_of_3",1,0.165,0.363,0.819615568246918,FALSE,TRUE,"Other_Candidate","Other_Candidate",FALSE,TRUE,FALSE,FALSE,TRUE,FALSE,FALSE,FALSE,FALSE,"Not_OXPHOS_Classified","Standard_candidate"
634,"COPS7A",0.436553652266284,"Tier_4_Exploratory",0.52633422285895,0.52633422285895,0.589223013198706,0.589223013198706,0.408,0.234,0.174,0.402167484601968,0.345323741007194,0.468421052631579,"Consistent_3_of_3",1,0.174,0.408,0.908542308060742,FALSE,TRUE,"Other_Candidate","Other_Candidate",FALSE,FALSE,FALSE,FALSE,FALSE,FALSE,FALSE,FALSE,FALSE,"Not_OXPHOS_Classified","Standard_candidate"
638,"IMMP1L",0.434106526801167,"Tier_4_Exploratory",0.496447653137217,0.496447653137217,0.638036324036951,0.638036324036951,0.344,0.191,0.153,0.340051688307762,0.287769784172662,0.395543175487465,"Consistent_3_of_3",1,0.153,0.344,0.781954084217321,FALSE,TRUE,"Other_Candidate","Other_Candidate",FALSE,TRUE,FALSE,FALSE,TRUE,FALSE,FALSE,FALSE,FALSE,"Not_OXPHOS_Classified","Standard_candidate"
639,"KIF21A",0.433901601194024,"Tier_4_Exploratory",0.562200639843371,0.562200639843371,0.950405118746964,0.950405118746964,0.304,0.141,0.163,0.307710951895279,0.278947368421053,0.348920863309353,"Consistent_3_of_3",1,0.163,0.304,1,FALSE,TRUE,"Other_Candidate","Other_Candidate",FALSE,FALSE,FALSE,FALSE,FALSE,FALSE,FALSE,FALSE,FALSE,"Not_OXPHOS_Classified","Standard_candidate"
640,"ZFX",0.433070863906436,"Tier_4_Exploratory",0.545387443956543,0.545387443956543,0.739099551652346,0.739099551652346,0.329,0.143,0.186,0.33353119879115,0.284122562674095,0.384892086330935,"Consistent_3_of_3",1,0.186,0.329,1,FALSE,TRUE,"Other_Candidate","Other_Candidate",FALSE,FALSE,FALSE,FALSE,FALSE,FALSE,FALSE,FALSE,FALSE,"Not_OXPHOS_Classified","Standard_candidate"
642,"ZNF467",0.432731317789358,"Tier_4_Exploratory",0.541511393287224,0.541511393287224,0.700091146297791,0.700091146297791,0.35,0.18,0.17,0.351859014181413,0.331476323119777,0.37410071942446,"Consistent_3_of_3",1,0.17,0.35,1,FALSE,TRUE,"Other_Candidate","Other_Candidate",FALSE,FALSE,FALSE,FALSE,FALSE,FALSE,FALSE,FALSE,FALSE,"Not_OXPHOS_Classified","Standard_candidate"
645,"FBXO21",0.429116141951261,"Tier_4_Exploratory",0.500360061325654,0.500360061325654,0.646015072596583,0.646015072596583,0.309,0.157,0.152,0.304307282805921,0.258992805755396,0.344736842105263,"Consistent_3_of_3",1,0.152,0.309,0.849387848340539,FALSE,TRUE,"Other_Candidate","Other_Candidate",FALSE,TRUE,FALSE,FALSE,TRUE,FALSE,FALSE,FALSE,FALSE,"Not_OXPHOS_Classified","Standard_candidate"
646,"HAGHL",0.428283231487581,"Tier_4_Exploratory",0.51316296232823,0.51316296232823,0.584373589883711,0.584373589883711,0.409,0.243,0.166,0.397629376340593,0.258992805755396,0.518105849582173,"Consistent_3_of_3",1,0.166,0.409,0.834108423951775,FALSE,TRUE,"Other_Candidate","Other_Candidate",FALSE,FALSE,FALSE,FALSE,FALSE,FALSE,FALSE,FALSE,FALSE,"Not_OXPHOS_Classified","Standard_candidate"
648,"MALSU1",0.425824707914724,"Tier_4_Exploratory",0.473110655482294,0.473110655482294,0.523620278836428,0.523620278836428,0.367,0.214,0.153,0.357316521800885,0.251798561151079,0.412256267409471,"Consistent_3_of_3",1,0.153,0.367,0.691054137518272,FALSE,TRUE,"Other_Candidate","Other_Candidate",TRUE,TRUE,FALSE,FALSE,TRUE,FALSE,FALSE,FALSE,FALSE,"Not_OXPHOS_Classified","Standard_candidate"
650,"NCBP2AS2",0.425244550902824,"Tier_4_Exploratory",0.499324553912102,0.499324553912102,0.541893733323489,0.541893733323489,0.429,0.259,0.17,0.411926597118435,0.255395683453237,0.621052631578947,"Consistent_3_of_3",1,0.17,0.429,0.745252248311103,FALSE,TRUE,"Other_Candidate","Other_Candidate",FALSE,FALSE,FALSE,FALSE,FALSE,FALSE,FALSE,FALSE,FALSE,"Not_OXPHOS_Classified","Standard_candidate"
652,"TMX1",0.424710056016733,"Tier_4_Exploratory",0.471906556905728,0.471906556905728,0.5414622706651,0.5414622706651,0.367,0.217,0.15,0.359247608510465,0.273381294964029,0.412256267409471,"Consistent_3_of_3",1,0.15,0.367,0.672158487150604,FALSE,TRUE,"Other_Candidate","Other_Candidate",FALSE,TRUE,TRUE,FALSE,TRUE,FALSE,FALSE,FALSE,FALSE,"Not_OXPHOS_Classified","Standard_candidate"
655,"OARD1",0.423719585670075,"Tier_4_Exploratory",0.505438844071197,0.505438844071197,0.552231302362523,0.552231302362523,0.403,0.231,0.172,0.390532957009264,0.262589928057554,0.507894736842105,"Consistent_3_of_3",1,0.172,0.403,0.809399541839211,FALSE,TRUE,"Other_Candidate","Other_Candidate",FALSE,FALSE,FALSE,FALSE,FALSE,FALSE,FALSE,FALSE,FALSE,"Not_OXPHOS_Classified","Standard_candidate"
657,"H2BC15",0.421364799791585,"Tier_4_Exploratory",0.519107926505269,0.519107926505269,0.508063412042156,0.508063412042156,0.346,0.164,0.182,0.345906034298789,0.303621169916435,0.381578947368421,"Consistent_3_of_3",1,0.182,0.346,1,FALSE,TRUE,"Other_Candidate","Other_Candidate",FALSE,FALSE,FALSE,FALSE,FALSE,FALSE,FALSE,FALSE,FALSE,"Not_OXPHOS_Classified","Standard_candidate"
658,"LINC00472",0.421262945627897,"Tier_4_Exploratory",0.550626805334509,0.550626805334509,0.910614442676069,0.910614442676069,0.278,0.122,0.156,0.276666466269881,0.262589928057554,0.3,"Consistent_3_of_3",1,0.156,0.278,1,FALSE,TRUE,"Other_Candidate","Other_Candidate",FALSE,FALSE,FALSE,FALSE,FALSE,FALSE,FALSE,FALSE,FALSE,"Not_OXPHOS_Classified","Standard_candidate"
662,"TTC14",0.418626019269104,"Tier_4_Exploratory",0.505722242756264,0.505722242756264,0.532107397692503,0.532107397692503,0.379,0.21,0.169,0.377652207511223,0.352631578947368,0.420612813370474,"Consistent_3_of_3",1,0.169,0.379,0.864058786964671,FALSE,TRUE,"Other_Candidate","Other_Candidate",FALSE,FALSE,FALSE,FALSE,FALSE,FALSE,FALSE,FALSE,FALSE,"Not_OXPHOS_Classified","Standard_candidate"
664,"CRELD1",0.416490979527917,"Tier_4_Exploratory",0.533014269241858,0.533014269241858,0.728114153934864,0.728114153934864,0.299,0.138,0.161,0.296850694199076,0.275766016713092,0.334210526315789,"Consistent_3_of_3",1,0.161,0.299,1,FALSE,TRUE,"Other_Candidate","Other_Candidate",FALSE,FALSE,FALSE,FALSE,FALSE,FALSE,FALSE,FALSE,FALSE,"Not_OXPHOS_Classified","Standard_candidate"
668,"TAOK3",0.413679561008235,"Tier_4_Exploratory",0.496851707006721,0.496851707006721,0.55204940747214,0.55204940747214,0.384,0.222,0.162,0.377677151637435,0.305755395683453,0.428947368421053,"Consistent_3_of_3",1,0.162,0.384,0.790970207151359,FALSE,TRUE,"Other_Candidate","Other_Candidate",FALSE,FALSE,FALSE,FALSE,FALSE,FALSE,FALSE,FALSE,FALSE,"Not_OXPHOS_Classified","Standard_candidate"
683,"FGD5-AS1",0.397991959190357,"Tier_4_Exploratory",0.490171163231441,0.490171163231441,0.567604347910846,0.567604347910846,0.33,0.176,0.154,0.327532989002435,0.295264623955432,0.381578947368421,"Consistent_3_of_3",1,0.154,0.33,0.816137464950569,FALSE,TRUE,"Other_Candidate","Other_Candidate",FALSE,FALSE,FALSE,FALSE,FALSE,FALSE,FALSE,FALSE,FALSE,"Not_OXPHOS_Classified","Standard_candidate"
694,"GATAD1",0.392713606473668,"Tier_4_Exploratory",0.486949458785443,0.486949458785443,0.535640412052615,0.535640412052615,0.314,0.162,0.152,0.319845908934779,0.250696378830084,0.39568345323741,"Consistent_3_of_3",1,0.152,0.314,0.845296048525776,FALSE,TRUE,"Other_Candidate","Other_Candidate",FALSE,FALSE,FALSE,FALSE,FALSE,FALSE,FALSE,FALSE,FALSE,"Not_OXPHOS_Classified","Standard_candidate"
701,"C22orf39",0.389769476888037,"Tier_4_Exploratory",0.470293163391884,0.470293163391884,0.50449055936433,0.50449055936433,0.346,0.195,0.151,0.348186918871295,0.270194986072423,0.389473684210526,"Consistent_3_of_3",1,0.151,0.346,0.718878956475618,FALSE,TRUE,"Other_Candidate","Other_Candidate",FALSE,FALSE,FALSE,FALSE,FALSE,FALSE,FALSE,FALSE,FALSE,"Not_OXPHOS_Classified","Standard_candidate"
