"cell_id","sample_id","cell_type","copykat_prediction","tumor_candidate","epithelial_evidence","malignant_status"
NA,NA,NA,NA,NA,NA,NA
NA,NA,NA,NA,NA,NA,NA
NA,NA,NA,NA,NA,NA,NA
NA,NA,NA,NA,NA,NA,NA
NA,NA,NA,NA,NA,NA,NA
NA,NA,NA,NA,NA,NA,NA
NA,NA,NA,NA,NA,NA,NA
"BC11_BC11_AAACCTGTCTGGGCCA-1","BC11","Luminal_Epithelial","aneuploid",TRUE,TRUE,"CNV_supported_malignant_candidate"
NA,NA,NA,NA,NA,NA,NA
NA,NA,NA,NA,NA,NA,NA
NA,NA,NA,NA,NA,NA,NA
NA,NA,NA,NA,NA,NA,NA
NA,NA,NA,NA,NA,NA,NA
NA,NA,NA,NA,NA,NA,NA
NA,NA,NA,NA,NA,NA,NA
NA,NA,NA,NA,NA,NA,NA
NA,NA,NA,NA,NA,NA,NA
"BC11_BC11_AAAGCAAAGTGTCTCA-1","BC11","Luminal_Epithelial","aneuploid",TRUE,TRUE,"CNV_supported_malignant_candidate"
"BC11_BC11_AAAGCAACATGTCGAT-1","BC11","Luminal_Epithelial","aneuploid",TRUE,TRUE,"CNV_supported_malignant_candidate"
NA,NA,NA,NA,NA,NA,NA
NA,NA,NA,NA,NA,NA,NA
NA,NA,NA,NA,NA,NA,NA
NA,NA,NA,NA,NA,NA,NA
NA,NA,NA,NA,NA,NA,NA
NA,NA,NA,NA,NA,NA,NA
NA,NA,NA,NA,NA,NA,NA
NA,NA,NA,NA,NA,NA,NA
NA,NA,NA,NA,NA,NA,NA
NA,NA,NA,NA,NA,NA,NA
NA,NA,NA,NA,NA,NA,NA
NA,NA,NA,NA,NA,NA,NA
NA,NA,NA,NA,NA,NA,NA
NA,NA,NA,NA,NA,NA,NA
NA,NA,NA,NA,NA,NA,NA
NA,NA,NA,NA,NA,NA,NA
NA,NA,NA,NA,NA,NA,NA
NA,NA,NA,NA,NA,NA,NA
NA,NA,NA,NA,NA,NA,NA
NA,NA,NA,NA,NA,NA,NA
NA,NA,NA,NA,NA,NA,NA
NA,NA,NA,NA,NA,NA,NA
NA,NA,NA,NA,NA,NA,NA
NA,NA,NA,NA,NA,NA,NA
NA,NA,NA,NA,NA,NA,NA
"BC11_BC11_AACCGCGGTATCACCA-1","BC11","Luminal_Epithelial","aneuploid",TRUE,TRUE,"CNV_supported_malignant_candidate"
NA,NA,NA,NA,NA,NA,NA
NA,NA,NA,NA,NA,NA,NA
NA,NA,NA,NA,NA,NA,NA
NA,NA,NA,NA,NA,NA,NA
NA,NA,NA,NA,NA,NA,NA
NA,NA,NA,NA,NA,NA,NA
NA,NA,NA,NA,NA,NA,NA
"BC11_BC11_AACGTTGGTCAGAAGC-1","BC11","Luminal_Epithelial","aneuploid",TRUE,TRUE,"CNV_supported_malignant_candidate"
NA,NA,NA,NA,NA,NA,NA
NA,NA,NA,NA,NA,NA,NA
NA,NA,NA,NA,NA,NA,NA
NA,NA,NA,NA,NA,NA,NA
"BC11_BC11_AACTCAGTCACCGGGT-1","BC11","Luminal_Epithelial","aneuploid",TRUE,TRUE,"CNV_supported_malignant_candidate"
NA,NA,NA,NA,NA,NA,NA
NA,NA,NA,NA,NA,NA,NA
NA,NA,NA,NA,NA,NA,NA
NA,NA,NA,NA,NA,NA,NA
NA,NA,NA,NA,NA,NA,NA
"BC11_BC11_AACTCCCTCAGAGCTT-1","BC11","Luminal_Epithelial","aneuploid",TRUE,TRUE,"CNV_supported_malignant_candidate"
NA,NA,NA,NA,NA,NA,NA
NA,NA,NA,NA,NA,NA,NA
NA,NA,NA,NA,NA,NA,NA
NA,NA,NA,NA,NA,NA,NA
NA,NA,NA,NA,NA,NA,NA
NA,NA,NA,NA,NA,NA,NA
NA,NA,NA,NA,NA,NA,NA
NA,NA,NA,NA,NA,NA,NA
NA,NA,NA,NA,NA,NA,NA
NA,NA,NA,NA,NA,NA,NA
"BC11_BC11_AACTGGTGTTGGTAAA-1","BC11","Basal_Like_Epithelial","aneuploid",TRUE,TRUE,"CNV_supported_malignant_candidate"
NA,NA,NA,NA,NA,NA,NA
NA,NA,NA,NA,NA,NA,NA
NA,NA,NA,NA,NA,NA,NA
NA,NA,NA,NA,NA,NA,NA
NA,NA,NA,NA,NA,NA,NA
NA,NA,NA,NA,NA,NA,NA
NA,NA,NA,NA,NA,NA,NA
NA,NA,NA,NA,NA,NA,NA
NA,NA,NA,NA,NA,NA,NA
NA,NA,NA,NA,NA,NA,NA
NA,NA,NA,NA,NA,NA,NA
NA,NA,NA,NA,NA,NA,NA
"BC11_BC11_AAGACCTGTGTGGCTC-1","BC11","Luminal_Epithelial","aneuploid",TRUE,TRUE,"CNV_supported_malignant_candidate"
NA,NA,NA,NA,NA,NA,NA
NA,NA,NA,NA,NA,NA,NA
NA,NA,NA,NA,NA,NA,NA
NA,NA,NA,NA,NA,NA,NA
NA,NA,NA,NA,NA,NA,NA
NA,NA,NA,NA,NA,NA,NA
NA,NA,NA,NA,NA,NA,NA
NA,NA,NA,NA,NA,NA,NA
NA,NA,NA,NA,NA,NA,NA
NA,NA,NA,NA,NA,NA,NA
NA,NA,NA,NA,NA,NA,NA
"BC11_BC11_AAGGCAGAGGGTCGAT-1","BC11","Luminal_Epithelial","aneuploid",TRUE,TRUE,"CNV_supported_malignant_candidate"
NA,NA,NA,NA,NA,NA,NA
NA,NA,NA,NA,NA,NA,NA
NA,NA,NA,NA,NA,NA,NA
NA,NA,NA,NA,NA,NA,NA
NA,NA,NA,NA,NA,NA,NA
NA,NA,NA,NA,NA,NA,NA
NA,NA,NA,NA,NA,NA,NA
NA,NA,NA,NA,NA,NA,NA
NA,NA,NA,NA,NA,NA,NA
NA,NA,NA,NA,NA,NA,NA
NA,NA,NA,NA,NA,NA,NA
NA,NA,NA,NA,NA,NA,NA
NA,NA,NA,NA,NA,NA,NA
"BC11_BC11_AAGTCTGCAGGGCATA-1","BC11","Luminal_Epithelial","aneuploid",TRUE,TRUE,"CNV_supported_malignant_candidate"
NA,NA,NA,NA,NA,NA,NA
NA,NA,NA,NA,NA,NA,NA
NA,NA,NA,NA,NA,NA,NA
NA,NA,NA,NA,NA,NA,NA
NA,NA,NA,NA,NA,NA,NA
"BC11_BC11_AATCCAGAGGTACTCT-1","BC11","Luminal_Epithelial","aneuploid",TRUE,TRUE,"CNV_supported_malignant_candidate"
NA,NA,NA,NA,NA,NA,NA
NA,NA,NA,NA,NA,NA,NA
NA,NA,NA,NA,NA,NA,NA
NA,NA,NA,NA,NA,NA,NA
NA,NA,NA,NA,NA,NA,NA
"BC11_BC11_AATCCAGTCTCGTTTA-1","BC11","Luminal_Epithelial","aneuploid",TRUE,TRUE,"CNV_supported_malignant_candidate"
NA,NA,NA,NA,NA,NA,NA
NA,NA,NA,NA,NA,NA,NA
NA,NA,NA,NA,NA,NA,NA
NA,NA,NA,NA,NA,NA,NA
NA,NA,NA,NA,NA,NA,NA
NA,NA,NA,NA,NA,NA,NA
NA,NA,NA,NA,NA,NA,NA
NA,NA,NA,NA,NA,NA,NA
NA,NA,NA,NA,NA,NA,NA
NA,NA,NA,NA,NA,NA,NA
NA,NA,NA,NA,NA,NA,NA
NA,NA,NA,NA,NA,NA,NA
"BC11_BC11_ACACCGGCAAATACAG-1","BC11","Luminal_Epithelial","aneuploid",TRUE,TRUE,"CNV_supported_malignant_candidate"
NA,NA,NA,NA,NA,NA,NA
NA,NA,NA,NA,NA,NA,NA
NA,NA,NA,NA,NA,NA,NA
NA,NA,NA,NA,NA,NA,NA
NA,NA,NA,NA,NA,NA,NA
NA,NA,NA,NA,NA,NA,NA
NA,NA,NA,NA,NA,NA,NA
NA,NA,NA,NA,NA,NA,NA
NA,NA,NA,NA,NA,NA,NA
NA,NA,NA,NA,NA,NA,NA
"BC11_BC11_ACAGCCGGTCTCACCT-1","BC11","Luminal_Epithelial","aneuploid",TRUE,TRUE,"CNV_supported_malignant_candidate"
NA,NA,NA,NA,NA,NA,NA
NA,NA,NA,NA,NA,NA,NA
NA,NA,NA,NA,NA,NA,NA
NA,NA,NA,NA,NA,NA,NA
NA,NA,NA,NA,NA,NA,NA
NA,NA,NA,NA,NA,NA,NA
NA,NA,NA,NA,NA,NA,NA
NA,NA,NA,NA,NA,NA,NA
NA,NA,NA,NA,NA,NA,NA
NA,NA,NA,NA,NA,NA,NA
NA,NA,NA,NA,NA,NA,NA
NA,NA,NA,NA,NA,NA,NA
NA,NA,NA,NA,NA,NA,NA
"BC11_BC11_ACATACGGTAAACACA-1","BC11","Luminal_Epithelial","aneuploid",TRUE,TRUE,"CNV_supported_malignant_candidate"
NA,NA,NA,NA,NA,NA,NA
NA,NA,NA,NA,NA,NA,NA
"BC11_BC11_ACATACGTCGGTGTCG-1","BC11","Luminal_Epithelial","aneuploid",TRUE,TRUE,"CNV_supported_malignant_candidate"
NA,NA,NA,NA,NA,NA,NA
NA,NA,NA,NA,NA,NA,NA
NA,NA,NA,NA,NA,NA,NA
"BC11_BC11_ACATCAGTCGGCTACG-1","BC11","Luminal_Epithelial","aneuploid",TRUE,TRUE,"CNV_supported_malignant_candidate"
NA,NA,NA,NA,NA,NA,NA
NA,NA,NA,NA,NA,NA,NA
NA,NA,NA,NA,NA,NA,NA
NA,NA,NA,NA,NA,NA,NA
NA,NA,NA,NA,NA,NA,NA
NA,NA,NA,NA,NA,NA,NA
NA,NA,NA,NA,NA,NA,NA
NA,NA,NA,NA,NA,NA,NA
NA,NA,NA,NA,NA,NA,NA
NA,NA,NA,NA,NA,NA,NA
NA,NA,NA,NA,NA,NA,NA
NA,NA,NA,NA,NA,NA,NA
NA,NA,NA,NA,NA,NA,NA
NA,NA,NA,NA,NA,NA,NA
NA,NA,NA,NA,NA,NA,NA
NA,NA,NA,NA,NA,NA,NA
NA,NA,NA,NA,NA,NA,NA
NA,NA,NA,NA,NA,NA,NA
NA,NA,NA,NA,NA,NA,NA
NA,NA,NA,NA,NA,NA,NA
NA,NA,NA,NA,NA,NA,NA
NA,NA,NA,NA,NA,NA,NA
NA,NA,NA,NA,NA,NA,NA
NA,NA,NA,NA,NA,NA,NA
NA,NA,NA,NA,NA,NA,NA
NA,NA,NA,NA,NA,NA,NA
NA,NA,NA,NA,NA,NA,NA
NA,NA,NA,NA,NA,NA,NA
NA,NA,NA,NA,NA,NA,NA
NA,NA,NA,NA,NA,NA,NA
NA,NA,NA,NA,NA,NA,NA
NA,NA,NA,NA,NA,NA,NA
NA,NA,NA,NA,NA,NA,NA
NA,NA,NA,NA,NA,NA,NA
NA,NA,NA,NA,NA,NA,NA
NA,NA,NA,NA,NA,NA,NA
NA,NA,NA,NA,NA,NA,NA
NA,NA,NA,NA,NA,NA,NA
NA,NA,NA,NA,NA,NA,NA
NA,NA,NA,NA,NA,NA,NA
NA,NA,NA,NA,NA,NA,NA
NA,NA,NA,NA,NA,NA,NA
NA,NA,NA,NA,NA,NA,NA
NA,NA,NA,NA,NA,NA,NA
NA,NA,NA,NA,NA,NA,NA
NA,NA,NA,NA,NA,NA,NA
NA,NA,NA,NA,NA,NA,NA
NA,NA,NA,NA,NA,NA,NA
NA,NA,NA,NA,NA,NA,NA
NA,NA,NA,NA,NA,NA,NA
NA,NA,NA,NA,NA,NA,NA
NA,NA,NA,NA,NA,NA,NA
NA,NA,NA,NA,NA,NA,NA
NA,NA,NA,NA,NA,NA,NA
NA,NA,NA,NA,NA,NA,NA
NA,NA,NA,NA,NA,NA,NA
NA,NA,NA,NA,NA,NA,NA
NA,NA,NA,NA,NA,NA,NA
NA,NA,NA,NA,NA,NA,NA
NA,NA,NA,NA,NA,NA,NA
"BC11_BC11_ACGCCAGAGCGATATA-1","BC11","Luminal_Epithelial","aneuploid",TRUE,TRUE,"CNV_supported_malignant_candidate"
NA,NA,NA,NA,NA,NA,NA
NA,NA,NA,NA,NA,NA,NA
NA,NA,NA,NA,NA,NA,NA
NA,NA,NA,NA,NA,NA,NA
NA,NA,NA,NA,NA,NA,NA
NA,NA,NA,NA,NA,NA,NA
NA,NA,NA,NA,NA,NA,NA
NA,NA,NA,NA,NA,NA,NA
NA,NA,NA,NA,NA,NA,NA
NA,NA,NA,NA,NA,NA,NA
NA,NA,NA,NA,NA,NA,NA
NA,NA,NA,NA,NA,NA,NA
NA,NA,NA,NA,NA,NA,NA
NA,NA,NA,NA,NA,NA,NA
NA,NA,NA,NA,NA,NA,NA
NA,NA,NA,NA,NA,NA,NA
NA,NA,NA,NA,NA,NA,NA
NA,NA,NA,NA,NA,NA,NA
NA,NA,NA,NA,NA,NA,NA
NA,NA,NA,NA,NA,NA,NA
NA,NA,NA,NA,NA,NA,NA
NA,NA,NA,NA,NA,NA,NA
NA,NA,NA,NA,NA,NA,NA
NA,NA,NA,NA,NA,NA,NA
NA,NA,NA,NA,NA,NA,NA
"BC11_BC11_ACGGGTCGTCTAGAGG-1","BC11","Luminal_Epithelial","aneuploid",TRUE,TRUE,"CNV_supported_malignant_candidate"
NA,NA,NA,NA,NA,NA,NA
NA,NA,NA,NA,NA,NA,NA
NA,NA,NA,NA,NA,NA,NA
NA,NA,NA,NA,NA,NA,NA
NA,NA,NA,NA,NA,NA,NA
NA,NA,NA,NA,NA,NA,NA
NA,NA,NA,NA,NA,NA,NA
"BC11_BC11_ACTATCTTCTTATCTG-1","BC11","Basal_Like_Epithelial","aneuploid",TRUE,TRUE,"CNV_supported_malignant_candidate"
NA,NA,NA,NA,NA,NA,NA
NA,NA,NA,NA,NA,NA,NA
NA,NA,NA,NA,NA,NA,NA
NA,NA,NA,NA,NA,NA,NA
NA,NA,NA,NA,NA,NA,NA
NA,NA,NA,NA,NA,NA,NA
NA,NA,NA,NA,NA,NA,NA
NA,NA,NA,NA,NA,NA,NA
NA,NA,NA,NA,NA,NA,NA
NA,NA,NA,NA,NA,NA,NA
NA,NA,NA,NA,NA,NA,NA
NA,NA,NA,NA,NA,NA,NA
NA,NA,NA,NA,NA,NA,NA
NA,NA,NA,NA,NA,NA,NA
NA,NA,NA,NA,NA,NA,NA
NA,NA,NA,NA,NA,NA,NA
"BC11_BC11_ACTGCTCAGCACCGTC-1","BC11","Luminal_Epithelial","aneuploid",TRUE,TRUE,"CNV_supported_malignant_candidate"
NA,NA,NA,NA,NA,NA,NA
NA,NA,NA,NA,NA,NA,NA
NA,NA,NA,NA,NA,NA,NA
"BC11_BC11_ACTGCTCGTTCAGGCC-1","BC11","Luminal_Epithelial","aneuploid",TRUE,TRUE,"CNV_supported_malignant_candidate"
NA,NA,NA,NA,NA,NA,NA
NA,NA,NA,NA,NA,NA,NA
NA,NA,NA,NA,NA,NA,NA
NA,NA,NA,NA,NA,NA,NA
NA,NA,NA,NA,NA,NA,NA
NA,NA,NA,NA,NA,NA,NA
NA,NA,NA,NA,NA,NA,NA
NA,NA,NA,NA,NA,NA,NA
NA,NA,NA,NA,NA,NA,NA
NA,NA,NA,NA,NA,NA,NA
NA,NA,NA,NA,NA,NA,NA
NA,NA,NA,NA,NA,NA,NA
NA,NA,NA,NA,NA,NA,NA
NA,NA,NA,NA,NA,NA,NA
NA,NA,NA,NA,NA,NA,NA
"BC11_BC11_ACTTACTTCTGCAAGT-1","BC11","Luminal_Epithelial","aneuploid",TRUE,TRUE,"CNV_supported_malignant_candidate"
NA,NA,NA,NA,NA,NA,NA
NA,NA,NA,NA,NA,NA,NA
NA,NA,NA,NA,NA,NA,NA
NA,NA,NA,NA,NA,NA,NA
NA,NA,NA,NA,NA,NA,NA
NA,NA,NA,NA,NA,NA,NA
NA,NA,NA,NA,NA,NA,NA
NA,NA,NA,NA,NA,NA,NA
NA,NA,NA,NA,NA,NA,NA
NA,NA,NA,NA,NA,NA,NA
NA,NA,NA,NA,NA,NA,NA
NA,NA,NA,NA,NA,NA,NA
NA,NA,NA,NA,NA,NA,NA
NA,NA,NA,NA,NA,NA,NA
NA,NA,NA,NA,NA,NA,NA
"BC11_BC11_AGACGTTTCCCACTTG-1","BC11","Luminal_Epithelial","aneuploid",TRUE,TRUE,"CNV_supported_malignant_candidate"
"BC11_BC11_AGACGTTTCCTGTACC-1","BC11","Basal_Like_Epithelial","aneuploid",TRUE,TRUE,"CNV_supported_malignant_candidate"
"BC11_BC11_AGAGCGACACCGTTGG-1","BC11","Luminal_Epithelial","aneuploid",TRUE,TRUE,"CNV_supported_malignant_candidate"
NA,NA,NA,NA,NA,NA,NA
"BC11_BC11_AGAGCGAGTCATACTG-1","BC11","Luminal_Epithelial","aneuploid",TRUE,TRUE,"CNV_supported_malignant_candidate"
NA,NA,NA,NA,NA,NA,NA
NA,NA,NA,NA,NA,NA,NA
NA,NA,NA,NA,NA,NA,NA
NA,NA,NA,NA,NA,NA,NA
"BC11_BC11_AGAGCTTGTCCATCCT-1","BC11","Luminal_Epithelial","aneuploid",TRUE,TRUE,"CNV_supported_malignant_candidate"
NA,NA,NA,NA,NA,NA,NA
NA,NA,NA,NA,NA,NA,NA
NA,NA,NA,NA,NA,NA,NA
NA,NA,NA,NA,NA,NA,NA
"BC11_BC11_AGAGTGGGTGAAATCA-1","BC11","Luminal_Epithelial","aneuploid",TRUE,TRUE,"CNV_supported_malignant_candidate"
NA,NA,NA,NA,NA,NA,NA
NA,NA,NA,NA,NA,NA,NA
NA,NA,NA,NA,NA,NA,NA
NA,NA,NA,NA,NA,NA,NA
NA,NA,NA,NA,NA,NA,NA
NA,NA,NA,NA,NA,NA,NA
NA,NA,NA,NA,NA,NA,NA
NA,NA,NA,NA,NA,NA,NA
NA,NA,NA,NA,NA,NA,NA
NA,NA,NA,NA,NA,NA,NA
NA,NA,NA,NA,NA,NA,NA
NA,NA,NA,NA,NA,NA,NA
"BC11_BC11_AGCATACAGACCACGA-1","BC11","Luminal_Epithelial","aneuploid",TRUE,TRUE,"CNV_supported_malignant_candidate"
NA,NA,NA,NA,NA,NA,NA
NA,NA,NA,NA,NA,NA,NA
NA,NA,NA,NA,NA,NA,NA
NA,NA,NA,NA,NA,NA,NA
NA,NA,NA,NA,NA,NA,NA
NA,NA,NA,NA,NA,NA,NA
NA,NA,NA,NA,NA,NA,NA
NA,NA,NA,NA,NA,NA,NA
NA,NA,NA,NA,NA,NA,NA
"BC11_BC11_AGCATACTCTTGAGAC-1","BC11","Luminal_Epithelial","aneuploid",TRUE,TRUE,"CNV_supported_malignant_candidate"
NA,NA,NA,NA,NA,NA,NA
NA,NA,NA,NA,NA,NA,NA
NA,NA,NA,NA,NA,NA,NA
NA,NA,NA,NA,NA,NA,NA
NA,NA,NA,NA,NA,NA,NA
NA,NA,NA,NA,NA,NA,NA
NA,NA,NA,NA,NA,NA,NA
NA,NA,NA,NA,NA,NA,NA
NA,NA,NA,NA,NA,NA,NA
NA,NA,NA,NA,NA,NA,NA
NA,NA,NA,NA,NA,NA,NA
NA,NA,NA,NA,NA,NA,NA
NA,NA,NA,NA,NA,NA,NA
NA,NA,NA,NA,NA,NA,NA
"BC11_BC11_AGCGTATCAACACCCG-1","BC11","Luminal_Epithelial","aneuploid",TRUE,TRUE,"CNV_supported_malignant_candidate"
NA,NA,NA,NA,NA,NA,NA
NA,NA,NA,NA,NA,NA,NA
NA,NA,NA,NA,NA,NA,NA
NA,NA,NA,NA,NA,NA,NA
NA,NA,NA,NA,NA,NA,NA
NA,NA,NA,NA,NA,NA,NA
NA,NA,NA,NA,NA,NA,NA
"BC11_BC11_AGCTCCTAGTCGATAA-1","BC11","Luminal_Epithelial","aneuploid",TRUE,TRUE,"CNV_supported_malignant_candidate"
NA,NA,NA,NA,NA,NA,NA
NA,NA,NA,NA,NA,NA,NA
NA,NA,NA,NA,NA,NA,NA
NA,NA,NA,NA,NA,NA,NA
NA,NA,NA,NA,NA,NA,NA
NA,NA,NA,NA,NA,NA,NA
NA,NA,NA,NA,NA,NA,NA
NA,NA,NA,NA,NA,NA,NA
NA,NA,NA,NA,NA,NA,NA
NA,NA,NA,NA,NA,NA,NA
NA,NA,NA,NA,NA,NA,NA
NA,NA,NA,NA,NA,NA,NA
"BC11_BC11_AGCTTGATCCTGCTTG-1","BC11","Luminal_Epithelial","aneuploid",TRUE,TRUE,"CNV_supported_malignant_candidate"
NA,NA,NA,NA,NA,NA,NA
NA,NA,NA,NA,NA,NA,NA
NA,NA,NA,NA,NA,NA,NA
NA,NA,NA,NA,NA,NA,NA
"BC11_BC11_AGGCCACGTGTAACGG-1","BC11","Luminal_Epithelial","aneuploid",TRUE,TRUE,"CNV_supported_malignant_candidate"
NA,NA,NA,NA,NA,NA,NA
NA,NA,NA,NA,NA,NA,NA
NA,NA,NA,NA,NA,NA,NA
NA,NA,NA,NA,NA,NA,NA
NA,NA,NA,NA,NA,NA,NA
NA,NA,NA,NA,NA,NA,NA
NA,NA,NA,NA,NA,NA,NA
NA,NA,NA,NA,NA,NA,NA
"BC11_BC11_AGGCCGTTCCGCGTTT-1","BC11","Luminal_Epithelial","aneuploid",TRUE,TRUE,"CNV_supported_malignant_candidate"
NA,NA,NA,NA,NA,NA,NA
NA,NA,NA,NA,NA,NA,NA
NA,NA,NA,NA,NA,NA,NA
"BC11_BC11_AGGGAGTAGATCTGAA-1","BC11","Luminal_Epithelial","aneuploid",TRUE,TRUE,"CNV_supported_malignant_candidate"
"BC11_BC11_AGGGAGTCATCGGACC-1","BC11","Luminal_Epithelial","aneuploid",TRUE,TRUE,"CNV_supported_malignant_candidate"
NA,NA,NA,NA,NA,NA,NA
"BC11_BC11_AGGGATGAGATTACCC-1","BC11","Luminal_Epithelial","aneuploid",TRUE,TRUE,"CNV_supported_malignant_candidate"
NA,NA,NA,NA,NA,NA,NA
NA,NA,NA,NA,NA,NA,NA
NA,NA,NA,NA,NA,NA,NA
NA,NA,NA,NA,NA,NA,NA
NA,NA,NA,NA,NA,NA,NA
NA,NA,NA,NA,NA,NA,NA
NA,NA,NA,NA,NA,NA,NA
NA,NA,NA,NA,NA,NA,NA
NA,NA,NA,NA,NA,NA,NA
NA,NA,NA,NA,NA,NA,NA
NA,NA,NA,NA,NA,NA,NA
NA,NA,NA,NA,NA,NA,NA
NA,NA,NA,NA,NA,NA,NA
NA,NA,NA,NA,NA,NA,NA
NA,NA,NA,NA,NA,NA,NA
NA,NA,NA,NA,NA,NA,NA
NA,NA,NA,NA,NA,NA,NA
"BC11_BC11_AGGTCATGTCTCTCGT-1","BC11","Luminal_Epithelial","aneuploid",TRUE,TRUE,"CNV_supported_malignant_candidate"
NA,NA,NA,NA,NA,NA,NA
NA,NA,NA,NA,NA,NA,NA
NA,NA,NA,NA,NA,NA,NA
NA,NA,NA,NA,NA,NA,NA
"BC11_BC11_AGGTCCGCAAGGGTCA-1","BC11","Basal_Like_Epithelial","aneuploid",TRUE,TRUE,"CNV_supported_malignant_candidate"
NA,NA,NA,NA,NA,NA,NA
NA,NA,NA,NA,NA,NA,NA
"BC11_BC11_AGGTCCGGTAAGTGGC-1","BC11","Luminal_Epithelial","aneuploid",TRUE,TRUE,"CNV_supported_malignant_candidate"
NA,NA,NA,NA,NA,NA,NA
NA,NA,NA,NA,NA,NA,NA
NA,NA,NA,NA,NA,NA,NA
"BC11_BC11_AGTAGTCAGCCGTCGT-1","BC11","Luminal_Epithelial","aneuploid",TRUE,TRUE,"CNV_supported_malignant_candidate"
NA,NA,NA,NA,NA,NA,NA
NA,NA,NA,NA,NA,NA,NA
NA,NA,NA,NA,NA,NA,NA
NA,NA,NA,NA,NA,NA,NA
NA,NA,NA,NA,NA,NA,NA
NA,NA,NA,NA,NA,NA,NA
NA,NA,NA,NA,NA,NA,NA
NA,NA,NA,NA,NA,NA,NA
NA,NA,NA,NA,NA,NA,NA
NA,NA,NA,NA,NA,NA,NA
NA,NA,NA,NA,NA,NA,NA
NA,NA,NA,NA,NA,NA,NA
NA,NA,NA,NA,NA,NA,NA
NA,NA,NA,NA,NA,NA,NA
NA,NA,NA,NA,NA,NA,NA
"BC11_BC11_AGTGGGAAGTTAGCGG-1","BC11","Luminal_Epithelial","aneuploid",TRUE,TRUE,"CNV_supported_malignant_candidate"
NA,NA,NA,NA,NA,NA,NA
NA,NA,NA,NA,NA,NA,NA
NA,NA,NA,NA,NA,NA,NA
NA,NA,NA,NA,NA,NA,NA
NA,NA,NA,NA,NA,NA,NA
NA,NA,NA,NA,NA,NA,NA
NA,NA,NA,NA,NA,NA,NA
NA,NA,NA,NA,NA,NA,NA
NA,NA,NA,NA,NA,NA,NA
NA,NA,NA,NA,NA,NA,NA
NA,NA,NA,NA,NA,NA,NA
NA,NA,NA,NA,NA,NA,NA
NA,NA,NA,NA,NA,NA,NA
NA,NA,NA,NA,NA,NA,NA
NA,NA,NA,NA,NA,NA,NA
"BC11_BC11_AGTTGGTCAGTGACAG-1","BC11","Luminal_Epithelial","aneuploid",TRUE,TRUE,"CNV_supported_malignant_candidate"
"BC11_BC11_AGTTGGTGTTATCCGA-1","BC11","Luminal_Epithelial","aneuploid",TRUE,TRUE,"CNV_supported_malignant_candidate"
NA,NA,NA,NA,NA,NA,NA
NA,NA,NA,NA,NA,NA,NA
NA,NA,NA,NA,NA,NA,NA
NA,NA,NA,NA,NA,NA,NA
NA,NA,NA,NA,NA,NA,NA
NA,NA,NA,NA,NA,NA,NA
NA,NA,NA,NA,NA,NA,NA
NA,NA,NA,NA,NA,NA,NA
NA,NA,NA,NA,NA,NA,NA
NA,NA,NA,NA,NA,NA,NA
NA,NA,NA,NA,NA,NA,NA
NA,NA,NA,NA,NA,NA,NA
NA,NA,NA,NA,NA,NA,NA
NA,NA,NA,NA,NA,NA,NA
NA,NA,NA,NA,NA,NA,NA
NA,NA,NA,NA,NA,NA,NA
"BC11_BC11_ATAGACCTCTCTGCTG-1","BC11","Luminal_Epithelial","aneuploid",TRUE,TRUE,"CNV_supported_malignant_candidate"
NA,NA,NA,NA,NA,NA,NA
NA,NA,NA,NA,NA,NA,NA
NA,NA,NA,NA,NA,NA,NA
NA,NA,NA,NA,NA,NA,NA
NA,NA,NA,NA,NA,NA,NA
NA,NA,NA,NA,NA,NA,NA
NA,NA,NA,NA,NA,NA,NA
NA,NA,NA,NA,NA,NA,NA
NA,NA,NA,NA,NA,NA,NA
NA,NA,NA,NA,NA,NA,NA
NA,NA,NA,NA,NA,NA,NA
NA,NA,NA,NA,NA,NA,NA
NA,NA,NA,NA,NA,NA,NA
NA,NA,NA,NA,NA,NA,NA
NA,NA,NA,NA,NA,NA,NA
NA,NA,NA,NA,NA,NA,NA
NA,NA,NA,NA,NA,NA,NA
NA,NA,NA,NA,NA,NA,NA
NA,NA,NA,NA,NA,NA,NA
NA,NA,NA,NA,NA,NA,NA
NA,NA,NA,NA,NA,NA,NA
NA,NA,NA,NA,NA,NA,NA
NA,NA,NA,NA,NA,NA,NA
NA,NA,NA,NA,NA,NA,NA
NA,NA,NA,NA,NA,NA,NA
NA,NA,NA,NA,NA,NA,NA
NA,NA,NA,NA,NA,NA,NA
NA,NA,NA,NA,NA,NA,NA
NA,NA,NA,NA,NA,NA,NA
NA,NA,NA,NA,NA,NA,NA
NA,NA,NA,NA,NA,NA,NA
NA,NA,NA,NA,NA,NA,NA
NA,NA,NA,NA,NA,NA,NA
NA,NA,NA,NA,NA,NA,NA
NA,NA,NA,NA,NA,NA,NA
NA,NA,NA,NA,NA,NA,NA
NA,NA,NA,NA,NA,NA,NA
NA,NA,NA,NA,NA,NA,NA
NA,NA,NA,NA,NA,NA,NA
NA,NA,NA,NA,NA,NA,NA
"BC11_BC11_ATCTGCCGTTAGTGGG-1","BC11","Luminal_Epithelial","aneuploid",TRUE,TRUE,"CNV_supported_malignant_candidate"
NA,NA,NA,NA,NA,NA,NA
NA,NA,NA,NA,NA,NA,NA
NA,NA,NA,NA,NA,NA,NA
NA,NA,NA,NA,NA,NA,NA
NA,NA,NA,NA,NA,NA,NA
NA,NA,NA,NA,NA,NA,NA
NA,NA,NA,NA,NA,NA,NA
NA,NA,NA,NA,NA,NA,NA
NA,NA,NA,NA,NA,NA,NA
NA,NA,NA,NA,NA,NA,NA
NA,NA,NA,NA,NA,NA,NA
NA,NA,NA,NA,NA,NA,NA
"BC11_BC11_ATGCGATCAGCCAGAA-1","BC11","Luminal_Epithelial","aneuploid",TRUE,TRUE,"CNV_supported_malignant_candidate"
NA,NA,NA,NA,NA,NA,NA
NA,NA,NA,NA,NA,NA,NA
NA,NA,NA,NA,NA,NA,NA
NA,NA,NA,NA,NA,NA,NA
NA,NA,NA,NA,NA,NA,NA
NA,NA,NA,NA,NA,NA,NA
NA,NA,NA,NA,NA,NA,NA
NA,NA,NA,NA,NA,NA,NA
NA,NA,NA,NA,NA,NA,NA
NA,NA,NA,NA,NA,NA,NA
NA,NA,NA,NA,NA,NA,NA
NA,NA,NA,NA,NA,NA,NA
NA,NA,NA,NA,NA,NA,NA
NA,NA,NA,NA,NA,NA,NA
NA,NA,NA,NA,NA,NA,NA
NA,NA,NA,NA,NA,NA,NA
NA,NA,NA,NA,NA,NA,NA
"BC11_BC11_ATTACTCTCAGCTCTC-1","BC11","Basal_Like_Epithelial","aneuploid",TRUE,TRUE,"CNV_supported_malignant_candidate"
"BC11_BC11_ATTATCCAGCAGGCTA-1","BC11","Luminal_Epithelial","aneuploid",TRUE,TRUE,"CNV_supported_malignant_candidate"
NA,NA,NA,NA,NA,NA,NA
"BC11_BC11_ATTATCCAGCTGAACG-1","BC11","Luminal_Epithelial","aneuploid",TRUE,TRUE,"CNV_supported_malignant_candidate"
NA,NA,NA,NA,NA,NA,NA
NA,NA,NA,NA,NA,NA,NA
"BC11_BC11_ATTATCCCAGATCCAT-1","BC11","Luminal_Epithelial","aneuploid",TRUE,TRUE,"CNV_supported_malignant_candidate"
NA,NA,NA,NA,NA,NA,NA
NA,NA,NA,NA,NA,NA,NA
"BC11_BC11_ATTCTACCAAGTAGTA-1","BC11","Luminal_Epithelial","aneuploid",TRUE,TRUE,"CNV_supported_malignant_candidate"
NA,NA,NA,NA,NA,NA,NA
NA,NA,NA,NA,NA,NA,NA
"BC11_BC11_ATTCTACGTGTTTGTG-1","BC11","Luminal_Epithelial","aneuploid",TRUE,TRUE,"CNV_supported_malignant_candidate"
NA,NA,NA,NA,NA,NA,NA
"BC11_BC11_ATTGGACAGTGGAGTC-1","BC11","Luminal_Epithelial","aneuploid",TRUE,TRUE,"CNV_supported_malignant_candidate"
NA,NA,NA,NA,NA,NA,NA
NA,NA,NA,NA,NA,NA,NA
NA,NA,NA,NA,NA,NA,NA
"BC11_BC11_ATTGGACGTCTCTCTG-1","BC11","Luminal_Epithelial","aneuploid",TRUE,TRUE,"CNV_supported_malignant_candidate"
NA,NA,NA,NA,NA,NA,NA
NA,NA,NA,NA,NA,NA,NA
NA,NA,NA,NA,NA,NA,NA
"BC11_BC11_ATTGGTGAGTTGTCGT-1","BC11","Basal_Like_Epithelial","aneuploid",TRUE,TRUE,"CNV_supported_malignant_candidate"
"BC11_BC11_ATTGGTGCAGACAAAT-1","BC11","Luminal_Epithelial","aneuploid",TRUE,TRUE,"CNV_supported_malignant_candidate"
NA,NA,NA,NA,NA,NA,NA
NA,NA,NA,NA,NA,NA,NA
NA,NA,NA,NA,NA,NA,NA
NA,NA,NA,NA,NA,NA,NA
NA,NA,NA,NA,NA,NA,NA
"BC11_BC11_ATTTCTGGTGTGACGA-1","BC11","Luminal_Epithelial","aneuploid",TRUE,TRUE,"CNV_supported_malignant_candidate"
NA,NA,NA,NA,NA,NA,NA
NA,NA,NA,NA,NA,NA,NA
NA,NA,NA,NA,NA,NA,NA
NA,NA,NA,NA,NA,NA,NA
NA,NA,NA,NA,NA,NA,NA
NA,NA,NA,NA,NA,NA,NA
NA,NA,NA,NA,NA,NA,NA
NA,NA,NA,NA,NA,NA,NA
NA,NA,NA,NA,NA,NA,NA
NA,NA,NA,NA,NA,NA,NA
NA,NA,NA,NA,NA,NA,NA
"BC11_BC11_CAACCTCGTTCCACGG-1","BC11","Luminal_Epithelial","aneuploid",TRUE,TRUE,"CNV_supported_malignant_candidate"
NA,NA,NA,NA,NA,NA,NA
NA,NA,NA,NA,NA,NA,NA
NA,NA,NA,NA,NA,NA,NA
NA,NA,NA,NA,NA,NA,NA
NA,NA,NA,NA,NA,NA,NA
NA,NA,NA,NA,NA,NA,NA
"BC11_BC11_CAACTAGGTGTTCGAT-1","BC11","Luminal_Epithelial","aneuploid",TRUE,TRUE,"CNV_supported_malignant_candidate"
NA,NA,NA,NA,NA,NA,NA
NA,NA,NA,NA,NA,NA,NA
NA,NA,NA,NA,NA,NA,NA
NA,NA,NA,NA,NA,NA,NA
NA,NA,NA,NA,NA,NA,NA
NA,NA,NA,NA,NA,NA,NA
NA,NA,NA,NA,NA,NA,NA
NA,NA,NA,NA,NA,NA,NA
NA,NA,NA,NA,NA,NA,NA
NA,NA,NA,NA,NA,NA,NA
NA,NA,NA,NA,NA,NA,NA
NA,NA,NA,NA,NA,NA,NA
NA,NA,NA,NA,NA,NA,NA
NA,NA,NA,NA,NA,NA,NA
NA,NA,NA,NA,NA,NA,NA
NA,NA,NA,NA,NA,NA,NA
NA,NA,NA,NA,NA,NA,NA
NA,NA,NA,NA,NA,NA,NA
"BC11_BC11_CACAAACAGGAATCGC-1","BC11","Luminal_Epithelial","aneuploid",TRUE,TRUE,"CNV_supported_malignant_candidate"
NA,NA,NA,NA,NA,NA,NA
NA,NA,NA,NA,NA,NA,NA
NA,NA,NA,NA,NA,NA,NA
NA,NA,NA,NA,NA,NA,NA
NA,NA,NA,NA,NA,NA,NA
NA,NA,NA,NA,NA,NA,NA
"BC11_BC11_CACACAAGTCTCCACT-1","BC11","Luminal_Epithelial","aneuploid",TRUE,TRUE,"CNV_supported_malignant_candidate"
NA,NA,NA,NA,NA,NA,NA
"BC11_BC11_CACACAAGTTCCGTCT-1","BC11","Luminal_Epithelial","aneuploid",TRUE,TRUE,"CNV_supported_malignant_candidate"
NA,NA,NA,NA,NA,NA,NA
NA,NA,NA,NA,NA,NA,NA
NA,NA,NA,NA,NA,NA,NA
NA,NA,NA,NA,NA,NA,NA
NA,NA,NA,NA,NA,NA,NA
NA,NA,NA,NA,NA,NA,NA
"BC11_BC11_CACACCTCAGGCAGTA-1","BC11","Luminal_Epithelial","aneuploid",TRUE,TRUE,"CNV_supported_malignant_candidate"
NA,NA,NA,NA,NA,NA,NA
NA,NA,NA,NA,NA,NA,NA
NA,NA,NA,NA,NA,NA,NA
"BC11_BC11_CACACCTGTTGTCGCG-1","BC11","Luminal_Epithelial","aneuploid",TRUE,TRUE,"CNV_supported_malignant_candidate"
NA,NA,NA,NA,NA,NA,NA
NA,NA,NA,NA,NA,NA,NA
NA,NA,NA,NA,NA,NA,NA
NA,NA,NA,NA,NA,NA,NA
NA,NA,NA,NA,NA,NA,NA
NA,NA,NA,NA,NA,NA,NA
NA,NA,NA,NA,NA,NA,NA
NA,NA,NA,NA,NA,NA,NA
NA,NA,NA,NA,NA,NA,NA
NA,NA,NA,NA,NA,NA,NA
NA,NA,NA,NA,NA,NA,NA
NA,NA,NA,NA,NA,NA,NA
NA,NA,NA,NA,NA,NA,NA
NA,NA,NA,NA,NA,NA,NA
NA,NA,NA,NA,NA,NA,NA
NA,NA,NA,NA,NA,NA,NA
NA,NA,NA,NA,NA,NA,NA
NA,NA,NA,NA,NA,NA,NA
NA,NA,NA,NA,NA,NA,NA
NA,NA,NA,NA,NA,NA,NA
"BC11_BC11_CACATAGAGACTGGGT-1","BC11","Luminal_Epithelial","aneuploid",TRUE,TRUE,"CNV_supported_malignant_candidate"
NA,NA,NA,NA,NA,NA,NA
NA,NA,NA,NA,NA,NA,NA
"BC11_BC11_CACATAGCAGTCCTTC-1","BC11","Luminal_Epithelial","aneuploid",TRUE,TRUE,"CNV_supported_malignant_candidate"
NA,NA,NA,NA,NA,NA,NA
NA,NA,NA,NA,NA,NA,NA
NA,NA,NA,NA,NA,NA,NA
NA,NA,NA,NA,NA,NA,NA
NA,NA,NA,NA,NA,NA,NA
NA,NA,NA,NA,NA,NA,NA
NA,NA,NA,NA,NA,NA,NA
NA,NA,NA,NA,NA,NA,NA
"BC11_BC11_CACCACTAGTTAGCGG-1","BC11","Luminal_Epithelial","aneuploid",TRUE,TRUE,"CNV_supported_malignant_candidate"
NA,NA,NA,NA,NA,NA,NA
NA,NA,NA,NA,NA,NA,NA
NA,NA,NA,NA,NA,NA,NA
NA,NA,NA,NA,NA,NA,NA
NA,NA,NA,NA,NA,NA,NA
"BC11_BC11_CACCAGGCATTGTGCA-1","BC11","Luminal_Epithelial","aneuploid",TRUE,TRUE,"CNV_supported_malignant_candidate"
NA,NA,NA,NA,NA,NA,NA
NA,NA,NA,NA,NA,NA,NA
NA,NA,NA,NA,NA,NA,NA
"BC11_BC11_CACCTTGAGAATCTCC-1","BC11","Luminal_Epithelial","aneuploid",TRUE,TRUE,"CNV_supported_malignant_candidate"
NA,NA,NA,NA,NA,NA,NA
NA,NA,NA,NA,NA,NA,NA
NA,NA,NA,NA,NA,NA,NA
NA,NA,NA,NA,NA,NA,NA
NA,NA,NA,NA,NA,NA,NA
NA,NA,NA,NA,NA,NA,NA
"BC11_BC11_CACCTTGGTAGCTCCG-1","BC11","Luminal_Epithelial","aneuploid",TRUE,TRUE,"CNV_supported_malignant_candidate"
NA,NA,NA,NA,NA,NA,NA
NA,NA,NA,NA,NA,NA,NA
NA,NA,NA,NA,NA,NA,NA
NA,NA,NA,NA,NA,NA,NA
NA,NA,NA,NA,NA,NA,NA
"BC11_BC11_CACTCCAGTGCAGACA-1","BC11","Luminal_Epithelial","aneuploid",TRUE,TRUE,"CNV_supported_malignant_candidate"
"BC11_BC11_CACTCCAGTGTTAAGA-1","BC11","Luminal_Epithelial","aneuploid",TRUE,TRUE,"CNV_supported_malignant_candidate"
NA,NA,NA,NA,NA,NA,NA
NA,NA,NA,NA,NA,NA,NA
NA,NA,NA,NA,NA,NA,NA
NA,NA,NA,NA,NA,NA,NA
NA,NA,NA,NA,NA,NA,NA
NA,NA,NA,NA,NA,NA,NA
NA,NA,NA,NA,NA,NA,NA
NA,NA,NA,NA,NA,NA,NA
NA,NA,NA,NA,NA,NA,NA
NA,NA,NA,NA,NA,NA,NA
NA,NA,NA,NA,NA,NA,NA
NA,NA,NA,NA,NA,NA,NA
NA,NA,NA,NA,NA,NA,NA
NA,NA,NA,NA,NA,NA,NA
NA,NA,NA,NA,NA,NA,NA
NA,NA,NA,NA,NA,NA,NA
NA,NA,NA,NA,NA,NA,NA
NA,NA,NA,NA,NA,NA,NA
NA,NA,NA,NA,NA,NA,NA
NA,NA,NA,NA,NA,NA,NA
NA,NA,NA,NA,NA,NA,NA
NA,NA,NA,NA,NA,NA,NA
NA,NA,NA,NA,NA,NA,NA
NA,NA,NA,NA,NA,NA,NA
"BC11_BC11_CAGCCGATCACCTCGT-1","BC11","Luminal_Epithelial","aneuploid",TRUE,TRUE,"CNV_supported_malignant_candidate"
NA,NA,NA,NA,NA,NA,NA
"BC11_BC11_CAGCGACAGTACCGGA-1","BC11","Luminal_Epithelial","aneuploid",TRUE,TRUE,"CNV_supported_malignant_candidate"
NA,NA,NA,NA,NA,NA,NA
NA,NA,NA,NA,NA,NA,NA
NA,NA,NA,NA,NA,NA,NA
NA,NA,NA,NA,NA,NA,NA
NA,NA,NA,NA,NA,NA,NA
NA,NA,NA,NA,NA,NA,NA
NA,NA,NA,NA,NA,NA,NA
NA,NA,NA,NA,NA,NA,NA
NA,NA,NA,NA,NA,NA,NA
NA,NA,NA,NA,NA,NA,NA
"BC11_BC11_CAGCTAATCTACGAGT-1","BC11","Luminal_Epithelial","aneuploid",TRUE,TRUE,"CNV_supported_malignant_candidate"
NA,NA,NA,NA,NA,NA,NA
NA,NA,NA,NA,NA,NA,NA
NA,NA,NA,NA,NA,NA,NA
NA,NA,NA,NA,NA,NA,NA
NA,NA,NA,NA,NA,NA,NA
NA,NA,NA,NA,NA,NA,NA
"BC11_BC11_CAGGTGCCACACTGCG-1","BC11","Basal_Like_Epithelial","aneuploid",TRUE,TRUE,"CNV_supported_malignant_candidate"
NA,NA,NA,NA,NA,NA,NA
NA,NA,NA,NA,NA,NA,NA
NA,NA,NA,NA,NA,NA,NA
NA,NA,NA,NA,NA,NA,NA
NA,NA,NA,NA,NA,NA,NA
"BC11_BC11_CAGTAACCATATGGTC-1","BC11","Luminal_Epithelial","aneuploid",TRUE,TRUE,"CNV_supported_malignant_candidate"
NA,NA,NA,NA,NA,NA,NA
NA,NA,NA,NA,NA,NA,NA
NA,NA,NA,NA,NA,NA,NA
NA,NA,NA,NA,NA,NA,NA
NA,NA,NA,NA,NA,NA,NA
NA,NA,NA,NA,NA,NA,NA
NA,NA,NA,NA,NA,NA,NA
NA,NA,NA,NA,NA,NA,NA
NA,NA,NA,NA,NA,NA,NA
NA,NA,NA,NA,NA,NA,NA
NA,NA,NA,NA,NA,NA,NA
NA,NA,NA,NA,NA,NA,NA
NA,NA,NA,NA,NA,NA,NA
NA,NA,NA,NA,NA,NA,NA
NA,NA,NA,NA,NA,NA,NA
"BC11_BC11_CATATGGTCGGCTACG-1","BC11","Luminal_Epithelial","aneuploid",TRUE,TRUE,"CNV_supported_malignant_candidate"
NA,NA,NA,NA,NA,NA,NA
NA,NA,NA,NA,NA,NA,NA
NA,NA,NA,NA,NA,NA,NA
NA,NA,NA,NA,NA,NA,NA
"BC11_BC11_CATATTCTCTGGCGTG-1","BC11","Luminal_Epithelial","aneuploid",TRUE,TRUE,"CNV_supported_malignant_candidate"
NA,NA,NA,NA,NA,NA,NA
"BC11_BC11_CATCAAGAGCTAGTGG-1","BC11","Basal_Like_Epithelial","aneuploid",TRUE,TRUE,"CNV_supported_malignant_candidate"
NA,NA,NA,NA,NA,NA,NA
NA,NA,NA,NA,NA,NA,NA
"BC11_BC11_CATCAAGCATACGCCG-1","BC11","Luminal_Epithelial","aneuploid",TRUE,TRUE,"CNV_supported_malignant_candidate"
NA,NA,NA,NA,NA,NA,NA
NA,NA,NA,NA,NA,NA,NA
NA,NA,NA,NA,NA,NA,NA
NA,NA,NA,NA,NA,NA,NA
NA,NA,NA,NA,NA,NA,NA
NA,NA,NA,NA,NA,NA,NA
NA,NA,NA,NA,NA,NA,NA
NA,NA,NA,NA,NA,NA,NA
NA,NA,NA,NA,NA,NA,NA
NA,NA,NA,NA,NA,NA,NA
NA,NA,NA,NA,NA,NA,NA
NA,NA,NA,NA,NA,NA,NA
NA,NA,NA,NA,NA,NA,NA
NA,NA,NA,NA,NA,NA,NA
"BC11_BC11_CATCGAATCAAGAAGT-1","BC11","Luminal_Epithelial","aneuploid",TRUE,TRUE,"CNV_supported_malignant_candidate"
NA,NA,NA,NA,NA,NA,NA
NA,NA,NA,NA,NA,NA,NA
NA,NA,NA,NA,NA,NA,NA
NA,NA,NA,NA,NA,NA,NA
"BC11_BC11_CATGACACAAGGGTCA-1","BC11","Luminal_Epithelial","aneuploid",TRUE,TRUE,"CNV_supported_malignant_candidate"
"BC11_BC11_CATGACACAATACGCT-1","BC11","Luminal_Epithelial","aneuploid",TRUE,TRUE,"CNV_supported_malignant_candidate"
"BC11_BC11_CATGACACATGCCACG-1","BC11","Basal_Like_Epithelial","aneuploid",TRUE,TRUE,"CNV_supported_malignant_candidate"
NA,NA,NA,NA,NA,NA,NA
NA,NA,NA,NA,NA,NA,NA
NA,NA,NA,NA,NA,NA,NA
NA,NA,NA,NA,NA,NA,NA
NA,NA,NA,NA,NA,NA,NA
NA,NA,NA,NA,NA,NA,NA
NA,NA,NA,NA,NA,NA,NA
NA,NA,NA,NA,NA,NA,NA
"BC11_BC11_CATGGCGAGACAGACC-1","BC11","Luminal_Epithelial","aneuploid",TRUE,TRUE,"CNV_supported_malignant_candidate"
NA,NA,NA,NA,NA,NA,NA
NA,NA,NA,NA,NA,NA,NA
"BC11_BC11_CATGGCGAGTTATCGC-1","BC11","Basal_Like_Epithelial","aneuploid",TRUE,TRUE,"CNV_supported_malignant_candidate"
NA,NA,NA,NA,NA,NA,NA
NA,NA,NA,NA,NA,NA,NA
NA,NA,NA,NA,NA,NA,NA
NA,NA,NA,NA,NA,NA,NA
NA,NA,NA,NA,NA,NA,NA
NA,NA,NA,NA,NA,NA,NA
NA,NA,NA,NA,NA,NA,NA
NA,NA,NA,NA,NA,NA,NA
NA,NA,NA,NA,NA,NA,NA
NA,NA,NA,NA,NA,NA,NA
NA,NA,NA,NA,NA,NA,NA
NA,NA,NA,NA,NA,NA,NA
NA,NA,NA,NA,NA,NA,NA
NA,NA,NA,NA,NA,NA,NA
NA,NA,NA,NA,NA,NA,NA
NA,NA,NA,NA,NA,NA,NA
"BC11_BC11_CCAATCCAGTGGAGTC-1","BC11","Luminal_Epithelial","aneuploid",TRUE,TRUE,"CNV_supported_malignant_candidate"
"BC11_BC11_CCAATCCCAAGCGTAG-1","BC11","Basal_Like_Epithelial","aneuploid",TRUE,TRUE,"CNV_supported_malignant_candidate"
NA,NA,NA,NA,NA,NA,NA
NA,NA,NA,NA,NA,NA,NA
NA,NA,NA,NA,NA,NA,NA
"BC11_BC11_CCAATCCTCTTTAGTC-1","BC11","Luminal_Epithelial","aneuploid",TRUE,TRUE,"CNV_supported_malignant_candidate"
NA,NA,NA,NA,NA,NA,NA
NA,NA,NA,NA,NA,NA,NA
NA,NA,NA,NA,NA,NA,NA
NA,NA,NA,NA,NA,NA,NA
NA,NA,NA,NA,NA,NA,NA
NA,NA,NA,NA,NA,NA,NA
NA,NA,NA,NA,NA,NA,NA
NA,NA,NA,NA,NA,NA,NA
NA,NA,NA,NA,NA,NA,NA
NA,NA,NA,NA,NA,NA,NA
NA,NA,NA,NA,NA,NA,NA
NA,NA,NA,NA,NA,NA,NA
NA,NA,NA,NA,NA,NA,NA
NA,NA,NA,NA,NA,NA,NA
NA,NA,NA,NA,NA,NA,NA
NA,NA,NA,NA,NA,NA,NA
NA,NA,NA,NA,NA,NA,NA
NA,NA,NA,NA,NA,NA,NA
NA,NA,NA,NA,NA,NA,NA
NA,NA,NA,NA,NA,NA,NA
NA,NA,NA,NA,NA,NA,NA
NA,NA,NA,NA,NA,NA,NA
NA,NA,NA,NA,NA,NA,NA
"BC11_BC11_CCAGCGATCCTTAATC-1","BC11","Specialized_Epithelial","aneuploid",TRUE,TRUE,"CNV_supported_malignant_candidate"
NA,NA,NA,NA,NA,NA,NA
NA,NA,NA,NA,NA,NA,NA
NA,NA,NA,NA,NA,NA,NA
NA,NA,NA,NA,NA,NA,NA
NA,NA,NA,NA,NA,NA,NA
NA,NA,NA,NA,NA,NA,NA
NA,NA,NA,NA,NA,NA,NA
NA,NA,NA,NA,NA,NA,NA
NA,NA,NA,NA,NA,NA,NA
NA,NA,NA,NA,NA,NA,NA
NA,NA,NA,NA,NA,NA,NA
NA,NA,NA,NA,NA,NA,NA
NA,NA,NA,NA,NA,NA,NA
NA,NA,NA,NA,NA,NA,NA
NA,NA,NA,NA,NA,NA,NA
NA,NA,NA,NA,NA,NA,NA
NA,NA,NA,NA,NA,NA,NA
NA,NA,NA,NA,NA,NA,NA
NA,NA,NA,NA,NA,NA,NA
"BC11_BC11_CCCAGTTGTTGTCTTT-1","BC11","Luminal_Epithelial","aneuploid",TRUE,TRUE,"CNV_supported_malignant_candidate"
NA,NA,NA,NA,NA,NA,NA
NA,NA,NA,NA,NA,NA,NA
NA,NA,NA,NA,NA,NA,NA
"BC11_BC11_CCCATACGTATGCTTG-1","BC11","Luminal_Epithelial","aneuploid",TRUE,TRUE,"CNV_supported_malignant_candidate"
NA,NA,NA,NA,NA,NA,NA
NA,NA,NA,NA,NA,NA,NA
NA,NA,NA,NA,NA,NA,NA
NA,NA,NA,NA,NA,NA,NA
"BC11_BC11_CCCTCCTGTACCGGCT-1","BC11","Luminal_Epithelial","aneuploid",TRUE,TRUE,"CNV_supported_malignant_candidate"
NA,NA,NA,NA,NA,NA,NA
NA,NA,NA,NA,NA,NA,NA
NA,NA,NA,NA,NA,NA,NA
NA,NA,NA,NA,NA,NA,NA
NA,NA,NA,NA,NA,NA,NA
NA,NA,NA,NA,NA,NA,NA
"BC11_BC11_CCGGGATTCCAAACTG-1","BC11","Luminal_Epithelial","aneuploid",TRUE,TRUE,"CNV_supported_malignant_candidate"
NA,NA,NA,NA,NA,NA,NA
NA,NA,NA,NA,NA,NA,NA
NA,NA,NA,NA,NA,NA,NA
NA,NA,NA,NA,NA,NA,NA
"BC11_BC11_CCGTACTAGACAGACC-1","BC11","Luminal_Epithelial","aneuploid",TRUE,TRUE,"CNV_supported_malignant_candidate"
NA,NA,NA,NA,NA,NA,NA
NA,NA,NA,NA,NA,NA,NA
NA,NA,NA,NA,NA,NA,NA
NA,NA,NA,NA,NA,NA,NA
NA,NA,NA,NA,NA,NA,NA
"BC11_BC11_CCGTACTTCGCGCCAA-1","BC11","Luminal_Epithelial","aneuploid",TRUE,TRUE,"CNV_supported_malignant_candidate"
NA,NA,NA,NA,NA,NA,NA
NA,NA,NA,NA,NA,NA,NA
"BC11_BC11_CCGTGGAAGGCGACAT-1","BC11","Luminal_Epithelial","aneuploid",TRUE,TRUE,"CNV_supported_malignant_candidate"
NA,NA,NA,NA,NA,NA,NA
NA,NA,NA,NA,NA,NA,NA
NA,NA,NA,NA,NA,NA,NA
NA,NA,NA,NA,NA,NA,NA
"BC11_BC11_CCGTTCACAAATTGCC-1","BC11","Luminal_Epithelial","aneuploid",TRUE,TRUE,"CNV_supported_malignant_candidate"
NA,NA,NA,NA,NA,NA,NA
NA,NA,NA,NA,NA,NA,NA
NA,NA,NA,NA,NA,NA,NA
NA,NA,NA,NA,NA,NA,NA
NA,NA,NA,NA,NA,NA,NA
NA,NA,NA,NA,NA,NA,NA
NA,NA,NA,NA,NA,NA,NA
NA,NA,NA,NA,NA,NA,NA
NA,NA,NA,NA,NA,NA,NA
NA,NA,NA,NA,NA,NA,NA
NA,NA,NA,NA,NA,NA,NA
"BC11_BC11_CCTAAAGTCCCATTTA-1","BC11","Luminal_Epithelial","aneuploid",TRUE,TRUE,"CNV_supported_malignant_candidate"
"BC11_BC11_CCTACACAGGGATGGG-1","BC11","Luminal_Epithelial","aneuploid",TRUE,TRUE,"CNV_supported_malignant_candidate"
NA,NA,NA,NA,NA,NA,NA
"BC11_BC11_CCTACACCATGGGACA-1","BC11","Luminal_Epithelial","aneuploid",TRUE,TRUE,"CNV_supported_malignant_candidate"
NA,NA,NA,NA,NA,NA,NA
NA,NA,NA,NA,NA,NA,NA
NA,NA,NA,NA,NA,NA,NA
"BC11_BC11_CCTACACTCCTTCAAT-1","BC11","Luminal_Epithelial","aneuploid",TRUE,TRUE,"CNV_supported_malignant_candidate"
NA,NA,NA,NA,NA,NA,NA
"BC11_BC11_CCTACCAAGTGGCACA-1","BC11","Luminal_Epithelial","aneuploid",TRUE,TRUE,"CNV_supported_malignant_candidate"
"BC11_BC11_CCTACCACACTTACGA-1","BC11","Luminal_Epithelial","aneuploid",TRUE,TRUE,"CNV_supported_malignant_candidate"
NA,NA,NA,NA,NA,NA,NA
NA,NA,NA,NA,NA,NA,NA
NA,NA,NA,NA,NA,NA,NA
NA,NA,NA,NA,NA,NA,NA
NA,NA,NA,NA,NA,NA,NA
NA,NA,NA,NA,NA,NA,NA
NA,NA,NA,NA,NA,NA,NA
NA,NA,NA,NA,NA,NA,NA
NA,NA,NA,NA,NA,NA,NA
NA,NA,NA,NA,NA,NA,NA
NA,NA,NA,NA,NA,NA,NA
NA,NA,NA,NA,NA,NA,NA
NA,NA,NA,NA,NA,NA,NA
NA,NA,NA,NA,NA,NA,NA
NA,NA,NA,NA,NA,NA,NA
NA,NA,NA,NA,NA,NA,NA
NA,NA,NA,NA,NA,NA,NA
NA,NA,NA,NA,NA,NA,NA
NA,NA,NA,NA,NA,NA,NA
NA,NA,NA,NA,NA,NA,NA
NA,NA,NA,NA,NA,NA,NA
NA,NA,NA,NA,NA,NA,NA
NA,NA,NA,NA,NA,NA,NA
NA,NA,NA,NA,NA,NA,NA
NA,NA,NA,NA,NA,NA,NA
NA,NA,NA,NA,NA,NA,NA
NA,NA,NA,NA,NA,NA,NA
NA,NA,NA,NA,NA,NA,NA
NA,NA,NA,NA,NA,NA,NA
NA,NA,NA,NA,NA,NA,NA
NA,NA,NA,NA,NA,NA,NA
NA,NA,NA,NA,NA,NA,NA
NA,NA,NA,NA,NA,NA,NA
NA,NA,NA,NA,NA,NA,NA
NA,NA,NA,NA,NA,NA,NA
NA,NA,NA,NA,NA,NA,NA
NA,NA,NA,NA,NA,NA,NA
NA,NA,NA,NA,NA,NA,NA
NA,NA,NA,NA,NA,NA,NA
NA,NA,NA,NA,NA,NA,NA
NA,NA,NA,NA,NA,NA,NA
NA,NA,NA,NA,NA,NA,NA
NA,NA,NA,NA,NA,NA,NA
NA,NA,NA,NA,NA,NA,NA
NA,NA,NA,NA,NA,NA,NA
NA,NA,NA,NA,NA,NA,NA
NA,NA,NA,NA,NA,NA,NA
NA,NA,NA,NA,NA,NA,NA
NA,NA,NA,NA,NA,NA,NA
NA,NA,NA,NA,NA,NA,NA
"BC11_BC11_CGACCTTCATCCAACA-1","BC11","Luminal_Epithelial","aneuploid",TRUE,TRUE,"CNV_supported_malignant_candidate"
NA,NA,NA,NA,NA,NA,NA
NA,NA,NA,NA,NA,NA,NA
NA,NA,NA,NA,NA,NA,NA
NA,NA,NA,NA,NA,NA,NA
NA,NA,NA,NA,NA,NA,NA
NA,NA,NA,NA,NA,NA,NA
NA,NA,NA,NA,NA,NA,NA
NA,NA,NA,NA,NA,NA,NA
NA,NA,NA,NA,NA,NA,NA
NA,NA,NA,NA,NA,NA,NA
"BC11_BC11_CGAGAAGAGCAGCCTC-1","BC11","Luminal_Epithelial","aneuploid",TRUE,TRUE,"CNV_supported_malignant_candidate"
NA,NA,NA,NA,NA,NA,NA
NA,NA,NA,NA,NA,NA,NA
NA,NA,NA,NA,NA,NA,NA
NA,NA,NA,NA,NA,NA,NA
NA,NA,NA,NA,NA,NA,NA
"BC11_BC11_CGAGAAGTCTGTCTCG-1","BC11","Basal_Like_Epithelial","aneuploid",TRUE,TRUE,"CNV_supported_malignant_candidate"
NA,NA,NA,NA,NA,NA,NA
NA,NA,NA,NA,NA,NA,NA
NA,NA,NA,NA,NA,NA,NA
NA,NA,NA,NA,NA,NA,NA
NA,NA,NA,NA,NA,NA,NA
NA,NA,NA,NA,NA,NA,NA
NA,NA,NA,NA,NA,NA,NA
"BC11_BC11_CGAGCCATCCGCGCAA-1","BC11","Luminal_Epithelial","aneuploid",TRUE,TRUE,"CNV_supported_malignant_candidate"
NA,NA,NA,NA,NA,NA,NA
NA,NA,NA,NA,NA,NA,NA
NA,NA,NA,NA,NA,NA,NA
NA,NA,NA,NA,NA,NA,NA
NA,NA,NA,NA,NA,NA,NA
NA,NA,NA,NA,NA,NA,NA
"BC11_BC11_CGATCGGCATCACCCT-1","BC11","Luminal_Epithelial","aneuploid",TRUE,TRUE,"CNV_supported_malignant_candidate"
NA,NA,NA,NA,NA,NA,NA
NA,NA,NA,NA,NA,NA,NA
NA,NA,NA,NA,NA,NA,NA
NA,NA,NA,NA,NA,NA,NA
"BC11_BC11_CGATGGCAGGTAGCTG-1","BC11","Basal_Like_Epithelial","aneuploid",TRUE,TRUE,"CNV_supported_malignant_candidate"
NA,NA,NA,NA,NA,NA,NA
NA,NA,NA,NA,NA,NA,NA
NA,NA,NA,NA,NA,NA,NA
NA,NA,NA,NA,NA,NA,NA
NA,NA,NA,NA,NA,NA,NA
NA,NA,NA,NA,NA,NA,NA
NA,NA,NA,NA,NA,NA,NA
NA,NA,NA,NA,NA,NA,NA
NA,NA,NA,NA,NA,NA,NA
"BC11_BC11_CGATGTAAGCCACGTC-1","BC11","Luminal_Epithelial","aneuploid",TRUE,TRUE,"CNV_supported_malignant_candidate"
NA,NA,NA,NA,NA,NA,NA
NA,NA,NA,NA,NA,NA,NA
NA,NA,NA,NA,NA,NA,NA
NA,NA,NA,NA,NA,NA,NA
"BC11_BC11_CGATTGACATGCCACG-1","BC11","Luminal_Epithelial","aneuploid",TRUE,TRUE,"CNV_supported_malignant_candidate"
NA,NA,NA,NA,NA,NA,NA
NA,NA,NA,NA,NA,NA,NA
NA,NA,NA,NA,NA,NA,NA
NA,NA,NA,NA,NA,NA,NA
"BC11_BC11_CGCCAAGGTGGCTCCA-1","BC11","Luminal_Epithelial","aneuploid",TRUE,TRUE,"CNV_supported_malignant_candidate"
NA,NA,NA,NA,NA,NA,NA
"BC11_BC11_CGCGGTAAGAGGACGG-1","BC11","Luminal_Epithelial","aneuploid",TRUE,TRUE,"CNV_supported_malignant_candidate"
NA,NA,NA,NA,NA,NA,NA
NA,NA,NA,NA,NA,NA,NA
NA,NA,NA,NA,NA,NA,NA
NA,NA,NA,NA,NA,NA,NA
NA,NA,NA,NA,NA,NA,NA
NA,NA,NA,NA,NA,NA,NA
NA,NA,NA,NA,NA,NA,NA
NA,NA,NA,NA,NA,NA,NA
NA,NA,NA,NA,NA,NA,NA
NA,NA,NA,NA,NA,NA,NA
NA,NA,NA,NA,NA,NA,NA
NA,NA,NA,NA,NA,NA,NA
NA,NA,NA,NA,NA,NA,NA
NA,NA,NA,NA,NA,NA,NA
"BC11_BC11_CGCTATCAGTGCTGCC-1","BC11","Luminal_Epithelial","aneuploid",TRUE,TRUE,"CNV_supported_malignant_candidate"
NA,NA,NA,NA,NA,NA,NA
NA,NA,NA,NA,NA,NA,NA
NA,NA,NA,NA,NA,NA,NA
NA,NA,NA,NA,NA,NA,NA
NA,NA,NA,NA,NA,NA,NA
NA,NA,NA,NA,NA,NA,NA
NA,NA,NA,NA,NA,NA,NA
NA,NA,NA,NA,NA,NA,NA
"BC11_BC11_CGCTTCAAGAATGTTG-1","BC11","Luminal_Epithelial","aneuploid",TRUE,TRUE,"CNV_supported_malignant_candidate"
NA,NA,NA,NA,NA,NA,NA
NA,NA,NA,NA,NA,NA,NA
NA,NA,NA,NA,NA,NA,NA
NA,NA,NA,NA,NA,NA,NA
NA,NA,NA,NA,NA,NA,NA
NA,NA,NA,NA,NA,NA,NA
NA,NA,NA,NA,NA,NA,NA
NA,NA,NA,NA,NA,NA,NA
NA,NA,NA,NA,NA,NA,NA
NA,NA,NA,NA,NA,NA,NA
NA,NA,NA,NA,NA,NA,NA
NA,NA,NA,NA,NA,NA,NA
NA,NA,NA,NA,NA,NA,NA
NA,NA,NA,NA,NA,NA,NA
NA,NA,NA,NA,NA,NA,NA
NA,NA,NA,NA,NA,NA,NA
NA,NA,NA,NA,NA,NA,NA
NA,NA,NA,NA,NA,NA,NA
NA,NA,NA,NA,NA,NA,NA
NA,NA,NA,NA,NA,NA,NA
NA,NA,NA,NA,NA,NA,NA
"BC11_BC11_CGGACGTGTTCAGACT-1","BC11","Luminal_Epithelial","aneuploid",TRUE,TRUE,"CNV_supported_malignant_candidate"
NA,NA,NA,NA,NA,NA,NA
NA,NA,NA,NA,NA,NA,NA
NA,NA,NA,NA,NA,NA,NA
NA,NA,NA,NA,NA,NA,NA
NA,NA,NA,NA,NA,NA,NA
NA,NA,NA,NA,NA,NA,NA
NA,NA,NA,NA,NA,NA,NA
"BC11_BC11_CGGAGCTCAAATCCGT-1","BC11","Luminal_Epithelial","aneuploid",TRUE,TRUE,"CNV_supported_malignant_candidate"
NA,NA,NA,NA,NA,NA,NA
NA,NA,NA,NA,NA,NA,NA
NA,NA,NA,NA,NA,NA,NA
NA,NA,NA,NA,NA,NA,NA
NA,NA,NA,NA,NA,NA,NA
NA,NA,NA,NA,NA,NA,NA
NA,NA,NA,NA,NA,NA,NA
NA,NA,NA,NA,NA,NA,NA
"BC11_BC11_CGGGTCAAGCAGCCTC-1","BC11","Luminal_Epithelial","aneuploid",TRUE,TRUE,"CNV_supported_malignant_candidate"
NA,NA,NA,NA,NA,NA,NA
NA,NA,NA,NA,NA,NA,NA
NA,NA,NA,NA,NA,NA,NA
NA,NA,NA,NA,NA,NA,NA
NA,NA,NA,NA,NA,NA,NA
NA,NA,NA,NA,NA,NA,NA
NA,NA,NA,NA,NA,NA,NA
NA,NA,NA,NA,NA,NA,NA
NA,NA,NA,NA,NA,NA,NA
NA,NA,NA,NA,NA,NA,NA
NA,NA,NA,NA,NA,NA,NA
NA,NA,NA,NA,NA,NA,NA
NA,NA,NA,NA,NA,NA,NA
NA,NA,NA,NA,NA,NA,NA
NA,NA,NA,NA,NA,NA,NA
NA,NA,NA,NA,NA,NA,NA
NA,NA,NA,NA,NA,NA,NA
NA,NA,NA,NA,NA,NA,NA
NA,NA,NA,NA,NA,NA,NA
NA,NA,NA,NA,NA,NA,NA
NA,NA,NA,NA,NA,NA,NA
NA,NA,NA,NA,NA,NA,NA
"BC11_BC11_CGTCCATCACCTGGTG-1","BC11","Luminal_Epithelial","aneuploid",TRUE,TRUE,"CNV_supported_malignant_candidate"
NA,NA,NA,NA,NA,NA,NA
NA,NA,NA,NA,NA,NA,NA
NA,NA,NA,NA,NA,NA,NA
NA,NA,NA,NA,NA,NA,NA
NA,NA,NA,NA,NA,NA,NA
NA,NA,NA,NA,NA,NA,NA
NA,NA,NA,NA,NA,NA,NA
NA,NA,NA,NA,NA,NA,NA
NA,NA,NA,NA,NA,NA,NA
NA,NA,NA,NA,NA,NA,NA
NA,NA,NA,NA,NA,NA,NA
NA,NA,NA,NA,NA,NA,NA
NA,NA,NA,NA,NA,NA,NA
NA,NA,NA,NA,NA,NA,NA
NA,NA,NA,NA,NA,NA,NA
"BC11_BC11_CGTGTAAAGTGACTCT-1","BC11","Luminal_Epithelial","aneuploid",TRUE,TRUE,"CNV_supported_malignant_candidate"
NA,NA,NA,NA,NA,NA,NA
NA,NA,NA,NA,NA,NA,NA
NA,NA,NA,NA,NA,NA,NA
NA,NA,NA,NA,NA,NA,NA
NA,NA,NA,NA,NA,NA,NA
NA,NA,NA,NA,NA,NA,NA
NA,NA,NA,NA,NA,NA,NA
NA,NA,NA,NA,NA,NA,NA
"BC11_BC11_CGTTAGAAGACAGACC-1","BC11","Luminal_Epithelial","aneuploid",TRUE,TRUE,"CNV_supported_malignant_candidate"
NA,NA,NA,NA,NA,NA,NA
NA,NA,NA,NA,NA,NA,NA
NA,NA,NA,NA,NA,NA,NA
NA,NA,NA,NA,NA,NA,NA
NA,NA,NA,NA,NA,NA,NA
NA,NA,NA,NA,NA,NA,NA
NA,NA,NA,NA,NA,NA,NA
NA,NA,NA,NA,NA,NA,NA
NA,NA,NA,NA,NA,NA,NA
NA,NA,NA,NA,NA,NA,NA
NA,NA,NA,NA,NA,NA,NA
NA,NA,NA,NA,NA,NA,NA
NA,NA,NA,NA,NA,NA,NA
NA,NA,NA,NA,NA,NA,NA
NA,NA,NA,NA,NA,NA,NA
"BC11_BC11_CGTTGGGCATATACGC-1","BC11","Luminal_Epithelial","aneuploid",TRUE,TRUE,"CNV_supported_malignant_candidate"
NA,NA,NA,NA,NA,NA,NA
NA,NA,NA,NA,NA,NA,NA
NA,NA,NA,NA,NA,NA,NA
NA,NA,NA,NA,NA,NA,NA
NA,NA,NA,NA,NA,NA,NA
NA,NA,NA,NA,NA,NA,NA
"BC11_BC11_CTAAGACAGGAACTGC-1","BC11","Basal_Like_Epithelial","aneuploid",TRUE,TRUE,"CNV_supported_malignant_candidate"
NA,NA,NA,NA,NA,NA,NA
NA,NA,NA,NA,NA,NA,NA
NA,NA,NA,NA,NA,NA,NA
NA,NA,NA,NA,NA,NA,NA
NA,NA,NA,NA,NA,NA,NA
NA,NA,NA,NA,NA,NA,NA
NA,NA,NA,NA,NA,NA,NA
"BC11_BC11_CTAATGGAGCCTATGT-1","BC11","Luminal_Epithelial","aneuploid",TRUE,TRUE,"CNV_supported_malignant_candidate"
NA,NA,NA,NA,NA,NA,NA
NA,NA,NA,NA,NA,NA,NA
NA,NA,NA,NA,NA,NA,NA
NA,NA,NA,NA,NA,NA,NA
NA,NA,NA,NA,NA,NA,NA
NA,NA,NA,NA,NA,NA,NA
NA,NA,NA,NA,NA,NA,NA
NA,NA,NA,NA,NA,NA,NA
NA,NA,NA,NA,NA,NA,NA
NA,NA,NA,NA,NA,NA,NA
NA,NA,NA,NA,NA,NA,NA
"BC11_BC11_CTACACCGTTAGTGGG-1","BC11","Basal_Like_Epithelial","aneuploid",TRUE,TRUE,"CNV_supported_malignant_candidate"
NA,NA,NA,NA,NA,NA,NA
NA,NA,NA,NA,NA,NA,NA
"BC11_BC11_CTACCCAAGCGTTGCC-1","BC11","Luminal_Epithelial","aneuploid",TRUE,TRUE,"CNV_supported_malignant_candidate"
NA,NA,NA,NA,NA,NA,NA
NA,NA,NA,NA,NA,NA,NA
NA,NA,NA,NA,NA,NA,NA
NA,NA,NA,NA,NA,NA,NA
NA,NA,NA,NA,NA,NA,NA
NA,NA,NA,NA,NA,NA,NA
"BC11_BC11_CTACCCAGTTATGTGC-1","BC11","Luminal_Epithelial","aneuploid",TRUE,TRUE,"CNV_supported_malignant_candidate"
NA,NA,NA,NA,NA,NA,NA
NA,NA,NA,NA,NA,NA,NA
"BC11_BC11_CTACGTCGTTAAGGGC-1","BC11","Luminal_Epithelial","aneuploid",TRUE,TRUE,"CNV_supported_malignant_candidate"
NA,NA,NA,NA,NA,NA,NA
NA,NA,NA,NA,NA,NA,NA
"BC11_BC11_CTAGAGTAGCTCAACT-1","BC11","Luminal_Epithelial","aneuploid",TRUE,TRUE,"CNV_supported_malignant_candidate"
NA,NA,NA,NA,NA,NA,NA
"BC11_BC11_CTAGAGTGTTGTGGAG-1","BC11","Luminal_Epithelial","aneuploid",TRUE,TRUE,"CNV_supported_malignant_candidate"
NA,NA,NA,NA,NA,NA,NA
NA,NA,NA,NA,NA,NA,NA
NA,NA,NA,NA,NA,NA,NA
"BC11_BC11_CTAGCCTGTCTTCTCG-1","BC11","Luminal_Epithelial","aneuploid",TRUE,TRUE,"CNV_supported_malignant_candidate"
"BC11_BC11_CTAGCCTTCGAGGTAG-1","BC11","Luminal_Epithelial","aneuploid",TRUE,TRUE,"CNV_supported_malignant_candidate"
NA,NA,NA,NA,NA,NA,NA
NA,NA,NA,NA,NA,NA,NA
NA,NA,NA,NA,NA,NA,NA
NA,NA,NA,NA,NA,NA,NA
NA,NA,NA,NA,NA,NA,NA
NA,NA,NA,NA,NA,NA,NA
NA,NA,NA,NA,NA,NA,NA
NA,NA,NA,NA,NA,NA,NA
NA,NA,NA,NA,NA,NA,NA
NA,NA,NA,NA,NA,NA,NA
NA,NA,NA,NA,NA,NA,NA
NA,NA,NA,NA,NA,NA,NA
NA,NA,NA,NA,NA,NA,NA
NA,NA,NA,NA,NA,NA,NA
NA,NA,NA,NA,NA,NA,NA
NA,NA,NA,NA,NA,NA,NA
NA,NA,NA,NA,NA,NA,NA
NA,NA,NA,NA,NA,NA,NA
NA,NA,NA,NA,NA,NA,NA
NA,NA,NA,NA,NA,NA,NA
NA,NA,NA,NA,NA,NA,NA
NA,NA,NA,NA,NA,NA,NA
NA,NA,NA,NA,NA,NA,NA
NA,NA,NA,NA,NA,NA,NA
"BC11_BC11_CTCCTAGAGAATTCCC-1","BC11","Luminal_Epithelial","aneuploid",TRUE,TRUE,"CNV_supported_malignant_candidate"
NA,NA,NA,NA,NA,NA,NA
NA,NA,NA,NA,NA,NA,NA
NA,NA,NA,NA,NA,NA,NA
NA,NA,NA,NA,NA,NA,NA
"BC11_BC11_CTCGAAAAGCCCAACC-1","BC11","Luminal_Epithelial","aneuploid",TRUE,TRUE,"CNV_supported_malignant_candidate"
NA,NA,NA,NA,NA,NA,NA
NA,NA,NA,NA,NA,NA,NA
NA,NA,NA,NA,NA,NA,NA
NA,NA,NA,NA,NA,NA,NA
NA,NA,NA,NA,NA,NA,NA
NA,NA,NA,NA,NA,NA,NA
NA,NA,NA,NA,NA,NA,NA
NA,NA,NA,NA,NA,NA,NA
NA,NA,NA,NA,NA,NA,NA
NA,NA,NA,NA,NA,NA,NA
NA,NA,NA,NA,NA,NA,NA
NA,NA,NA,NA,NA,NA,NA
NA,NA,NA,NA,NA,NA,NA
NA,NA,NA,NA,NA,NA,NA
NA,NA,NA,NA,NA,NA,NA
"BC11_BC11_CTCGTCATCTGCTTGC-1","BC11","Luminal_Epithelial","aneuploid",TRUE,TRUE,"CNV_supported_malignant_candidate"
NA,NA,NA,NA,NA,NA,NA
NA,NA,NA,NA,NA,NA,NA
NA,NA,NA,NA,NA,NA,NA
NA,NA,NA,NA,NA,NA,NA
NA,NA,NA,NA,NA,NA,NA
"BC11_BC11_CTCTACGAGCCGTCGT-1","BC11","Luminal_Epithelial","aneuploid",TRUE,TRUE,"CNV_supported_malignant_candidate"
NA,NA,NA,NA,NA,NA,NA
NA,NA,NA,NA,NA,NA,NA
"BC11_BC11_CTCTACGGTCCAGTGC-1","BC11","Luminal_Epithelial","aneuploid",TRUE,TRUE,"CNV_supported_malignant_candidate"
NA,NA,NA,NA,NA,NA,NA
NA,NA,NA,NA,NA,NA,NA
NA,NA,NA,NA,NA,NA,NA
NA,NA,NA,NA,NA,NA,NA
NA,NA,NA,NA,NA,NA,NA
"BC11_BC11_CTGATAGAGCTTCGCG-1","BC11","Luminal_Epithelial","aneuploid",TRUE,TRUE,"CNV_supported_malignant_candidate"
NA,NA,NA,NA,NA,NA,NA
NA,NA,NA,NA,NA,NA,NA
NA,NA,NA,NA,NA,NA,NA
NA,NA,NA,NA,NA,NA,NA
NA,NA,NA,NA,NA,NA,NA
NA,NA,NA,NA,NA,NA,NA
NA,NA,NA,NA,NA,NA,NA
NA,NA,NA,NA,NA,NA,NA
NA,NA,NA,NA,NA,NA,NA
NA,NA,NA,NA,NA,NA,NA
NA,NA,NA,NA,NA,NA,NA
NA,NA,NA,NA,NA,NA,NA
NA,NA,NA,NA,NA,NA,NA
NA,NA,NA,NA,NA,NA,NA
NA,NA,NA,NA,NA,NA,NA
NA,NA,NA,NA,NA,NA,NA
NA,NA,NA,NA,NA,NA,NA
NA,NA,NA,NA,NA,NA,NA
NA,NA,NA,NA,NA,NA,NA
NA,NA,NA,NA,NA,NA,NA
NA,NA,NA,NA,NA,NA,NA
NA,NA,NA,NA,NA,NA,NA
NA,NA,NA,NA,NA,NA,NA
NA,NA,NA,NA,NA,NA,NA
NA,NA,NA,NA,NA,NA,NA
NA,NA,NA,NA,NA,NA,NA
NA,NA,NA,NA,NA,NA,NA
NA,NA,NA,NA,NA,NA,NA
NA,NA,NA,NA,NA,NA,NA
NA,NA,NA,NA,NA,NA,NA
NA,NA,NA,NA,NA,NA,NA
NA,NA,NA,NA,NA,NA,NA
"BC11_BC11_CTGTGCTAGTTAAGTG-1","BC11","Basal_Like_Epithelial","aneuploid",TRUE,TRUE,"CNV_supported_malignant_candidate"
NA,NA,NA,NA,NA,NA,NA
NA,NA,NA,NA,NA,NA,NA
NA,NA,NA,NA,NA,NA,NA
NA,NA,NA,NA,NA,NA,NA
NA,NA,NA,NA,NA,NA,NA
NA,NA,NA,NA,NA,NA,NA
NA,NA,NA,NA,NA,NA,NA
NA,NA,NA,NA,NA,NA,NA
NA,NA,NA,NA,NA,NA,NA
NA,NA,NA,NA,NA,NA,NA
NA,NA,NA,NA,NA,NA,NA
NA,NA,NA,NA,NA,NA,NA
NA,NA,NA,NA,NA,NA,NA
"BC11_BC11_CTTAACTAGTTTGCGT-1","BC11","Luminal_Epithelial","aneuploid",TRUE,TRUE,"CNV_supported_malignant_candidate"
NA,NA,NA,NA,NA,NA,NA
NA,NA,NA,NA,NA,NA,NA
NA,NA,NA,NA,NA,NA,NA
NA,NA,NA,NA,NA,NA,NA
NA,NA,NA,NA,NA,NA,NA
NA,NA,NA,NA,NA,NA,NA
NA,NA,NA,NA,NA,NA,NA
NA,NA,NA,NA,NA,NA,NA
NA,NA,NA,NA,NA,NA,NA
"BC11_BC11_CTTAGGAAGCTGTTCA-1","BC11","Luminal_Epithelial","aneuploid",TRUE,TRUE,"CNV_supported_malignant_candidate"
NA,NA,NA,NA,NA,NA,NA
NA,NA,NA,NA,NA,NA,NA
NA,NA,NA,NA,NA,NA,NA
NA,NA,NA,NA,NA,NA,NA
NA,NA,NA,NA,NA,NA,NA
NA,NA,NA,NA,NA,NA,NA
NA,NA,NA,NA,NA,NA,NA
NA,NA,NA,NA,NA,NA,NA
NA,NA,NA,NA,NA,NA,NA
NA,NA,NA,NA,NA,NA,NA
NA,NA,NA,NA,NA,NA,NA
NA,NA,NA,NA,NA,NA,NA
NA,NA,NA,NA,NA,NA,NA
NA,NA,NA,NA,NA,NA,NA
NA,NA,NA,NA,NA,NA,NA
NA,NA,NA,NA,NA,NA,NA
NA,NA,NA,NA,NA,NA,NA
NA,NA,NA,NA,NA,NA,NA
NA,NA,NA,NA,NA,NA,NA
NA,NA,NA,NA,NA,NA,NA
NA,NA,NA,NA,NA,NA,NA
NA,NA,NA,NA,NA,NA,NA
NA,NA,NA,NA,NA,NA,NA
NA,NA,NA,NA,NA,NA,NA
NA,NA,NA,NA,NA,NA,NA
NA,NA,NA,NA,NA,NA,NA
NA,NA,NA,NA,NA,NA,NA
NA,NA,NA,NA,NA,NA,NA
NA,NA,NA,NA,NA,NA,NA
"BC11_BC11_GAAATGAGTAAGTGGC-1","BC11","Luminal_Epithelial","aneuploid",TRUE,TRUE,"CNV_supported_malignant_candidate"
NA,NA,NA,NA,NA,NA,NA
NA,NA,NA,NA,NA,NA,NA
NA,NA,NA,NA,NA,NA,NA
NA,NA,NA,NA,NA,NA,NA
NA,NA,NA,NA,NA,NA,NA
NA,NA,NA,NA,NA,NA,NA
NA,NA,NA,NA,NA,NA,NA
NA,NA,NA,NA,NA,NA,NA
NA,NA,NA,NA,NA,NA,NA
NA,NA,NA,NA,NA,NA,NA
NA,NA,NA,NA,NA,NA,NA
NA,NA,NA,NA,NA,NA,NA
NA,NA,NA,NA,NA,NA,NA
NA,NA,NA,NA,NA,NA,NA
NA,NA,NA,NA,NA,NA,NA
NA,NA,NA,NA,NA,NA,NA
NA,NA,NA,NA,NA,NA,NA
NA,NA,NA,NA,NA,NA,NA
"BC11_BC11_GAATAAGAGGTGTTAA-1","BC11","Luminal_Epithelial","aneuploid",TRUE,TRUE,"CNV_supported_malignant_candidate"
NA,NA,NA,NA,NA,NA,NA
"BC11_BC11_GAATAAGGTCATCCCT-1","BC11","Luminal_Epithelial","aneuploid",TRUE,TRUE,"CNV_supported_malignant_candidate"
NA,NA,NA,NA,NA,NA,NA
NA,NA,NA,NA,NA,NA,NA
"BC11_BC11_GAATAAGTCGTGACAT-1","BC11","Luminal_Epithelial","aneuploid",TRUE,TRUE,"CNV_supported_malignant_candidate"
NA,NA,NA,NA,NA,NA,NA
NA,NA,NA,NA,NA,NA,NA
NA,NA,NA,NA,NA,NA,NA
NA,NA,NA,NA,NA,NA,NA
NA,NA,NA,NA,NA,NA,NA
NA,NA,NA,NA,NA,NA,NA
NA,NA,NA,NA,NA,NA,NA
NA,NA,NA,NA,NA,NA,NA
NA,NA,NA,NA,NA,NA,NA
NA,NA,NA,NA,NA,NA,NA
NA,NA,NA,NA,NA,NA,NA
NA,NA,NA,NA,NA,NA,NA
NA,NA,NA,NA,NA,NA,NA
NA,NA,NA,NA,NA,NA,NA
"BC11_BC11_GACACGCCATCACAAC-1","BC11","Luminal_Epithelial","aneuploid",TRUE,TRUE,"CNV_supported_malignant_candidate"
NA,NA,NA,NA,NA,NA,NA
NA,NA,NA,NA,NA,NA,NA
NA,NA,NA,NA,NA,NA,NA
NA,NA,NA,NA,NA,NA,NA
NA,NA,NA,NA,NA,NA,NA
NA,NA,NA,NA,NA,NA,NA
NA,NA,NA,NA,NA,NA,NA
NA,NA,NA,NA,NA,NA,NA
NA,NA,NA,NA,NA,NA,NA
NA,NA,NA,NA,NA,NA,NA
NA,NA,NA,NA,NA,NA,NA
NA,NA,NA,NA,NA,NA,NA
NA,NA,NA,NA,NA,NA,NA
NA,NA,NA,NA,NA,NA,NA
NA,NA,NA,NA,NA,NA,NA
NA,NA,NA,NA,NA,NA,NA
NA,NA,NA,NA,NA,NA,NA
NA,NA,NA,NA,NA,NA,NA
"BC11_BC11_GACCTGGGTTCACGGC-1","BC11","Luminal_Epithelial","aneuploid",TRUE,TRUE,"CNV_supported_malignant_candidate"
NA,NA,NA,NA,NA,NA,NA
NA,NA,NA,NA,NA,NA,NA
NA,NA,NA,NA,NA,NA,NA
NA,NA,NA,NA,NA,NA,NA
NA,NA,NA,NA,NA,NA,NA
"BC11_BC11_GACGGCTAGAGCTGGT-1","BC11","Basal_Like_Epithelial","aneuploid",TRUE,TRUE,"CNV_supported_malignant_candidate"
NA,NA,NA,NA,NA,NA,NA
"BC11_BC11_GACGGCTCACAGGCCT-1","BC11","Luminal_Epithelial","aneuploid",TRUE,TRUE,"CNV_supported_malignant_candidate"
NA,NA,NA,NA,NA,NA,NA
"BC11_BC11_GACGGCTCATCGGTTA-1","BC11","Luminal_Epithelial","aneuploid",TRUE,TRUE,"CNV_supported_malignant_candidate"
"BC11_BC11_GACGGCTGTAGGCTGA-1","BC11","Luminal_Epithelial","aneuploid",TRUE,TRUE,"CNV_supported_malignant_candidate"
NA,NA,NA,NA,NA,NA,NA
NA,NA,NA,NA,NA,NA,NA
NA,NA,NA,NA,NA,NA,NA
NA,NA,NA,NA,NA,NA,NA
NA,NA,NA,NA,NA,NA,NA
NA,NA,NA,NA,NA,NA,NA
NA,NA,NA,NA,NA,NA,NA
"BC11_BC11_GACGTGCTCTCGTATT-1","BC11","Luminal_Epithelial","aneuploid",TRUE,TRUE,"CNV_supported_malignant_candidate"
NA,NA,NA,NA,NA,NA,NA
NA,NA,NA,NA,NA,NA,NA
NA,NA,NA,NA,NA,NA,NA
"BC11_BC11_GACGTTACAGTTCCCT-1","BC11","Luminal_Epithelial","aneuploid",TRUE,TRUE,"CNV_supported_malignant_candidate"
NA,NA,NA,NA,NA,NA,NA
NA,NA,NA,NA,NA,NA,NA
NA,NA,NA,NA,NA,NA,NA
NA,NA,NA,NA,NA,NA,NA
NA,NA,NA,NA,NA,NA,NA
"BC11_BC11_GACTAACCAAGGTTTC-1","BC11","Luminal_Epithelial","aneuploid",TRUE,TRUE,"CNV_supported_malignant_candidate"
NA,NA,NA,NA,NA,NA,NA
NA,NA,NA,NA,NA,NA,NA
NA,NA,NA,NA,NA,NA,NA
NA,NA,NA,NA,NA,NA,NA
NA,NA,NA,NA,NA,NA,NA
NA,NA,NA,NA,NA,NA,NA
NA,NA,NA,NA,NA,NA,NA
NA,NA,NA,NA,NA,NA,NA
NA,NA,NA,NA,NA,NA,NA
NA,NA,NA,NA,NA,NA,NA
NA,NA,NA,NA,NA,NA,NA
"BC11_BC11_GACTGCGGTCTGGTCG-1","BC11","Luminal_Epithelial","aneuploid",TRUE,TRUE,"CNV_supported_malignant_candidate"
"BC11_BC11_GACTGCGGTGACGGTA-1","BC11","Luminal_Epithelial","aneuploid",TRUE,TRUE,"CNV_supported_malignant_candidate"
NA,NA,NA,NA,NA,NA,NA
NA,NA,NA,NA,NA,NA,NA
"BC11_BC11_GAGGTGACACATCCAA-1","BC11","Luminal_Epithelial","aneuploid",TRUE,TRUE,"CNV_supported_malignant_candidate"
NA,NA,NA,NA,NA,NA,NA
"BC11_BC11_GAGGTGACAGGGTTAG-1","BC11","Luminal_Epithelial","aneuploid",TRUE,TRUE,"CNV_supported_malignant_candidate"
NA,NA,NA,NA,NA,NA,NA
NA,NA,NA,NA,NA,NA,NA
NA,NA,NA,NA,NA,NA,NA
NA,NA,NA,NA,NA,NA,NA
NA,NA,NA,NA,NA,NA,NA
NA,NA,NA,NA,NA,NA,NA
NA,NA,NA,NA,NA,NA,NA
NA,NA,NA,NA,NA,NA,NA
NA,NA,NA,NA,NA,NA,NA
NA,NA,NA,NA,NA,NA,NA
"BC11_BC11_GATCGATAGTGCGATG-1","BC11","Luminal_Epithelial","aneuploid",TRUE,TRUE,"CNV_supported_malignant_candidate"
NA,NA,NA,NA,NA,NA,NA
NA,NA,NA,NA,NA,NA,NA
NA,NA,NA,NA,NA,NA,NA
"BC11_BC11_GATCGATGTGAAAGAG-1","BC11","Luminal_Epithelial","aneuploid",TRUE,TRUE,"CNV_supported_malignant_candidate"
NA,NA,NA,NA,NA,NA,NA
NA,NA,NA,NA,NA,NA,NA
"BC11_BC11_GATCGATTCCGTTGCT-1","BC11","Basal_Like_Epithelial","aneuploid",TRUE,TRUE,"CNV_supported_malignant_candidate"
NA,NA,NA,NA,NA,NA,NA
NA,NA,NA,NA,NA,NA,NA
NA,NA,NA,NA,NA,NA,NA
NA,NA,NA,NA,NA,NA,NA
NA,NA,NA,NA,NA,NA,NA
NA,NA,NA,NA,NA,NA,NA
NA,NA,NA,NA,NA,NA,NA
NA,NA,NA,NA,NA,NA,NA
NA,NA,NA,NA,NA,NA,NA
NA,NA,NA,NA,NA,NA,NA
NA,NA,NA,NA,NA,NA,NA
NA,NA,NA,NA,NA,NA,NA
NA,NA,NA,NA,NA,NA,NA
NA,NA,NA,NA,NA,NA,NA
NA,NA,NA,NA,NA,NA,NA
NA,NA,NA,NA,NA,NA,NA
NA,NA,NA,NA,NA,NA,NA
NA,NA,NA,NA,NA,NA,NA
NA,NA,NA,NA,NA,NA,NA
"BC11_BC11_GATGAGGAGTGTGAAT-1","BC11","Luminal_Epithelial","aneuploid",TRUE,TRUE,"CNV_supported_malignant_candidate"
NA,NA,NA,NA,NA,NA,NA
NA,NA,NA,NA,NA,NA,NA
NA,NA,NA,NA,NA,NA,NA
NA,NA,NA,NA,NA,NA,NA
NA,NA,NA,NA,NA,NA,NA
NA,NA,NA,NA,NA,NA,NA
NA,NA,NA,NA,NA,NA,NA
NA,NA,NA,NA,NA,NA,NA
NA,NA,NA,NA,NA,NA,NA
NA,NA,NA,NA,NA,NA,NA
NA,NA,NA,NA,NA,NA,NA
"BC11_BC11_GCAAACTGTCTACCTC-1","BC11","Basal_Like_Epithelial","aneuploid",TRUE,TRUE,"CNV_supported_malignant_candidate"
"BC11_BC11_GCAAACTGTGAAAGAG-1","BC11","Luminal_Epithelial","aneuploid",TRUE,TRUE,"CNV_supported_malignant_candidate"
NA,NA,NA,NA,NA,NA,NA
NA,NA,NA,NA,NA,NA,NA
NA,NA,NA,NA,NA,NA,NA
NA,NA,NA,NA,NA,NA,NA
NA,NA,NA,NA,NA,NA,NA
NA,NA,NA,NA,NA,NA,NA
NA,NA,NA,NA,NA,NA,NA
NA,NA,NA,NA,NA,NA,NA
NA,NA,NA,NA,NA,NA,NA
NA,NA,NA,NA,NA,NA,NA
NA,NA,NA,NA,NA,NA,NA
NA,NA,NA,NA,NA,NA,NA
NA,NA,NA,NA,NA,NA,NA
NA,NA,NA,NA,NA,NA,NA
NA,NA,NA,NA,NA,NA,NA
NA,NA,NA,NA,NA,NA,NA
"BC11_BC11_GCAGCCAAGGTTCCTA-1","BC11","Luminal_Epithelial","aneuploid",TRUE,TRUE,"CNV_supported_malignant_candidate"
NA,NA,NA,NA,NA,NA,NA
NA,NA,NA,NA,NA,NA,NA
NA,NA,NA,NA,NA,NA,NA
NA,NA,NA,NA,NA,NA,NA
NA,NA,NA,NA,NA,NA,NA
NA,NA,NA,NA,NA,NA,NA
NA,NA,NA,NA,NA,NA,NA
"BC11_BC11_GCAGTTAGTGCACGAA-1","BC11","Luminal_Epithelial","aneuploid",TRUE,TRUE,"CNV_supported_malignant_candidate"
NA,NA,NA,NA,NA,NA,NA
NA,NA,NA,NA,NA,NA,NA
NA,NA,NA,NA,NA,NA,NA
NA,NA,NA,NA,NA,NA,NA
NA,NA,NA,NA,NA,NA,NA
NA,NA,NA,NA,NA,NA,NA
NA,NA,NA,NA,NA,NA,NA
NA,NA,NA,NA,NA,NA,NA
"BC11_BC11_GCATGATAGTACGCCC-1","BC11","Luminal_Epithelial","aneuploid",TRUE,TRUE,"CNV_supported_malignant_candidate"
NA,NA,NA,NA,NA,NA,NA
NA,NA,NA,NA,NA,NA,NA
NA,NA,NA,NA,NA,NA,NA
NA,NA,NA,NA,NA,NA,NA
NA,NA,NA,NA,NA,NA,NA
NA,NA,NA,NA,NA,NA,NA
NA,NA,NA,NA,NA,NA,NA
NA,NA,NA,NA,NA,NA,NA
NA,NA,NA,NA,NA,NA,NA
NA,NA,NA,NA,NA,NA,NA
NA,NA,NA,NA,NA,NA,NA
"BC11_BC11_GCATGTACAGTACACT-1","BC11","Luminal_Epithelial","aneuploid",TRUE,TRUE,"CNV_supported_malignant_candidate"
NA,NA,NA,NA,NA,NA,NA
NA,NA,NA,NA,NA,NA,NA
NA,NA,NA,NA,NA,NA,NA
NA,NA,NA,NA,NA,NA,NA
NA,NA,NA,NA,NA,NA,NA
NA,NA,NA,NA,NA,NA,NA
NA,NA,NA,NA,NA,NA,NA
NA,NA,NA,NA,NA,NA,NA
NA,NA,NA,NA,NA,NA,NA
NA,NA,NA,NA,NA,NA,NA
NA,NA,NA,NA,NA,NA,NA
NA,NA,NA,NA,NA,NA,NA
NA,NA,NA,NA,NA,NA,NA
NA,NA,NA,NA,NA,NA,NA
NA,NA,NA,NA,NA,NA,NA
NA,NA,NA,NA,NA,NA,NA
NA,NA,NA,NA,NA,NA,NA
NA,NA,NA,NA,NA,NA,NA
NA,NA,NA,NA,NA,NA,NA
NA,NA,NA,NA,NA,NA,NA
NA,NA,NA,NA,NA,NA,NA
NA,NA,NA,NA,NA,NA,NA
NA,NA,NA,NA,NA,NA,NA
NA,NA,NA,NA,NA,NA,NA
"BC11_BC11_GCGAGAATCTGTCCGT-1","BC11","Luminal_Epithelial","aneuploid",TRUE,TRUE,"CNV_supported_malignant_candidate"
NA,NA,NA,NA,NA,NA,NA
NA,NA,NA,NA,NA,NA,NA
"BC11_BC11_GCGCAACAGTTCGCGC-1","BC11","Luminal_Epithelial","aneuploid",TRUE,TRUE,"CNV_supported_malignant_candidate"
NA,NA,NA,NA,NA,NA,NA
NA,NA,NA,NA,NA,NA,NA
NA,NA,NA,NA,NA,NA,NA
NA,NA,NA,NA,NA,NA,NA
NA,NA,NA,NA,NA,NA,NA
NA,NA,NA,NA,NA,NA,NA
NA,NA,NA,NA,NA,NA,NA
NA,NA,NA,NA,NA,NA,NA
NA,NA,NA,NA,NA,NA,NA
NA,NA,NA,NA,NA,NA,NA
NA,NA,NA,NA,NA,NA,NA
NA,NA,NA,NA,NA,NA,NA
NA,NA,NA,NA,NA,NA,NA
NA,NA,NA,NA,NA,NA,NA
NA,NA,NA,NA,NA,NA,NA
NA,NA,NA,NA,NA,NA,NA
NA,NA,NA,NA,NA,NA,NA
"BC11_BC11_GCGGGTTCAAAGGCGT-1","BC11","Luminal_Epithelial","aneuploid",TRUE,TRUE,"CNV_supported_malignant_candidate"
NA,NA,NA,NA,NA,NA,NA
NA,NA,NA,NA,NA,NA,NA
NA,NA,NA,NA,NA,NA,NA
NA,NA,NA,NA,NA,NA,NA
NA,NA,NA,NA,NA,NA,NA
NA,NA,NA,NA,NA,NA,NA
NA,NA,NA,NA,NA,NA,NA
NA,NA,NA,NA,NA,NA,NA
NA,NA,NA,NA,NA,NA,NA
NA,NA,NA,NA,NA,NA,NA
NA,NA,NA,NA,NA,NA,NA
NA,NA,NA,NA,NA,NA,NA
"BC11_BC11_GCTGCAGAGTCATCCA-1","BC11","Luminal_Epithelial","aneuploid",TRUE,TRUE,"CNV_supported_malignant_candidate"
NA,NA,NA,NA,NA,NA,NA
NA,NA,NA,NA,NA,NA,NA
NA,NA,NA,NA,NA,NA,NA
NA,NA,NA,NA,NA,NA,NA
NA,NA,NA,NA,NA,NA,NA
NA,NA,NA,NA,NA,NA,NA
NA,NA,NA,NA,NA,NA,NA
NA,NA,NA,NA,NA,NA,NA
NA,NA,NA,NA,NA,NA,NA
NA,NA,NA,NA,NA,NA,NA
"BC11_BC11_GCTGCGATCGATGAGG-1","BC11","Luminal_Epithelial","aneuploid",TRUE,TRUE,"CNV_supported_malignant_candidate"
NA,NA,NA,NA,NA,NA,NA
NA,NA,NA,NA,NA,NA,NA
NA,NA,NA,NA,NA,NA,NA
NA,NA,NA,NA,NA,NA,NA
NA,NA,NA,NA,NA,NA,NA
"BC11_BC11_GCTGCTTGTTGATTGC-1","BC11","Luminal_Epithelial","aneuploid",TRUE,TRUE,"CNV_supported_malignant_candidate"
NA,NA,NA,NA,NA,NA,NA
NA,NA,NA,NA,NA,NA,NA
NA,NA,NA,NA,NA,NA,NA
NA,NA,NA,NA,NA,NA,NA
NA,NA,NA,NA,NA,NA,NA
NA,NA,NA,NA,NA,NA,NA
NA,NA,NA,NA,NA,NA,NA
NA,NA,NA,NA,NA,NA,NA
NA,NA,NA,NA,NA,NA,NA
NA,NA,NA,NA,NA,NA,NA
NA,NA,NA,NA,NA,NA,NA
"BC11_BC11_GCTTGAATCAACCAAC-1","BC11","Basal_Like_Epithelial","aneuploid",TRUE,TRUE,"CNV_supported_malignant_candidate"
NA,NA,NA,NA,NA,NA,NA
NA,NA,NA,NA,NA,NA,NA
NA,NA,NA,NA,NA,NA,NA
NA,NA,NA,NA,NA,NA,NA
NA,NA,NA,NA,NA,NA,NA
NA,NA,NA,NA,NA,NA,NA
NA,NA,NA,NA,NA,NA,NA
NA,NA,NA,NA,NA,NA,NA
NA,NA,NA,NA,NA,NA,NA
NA,NA,NA,NA,NA,NA,NA
NA,NA,NA,NA,NA,NA,NA
NA,NA,NA,NA,NA,NA,NA
NA,NA,NA,NA,NA,NA,NA
"BC11_BC11_GGAATAAAGCTAGTCT-1","BC11","Luminal_Epithelial","aneuploid",TRUE,TRUE,"CNV_supported_malignant_candidate"
"BC11_BC11_GGAATAATCGCTTAGA-1","BC11","Luminal_Epithelial","aneuploid",TRUE,TRUE,"CNV_supported_malignant_candidate"
NA,NA,NA,NA,NA,NA,NA
NA,NA,NA,NA,NA,NA,NA
"BC11_BC11_GGACAAGGTAAATGTG-1","BC11","Luminal_Epithelial","aneuploid",TRUE,TRUE,"CNV_supported_malignant_candidate"
NA,NA,NA,NA,NA,NA,NA
NA,NA,NA,NA,NA,NA,NA
NA,NA,NA,NA,NA,NA,NA
NA,NA,NA,NA,NA,NA,NA
"BC11_BC11_GGACAGAAGCTAGCCC-1","BC11","Luminal_Epithelial","aneuploid",TRUE,TRUE,"CNV_supported_malignant_candidate"
NA,NA,NA,NA,NA,NA,NA
NA,NA,NA,NA,NA,NA,NA
NA,NA,NA,NA,NA,NA,NA
NA,NA,NA,NA,NA,NA,NA
NA,NA,NA,NA,NA,NA,NA
NA,NA,NA,NA,NA,NA,NA
NA,NA,NA,NA,NA,NA,NA
NA,NA,NA,NA,NA,NA,NA
NA,NA,NA,NA,NA,NA,NA
NA,NA,NA,NA,NA,NA,NA
NA,NA,NA,NA,NA,NA,NA
"BC11_BC11_GGAGCAAAGCAGACTG-1","BC11","Luminal_Epithelial","aneuploid",TRUE,TRUE,"CNV_supported_malignant_candidate"
NA,NA,NA,NA,NA,NA,NA
NA,NA,NA,NA,NA,NA,NA
NA,NA,NA,NA,NA,NA,NA
NA,NA,NA,NA,NA,NA,NA
NA,NA,NA,NA,NA,NA,NA
NA,NA,NA,NA,NA,NA,NA
NA,NA,NA,NA,NA,NA,NA
NA,NA,NA,NA,NA,NA,NA
NA,NA,NA,NA,NA,NA,NA
NA,NA,NA,NA,NA,NA,NA
"BC11_BC11_GGATTACAGGAATCGC-1","BC11","Luminal_Epithelial","aneuploid",TRUE,TRUE,"CNV_supported_malignant_candidate"
NA,NA,NA,NA,NA,NA,NA
NA,NA,NA,NA,NA,NA,NA
NA,NA,NA,NA,NA,NA,NA
NA,NA,NA,NA,NA,NA,NA
NA,NA,NA,NA,NA,NA,NA
NA,NA,NA,NA,NA,NA,NA
NA,NA,NA,NA,NA,NA,NA
"BC11_BC11_GGCAATTAGTAGTGCG-1","BC11","Luminal_Epithelial","aneuploid",TRUE,TRUE,"CNV_supported_malignant_candidate"
NA,NA,NA,NA,NA,NA,NA
NA,NA,NA,NA,NA,NA,NA
NA,NA,NA,NA,NA,NA,NA
NA,NA,NA,NA,NA,NA,NA
"BC11_BC11_GGCAATTTCACAATGC-1","BC11","Luminal_Epithelial","aneuploid",TRUE,TRUE,"CNV_supported_malignant_candidate"
NA,NA,NA,NA,NA,NA,NA
NA,NA,NA,NA,NA,NA,NA
NA,NA,NA,NA,NA,NA,NA
NA,NA,NA,NA,NA,NA,NA
NA,NA,NA,NA,NA,NA,NA
NA,NA,NA,NA,NA,NA,NA
"BC11_BC11_GGCGACTCATAGACTC-1","BC11","Luminal_Epithelial","aneuploid",TRUE,TRUE,"CNV_supported_malignant_candidate"
"BC11_BC11_GGCGACTCATCTCCCA-1","BC11","Basal_Like_Epithelial","aneuploid",TRUE,TRUE,"CNV_supported_malignant_candidate"
NA,NA,NA,NA,NA,NA,NA
NA,NA,NA,NA,NA,NA,NA
NA,NA,NA,NA,NA,NA,NA
NA,NA,NA,NA,NA,NA,NA
NA,NA,NA,NA,NA,NA,NA
NA,NA,NA,NA,NA,NA,NA
NA,NA,NA,NA,NA,NA,NA
NA,NA,NA,NA,NA,NA,NA
NA,NA,NA,NA,NA,NA,NA
NA,NA,NA,NA,NA,NA,NA
NA,NA,NA,NA,NA,NA,NA
NA,NA,NA,NA,NA,NA,NA
NA,NA,NA,NA,NA,NA,NA
NA,NA,NA,NA,NA,NA,NA
NA,NA,NA,NA,NA,NA,NA
NA,NA,NA,NA,NA,NA,NA
NA,NA,NA,NA,NA,NA,NA
NA,NA,NA,NA,NA,NA,NA
NA,NA,NA,NA,NA,NA,NA
NA,NA,NA,NA,NA,NA,NA
NA,NA,NA,NA,NA,NA,NA
NA,NA,NA,NA,NA,NA,NA
"BC11_BC11_GGGACCTAGATGAGAG-1","BC11","Luminal_Epithelial","aneuploid",TRUE,TRUE,"CNV_supported_malignant_candidate"
NA,NA,NA,NA,NA,NA,NA
NA,NA,NA,NA,NA,NA,NA
NA,NA,NA,NA,NA,NA,NA
NA,NA,NA,NA,NA,NA,NA
NA,NA,NA,NA,NA,NA,NA
NA,NA,NA,NA,NA,NA,NA
NA,NA,NA,NA,NA,NA,NA
NA,NA,NA,NA,NA,NA,NA
NA,NA,NA,NA,NA,NA,NA
NA,NA,NA,NA,NA,NA,NA
NA,NA,NA,NA,NA,NA,NA
NA,NA,NA,NA,NA,NA,NA
NA,NA,NA,NA,NA,NA,NA
NA,NA,NA,NA,NA,NA,NA
NA,NA,NA,NA,NA,NA,NA
NA,NA,NA,NA,NA,NA,NA
NA,NA,NA,NA,NA,NA,NA
NA,NA,NA,NA,NA,NA,NA
NA,NA,NA,NA,NA,NA,NA
NA,NA,NA,NA,NA,NA,NA
NA,NA,NA,NA,NA,NA,NA
NA,NA,NA,NA,NA,NA,NA
NA,NA,NA,NA,NA,NA,NA
NA,NA,NA,NA,NA,NA,NA
NA,NA,NA,NA,NA,NA,NA
NA,NA,NA,NA,NA,NA,NA
"BC11_BC11_GGGCACTGTCTCCATC-1","BC11","Luminal_Epithelial","aneuploid",TRUE,TRUE,"CNV_supported_malignant_candidate"
NA,NA,NA,NA,NA,NA,NA
NA,NA,NA,NA,NA,NA,NA
NA,NA,NA,NA,NA,NA,NA
NA,NA,NA,NA,NA,NA,NA
NA,NA,NA,NA,NA,NA,NA
NA,NA,NA,NA,NA,NA,NA
NA,NA,NA,NA,NA,NA,NA
NA,NA,NA,NA,NA,NA,NA
"BC11_BC11_GGGCATCGTTGGTAAA-1","BC11","Luminal_Epithelial","aneuploid",TRUE,TRUE,"CNV_supported_malignant_candidate"
NA,NA,NA,NA,NA,NA,NA
NA,NA,NA,NA,NA,NA,NA
NA,NA,NA,NA,NA,NA,NA
NA,NA,NA,NA,NA,NA,NA
NA,NA,NA,NA,NA,NA,NA
NA,NA,NA,NA,NA,NA,NA
NA,NA,NA,NA,NA,NA,NA
"BC11_BC11_GGGTTGCCAAAGAATC-1","BC11","Luminal_Epithelial","aneuploid",TRUE,TRUE,"CNV_supported_malignant_candidate"
NA,NA,NA,NA,NA,NA,NA
NA,NA,NA,NA,NA,NA,NA
NA,NA,NA,NA,NA,NA,NA
NA,NA,NA,NA,NA,NA,NA
NA,NA,NA,NA,NA,NA,NA
NA,NA,NA,NA,NA,NA,NA
NA,NA,NA,NA,NA,NA,NA
NA,NA,NA,NA,NA,NA,NA
NA,NA,NA,NA,NA,NA,NA
NA,NA,NA,NA,NA,NA,NA
NA,NA,NA,NA,NA,NA,NA
NA,NA,NA,NA,NA,NA,NA
NA,NA,NA,NA,NA,NA,NA
NA,NA,NA,NA,NA,NA,NA
NA,NA,NA,NA,NA,NA,NA
NA,NA,NA,NA,NA,NA,NA
NA,NA,NA,NA,NA,NA,NA
NA,NA,NA,NA,NA,NA,NA
NA,NA,NA,NA,NA,NA,NA
NA,NA,NA,NA,NA,NA,NA
"BC11_BC11_GGTGCGTGTAGCGTCC-1","BC11","Luminal_Epithelial","aneuploid",TRUE,TRUE,"CNV_supported_malignant_candidate"
NA,NA,NA,NA,NA,NA,NA
NA,NA,NA,NA,NA,NA,NA
NA,NA,NA,NA,NA,NA,NA
NA,NA,NA,NA,NA,NA,NA
NA,NA,NA,NA,NA,NA,NA
NA,NA,NA,NA,NA,NA,NA
NA,NA,NA,NA,NA,NA,NA
NA,NA,NA,NA,NA,NA,NA
NA,NA,NA,NA,NA,NA,NA
NA,NA,NA,NA,NA,NA,NA
NA,NA,NA,NA,NA,NA,NA
NA,NA,NA,NA,NA,NA,NA
NA,NA,NA,NA,NA,NA,NA
NA,NA,NA,NA,NA,NA,NA
NA,NA,NA,NA,NA,NA,NA
NA,NA,NA,NA,NA,NA,NA
NA,NA,NA,NA,NA,NA,NA
NA,NA,NA,NA,NA,NA,NA
NA,NA,NA,NA,NA,NA,NA
NA,NA,NA,NA,NA,NA,NA
NA,NA,NA,NA,NA,NA,NA
NA,NA,NA,NA,NA,NA,NA
NA,NA,NA,NA,NA,NA,NA
NA,NA,NA,NA,NA,NA,NA
NA,NA,NA,NA,NA,NA,NA
NA,NA,NA,NA,NA,NA,NA
NA,NA,NA,NA,NA,NA,NA
NA,NA,NA,NA,NA,NA,NA
NA,NA,NA,NA,NA,NA,NA
NA,NA,NA,NA,NA,NA,NA
NA,NA,NA,NA,NA,NA,NA
NA,NA,NA,NA,NA,NA,NA
NA,NA,NA,NA,NA,NA,NA
NA,NA,NA,NA,NA,NA,NA
NA,NA,NA,NA,NA,NA,NA
NA,NA,NA,NA,NA,NA,NA
NA,NA,NA,NA,NA,NA,NA
NA,NA,NA,NA,NA,NA,NA
NA,NA,NA,NA,NA,NA,NA
NA,NA,NA,NA,NA,NA,NA
NA,NA,NA,NA,NA,NA,NA
NA,NA,NA,NA,NA,NA,NA
NA,NA,NA,NA,NA,NA,NA
NA,NA,NA,NA,NA,NA,NA
NA,NA,NA,NA,NA,NA,NA
NA,NA,NA,NA,NA,NA,NA
"BC11_BC11_GTCACAAAGAGCTTCT-1","BC11","Luminal_Epithelial","aneuploid",TRUE,TRUE,"CNV_supported_malignant_candidate"
NA,NA,NA,NA,NA,NA,NA
NA,NA,NA,NA,NA,NA,NA
NA,NA,NA,NA,NA,NA,NA
NA,NA,NA,NA,NA,NA,NA
"BC11_BC11_GTCACGGGTTTGGGCC-1","BC11","Luminal_Epithelial","aneuploid",TRUE,TRUE,"CNV_supported_malignant_candidate"
NA,NA,NA,NA,NA,NA,NA
NA,NA,NA,NA,NA,NA,NA
NA,NA,NA,NA,NA,NA,NA
NA,NA,NA,NA,NA,NA,NA
NA,NA,NA,NA,NA,NA,NA
NA,NA,NA,NA,NA,NA,NA
NA,NA,NA,NA,NA,NA,NA
NA,NA,NA,NA,NA,NA,NA
NA,NA,NA,NA,NA,NA,NA
NA,NA,NA,NA,NA,NA,NA
NA,NA,NA,NA,NA,NA,NA
NA,NA,NA,NA,NA,NA,NA
NA,NA,NA,NA,NA,NA,NA
NA,NA,NA,NA,NA,NA,NA
NA,NA,NA,NA,NA,NA,NA
"BC11_BC11_GTCGTAACACCGGAAA-1","BC11","Luminal_Epithelial","aneuploid",TRUE,TRUE,"CNV_supported_malignant_candidate"
NA,NA,NA,NA,NA,NA,NA
NA,NA,NA,NA,NA,NA,NA
"BC11_BC11_GTCTCGTAGAACTCGG-1","BC11","Luminal_Epithelial","aneuploid",TRUE,TRUE,"CNV_supported_malignant_candidate"
NA,NA,NA,NA,NA,NA,NA
NA,NA,NA,NA,NA,NA,NA
NA,NA,NA,NA,NA,NA,NA
NA,NA,NA,NA,NA,NA,NA
"BC11_BC11_GTCTTCGGTCATGCAT-1","BC11","Luminal_Epithelial","aneuploid",TRUE,TRUE,"CNV_supported_malignant_candidate"
NA,NA,NA,NA,NA,NA,NA
NA,NA,NA,NA,NA,NA,NA
NA,NA,NA,NA,NA,NA,NA
NA,NA,NA,NA,NA,NA,NA
NA,NA,NA,NA,NA,NA,NA
NA,NA,NA,NA,NA,NA,NA
NA,NA,NA,NA,NA,NA,NA
"BC11_BC11_GTGCAGCGTATAGGTA-1","BC11","Luminal_Epithelial","aneuploid",TRUE,TRUE,"CNV_supported_malignant_candidate"
NA,NA,NA,NA,NA,NA,NA
NA,NA,NA,NA,NA,NA,NA
NA,NA,NA,NA,NA,NA,NA
NA,NA,NA,NA,NA,NA,NA
NA,NA,NA,NA,NA,NA,NA
"BC11_BC11_GTGCATATCCCACTTG-1","BC11","Luminal_Epithelial","aneuploid",TRUE,TRUE,"CNV_supported_malignant_candidate"
"BC11_BC11_GTGCATATCTTTAGTC-1","BC11","Luminal_Epithelial","aneuploid",TRUE,TRUE,"CNV_supported_malignant_candidate"
NA,NA,NA,NA,NA,NA,NA
NA,NA,NA,NA,NA,NA,NA
NA,NA,NA,NA,NA,NA,NA
NA,NA,NA,NA,NA,NA,NA
"BC11_BC11_GTGCGGTCATATACGC-1","BC11","Luminal_Epithelial","aneuploid",TRUE,TRUE,"CNV_supported_malignant_candidate"
NA,NA,NA,NA,NA,NA,NA
NA,NA,NA,NA,NA,NA,NA
NA,NA,NA,NA,NA,NA,NA
NA,NA,NA,NA,NA,NA,NA
NA,NA,NA,NA,NA,NA,NA
NA,NA,NA,NA,NA,NA,NA
NA,NA,NA,NA,NA,NA,NA
NA,NA,NA,NA,NA,NA,NA
"BC11_BC11_GTGGGTCTCCACTCCA-1","BC11","Luminal_Epithelial","aneuploid",TRUE,TRUE,"CNV_supported_malignant_candidate"
"BC11_BC11_GTGTGCGGTACCGTAT-1","BC11","Luminal_Epithelial","aneuploid",TRUE,TRUE,"CNV_supported_malignant_candidate"
NA,NA,NA,NA,NA,NA,NA
NA,NA,NA,NA,NA,NA,NA
NA,NA,NA,NA,NA,NA,NA
NA,NA,NA,NA,NA,NA,NA
NA,NA,NA,NA,NA,NA,NA
"BC11_BC11_GTGTTAGCATCTGGTA-1","BC11","Basal_Like_Epithelial","aneuploid",TRUE,TRUE,"CNV_supported_malignant_candidate"
NA,NA,NA,NA,NA,NA,NA
NA,NA,NA,NA,NA,NA,NA
NA,NA,NA,NA,NA,NA,NA
NA,NA,NA,NA,NA,NA,NA
"BC11_BC11_GTGTTAGTCTCCTATA-1","BC11","Luminal_Epithelial","aneuploid",TRUE,TRUE,"CNV_supported_malignant_candidate"
"BC11_BC11_GTGTTAGTCTTGGGTA-1","BC11","Basal_Like_Epithelial","aneuploid",TRUE,TRUE,"CNV_supported_malignant_candidate"
NA,NA,NA,NA,NA,NA,NA
NA,NA,NA,NA,NA,NA,NA
NA,NA,NA,NA,NA,NA,NA
NA,NA,NA,NA,NA,NA,NA
NA,NA,NA,NA,NA,NA,NA
NA,NA,NA,NA,NA,NA,NA
NA,NA,NA,NA,NA,NA,NA
NA,NA,NA,NA,NA,NA,NA
NA,NA,NA,NA,NA,NA,NA
NA,NA,NA,NA,NA,NA,NA
NA,NA,NA,NA,NA,NA,NA
NA,NA,NA,NA,NA,NA,NA
NA,NA,NA,NA,NA,NA,NA
NA,NA,NA,NA,NA,NA,NA
"BC11_BC11_GTTCATTCATGCCCGA-1","BC11","Luminal_Epithelial","aneuploid",TRUE,TRUE,"CNV_supported_malignant_candidate"
NA,NA,NA,NA,NA,NA,NA
NA,NA,NA,NA,NA,NA,NA
NA,NA,NA,NA,NA,NA,NA
NA,NA,NA,NA,NA,NA,NA
NA,NA,NA,NA,NA,NA,NA
NA,NA,NA,NA,NA,NA,NA
NA,NA,NA,NA,NA,NA,NA
NA,NA,NA,NA,NA,NA,NA
NA,NA,NA,NA,NA,NA,NA
NA,NA,NA,NA,NA,NA,NA
NA,NA,NA,NA,NA,NA,NA
NA,NA,NA,NA,NA,NA,NA
NA,NA,NA,NA,NA,NA,NA
NA,NA,NA,NA,NA,NA,NA
NA,NA,NA,NA,NA,NA,NA
NA,NA,NA,NA,NA,NA,NA
NA,NA,NA,NA,NA,NA,NA
NA,NA,NA,NA,NA,NA,NA
NA,NA,NA,NA,NA,NA,NA
NA,NA,NA,NA,NA,NA,NA
NA,NA,NA,NA,NA,NA,NA
"BC11_BC11_GTTTCTAGTGGCCCTA-1","BC11","Luminal_Epithelial","aneuploid",TRUE,TRUE,"CNV_supported_malignant_candidate"
NA,NA,NA,NA,NA,NA,NA
NA,NA,NA,NA,NA,NA,NA
NA,NA,NA,NA,NA,NA,NA
NA,NA,NA,NA,NA,NA,NA
NA,NA,NA,NA,NA,NA,NA
NA,NA,NA,NA,NA,NA,NA
"BC11_BC11_TAAACCGGTGATAAGT-1","BC11","Luminal_Epithelial","aneuploid",TRUE,TRUE,"CNV_supported_malignant_candidate"
NA,NA,NA,NA,NA,NA,NA
NA,NA,NA,NA,NA,NA,NA
NA,NA,NA,NA,NA,NA,NA
NA,NA,NA,NA,NA,NA,NA
NA,NA,NA,NA,NA,NA,NA
"BC11_BC11_TAAACCGTCGTGGACC-1","BC11","Luminal_Epithelial","aneuploid",TRUE,TRUE,"CNV_supported_malignant_candidate"
NA,NA,NA,NA,NA,NA,NA
NA,NA,NA,NA,NA,NA,NA
NA,NA,NA,NA,NA,NA,NA
NA,NA,NA,NA,NA,NA,NA
NA,NA,NA,NA,NA,NA,NA
NA,NA,NA,NA,NA,NA,NA
NA,NA,NA,NA,NA,NA,NA
NA,NA,NA,NA,NA,NA,NA
NA,NA,NA,NA,NA,NA,NA
NA,NA,NA,NA,NA,NA,NA
NA,NA,NA,NA,NA,NA,NA
NA,NA,NA,NA,NA,NA,NA
NA,NA,NA,NA,NA,NA,NA
"BC11_BC11_TACACGAAGCAGACTG-1","BC11","Luminal_Epithelial","aneuploid",TRUE,TRUE,"CNV_supported_malignant_candidate"
NA,NA,NA,NA,NA,NA,NA
"BC11_BC11_TACAGTGAGGCGCTCT-1","BC11","Luminal_Epithelial","aneuploid",TRUE,TRUE,"CNV_supported_malignant_candidate"
NA,NA,NA,NA,NA,NA,NA
NA,NA,NA,NA,NA,NA,NA
NA,NA,NA,NA,NA,NA,NA
NA,NA,NA,NA,NA,NA,NA
NA,NA,NA,NA,NA,NA,NA
NA,NA,NA,NA,NA,NA,NA
NA,NA,NA,NA,NA,NA,NA
NA,NA,NA,NA,NA,NA,NA
NA,NA,NA,NA,NA,NA,NA
"BC11_BC11_TACCTTAAGACCACGA-1","BC11","Luminal_Epithelial","aneuploid",TRUE,TRUE,"CNV_supported_malignant_candidate"
NA,NA,NA,NA,NA,NA,NA
NA,NA,NA,NA,NA,NA,NA
NA,NA,NA,NA,NA,NA,NA
NA,NA,NA,NA,NA,NA,NA
NA,NA,NA,NA,NA,NA,NA
NA,NA,NA,NA,NA,NA,NA
NA,NA,NA,NA,NA,NA,NA
NA,NA,NA,NA,NA,NA,NA
NA,NA,NA,NA,NA,NA,NA
NA,NA,NA,NA,NA,NA,NA
NA,NA,NA,NA,NA,NA,NA
"BC11_BC11_TACTCATAGCAAATCA-1","BC11","Luminal_Epithelial","aneuploid",TRUE,TRUE,"CNV_supported_malignant_candidate"
NA,NA,NA,NA,NA,NA,NA
NA,NA,NA,NA,NA,NA,NA
NA,NA,NA,NA,NA,NA,NA
NA,NA,NA,NA,NA,NA,NA
NA,NA,NA,NA,NA,NA,NA
NA,NA,NA,NA,NA,NA,NA
NA,NA,NA,NA,NA,NA,NA
NA,NA,NA,NA,NA,NA,NA
NA,NA,NA,NA,NA,NA,NA
NA,NA,NA,NA,NA,NA,NA
NA,NA,NA,NA,NA,NA,NA
NA,NA,NA,NA,NA,NA,NA
"BC11_BC11_TACTTACGTCTCCATC-1","BC11","Luminal_Epithelial","aneuploid",TRUE,TRUE,"CNV_supported_malignant_candidate"
NA,NA,NA,NA,NA,NA,NA
NA,NA,NA,NA,NA,NA,NA
NA,NA,NA,NA,NA,NA,NA
NA,NA,NA,NA,NA,NA,NA
NA,NA,NA,NA,NA,NA,NA
NA,NA,NA,NA,NA,NA,NA
NA,NA,NA,NA,NA,NA,NA
NA,NA,NA,NA,NA,NA,NA
NA,NA,NA,NA,NA,NA,NA
NA,NA,NA,NA,NA,NA,NA
NA,NA,NA,NA,NA,NA,NA
NA,NA,NA,NA,NA,NA,NA
NA,NA,NA,NA,NA,NA,NA
NA,NA,NA,NA,NA,NA,NA
NA,NA,NA,NA,NA,NA,NA
"BC11_BC11_TAGAGCTCACATGACT-1","BC11","Luminal_Epithelial","aneuploid",TRUE,TRUE,"CNV_supported_malignant_candidate"
NA,NA,NA,NA,NA,NA,NA
NA,NA,NA,NA,NA,NA,NA
NA,NA,NA,NA,NA,NA,NA
NA,NA,NA,NA,NA,NA,NA
NA,NA,NA,NA,NA,NA,NA
NA,NA,NA,NA,NA,NA,NA
NA,NA,NA,NA,NA,NA,NA
NA,NA,NA,NA,NA,NA,NA
NA,NA,NA,NA,NA,NA,NA
NA,NA,NA,NA,NA,NA,NA
NA,NA,NA,NA,NA,NA,NA
NA,NA,NA,NA,NA,NA,NA
NA,NA,NA,NA,NA,NA,NA
NA,NA,NA,NA,NA,NA,NA
NA,NA,NA,NA,NA,NA,NA
NA,NA,NA,NA,NA,NA,NA
NA,NA,NA,NA,NA,NA,NA
NA,NA,NA,NA,NA,NA,NA
NA,NA,NA,NA,NA,NA,NA
NA,NA,NA,NA,NA,NA,NA
NA,NA,NA,NA,NA,NA,NA
"BC11_BC11_TAGGCATTCTGTCTAT-1","BC11","Luminal_Epithelial","aneuploid",TRUE,TRUE,"CNV_supported_malignant_candidate"
NA,NA,NA,NA,NA,NA,NA
NA,NA,NA,NA,NA,NA,NA
NA,NA,NA,NA,NA,NA,NA
NA,NA,NA,NA,NA,NA,NA
NA,NA,NA,NA,NA,NA,NA
NA,NA,NA,NA,NA,NA,NA
NA,NA,NA,NA,NA,NA,NA
NA,NA,NA,NA,NA,NA,NA
NA,NA,NA,NA,NA,NA,NA
NA,NA,NA,NA,NA,NA,NA
NA,NA,NA,NA,NA,NA,NA
NA,NA,NA,NA,NA,NA,NA
NA,NA,NA,NA,NA,NA,NA
NA,NA,NA,NA,NA,NA,NA
NA,NA,NA,NA,NA,NA,NA
NA,NA,NA,NA,NA,NA,NA
NA,NA,NA,NA,NA,NA,NA
NA,NA,NA,NA,NA,NA,NA
NA,NA,NA,NA,NA,NA,NA
"BC11_BC11_TATCTCACAACAACCT-1","BC11","Luminal_Epithelial","aneuploid",TRUE,TRUE,"CNV_supported_malignant_candidate"
NA,NA,NA,NA,NA,NA,NA
"BC11_BC11_TATCTCAGTTGACGTT-1","BC11","Luminal_Epithelial","aneuploid",TRUE,TRUE,"CNV_supported_malignant_candidate"
NA,NA,NA,NA,NA,NA,NA
"BC11_BC11_TATGCCCTCATCATTC-1","BC11","Luminal_Epithelial","aneuploid",TRUE,TRUE,"CNV_supported_malignant_candidate"
NA,NA,NA,NA,NA,NA,NA
NA,NA,NA,NA,NA,NA,NA
NA,NA,NA,NA,NA,NA,NA
NA,NA,NA,NA,NA,NA,NA
NA,NA,NA,NA,NA,NA,NA
NA,NA,NA,NA,NA,NA,NA
"BC11_BC11_TCAATCTCAACCGCCA-1","BC11","Luminal_Epithelial","aneuploid",TRUE,TRUE,"CNV_supported_malignant_candidate"
NA,NA,NA,NA,NA,NA,NA
"BC11_BC11_TCAATCTGTGCTTCTC-1","BC11","Luminal_Epithelial","aneuploid",TRUE,TRUE,"CNV_supported_malignant_candidate"
"BC11_BC11_TCAATCTGTTCCACAA-1","BC11","Luminal_Epithelial","aneuploid",TRUE,TRUE,"CNV_supported_malignant_candidate"
"BC11_BC11_TCACAAGAGACGCACA-1","BC11","Luminal_Epithelial","aneuploid",TRUE,TRUE,"CNV_supported_malignant_candidate"
NA,NA,NA,NA,NA,NA,NA
NA,NA,NA,NA,NA,NA,NA
NA,NA,NA,NA,NA,NA,NA
NA,NA,NA,NA,NA,NA,NA
NA,NA,NA,NA,NA,NA,NA
NA,NA,NA,NA,NA,NA,NA
NA,NA,NA,NA,NA,NA,NA
NA,NA,NA,NA,NA,NA,NA
NA,NA,NA,NA,NA,NA,NA
NA,NA,NA,NA,NA,NA,NA
NA,NA,NA,NA,NA,NA,NA
"BC11_BC11_TCAGATGAGGCCATAG-1","BC11","Luminal_Epithelial","aneuploid",TRUE,TRUE,"CNV_supported_malignant_candidate"
NA,NA,NA,NA,NA,NA,NA
NA,NA,NA,NA,NA,NA,NA
NA,NA,NA,NA,NA,NA,NA
NA,NA,NA,NA,NA,NA,NA
NA,NA,NA,NA,NA,NA,NA
NA,NA,NA,NA,NA,NA,NA
"BC11_BC11_TCAGCAAGTGTCTGAT-1","BC11","Luminal_Epithelial","aneuploid",TRUE,TRUE,"CNV_supported_malignant_candidate"
NA,NA,NA,NA,NA,NA,NA
NA,NA,NA,NA,NA,NA,NA
NA,NA,NA,NA,NA,NA,NA
NA,NA,NA,NA,NA,NA,NA
NA,NA,NA,NA,NA,NA,NA
NA,NA,NA,NA,NA,NA,NA
NA,NA,NA,NA,NA,NA,NA
NA,NA,NA,NA,NA,NA,NA
NA,NA,NA,NA,NA,NA,NA
NA,NA,NA,NA,NA,NA,NA
NA,NA,NA,NA,NA,NA,NA
NA,NA,NA,NA,NA,NA,NA
NA,NA,NA,NA,NA,NA,NA
NA,NA,NA,NA,NA,NA,NA
"BC11_BC11_TCAGGTAAGCCTCGTG-1","BC11","Luminal_Epithelial","aneuploid",TRUE,TRUE,"CNV_supported_malignant_candidate"
NA,NA,NA,NA,NA,NA,NA
NA,NA,NA,NA,NA,NA,NA
NA,NA,NA,NA,NA,NA,NA
NA,NA,NA,NA,NA,NA,NA
"BC11_BC11_TCAGGTATCGGAAATA-1","BC11","Luminal_Epithelial","aneuploid",TRUE,TRUE,"CNV_supported_malignant_candidate"
NA,NA,NA,NA,NA,NA,NA
NA,NA,NA,NA,NA,NA,NA
NA,NA,NA,NA,NA,NA,NA
"BC11_BC11_TCATTACAGGGATGGG-1","BC11","Luminal_Epithelial","aneuploid",TRUE,TRUE,"CNV_supported_malignant_candidate"
NA,NA,NA,NA,NA,NA,NA
NA,NA,NA,NA,NA,NA,NA
"BC11_BC11_TCATTACGTAGCGTGA-1","BC11","Luminal_Epithelial","aneuploid",TRUE,TRUE,"CNV_supported_malignant_candidate"
NA,NA,NA,NA,NA,NA,NA
NA,NA,NA,NA,NA,NA,NA
NA,NA,NA,NA,NA,NA,NA
NA,NA,NA,NA,NA,NA,NA
NA,NA,NA,NA,NA,NA,NA
NA,NA,NA,NA,NA,NA,NA
NA,NA,NA,NA,NA,NA,NA
NA,NA,NA,NA,NA,NA,NA
NA,NA,NA,NA,NA,NA,NA
NA,NA,NA,NA,NA,NA,NA
NA,NA,NA,NA,NA,NA,NA
NA,NA,NA,NA,NA,NA,NA
NA,NA,NA,NA,NA,NA,NA
NA,NA,NA,NA,NA,NA,NA
"BC11_BC11_TCCCGATGTTTGGGCC-1","BC11","Basal_Like_Epithelial","aneuploid",TRUE,TRUE,"CNV_supported_malignant_candidate"
NA,NA,NA,NA,NA,NA,NA
"BC11_BC11_TCGAGGCAGCTACCGC-1","BC11","Luminal_Epithelial","aneuploid",TRUE,TRUE,"CNV_supported_malignant_candidate"
NA,NA,NA,NA,NA,NA,NA
NA,NA,NA,NA,NA,NA,NA
NA,NA,NA,NA,NA,NA,NA
NA,NA,NA,NA,NA,NA,NA
NA,NA,NA,NA,NA,NA,NA
NA,NA,NA,NA,NA,NA,NA
NA,NA,NA,NA,NA,NA,NA
NA,NA,NA,NA,NA,NA,NA
NA,NA,NA,NA,NA,NA,NA
"BC11_BC11_TCGCGTTCAACTGCTA-1","BC11","Luminal_Epithelial","aneuploid",TRUE,TRUE,"CNV_supported_malignant_candidate"
NA,NA,NA,NA,NA,NA,NA
NA,NA,NA,NA,NA,NA,NA
NA,NA,NA,NA,NA,NA,NA
NA,NA,NA,NA,NA,NA,NA
NA,NA,NA,NA,NA,NA,NA
NA,NA,NA,NA,NA,NA,NA
NA,NA,NA,NA,NA,NA,NA
NA,NA,NA,NA,NA,NA,NA
NA,NA,NA,NA,NA,NA,NA
NA,NA,NA,NA,NA,NA,NA
NA,NA,NA,NA,NA,NA,NA
NA,NA,NA,NA,NA,NA,NA
NA,NA,NA,NA,NA,NA,NA
NA,NA,NA,NA,NA,NA,NA
NA,NA,NA,NA,NA,NA,NA
"BC11_BC11_TCGTACCTCTGGCGAC-1","BC11","Luminal_Epithelial","aneuploid",TRUE,TRUE,"CNV_supported_malignant_candidate"
"BC11_BC11_TCGTAGAAGCGATGAC-1","BC11","Luminal_Epithelial","aneuploid",TRUE,TRUE,"CNV_supported_malignant_candidate"
NA,NA,NA,NA,NA,NA,NA
NA,NA,NA,NA,NA,NA,NA
NA,NA,NA,NA,NA,NA,NA
"BC11_BC11_TCGTAGACATACCATG-1","BC11","Luminal_Epithelial","aneuploid",TRUE,TRUE,"CNV_supported_malignant_candidate"
NA,NA,NA,NA,NA,NA,NA
NA,NA,NA,NA,NA,NA,NA
NA,NA,NA,NA,NA,NA,NA
NA,NA,NA,NA,NA,NA,NA
"BC11_BC11_TCTATTGCATTGCGGC-1","BC11","Luminal_Epithelial","aneuploid",TRUE,TRUE,"CNV_supported_malignant_candidate"
NA,NA,NA,NA,NA,NA,NA
NA,NA,NA,NA,NA,NA,NA
NA,NA,NA,NA,NA,NA,NA
NA,NA,NA,NA,NA,NA,NA
NA,NA,NA,NA,NA,NA,NA
NA,NA,NA,NA,NA,NA,NA
NA,NA,NA,NA,NA,NA,NA
"BC11_BC11_TCTCATAAGGAGTCTG-1","BC11","Luminal_Epithelial","aneuploid",TRUE,TRUE,"CNV_supported_malignant_candidate"
NA,NA,NA,NA,NA,NA,NA
NA,NA,NA,NA,NA,NA,NA
NA,NA,NA,NA,NA,NA,NA
NA,NA,NA,NA,NA,NA,NA
"BC11_BC11_TCTCTAACAAGTCTGT-1","BC11","Luminal_Epithelial","aneuploid",TRUE,TRUE,"CNV_supported_malignant_candidate"
NA,NA,NA,NA,NA,NA,NA
NA,NA,NA,NA,NA,NA,NA
NA,NA,NA,NA,NA,NA,NA
NA,NA,NA,NA,NA,NA,NA
NA,NA,NA,NA,NA,NA,NA
NA,NA,NA,NA,NA,NA,NA
NA,NA,NA,NA,NA,NA,NA
NA,NA,NA,NA,NA,NA,NA
NA,NA,NA,NA,NA,NA,NA
NA,NA,NA,NA,NA,NA,NA
NA,NA,NA,NA,NA,NA,NA
NA,NA,NA,NA,NA,NA,NA
"BC11_BC11_TCTGGAAAGCCCGAAA-1","BC11","Luminal_Epithelial","aneuploid",TRUE,TRUE,"CNV_supported_malignant_candidate"
NA,NA,NA,NA,NA,NA,NA
"BC11_BC11_TCTGGAATCCAGAGGA-1","BC11","Luminal_Epithelial","aneuploid",TRUE,TRUE,"CNV_supported_malignant_candidate"
NA,NA,NA,NA,NA,NA,NA
NA,NA,NA,NA,NA,NA,NA
"BC11_BC11_TCTTCGGTCACCCTCA-1","BC11","Luminal_Epithelial","aneuploid",TRUE,TRUE,"CNV_supported_malignant_candidate"
NA,NA,NA,NA,NA,NA,NA
NA,NA,NA,NA,NA,NA,NA
NA,NA,NA,NA,NA,NA,NA
NA,NA,NA,NA,NA,NA,NA
NA,NA,NA,NA,NA,NA,NA
"BC11_BC11_TGAAAGAAGCTCCCAG-1","BC11","Luminal_Epithelial","aneuploid",TRUE,TRUE,"CNV_supported_malignant_candidate"
NA,NA,NA,NA,NA,NA,NA
NA,NA,NA,NA,NA,NA,NA
NA,NA,NA,NA,NA,NA,NA
NA,NA,NA,NA,NA,NA,NA
NA,NA,NA,NA,NA,NA,NA
NA,NA,NA,NA,NA,NA,NA
NA,NA,NA,NA,NA,NA,NA
NA,NA,NA,NA,NA,NA,NA
NA,NA,NA,NA,NA,NA,NA
NA,NA,NA,NA,NA,NA,NA
NA,NA,NA,NA,NA,NA,NA
NA,NA,NA,NA,NA,NA,NA
NA,NA,NA,NA,NA,NA,NA
"BC11_BC11_TGACAACTCCATGCTC-1","BC11","Luminal_Epithelial","aneuploid",TRUE,TRUE,"CNV_supported_malignant_candidate"
NA,NA,NA,NA,NA,NA,NA
NA,NA,NA,NA,NA,NA,NA
NA,NA,NA,NA,NA,NA,NA
NA,NA,NA,NA,NA,NA,NA
NA,NA,NA,NA,NA,NA,NA
NA,NA,NA,NA,NA,NA,NA
NA,NA,NA,NA,NA,NA,NA
"BC11_BC11_TGACGGCTCTGCAAGT-1","BC11","Luminal_Epithelial","aneuploid",TRUE,TRUE,"CNV_supported_malignant_candidate"
NA,NA,NA,NA,NA,NA,NA
NA,NA,NA,NA,NA,NA,NA
NA,NA,NA,NA,NA,NA,NA
NA,NA,NA,NA,NA,NA,NA
NA,NA,NA,NA,NA,NA,NA
NA,NA,NA,NA,NA,NA,NA
NA,NA,NA,NA,NA,NA,NA
NA,NA,NA,NA,NA,NA,NA
NA,NA,NA,NA,NA,NA,NA
NA,NA,NA,NA,NA,NA,NA
"BC11_BC11_TGAGAGGCATTCTCAT-1","BC11","Luminal_Epithelial","aneuploid",TRUE,TRUE,"CNV_supported_malignant_candidate"
NA,NA,NA,NA,NA,NA,NA
NA,NA,NA,NA,NA,NA,NA
"BC11_BC11_TGAGCATGTTACGGAG-1","BC11","Luminal_Epithelial","aneuploid",TRUE,TRUE,"CNV_supported_malignant_candidate"
NA,NA,NA,NA,NA,NA,NA
"BC11_BC11_TGAGCCGCACGTCAGC-1","BC11","Luminal_Epithelial","aneuploid",TRUE,TRUE,"CNV_supported_malignant_candidate"
NA,NA,NA,NA,NA,NA,NA
NA,NA,NA,NA,NA,NA,NA
NA,NA,NA,NA,NA,NA,NA
NA,NA,NA,NA,NA,NA,NA
NA,NA,NA,NA,NA,NA,NA
"BC11_BC11_TGAGGGATCACTATTC-1","BC11","Luminal_Epithelial","aneuploid",TRUE,TRUE,"CNV_supported_malignant_candidate"
NA,NA,NA,NA,NA,NA,NA
NA,NA,NA,NA,NA,NA,NA
NA,NA,NA,NA,NA,NA,NA
NA,NA,NA,NA,NA,NA,NA
NA,NA,NA,NA,NA,NA,NA
NA,NA,NA,NA,NA,NA,NA
"BC11_BC11_TGATTTCGTAGCGTGA-1","BC11","Luminal_Epithelial","aneuploid",TRUE,TRUE,"CNV_supported_malignant_candidate"
NA,NA,NA,NA,NA,NA,NA
NA,NA,NA,NA,NA,NA,NA
NA,NA,NA,NA,NA,NA,NA
NA,NA,NA,NA,NA,NA,NA
"BC11_BC11_TGCACCTGTTGGGACA-1","BC11","Luminal_Epithelial","aneuploid",TRUE,TRUE,"CNV_supported_malignant_candidate"
NA,NA,NA,NA,NA,NA,NA
NA,NA,NA,NA,NA,NA,NA
NA,NA,NA,NA,NA,NA,NA
NA,NA,NA,NA,NA,NA,NA
NA,NA,NA,NA,NA,NA,NA
NA,NA,NA,NA,NA,NA,NA
NA,NA,NA,NA,NA,NA,NA
NA,NA,NA,NA,NA,NA,NA
NA,NA,NA,NA,NA,NA,NA
NA,NA,NA,NA,NA,NA,NA
NA,NA,NA,NA,NA,NA,NA
NA,NA,NA,NA,NA,NA,NA
NA,NA,NA,NA,NA,NA,NA
NA,NA,NA,NA,NA,NA,NA
NA,NA,NA,NA,NA,NA,NA
NA,NA,NA,NA,NA,NA,NA
NA,NA,NA,NA,NA,NA,NA
NA,NA,NA,NA,NA,NA,NA
NA,NA,NA,NA,NA,NA,NA
NA,NA,NA,NA,NA,NA,NA
NA,NA,NA,NA,NA,NA,NA
NA,NA,NA,NA,NA,NA,NA
NA,NA,NA,NA,NA,NA,NA
"BC11_BC11_TGCGCAGAGGTTCCTA-1","BC11","Luminal_Epithelial","aneuploid",TRUE,TRUE,"CNV_supported_malignant_candidate"
NA,NA,NA,NA,NA,NA,NA
NA,NA,NA,NA,NA,NA,NA
NA,NA,NA,NA,NA,NA,NA
NA,NA,NA,NA,NA,NA,NA
NA,NA,NA,NA,NA,NA,NA
NA,NA,NA,NA,NA,NA,NA
NA,NA,NA,NA,NA,NA,NA
NA,NA,NA,NA,NA,NA,NA
"BC11_BC11_TGCTGCTGTCGTGGCT-1","BC11","Luminal_Epithelial","aneuploid",TRUE,TRUE,"CNV_supported_malignant_candidate"
NA,NA,NA,NA,NA,NA,NA
NA,NA,NA,NA,NA,NA,NA
NA,NA,NA,NA,NA,NA,NA
NA,NA,NA,NA,NA,NA,NA
NA,NA,NA,NA,NA,NA,NA
NA,NA,NA,NA,NA,NA,NA
NA,NA,NA,NA,NA,NA,NA
"BC11_BC11_TGGCCAGGTCCAAGTT-1","BC11","Luminal_Epithelial","aneuploid",TRUE,TRUE,"CNV_supported_malignant_candidate"
NA,NA,NA,NA,NA,NA,NA
NA,NA,NA,NA,NA,NA,NA
NA,NA,NA,NA,NA,NA,NA
NA,NA,NA,NA,NA,NA,NA
NA,NA,NA,NA,NA,NA,NA
NA,NA,NA,NA,NA,NA,NA
NA,NA,NA,NA,NA,NA,NA
NA,NA,NA,NA,NA,NA,NA
NA,NA,NA,NA,NA,NA,NA
NA,NA,NA,NA,NA,NA,NA
NA,NA,NA,NA,NA,NA,NA
NA,NA,NA,NA,NA,NA,NA
NA,NA,NA,NA,NA,NA,NA
NA,NA,NA,NA,NA,NA,NA
NA,NA,NA,NA,NA,NA,NA
NA,NA,NA,NA,NA,NA,NA
NA,NA,NA,NA,NA,NA,NA
NA,NA,NA,NA,NA,NA,NA
NA,NA,NA,NA,NA,NA,NA
NA,NA,NA,NA,NA,NA,NA
NA,NA,NA,NA,NA,NA,NA
NA,NA,NA,NA,NA,NA,NA
NA,NA,NA,NA,NA,NA,NA
NA,NA,NA,NA,NA,NA,NA
NA,NA,NA,NA,NA,NA,NA
NA,NA,NA,NA,NA,NA,NA
NA,NA,NA,NA,NA,NA,NA
NA,NA,NA,NA,NA,NA,NA
NA,NA,NA,NA,NA,NA,NA
NA,NA,NA,NA,NA,NA,NA
"BC11_BC11_TGGTTCCCAGCTTCGG-1","BC11","Luminal_Epithelial","aneuploid",TRUE,TRUE,"CNV_supported_malignant_candidate"
NA,NA,NA,NA,NA,NA,NA
NA,NA,NA,NA,NA,NA,NA
NA,NA,NA,NA,NA,NA,NA
NA,NA,NA,NA,NA,NA,NA
NA,NA,NA,NA,NA,NA,NA
NA,NA,NA,NA,NA,NA,NA
NA,NA,NA,NA,NA,NA,NA
NA,NA,NA,NA,NA,NA,NA
NA,NA,NA,NA,NA,NA,NA
NA,NA,NA,NA,NA,NA,NA
NA,NA,NA,NA,NA,NA,NA
NA,NA,NA,NA,NA,NA,NA
NA,NA,NA,NA,NA,NA,NA
NA,NA,NA,NA,NA,NA,NA
NA,NA,NA,NA,NA,NA,NA
NA,NA,NA,NA,NA,NA,NA
NA,NA,NA,NA,NA,NA,NA
NA,NA,NA,NA,NA,NA,NA
NA,NA,NA,NA,NA,NA,NA
NA,NA,NA,NA,NA,NA,NA
NA,NA,NA,NA,NA,NA,NA
NA,NA,NA,NA,NA,NA,NA
NA,NA,NA,NA,NA,NA,NA
NA,NA,NA,NA,NA,NA,NA
NA,NA,NA,NA,NA,NA,NA
NA,NA,NA,NA,NA,NA,NA
NA,NA,NA,NA,NA,NA,NA
NA,NA,NA,NA,NA,NA,NA
NA,NA,NA,NA,NA,NA,NA
NA,NA,NA,NA,NA,NA,NA
NA,NA,NA,NA,NA,NA,NA
NA,NA,NA,NA,NA,NA,NA
NA,NA,NA,NA,NA,NA,NA
NA,NA,NA,NA,NA,NA,NA
NA,NA,NA,NA,NA,NA,NA
NA,NA,NA,NA,NA,NA,NA
NA,NA,NA,NA,NA,NA,NA
NA,NA,NA,NA,NA,NA,NA
NA,NA,NA,NA,NA,NA,NA
NA,NA,NA,NA,NA,NA,NA
NA,NA,NA,NA,NA,NA,NA
NA,NA,NA,NA,NA,NA,NA
NA,NA,NA,NA,NA,NA,NA
NA,NA,NA,NA,NA,NA,NA
NA,NA,NA,NA,NA,NA,NA
NA,NA,NA,NA,NA,NA,NA
NA,NA,NA,NA,NA,NA,NA
NA,NA,NA,NA,NA,NA,NA
NA,NA,NA,NA,NA,NA,NA
NA,NA,NA,NA,NA,NA,NA
"BC11_BC11_TTAGGCAGTACTCTCC-1","BC11","Luminal_Epithelial","aneuploid",TRUE,TRUE,"CNV_supported_malignant_candidate"
"BC11_BC11_TTAGGCAGTCGAAAGC-1","BC11","Luminal_Epithelial","aneuploid",TRUE,TRUE,"CNV_supported_malignant_candidate"
NA,NA,NA,NA,NA,NA,NA
NA,NA,NA,NA,NA,NA,NA
NA,NA,NA,NA,NA,NA,NA
NA,NA,NA,NA,NA,NA,NA
NA,NA,NA,NA,NA,NA,NA
NA,NA,NA,NA,NA,NA,NA
"BC11_BC11_TTAGTTCCACTGTTAG-1","BC11","Luminal_Epithelial","aneuploid",TRUE,TRUE,"CNV_supported_malignant_candidate"
NA,NA,NA,NA,NA,NA,NA
NA,NA,NA,NA,NA,NA,NA
NA,NA,NA,NA,NA,NA,NA
NA,NA,NA,NA,NA,NA,NA
NA,NA,NA,NA,NA,NA,NA
NA,NA,NA,NA,NA,NA,NA
NA,NA,NA,NA,NA,NA,NA
NA,NA,NA,NA,NA,NA,NA
"BC11_BC11_TTCGAAGAGGGAAACA-1","BC11","Luminal_Epithelial","aneuploid",TRUE,TRUE,"CNV_supported_malignant_candidate"
NA,NA,NA,NA,NA,NA,NA
NA,NA,NA,NA,NA,NA,NA
NA,NA,NA,NA,NA,NA,NA
NA,NA,NA,NA,NA,NA,NA
NA,NA,NA,NA,NA,NA,NA
NA,NA,NA,NA,NA,NA,NA
NA,NA,NA,NA,NA,NA,NA
NA,NA,NA,NA,NA,NA,NA
"BC11_BC11_TTCTACAAGAAACGAG-1","BC11","Luminal_Epithelial","aneuploid",TRUE,TRUE,"CNV_supported_malignant_candidate"
NA,NA,NA,NA,NA,NA,NA
NA,NA,NA,NA,NA,NA,NA
NA,NA,NA,NA,NA,NA,NA
NA,NA,NA,NA,NA,NA,NA
"BC11_BC11_TTCTCAAAGTATGACA-1","BC11","Luminal_Epithelial","aneuploid",TRUE,TRUE,"CNV_supported_malignant_candidate"
NA,NA,NA,NA,NA,NA,NA
NA,NA,NA,NA,NA,NA,NA
NA,NA,NA,NA,NA,NA,NA
NA,NA,NA,NA,NA,NA,NA
NA,NA,NA,NA,NA,NA,NA
NA,NA,NA,NA,NA,NA,NA
NA,NA,NA,NA,NA,NA,NA
"BC11_BC11_TTCTCCTGTATAATGG-1","BC11","Luminal_Epithelial","aneuploid",TRUE,TRUE,"CNV_supported_malignant_candidate"
NA,NA,NA,NA,NA,NA,NA
NA,NA,NA,NA,NA,NA,NA
NA,NA,NA,NA,NA,NA,NA
NA,NA,NA,NA,NA,NA,NA
NA,NA,NA,NA,NA,NA,NA
NA,NA,NA,NA,NA,NA,NA
NA,NA,NA,NA,NA,NA,NA
NA,NA,NA,NA,NA,NA,NA
NA,NA,NA,NA,NA,NA,NA
NA,NA,NA,NA,NA,NA,NA
NA,NA,NA,NA,NA,NA,NA
NA,NA,NA,NA,NA,NA,NA
NA,NA,NA,NA,NA,NA,NA
NA,NA,NA,NA,NA,NA,NA
NA,NA,NA,NA,NA,NA,NA
NA,NA,NA,NA,NA,NA,NA
NA,NA,NA,NA,NA,NA,NA
NA,NA,NA,NA,NA,NA,NA
NA,NA,NA,NA,NA,NA,NA
NA,NA,NA,NA,NA,NA,NA
"BC11_BC11_TTGCGTCAGCCAACAG-1","BC11","Luminal_Epithelial","aneuploid",TRUE,TRUE,"CNV_supported_malignant_candidate"
NA,NA,NA,NA,NA,NA,NA
"BC11_BC11_TTGCGTCCACTGTTAG-1","BC11","Luminal_Epithelial","aneuploid",TRUE,TRUE,"CNV_supported_malignant_candidate"
NA,NA,NA,NA,NA,NA,NA
NA,NA,NA,NA,NA,NA,NA
NA,NA,NA,NA,NA,NA,NA
NA,NA,NA,NA,NA,NA,NA
"BC11_BC11_TTGCGTCTCCAAGTAC-1","BC11","Luminal_Epithelial","aneuploid",TRUE,TRUE,"CNV_supported_malignant_candidate"
NA,NA,NA,NA,NA,NA,NA
"BC11_BC11_TTGCGTCTCGGATGTT-1","BC11","Luminal_Epithelial","aneuploid",TRUE,TRUE,"CNV_supported_malignant_candidate"
NA,NA,NA,NA,NA,NA,NA
NA,NA,NA,NA,NA,NA,NA
NA,NA,NA,NA,NA,NA,NA
NA,NA,NA,NA,NA,NA,NA
NA,NA,NA,NA,NA,NA,NA
NA,NA,NA,NA,NA,NA,NA
NA,NA,NA,NA,NA,NA,NA
NA,NA,NA,NA,NA,NA,NA
NA,NA,NA,NA,NA,NA,NA
NA,NA,NA,NA,NA,NA,NA
"BC11_BC11_TTGTAGGCAGCCACCA-1","BC11","Luminal_Epithelial","aneuploid",TRUE,TRUE,"CNV_supported_malignant_candidate"
"BC11_BC11_TTGTAGGCATAGACTC-1","BC11","Luminal_Epithelial","aneuploid",TRUE,TRUE,"CNV_supported_malignant_candidate"
NA,NA,NA,NA,NA,NA,NA
NA,NA,NA,NA,NA,NA,NA
NA,NA,NA,NA,NA,NA,NA
NA,NA,NA,NA,NA,NA,NA
"BC11_BC11_TTTACTGGTCCCTTGT-1","BC11","Basal_Like_Epithelial","aneuploid",TRUE,TRUE,"CNV_supported_malignant_candidate"
NA,NA,NA,NA,NA,NA,NA
NA,NA,NA,NA,NA,NA,NA
NA,NA,NA,NA,NA,NA,NA
NA,NA,NA,NA,NA,NA,NA
"BC11_BC11_TTTATGCCAATAGAGT-1","BC11","Luminal_Epithelial","aneuploid",TRUE,TRUE,"CNV_supported_malignant_candidate"
NA,NA,NA,NA,NA,NA,NA
NA,NA,NA,NA,NA,NA,NA
NA,NA,NA,NA,NA,NA,NA
NA,NA,NA,NA,NA,NA,NA
NA,NA,NA,NA,NA,NA,NA
NA,NA,NA,NA,NA,NA,NA
NA,NA,NA,NA,NA,NA,NA
"BC11_BC11_TTTCCTCCATGGGACA-1","BC11","Luminal_Epithelial","aneuploid",TRUE,TRUE,"CNV_supported_malignant_candidate"
NA,NA,NA,NA,NA,NA,NA
NA,NA,NA,NA,NA,NA,NA
NA,NA,NA,NA,NA,NA,NA
NA,NA,NA,NA,NA,NA,NA
NA,NA,NA,NA,NA,NA,NA
NA,NA,NA,NA,NA,NA,NA
NA,NA,NA,NA,NA,NA,NA
NA,NA,NA,NA,NA,NA,NA
NA,NA,NA,NA,NA,NA,NA
NA,NA,NA,NA,NA,NA,NA
"BC11_BC11_TTTGGTTGTCTAGGTT-1","BC11","Luminal_Epithelial","aneuploid",TRUE,TRUE,"CNV_supported_malignant_candidate"
NA,NA,NA,NA,NA,NA,NA
NA,NA,NA,NA,NA,NA,NA
NA,NA,NA,NA,NA,NA,NA
NA,NA,NA,NA,NA,NA,NA
NA,NA,NA,NA,NA,NA,NA
NA,NA,NA,NA,NA,NA,NA
"BC11_BC11_TTTGTCAAGCTACCTA-1","BC11","Basal_Like_Epithelial","aneuploid",TRUE,TRUE,"CNV_supported_malignant_candidate"
NA,NA,NA,NA,NA,NA,NA
NA,NA,NA,NA,NA,NA,NA
NA,NA,NA,NA,NA,NA,NA
NA,NA,NA,NA,NA,NA,NA
NA,NA,NA,NA,NA,NA,NA
"BC11_BC11_TTTGTCATCAACACAC-1","BC11","Luminal_Epithelial","aneuploid",TRUE,TRUE,"CNV_supported_malignant_candidate"
NA,NA,NA,NA,NA,NA,NA
NA,NA,NA,NA,NA,NA,NA
NA,NA,NA,NA,NA,NA,NA
NA,NA,NA,NA,NA,NA,NA
NA,NA,NA,NA,NA,NA,NA
"BC12_BC12_AAACCTGTCAAGATCC-1","BC12","Luminal_Epithelial","aneuploid",TRUE,TRUE,"CNV_supported_malignant_candidate"
NA,NA,NA,NA,NA,NA,NA
"BC12_BC12_AAACGGGCACCAGGTC-1","BC12","Luminal_Epithelial","aneuploid",TRUE,TRUE,"CNV_supported_malignant_candidate"
NA,NA,NA,NA,NA,NA,NA
"BC12_BC12_AAACGGGTCAAACGGG-1","BC12","Basal_Like_Epithelial","aneuploid",TRUE,TRUE,"CNV_supported_malignant_candidate"
NA,NA,NA,NA,NA,NA,NA
"BC12_BC12_AAAGATGAGCTACCGC-1","BC12","Luminal_Epithelial","aneuploid",TRUE,TRUE,"CNV_supported_malignant_candidate"
"BC12_BC12_AAAGATGGTAAGTTCC-1","BC12","Basal_Like_Epithelial","aneuploid",TRUE,TRUE,"CNV_supported_malignant_candidate"
NA,NA,NA,NA,NA,NA,NA
NA,NA,NA,NA,NA,NA,NA
NA,NA,NA,NA,NA,NA,NA
NA,NA,NA,NA,NA,NA,NA
NA,NA,NA,NA,NA,NA,NA
NA,NA,NA,NA,NA,NA,NA
NA,NA,NA,NA,NA,NA,NA
NA,NA,NA,NA,NA,NA,NA
"BC12_BC12_AAAGTAGTCATAGCAC-1","BC12","Basal_Like_Epithelial","aneuploid",TRUE,TRUE,"CNV_supported_malignant_candidate"
NA,NA,NA,NA,NA,NA,NA
NA,NA,NA,NA,NA,NA,NA
NA,NA,NA,NA,NA,NA,NA
"BC12_BC12_AACACGTAGGCCCGTT-1","BC12","Basal_Like_Epithelial","aneuploid",TRUE,TRUE,"CNV_supported_malignant_candidate"
NA,NA,NA,NA,NA,NA,NA
NA,NA,NA,NA,NA,NA,NA
"BC12_BC12_AACACGTCACCCATTC-1","BC12","Luminal_Epithelial","aneuploid",TRUE,TRUE,"CNV_supported_malignant_candidate"
"BC12_BC12_AACACGTTCGTCTGCT-1","BC12","Luminal_Epithelial","aneuploid",TRUE,TRUE,"CNV_supported_malignant_candidate"
NA,NA,NA,NA,NA,NA,NA
NA,NA,NA,NA,NA,NA,NA
NA,NA,NA,NA,NA,NA,NA
"BC12_BC12_AACCATGCACCCTATC-1","BC12","Luminal_Epithelial","aneuploid",TRUE,TRUE,"CNV_supported_malignant_candidate"
"BC12_BC12_AACCATGCATGTCGAT-1","BC12","Luminal_Epithelial","aneuploid",TRUE,TRUE,"CNV_supported_malignant_candidate"
NA,NA,NA,NA,NA,NA,NA
NA,NA,NA,NA,NA,NA,NA
NA,NA,NA,NA,NA,NA,NA
NA,NA,NA,NA,NA,NA,NA
NA,NA,NA,NA,NA,NA,NA
NA,NA,NA,NA,NA,NA,NA
NA,NA,NA,NA,NA,NA,NA
NA,NA,NA,NA,NA,NA,NA
NA,NA,NA,NA,NA,NA,NA
NA,NA,NA,NA,NA,NA,NA
NA,NA,NA,NA,NA,NA,NA
NA,NA,NA,NA,NA,NA,NA
"BC12_BC12_AACTCAGGTTTCCACC-1","BC12","Luminal_Epithelial","aneuploid",TRUE,TRUE,"CNV_supported_malignant_candidate"
"BC12_BC12_AACTCAGTCTAGCACA-1","BC12","Basal_Like_Epithelial","aneuploid",TRUE,TRUE,"CNV_supported_malignant_candidate"
NA,NA,NA,NA,NA,NA,NA
NA,NA,NA,NA,NA,NA,NA
NA,NA,NA,NA,NA,NA,NA
NA,NA,NA,NA,NA,NA,NA
NA,NA,NA,NA,NA,NA,NA
NA,NA,NA,NA,NA,NA,NA
"BC12_BC12_AACTCTTAGCGATATA-1","BC12","Basal_Like_Epithelial","aneuploid",TRUE,TRUE,"CNV_supported_malignant_candidate"
NA,NA,NA,NA,NA,NA,NA
"BC12_BC12_AACTCTTCAACTTGAC-1","BC12","Basal_Like_Epithelial","aneuploid",TRUE,TRUE,"CNV_supported_malignant_candidate"
"BC12_BC12_AACTCTTCATACTCTT-1","BC12","Basal_Like_Epithelial","aneuploid",TRUE,TRUE,"CNV_supported_malignant_candidate"
"BC12_BC12_AACTCTTGTTTGTTGG-1","BC12","Luminal_Epithelial","aneuploid",TRUE,TRUE,"CNV_supported_malignant_candidate"
NA,NA,NA,NA,NA,NA,NA
NA,NA,NA,NA,NA,NA,NA
NA,NA,NA,NA,NA,NA,NA
"BC12_BC12_AACTGGTGTGCTCTTC-1","BC12","Luminal_Epithelial","aneuploid",TRUE,TRUE,"CNV_supported_malignant_candidate"
NA,NA,NA,NA,NA,NA,NA
"BC12_BC12_AACTTTCCACTATCTT-1","BC12","Basal_Like_Epithelial","aneuploid",TRUE,TRUE,"CNV_supported_malignant_candidate"
"BC12_BC12_AACTTTCTCAGCATGT-1","BC12","Basal_Like_Epithelial","aneuploid",TRUE,TRUE,"CNV_supported_malignant_candidate"
"BC12_BC12_AACTTTCTCCTTTCGG-1","BC12","Luminal_Epithelial","aneuploid",TRUE,TRUE,"CNV_supported_malignant_candidate"
NA,NA,NA,NA,NA,NA,NA
NA,NA,NA,NA,NA,NA,NA
"BC12_BC12_AAGACCTCACGCATCG-1","BC12","Basal_Like_Epithelial","aneuploid",TRUE,TRUE,"CNV_supported_malignant_candidate"
NA,NA,NA,NA,NA,NA,NA
NA,NA,NA,NA,NA,NA,NA
NA,NA,NA,NA,NA,NA,NA
NA,NA,NA,NA,NA,NA,NA
"BC12_BC12_AAGACCTTCTTTCCTC-1","BC12","Luminal_Epithelial","aneuploid",TRUE,TRUE,"CNV_supported_malignant_candidate"
NA,NA,NA,NA,NA,NA,NA
NA,NA,NA,NA,NA,NA,NA
NA,NA,NA,NA,NA,NA,NA
NA,NA,NA,NA,NA,NA,NA
NA,NA,NA,NA,NA,NA,NA
NA,NA,NA,NA,NA,NA,NA
"BC12_BC12_AAGGAGCCATGTTGAC-1","BC12","Luminal_Epithelial","aneuploid",TRUE,TRUE,"CNV_supported_malignant_candidate"
"BC12_BC12_AAGGAGCGTAGAGCTG-1","BC12","Basal_Like_Epithelial","aneuploid",TRUE,TRUE,"CNV_supported_malignant_candidate"
NA,NA,NA,NA,NA,NA,NA
"BC12_BC12_AAGGAGCTCAAGCCTA-1","BC12","Basal_Like_Epithelial","aneuploid",TRUE,TRUE,"CNV_supported_malignant_candidate"
NA,NA,NA,NA,NA,NA,NA
NA,NA,NA,NA,NA,NA,NA
NA,NA,NA,NA,NA,NA,NA
"BC12_BC12_AAGGCAGAGTTACCCA-1","BC12","Basal_Like_Epithelial","aneuploid",TRUE,TRUE,"CNV_supported_malignant_candidate"
"BC12_BC12_AAGGCAGTCGCACTCT-1","BC12","Luminal_Epithelial","aneuploid",TRUE,TRUE,"CNV_supported_malignant_candidate"
NA,NA,NA,NA,NA,NA,NA
NA,NA,NA,NA,NA,NA,NA
NA,NA,NA,NA,NA,NA,NA
"BC12_BC12_AAGTCTGAGGGCTCTC-1","BC12","Luminal_Epithelial","aneuploid",TRUE,TRUE,"CNV_supported_malignant_candidate"
NA,NA,NA,NA,NA,NA,NA
NA,NA,NA,NA,NA,NA,NA
NA,NA,NA,NA,NA,NA,NA
NA,NA,NA,NA,NA,NA,NA
NA,NA,NA,NA,NA,NA,NA
NA,NA,NA,NA,NA,NA,NA
NA,NA,NA,NA,NA,NA,NA
NA,NA,NA,NA,NA,NA,NA
NA,NA,NA,NA,NA,NA,NA
NA,NA,NA,NA,NA,NA,NA
NA,NA,NA,NA,NA,NA,NA
NA,NA,NA,NA,NA,NA,NA
NA,NA,NA,NA,NA,NA,NA
"BC12_BC12_ACACCAACAAAGCAAT-1","BC12","Basal_Like_Epithelial","aneuploid",TRUE,TRUE,"CNV_supported_malignant_candidate"
NA,NA,NA,NA,NA,NA,NA
NA,NA,NA,NA,NA,NA,NA
NA,NA,NA,NA,NA,NA,NA
NA,NA,NA,NA,NA,NA,NA
NA,NA,NA,NA,NA,NA,NA
NA,NA,NA,NA,NA,NA,NA
NA,NA,NA,NA,NA,NA,NA
NA,NA,NA,NA,NA,NA,NA
NA,NA,NA,NA,NA,NA,NA
NA,NA,NA,NA,NA,NA,NA
NA,NA,NA,NA,NA,NA,NA
"BC12_BC12_ACAGCCGGTCGTCTTC-1","BC12","Luminal_Epithelial","aneuploid",TRUE,TRUE,"CNV_supported_malignant_candidate"
NA,NA,NA,NA,NA,NA,NA
NA,NA,NA,NA,NA,NA,NA
NA,NA,NA,NA,NA,NA,NA
NA,NA,NA,NA,NA,NA,NA
"BC12_BC12_ACATACGAGTACGCCC-1","BC12","Basal_Like_Epithelial","aneuploid",TRUE,TRUE,"CNV_supported_malignant_candidate"
NA,NA,NA,NA,NA,NA,NA
NA,NA,NA,NA,NA,NA,NA
NA,NA,NA,NA,NA,NA,NA
NA,NA,NA,NA,NA,NA,NA
NA,NA,NA,NA,NA,NA,NA
NA,NA,NA,NA,NA,NA,NA
NA,NA,NA,NA,NA,NA,NA
NA,NA,NA,NA,NA,NA,NA
"BC12_BC12_ACCAGTAGTCTCTCTG-1","BC12","Luminal_Epithelial","aneuploid",TRUE,TRUE,"CNV_supported_malignant_candidate"
NA,NA,NA,NA,NA,NA,NA
NA,NA,NA,NA,NA,NA,NA
NA,NA,NA,NA,NA,NA,NA
NA,NA,NA,NA,NA,NA,NA
NA,NA,NA,NA,NA,NA,NA
NA,NA,NA,NA,NA,NA,NA
NA,NA,NA,NA,NA,NA,NA
NA,NA,NA,NA,NA,NA,NA
NA,NA,NA,NA,NA,NA,NA
"BC12_BC12_ACCTTTAAGTCCAGGA-1","BC12","Luminal_Epithelial","aneuploid",TRUE,TRUE,"CNV_supported_malignant_candidate"
NA,NA,NA,NA,NA,NA,NA
NA,NA,NA,NA,NA,NA,NA
NA,NA,NA,NA,NA,NA,NA
NA,NA,NA,NA,NA,NA,NA
"BC12_BC12_ACGAGCCGTTACCGAT-1","BC12","Luminal_Epithelial","aneuploid",TRUE,TRUE,"CNV_supported_malignant_candidate"
NA,NA,NA,NA,NA,NA,NA
NA,NA,NA,NA,NA,NA,NA
NA,NA,NA,NA,NA,NA,NA
NA,NA,NA,NA,NA,NA,NA
NA,NA,NA,NA,NA,NA,NA
NA,NA,NA,NA,NA,NA,NA
NA,NA,NA,NA,NA,NA,NA
NA,NA,NA,NA,NA,NA,NA
NA,NA,NA,NA,NA,NA,NA
"BC12_BC12_ACGATACAGGAGTCTG-1","BC12","Luminal_Epithelial","aneuploid",TRUE,TRUE,"CNV_supported_malignant_candidate"
"BC12_BC12_ACGATGTAGGCTACGA-1","BC12","Luminal_Epithelial","aneuploid",TRUE,TRUE,"CNV_supported_malignant_candidate"
NA,NA,NA,NA,NA,NA,NA
"BC12_BC12_ACGATGTGTCTAGGTT-1","BC12","Luminal_Epithelial","aneuploid",TRUE,TRUE,"CNV_supported_malignant_candidate"
"BC12_BC12_ACGCCAGTCCTTAATC-1","BC12","Luminal_Epithelial","aneuploid",TRUE,TRUE,"CNV_supported_malignant_candidate"
"BC12_BC12_ACGCCAGTCTGTCCGT-1","BC12","Luminal_Epithelial","aneuploid",TRUE,TRUE,"CNV_supported_malignant_candidate"
NA,NA,NA,NA,NA,NA,NA
"BC12_BC12_ACGCCGACAGGACCCT-1","BC12","Basal_Like_Epithelial","aneuploid",TRUE,TRUE,"CNV_supported_malignant_candidate"
NA,NA,NA,NA,NA,NA,NA
"BC12_BC12_ACGCCGATCGGGAGTA-1","BC12","Luminal_Epithelial","aneuploid",TRUE,TRUE,"CNV_supported_malignant_candidate"
NA,NA,NA,NA,NA,NA,NA
"BC12_BC12_ACGGAGAAGGATGGAA-1","BC12","Basal_Like_Epithelial","aneuploid",TRUE,TRUE,"CNV_supported_malignant_candidate"
NA,NA,NA,NA,NA,NA,NA
"BC12_BC12_ACGGAGAGTGCGAAAC-1","BC12","Luminal_Epithelial","aneuploid",TRUE,TRUE,"CNV_supported_malignant_candidate"
"BC12_BC12_ACGGAGATCGAGGTAG-1","BC12","Luminal_Epithelial","aneuploid",TRUE,TRUE,"CNV_supported_malignant_candidate"
NA,NA,NA,NA,NA,NA,NA
NA,NA,NA,NA,NA,NA,NA
NA,NA,NA,NA,NA,NA,NA
NA,NA,NA,NA,NA,NA,NA
NA,NA,NA,NA,NA,NA,NA
"BC12_BC12_ACGGGCTAGTGATCGG-1","BC12","Luminal_Epithelial","aneuploid",TRUE,TRUE,"CNV_supported_malignant_candidate"
"BC12_BC12_ACGGGCTGTAACGACG-1","BC12","Luminal_Epithelial","aneuploid",TRUE,TRUE,"CNV_supported_malignant_candidate"
"BC12_BC12_ACGGGCTGTGGGTCAA-1","BC12","Specialized_Epithelial","aneuploid",TRUE,TRUE,"CNV_supported_malignant_candidate"
"BC12_BC12_ACGGGCTTCGAACGGA-1","BC12","Luminal_Epithelial","aneuploid",TRUE,TRUE,"CNV_supported_malignant_candidate"
"BC12_BC12_ACGGGCTTCGACAGCC-1","BC12","Basal_Like_Epithelial","aneuploid",TRUE,TRUE,"CNV_supported_malignant_candidate"
NA,NA,NA,NA,NA,NA,NA
NA,NA,NA,NA,NA,NA,NA
NA,NA,NA,NA,NA,NA,NA
NA,NA,NA,NA,NA,NA,NA
NA,NA,NA,NA,NA,NA,NA
NA,NA,NA,NA,NA,NA,NA
NA,NA,NA,NA,NA,NA,NA
NA,NA,NA,NA,NA,NA,NA
NA,NA,NA,NA,NA,NA,NA
NA,NA,NA,NA,NA,NA,NA
NA,NA,NA,NA,NA,NA,NA
"BC12_BC12_ACGTCAATCTCTAGGA-1","BC12","Luminal_Epithelial","aneuploid",TRUE,TRUE,"CNV_supported_malignant_candidate"
NA,NA,NA,NA,NA,NA,NA
NA,NA,NA,NA,NA,NA,NA
"BC12_BC12_ACTATCTCAATGGATA-1","BC12","Basal_Like_Epithelial","aneuploid",TRUE,TRUE,"CNV_supported_malignant_candidate"
NA,NA,NA,NA,NA,NA,NA
"BC12_BC12_ACTATCTGTCTTCTCG-1","BC12","Luminal_Epithelial","aneuploid",TRUE,TRUE,"CNV_supported_malignant_candidate"
NA,NA,NA,NA,NA,NA,NA
"BC12_BC12_ACTATCTTCCTTAATC-1","BC12","Basal_Like_Epithelial","aneuploid",TRUE,TRUE,"CNV_supported_malignant_candidate"
NA,NA,NA,NA,NA,NA,NA
NA,NA,NA,NA,NA,NA,NA
"BC12_BC12_ACTGAGTTCAAACAAG-1","BC12","Luminal_Epithelial","aneuploid",TRUE,TRUE,"CNV_supported_malignant_candidate"
NA,NA,NA,NA,NA,NA,NA
NA,NA,NA,NA,NA,NA,NA
NA,NA,NA,NA,NA,NA,NA
NA,NA,NA,NA,NA,NA,NA
NA,NA,NA,NA,NA,NA,NA
NA,NA,NA,NA,NA,NA,NA
NA,NA,NA,NA,NA,NA,NA
"BC12_BC12_ACTGTCCTCAGCTGGC-1","BC12","Basal_Like_Epithelial","aneuploid",TRUE,TRUE,"CNV_supported_malignant_candidate"
NA,NA,NA,NA,NA,NA,NA
NA,NA,NA,NA,NA,NA,NA
NA,NA,NA,NA,NA,NA,NA
NA,NA,NA,NA,NA,NA,NA
"BC12_BC12_ACTTACTCACCAGCAC-1","BC12","Basal_Like_Epithelial","aneuploid",TRUE,TRUE,"CNV_supported_malignant_candidate"
NA,NA,NA,NA,NA,NA,NA
"BC12_BC12_ACTTACTCATTGGTAC-1","BC12","Luminal_Epithelial","aneuploid",TRUE,TRUE,"CNV_supported_malignant_candidate"
NA,NA,NA,NA,NA,NA,NA
"BC12_BC12_ACTTGTTAGCACACAG-1","BC12","Basal_Like_Epithelial","aneuploid",TRUE,TRUE,"CNV_supported_malignant_candidate"
NA,NA,NA,NA,NA,NA,NA
"BC12_BC12_ACTTGTTCAAATCCGT-1","BC12","Luminal_Epithelial","aneuploid",TRUE,TRUE,"CNV_supported_malignant_candidate"
NA,NA,NA,NA,NA,NA,NA
NA,NA,NA,NA,NA,NA,NA
NA,NA,NA,NA,NA,NA,NA
NA,NA,NA,NA,NA,NA,NA
NA,NA,NA,NA,NA,NA,NA
"BC12_BC12_AGAATAGCACAGATTC-1","BC12","Luminal_Epithelial","aneuploid",TRUE,TRUE,"CNV_supported_malignant_candidate"
NA,NA,NA,NA,NA,NA,NA
NA,NA,NA,NA,NA,NA,NA
NA,NA,NA,NA,NA,NA,NA
NA,NA,NA,NA,NA,NA,NA
NA,NA,NA,NA,NA,NA,NA
NA,NA,NA,NA,NA,NA,NA
NA,NA,NA,NA,NA,NA,NA
NA,NA,NA,NA,NA,NA,NA
"BC12_BC12_AGAGCGAAGAGACTTA-1","BC12","Luminal_Epithelial","aneuploid",TRUE,TRUE,"CNV_supported_malignant_candidate"
NA,NA,NA,NA,NA,NA,NA
NA,NA,NA,NA,NA,NA,NA
NA,NA,NA,NA,NA,NA,NA
NA,NA,NA,NA,NA,NA,NA
NA,NA,NA,NA,NA,NA,NA
"BC12_BC12_AGAGCTTCAAACCCAT-1","BC12","Basal_Like_Epithelial","aneuploid",TRUE,TRUE,"CNV_supported_malignant_candidate"
NA,NA,NA,NA,NA,NA,NA
"BC12_BC12_AGAGCTTGTTGGGACA-1","BC12","Luminal_Epithelial","aneuploid",TRUE,TRUE,"CNV_supported_malignant_candidate"
NA,NA,NA,NA,NA,NA,NA
NA,NA,NA,NA,NA,NA,NA
NA,NA,NA,NA,NA,NA,NA
NA,NA,NA,NA,NA,NA,NA
NA,NA,NA,NA,NA,NA,NA
NA,NA,NA,NA,NA,NA,NA
NA,NA,NA,NA,NA,NA,NA
NA,NA,NA,NA,NA,NA,NA
"BC12_BC12_AGATTGCTCGTATCAG-1","BC12","Luminal_Epithelial","aneuploid",TRUE,TRUE,"CNV_supported_malignant_candidate"
"BC12_BC12_AGCAGCCAGTATGACA-1","BC12","Luminal_Epithelial","aneuploid",TRUE,TRUE,"CNV_supported_malignant_candidate"
NA,NA,NA,NA,NA,NA,NA
NA,NA,NA,NA,NA,NA,NA
NA,NA,NA,NA,NA,NA,NA
NA,NA,NA,NA,NA,NA,NA
NA,NA,NA,NA,NA,NA,NA
NA,NA,NA,NA,NA,NA,NA
"BC12_BC12_AGCATACAGTACGATA-1","BC12","Luminal_Epithelial","aneuploid",TRUE,TRUE,"CNV_supported_malignant_candidate"
NA,NA,NA,NA,NA,NA,NA
"BC12_BC12_AGCATACCATAAAGGT-1","BC12","Luminal_Epithelial","aneuploid",TRUE,TRUE,"CNV_supported_malignant_candidate"
"BC12_BC12_AGCATACGTTTGGGCC-1","BC12","Luminal_Epithelial","aneuploid",TRUE,TRUE,"CNV_supported_malignant_candidate"
NA,NA,NA,NA,NA,NA,NA
"BC12_BC12_AGCATACTCGGCTTGG-1","BC12","Basal_Like_Epithelial","aneuploid",TRUE,TRUE,"CNV_supported_malignant_candidate"
NA,NA,NA,NA,NA,NA,NA
NA,NA,NA,NA,NA,NA,NA
NA,NA,NA,NA,NA,NA,NA
NA,NA,NA,NA,NA,NA,NA
NA,NA,NA,NA,NA,NA,NA
NA,NA,NA,NA,NA,NA,NA
NA,NA,NA,NA,NA,NA,NA
NA,NA,NA,NA,NA,NA,NA
NA,NA,NA,NA,NA,NA,NA
NA,NA,NA,NA,NA,NA,NA
NA,NA,NA,NA,NA,NA,NA
NA,NA,NA,NA,NA,NA,NA
"BC12_BC12_AGCGTCGGTAAACACA-1","BC12","Luminal_Epithelial","aneuploid",TRUE,TRUE,"CNV_supported_malignant_candidate"
NA,NA,NA,NA,NA,NA,NA
NA,NA,NA,NA,NA,NA,NA
NA,NA,NA,NA,NA,NA,NA
NA,NA,NA,NA,NA,NA,NA
NA,NA,NA,NA,NA,NA,NA
"BC12_BC12_AGCTCCTCATTTCACT-1","BC12","Luminal_Epithelial","aneuploid",TRUE,TRUE,"CNV_supported_malignant_candidate"
"BC12_BC12_AGCTCCTTCAACGGGA-1","BC12","Luminal_Epithelial","aneuploid",TRUE,TRUE,"CNV_supported_malignant_candidate"
NA,NA,NA,NA,NA,NA,NA
NA,NA,NA,NA,NA,NA,NA
NA,NA,NA,NA,NA,NA,NA
NA,NA,NA,NA,NA,NA,NA
NA,NA,NA,NA,NA,NA,NA
NA,NA,NA,NA,NA,NA,NA
"BC12_BC12_AGCTTGAAGGAATGGA-1","BC12","Basal_Like_Epithelial","aneuploid",TRUE,TRUE,"CNV_supported_malignant_candidate"
NA,NA,NA,NA,NA,NA,NA
NA,NA,NA,NA,NA,NA,NA
NA,NA,NA,NA,NA,NA,NA
NA,NA,NA,NA,NA,NA,NA
NA,NA,NA,NA,NA,NA,NA
NA,NA,NA,NA,NA,NA,NA
NA,NA,NA,NA,NA,NA,NA
"BC12_BC12_AGGCCGTAGTGTCTCA-1","BC12","Luminal_Epithelial","aneuploid",TRUE,TRUE,"CNV_supported_malignant_candidate"
NA,NA,NA,NA,NA,NA,NA
NA,NA,NA,NA,NA,NA,NA
NA,NA,NA,NA,NA,NA,NA
NA,NA,NA,NA,NA,NA,NA
NA,NA,NA,NA,NA,NA,NA
"BC12_BC12_AGGGAGTCACACATGT-1","BC12","Luminal_Epithelial","aneuploid",TRUE,TRUE,"CNV_supported_malignant_candidate"
NA,NA,NA,NA,NA,NA,NA
"BC12_BC12_AGGGATGTCAAGGCTT-1","BC12","Luminal_Epithelial","aneuploid",TRUE,TRUE,"CNV_supported_malignant_candidate"
NA,NA,NA,NA,NA,NA,NA
NA,NA,NA,NA,NA,NA,NA
"BC12_BC12_AGGGTGAGTATCAGTC-1","BC12","Basal_Like_Epithelial","aneuploid",TRUE,TRUE,"CNV_supported_malignant_candidate"
NA,NA,NA,NA,NA,NA,NA
"BC12_BC12_AGGGTGATCTGGTTCC-1","BC12","Luminal_Epithelial","aneuploid",TRUE,TRUE,"CNV_supported_malignant_candidate"
"BC12_BC12_AGGTCATAGAAGAAGC-1","BC12","Luminal_Epithelial","aneuploid",TRUE,TRUE,"CNV_supported_malignant_candidate"
NA,NA,NA,NA,NA,NA,NA
NA,NA,NA,NA,NA,NA,NA
"BC12_BC12_AGGTCATGTCTGATTG-1","BC12","Basal_Like_Epithelial","aneuploid",TRUE,TRUE,"CNV_supported_malignant_candidate"
NA,NA,NA,NA,NA,NA,NA
NA,NA,NA,NA,NA,NA,NA
NA,NA,NA,NA,NA,NA,NA
NA,NA,NA,NA,NA,NA,NA
NA,NA,NA,NA,NA,NA,NA
NA,NA,NA,NA,NA,NA,NA
NA,NA,NA,NA,NA,NA,NA
"BC12_BC12_AGTGAGGCAATGAATG-1","BC12","Basal_Like_Epithelial","aneuploid",TRUE,TRUE,"CNV_supported_malignant_candidate"
NA,NA,NA,NA,NA,NA,NA
NA,NA,NA,NA,NA,NA,NA
NA,NA,NA,NA,NA,NA,NA
NA,NA,NA,NA,NA,NA,NA
NA,NA,NA,NA,NA,NA,NA
NA,NA,NA,NA,NA,NA,NA
NA,NA,NA,NA,NA,NA,NA
NA,NA,NA,NA,NA,NA,NA
"BC12_BC12_AGTGTCAAGCACCGTC-1","BC12","Luminal_Epithelial","aneuploid",TRUE,TRUE,"CNV_supported_malignant_candidate"
NA,NA,NA,NA,NA,NA,NA
NA,NA,NA,NA,NA,NA,NA
NA,NA,NA,NA,NA,NA,NA
NA,NA,NA,NA,NA,NA,NA
NA,NA,NA,NA,NA,NA,NA
NA,NA,NA,NA,NA,NA,NA
NA,NA,NA,NA,NA,NA,NA
NA,NA,NA,NA,NA,NA,NA
NA,NA,NA,NA,NA,NA,NA
NA,NA,NA,NA,NA,NA,NA
NA,NA,NA,NA,NA,NA,NA
NA,NA,NA,NA,NA,NA,NA
NA,NA,NA,NA,NA,NA,NA
NA,NA,NA,NA,NA,NA,NA
"BC12_BC12_ATAAGAGCAAACTGTC-1","BC12","Luminal_Epithelial","aneuploid",TRUE,TRUE,"CNV_supported_malignant_candidate"
NA,NA,NA,NA,NA,NA,NA
NA,NA,NA,NA,NA,NA,NA
NA,NA,NA,NA,NA,NA,NA
"BC12_BC12_ATAAGAGCATCACAAC-1","BC12","Luminal_Epithelial","aneuploid",TRUE,TRUE,"CNV_supported_malignant_candidate"
NA,NA,NA,NA,NA,NA,NA
NA,NA,NA,NA,NA,NA,NA
NA,NA,NA,NA,NA,NA,NA
NA,NA,NA,NA,NA,NA,NA
NA,NA,NA,NA,NA,NA,NA
NA,NA,NA,NA,NA,NA,NA
"BC12_BC12_ATAGACCTCGACAGCC-1","BC12","Luminal_Epithelial","aneuploid",TRUE,TRUE,"CNV_supported_malignant_candidate"
"BC12_BC12_ATCACGAGTAAAGTCA-1","BC12","Luminal_Epithelial","aneuploid",TRUE,TRUE,"CNV_supported_malignant_candidate"
NA,NA,NA,NA,NA,NA,NA
NA,NA,NA,NA,NA,NA,NA
NA,NA,NA,NA,NA,NA,NA
NA,NA,NA,NA,NA,NA,NA
NA,NA,NA,NA,NA,NA,NA
NA,NA,NA,NA,NA,NA,NA
NA,NA,NA,NA,NA,NA,NA
"BC12_BC12_ATCCACCCAGTACACT-1","BC12","Basal_Like_Epithelial","aneuploid",TRUE,TRUE,"CNV_supported_malignant_candidate"
NA,NA,NA,NA,NA,NA,NA
NA,NA,NA,NA,NA,NA,NA
NA,NA,NA,NA,NA,NA,NA
NA,NA,NA,NA,NA,NA,NA
NA,NA,NA,NA,NA,NA,NA
NA,NA,NA,NA,NA,NA,NA
NA,NA,NA,NA,NA,NA,NA
NA,NA,NA,NA,NA,NA,NA
NA,NA,NA,NA,NA,NA,NA
NA,NA,NA,NA,NA,NA,NA
NA,NA,NA,NA,NA,NA,NA
"BC12_BC12_ATCCGAATCTCGAGTA-1","BC12","Basal_Like_Epithelial","aneuploid",TRUE,TRUE,"CNV_supported_malignant_candidate"
NA,NA,NA,NA,NA,NA,NA
NA,NA,NA,NA,NA,NA,NA
NA,NA,NA,NA,NA,NA,NA
NA,NA,NA,NA,NA,NA,NA
NA,NA,NA,NA,NA,NA,NA
NA,NA,NA,NA,NA,NA,NA
NA,NA,NA,NA,NA,NA,NA
NA,NA,NA,NA,NA,NA,NA
NA,NA,NA,NA,NA,NA,NA
"BC12_BC12_ATCTACTTCTTCGAGA-1","BC12","Basal_Like_Epithelial","aneuploid",TRUE,TRUE,"CNV_supported_malignant_candidate"
NA,NA,NA,NA,NA,NA,NA
NA,NA,NA,NA,NA,NA,NA
NA,NA,NA,NA,NA,NA,NA
NA,NA,NA,NA,NA,NA,NA
NA,NA,NA,NA,NA,NA,NA
"BC12_BC12_ATGAGGGTCTGCTTGC-1","BC12","Luminal_Epithelial","aneuploid",TRUE,TRUE,"CNV_supported_malignant_candidate"
NA,NA,NA,NA,NA,NA,NA
NA,NA,NA,NA,NA,NA,NA
NA,NA,NA,NA,NA,NA,NA
"BC12_BC12_ATGGGAGGTAGTGAAT-1","BC12","Luminal_Epithelial","aneuploid",TRUE,TRUE,"CNV_supported_malignant_candidate"
"BC12_BC12_ATGTGTGAGTGTACCT-1","BC12","Luminal_Epithelial","aneuploid",TRUE,TRUE,"CNV_supported_malignant_candidate"
NA,NA,NA,NA,NA,NA,NA
NA,NA,NA,NA,NA,NA,NA
NA,NA,NA,NA,NA,NA,NA
NA,NA,NA,NA,NA,NA,NA
NA,NA,NA,NA,NA,NA,NA
NA,NA,NA,NA,NA,NA,NA
NA,NA,NA,NA,NA,NA,NA
"BC12_BC12_ATTACTCGTAGTACCT-1","BC12","Basal_Like_Epithelial","aneuploid",TRUE,TRUE,"CNV_supported_malignant_candidate"
NA,NA,NA,NA,NA,NA,NA
NA,NA,NA,NA,NA,NA,NA
"BC12_BC12_ATTATCCAGATGCGAC-1","BC12","Luminal_Epithelial","aneuploid",TRUE,TRUE,"CNV_supported_malignant_candidate"
NA,NA,NA,NA,NA,NA,NA
NA,NA,NA,NA,NA,NA,NA
NA,NA,NA,NA,NA,NA,NA
NA,NA,NA,NA,NA,NA,NA
NA,NA,NA,NA,NA,NA,NA
NA,NA,NA,NA,NA,NA,NA
NA,NA,NA,NA,NA,NA,NA
NA,NA,NA,NA,NA,NA,NA
NA,NA,NA,NA,NA,NA,NA
"BC12_BC12_ATTCTACGTCCGTCAG-1","BC12","Luminal_Epithelial","aneuploid",TRUE,TRUE,"CNV_supported_malignant_candidate"
NA,NA,NA,NA,NA,NA,NA
NA,NA,NA,NA,NA,NA,NA
NA,NA,NA,NA,NA,NA,NA
NA,NA,NA,NA,NA,NA,NA
NA,NA,NA,NA,NA,NA,NA
NA,NA,NA,NA,NA,NA,NA
NA,NA,NA,NA,NA,NA,NA
NA,NA,NA,NA,NA,NA,NA
NA,NA,NA,NA,NA,NA,NA
NA,NA,NA,NA,NA,NA,NA
NA,NA,NA,NA,NA,NA,NA
"BC12_BC12_CAACCAAGTCTCATCC-1","BC12","Basal_Like_Epithelial","aneuploid",TRUE,TRUE,"CNV_supported_malignant_candidate"
NA,NA,NA,NA,NA,NA,NA
NA,NA,NA,NA,NA,NA,NA
NA,NA,NA,NA,NA,NA,NA
"BC12_BC12_CAACCTCCACGGACAA-1","BC12","Luminal_Epithelial","aneuploid",TRUE,TRUE,"CNV_supported_malignant_candidate"
NA,NA,NA,NA,NA,NA,NA
NA,NA,NA,NA,NA,NA,NA
NA,NA,NA,NA,NA,NA,NA
NA,NA,NA,NA,NA,NA,NA
NA,NA,NA,NA,NA,NA,NA
NA,NA,NA,NA,NA,NA,NA
NA,NA,NA,NA,NA,NA,NA
NA,NA,NA,NA,NA,NA,NA
NA,NA,NA,NA,NA,NA,NA
NA,NA,NA,NA,NA,NA,NA
NA,NA,NA,NA,NA,NA,NA
NA,NA,NA,NA,NA,NA,NA
NA,NA,NA,NA,NA,NA,NA
NA,NA,NA,NA,NA,NA,NA
NA,NA,NA,NA,NA,NA,NA
NA,NA,NA,NA,NA,NA,NA
NA,NA,NA,NA,NA,NA,NA
NA,NA,NA,NA,NA,NA,NA
NA,NA,NA,NA,NA,NA,NA
NA,NA,NA,NA,NA,NA,NA
NA,NA,NA,NA,NA,NA,NA
NA,NA,NA,NA,NA,NA,NA
"BC12_BC12_CACACCTTCCAAACTG-1","BC12","Basal_Like_Epithelial","aneuploid",TRUE,TRUE,"CNV_supported_malignant_candidate"
NA,NA,NA,NA,NA,NA,NA
NA,NA,NA,NA,NA,NA,NA
NA,NA,NA,NA,NA,NA,NA
NA,NA,NA,NA,NA,NA,NA
"BC12_BC12_CACAGGCGTACTTCTT-1","BC12","Luminal_Epithelial","aneuploid",TRUE,TRUE,"CNV_supported_malignant_candidate"
NA,NA,NA,NA,NA,NA,NA
NA,NA,NA,NA,NA,NA,NA
NA,NA,NA,NA,NA,NA,NA
"BC12_BC12_CACAGTACACTGAAGG-1","BC12","Luminal_Epithelial","aneuploid",TRUE,TRUE,"CNV_supported_malignant_candidate"
"BC12_BC12_CACAGTAGTATGAAAC-1","BC12","Luminal_Epithelial","aneuploid",TRUE,TRUE,"CNV_supported_malignant_candidate"
NA,NA,NA,NA,NA,NA,NA
NA,NA,NA,NA,NA,NA,NA
NA,NA,NA,NA,NA,NA,NA
NA,NA,NA,NA,NA,NA,NA
NA,NA,NA,NA,NA,NA,NA
"BC12_BC12_CACATAGTCCATGAGT-1","BC12","Specialized_Epithelial","aneuploid",TRUE,TRUE,"CNV_supported_malignant_candidate"
"BC12_BC12_CACATTTAGACCACGA-1","BC12","Luminal_Epithelial","aneuploid",TRUE,TRUE,"CNV_supported_malignant_candidate"
NA,NA,NA,NA,NA,NA,NA
NA,NA,NA,NA,NA,NA,NA
"BC12_BC12_CACATTTCAATCTGCA-1","BC12","Basal_Like_Epithelial","aneuploid",TRUE,TRUE,"CNV_supported_malignant_candidate"
NA,NA,NA,NA,NA,NA,NA
NA,NA,NA,NA,NA,NA,NA
"BC12_BC12_CACCACTGTAGCTCCG-1","BC12","Luminal_Epithelial","aneuploid",TRUE,TRUE,"CNV_supported_malignant_candidate"
NA,NA,NA,NA,NA,NA,NA
NA,NA,NA,NA,NA,NA,NA
NA,NA,NA,NA,NA,NA,NA
NA,NA,NA,NA,NA,NA,NA
NA,NA,NA,NA,NA,NA,NA
NA,NA,NA,NA,NA,NA,NA
NA,NA,NA,NA,NA,NA,NA
NA,NA,NA,NA,NA,NA,NA
NA,NA,NA,NA,NA,NA,NA
NA,NA,NA,NA,NA,NA,NA
NA,NA,NA,NA,NA,NA,NA
NA,NA,NA,NA,NA,NA,NA
NA,NA,NA,NA,NA,NA,NA
"BC12_BC12_CACCTTGTCACTTACT-1","BC12","Luminal_Epithelial","aneuploid",TRUE,TRUE,"CNV_supported_malignant_candidate"
NA,NA,NA,NA,NA,NA,NA
"BC12_BC12_CACTCCACATGACGGA-1","BC12","Luminal_Epithelial","aneuploid",TRUE,TRUE,"CNV_supported_malignant_candidate"
NA,NA,NA,NA,NA,NA,NA
"BC12_BC12_CACTCCAGTAAAGTCA-1","BC12","Basal_Like_Epithelial","aneuploid",TRUE,TRUE,"CNV_supported_malignant_candidate"
NA,NA,NA,NA,NA,NA,NA
"BC12_BC12_CACTCCAGTCAGAAGC-1","BC12","Luminal_Epithelial","aneuploid",TRUE,TRUE,"CNV_supported_malignant_candidate"
NA,NA,NA,NA,NA,NA,NA
NA,NA,NA,NA,NA,NA,NA
NA,NA,NA,NA,NA,NA,NA
NA,NA,NA,NA,NA,NA,NA
NA,NA,NA,NA,NA,NA,NA
NA,NA,NA,NA,NA,NA,NA
NA,NA,NA,NA,NA,NA,NA
NA,NA,NA,NA,NA,NA,NA
NA,NA,NA,NA,NA,NA,NA
"BC12_BC12_CAGATCACACGAGGTA-1","BC12","Basal_Like_Epithelial","aneuploid",TRUE,TRUE,"CNV_supported_malignant_candidate"
NA,NA,NA,NA,NA,NA,NA
NA,NA,NA,NA,NA,NA,NA
NA,NA,NA,NA,NA,NA,NA
NA,NA,NA,NA,NA,NA,NA
NA,NA,NA,NA,NA,NA,NA
NA,NA,NA,NA,NA,NA,NA
NA,NA,NA,NA,NA,NA,NA
NA,NA,NA,NA,NA,NA,NA
"BC12_BC12_CAGCAGCCAATGTAAG-1","BC12","Basal_Like_Epithelial","aneuploid",TRUE,TRUE,"CNV_supported_malignant_candidate"
NA,NA,NA,NA,NA,NA,NA
NA,NA,NA,NA,NA,NA,NA
NA,NA,NA,NA,NA,NA,NA
NA,NA,NA,NA,NA,NA,NA
NA,NA,NA,NA,NA,NA,NA
"BC12_BC12_CAGCATAAGTTATCGC-1","BC12","Basal_Like_Epithelial","aneuploid",TRUE,TRUE,"CNV_supported_malignant_candidate"
"BC12_BC12_CAGCATAGTCCCGACA-1","BC12","Luminal_Epithelial","aneuploid",TRUE,TRUE,"CNV_supported_malignant_candidate"
NA,NA,NA,NA,NA,NA,NA
NA,NA,NA,NA,NA,NA,NA
NA,NA,NA,NA,NA,NA,NA
NA,NA,NA,NA,NA,NA,NA
NA,NA,NA,NA,NA,NA,NA
NA,NA,NA,NA,NA,NA,NA
NA,NA,NA,NA,NA,NA,NA
NA,NA,NA,NA,NA,NA,NA
NA,NA,NA,NA,NA,NA,NA
"BC12_BC12_CAGCGACAGTTCGCAT-1","BC12","Basal_Like_Epithelial","aneuploid",TRUE,TRUE,"CNV_supported_malignant_candidate"
NA,NA,NA,NA,NA,NA,NA
NA,NA,NA,NA,NA,NA,NA
NA,NA,NA,NA,NA,NA,NA
NA,NA,NA,NA,NA,NA,NA
NA,NA,NA,NA,NA,NA,NA
"BC12_BC12_CAGCTGGAGAGGTACC-1","BC12","Luminal_Epithelial","aneuploid",TRUE,TRUE,"CNV_supported_malignant_candidate"
NA,NA,NA,NA,NA,NA,NA
NA,NA,NA,NA,NA,NA,NA
NA,NA,NA,NA,NA,NA,NA
NA,NA,NA,NA,NA,NA,NA
NA,NA,NA,NA,NA,NA,NA
NA,NA,NA,NA,NA,NA,NA
NA,NA,NA,NA,NA,NA,NA
NA,NA,NA,NA,NA,NA,NA
NA,NA,NA,NA,NA,NA,NA
NA,NA,NA,NA,NA,NA,NA
NA,NA,NA,NA,NA,NA,NA
NA,NA,NA,NA,NA,NA,NA
NA,NA,NA,NA,NA,NA,NA
NA,NA,NA,NA,NA,NA,NA
"BC12_BC12_CAGGTGCGTTATCCGA-1","BC12","Luminal_Epithelial","aneuploid",TRUE,TRUE,"CNV_supported_malignant_candidate"
NA,NA,NA,NA,NA,NA,NA
"BC12_BC12_CAGTAACGTCACCTAA-1","BC12","Basal_Like_Epithelial","aneuploid",TRUE,TRUE,"CNV_supported_malignant_candidate"
NA,NA,NA,NA,NA,NA,NA
NA,NA,NA,NA,NA,NA,NA
NA,NA,NA,NA,NA,NA,NA
NA,NA,NA,NA,NA,NA,NA
NA,NA,NA,NA,NA,NA,NA
NA,NA,NA,NA,NA,NA,NA
NA,NA,NA,NA,NA,NA,NA
"BC12_BC12_CATATGGAGAGACTAT-1","BC12","Luminal_Epithelial","aneuploid",TRUE,TRUE,"CNV_supported_malignant_candidate"
NA,NA,NA,NA,NA,NA,NA
"BC12_BC12_CATATTCAGAAACCTA-1","BC12","Luminal_Epithelial","aneuploid",TRUE,TRUE,"CNV_supported_malignant_candidate"
"BC12_BC12_CATATTCAGGGCTTGA-1","BC12","Luminal_Epithelial","aneuploid",TRUE,TRUE,"CNV_supported_malignant_candidate"
"BC12_BC12_CATATTCGTCGTGGCT-1","BC12","Basal_Like_Epithelial","aneuploid",TRUE,TRUE,"CNV_supported_malignant_candidate"
NA,NA,NA,NA,NA,NA,NA
"BC12_BC12_CATATTCGTTGGAGGT-1","BC12","Luminal_Epithelial","aneuploid",TRUE,TRUE,"CNV_supported_malignant_candidate"
NA,NA,NA,NA,NA,NA,NA
NA,NA,NA,NA,NA,NA,NA
NA,NA,NA,NA,NA,NA,NA
NA,NA,NA,NA,NA,NA,NA
NA,NA,NA,NA,NA,NA,NA
NA,NA,NA,NA,NA,NA,NA
NA,NA,NA,NA,NA,NA,NA
"BC12_BC12_CATCGAATCGTCACGG-1","BC12","Luminal_Epithelial","aneuploid",TRUE,TRUE,"CNV_supported_malignant_candidate"
"BC12_BC12_CATCGGGGTCTAAACC-1","BC12","Luminal_Epithelial","aneuploid",TRUE,TRUE,"CNV_supported_malignant_candidate"
"BC12_BC12_CATCGGGGTGTTCTTT-1","BC12","Luminal_Epithelial","aneuploid",TRUE,TRUE,"CNV_supported_malignant_candidate"
NA,NA,NA,NA,NA,NA,NA
NA,NA,NA,NA,NA,NA,NA
"BC12_BC12_CATGACACAAGTTAAG-1","BC12","Luminal_Epithelial","aneuploid",TRUE,TRUE,"CNV_supported_malignant_candidate"
NA,NA,NA,NA,NA,NA,NA
NA,NA,NA,NA,NA,NA,NA
NA,NA,NA,NA,NA,NA,NA
NA,NA,NA,NA,NA,NA,NA
NA,NA,NA,NA,NA,NA,NA
NA,NA,NA,NA,NA,NA,NA
NA,NA,NA,NA,NA,NA,NA
NA,NA,NA,NA,NA,NA,NA
"BC12_BC12_CATTATCAGAAGGGTA-1","BC12","Luminal_Epithelial","aneuploid",TRUE,TRUE,"CNV_supported_malignant_candidate"
NA,NA,NA,NA,NA,NA,NA
NA,NA,NA,NA,NA,NA,NA
NA,NA,NA,NA,NA,NA,NA
NA,NA,NA,NA,NA,NA,NA
"BC12_BC12_CATTCGCTCTCCCTGA-1","BC12","Luminal_Epithelial","aneuploid",TRUE,TRUE,"CNV_supported_malignant_candidate"
"BC12_BC12_CCAATCCAGAGCTTCT-1","BC12","Basal_Like_Epithelial","aneuploid",TRUE,TRUE,"CNV_supported_malignant_candidate"
NA,NA,NA,NA,NA,NA,NA
NA,NA,NA,NA,NA,NA,NA
NA,NA,NA,NA,NA,NA,NA
NA,NA,NA,NA,NA,NA,NA
"BC12_BC12_CCAATCCTCAAGAAGT-1","BC12","Luminal_Epithelial","aneuploid",TRUE,TRUE,"CNV_supported_malignant_candidate"
"BC12_BC12_CCAATCCTCCACGTGG-1","BC12","Luminal_Epithelial","aneuploid",TRUE,TRUE,"CNV_supported_malignant_candidate"
"BC12_BC12_CCAATCCTCGCGGATC-1","BC12","Basal_Like_Epithelial","aneuploid",TRUE,TRUE,"CNV_supported_malignant_candidate"
NA,NA,NA,NA,NA,NA,NA
"BC12_BC12_CCACCTAAGTGGCACA-1","BC12","Luminal_Epithelial","aneuploid",TRUE,TRUE,"CNV_supported_malignant_candidate"
NA,NA,NA,NA,NA,NA,NA
NA,NA,NA,NA,NA,NA,NA
NA,NA,NA,NA,NA,NA,NA
NA,NA,NA,NA,NA,NA,NA
NA,NA,NA,NA,NA,NA,NA
NA,NA,NA,NA,NA,NA,NA
NA,NA,NA,NA,NA,NA,NA
NA,NA,NA,NA,NA,NA,NA
NA,NA,NA,NA,NA,NA,NA
NA,NA,NA,NA,NA,NA,NA
NA,NA,NA,NA,NA,NA,NA
NA,NA,NA,NA,NA,NA,NA
NA,NA,NA,NA,NA,NA,NA
NA,NA,NA,NA,NA,NA,NA
"BC12_BC12_CCAGCGAGTTCGGCAC-1","BC12","Luminal_Epithelial","aneuploid",TRUE,TRUE,"CNV_supported_malignant_candidate"
"BC12_BC12_CCAGCGATCAGTGCAT-1","BC12","Luminal_Epithelial","aneuploid",TRUE,TRUE,"CNV_supported_malignant_candidate"
NA,NA,NA,NA,NA,NA,NA
NA,NA,NA,NA,NA,NA,NA
NA,NA,NA,NA,NA,NA,NA
NA,NA,NA,NA,NA,NA,NA
NA,NA,NA,NA,NA,NA,NA
NA,NA,NA,NA,NA,NA,NA
NA,NA,NA,NA,NA,NA,NA
NA,NA,NA,NA,NA,NA,NA
NA,NA,NA,NA,NA,NA,NA
NA,NA,NA,NA,NA,NA,NA
NA,NA,NA,NA,NA,NA,NA
NA,NA,NA,NA,NA,NA,NA
"BC12_BC12_CCCAATCGTACTTAGC-1","BC12","Luminal_Epithelial","aneuploid",TRUE,TRUE,"CNV_supported_malignant_candidate"
NA,NA,NA,NA,NA,NA,NA
NA,NA,NA,NA,NA,NA,NA
NA,NA,NA,NA,NA,NA,NA
NA,NA,NA,NA,NA,NA,NA
"BC12_BC12_CCCAATCTCGATAGAA-1","BC12","Basal_Like_Epithelial","aneuploid",TRUE,TRUE,"CNV_supported_malignant_candidate"
NA,NA,NA,NA,NA,NA,NA
NA,NA,NA,NA,NA,NA,NA
NA,NA,NA,NA,NA,NA,NA
NA,NA,NA,NA,NA,NA,NA
NA,NA,NA,NA,NA,NA,NA
NA,NA,NA,NA,NA,NA,NA
"BC12_BC12_CCCATACCACGAAACG-1","BC12","Basal_Like_Epithelial","aneuploid",TRUE,TRUE,"CNV_supported_malignant_candidate"
"BC12_BC12_CCCATACGTATGAATG-1","BC12","Luminal_Epithelial","aneuploid",TRUE,TRUE,"CNV_supported_malignant_candidate"
"BC12_BC12_CCCTCCTAGTTAGCGG-1","BC12","Luminal_Epithelial","aneuploid",TRUE,TRUE,"CNV_supported_malignant_candidate"
NA,NA,NA,NA,NA,NA,NA
NA,NA,NA,NA,NA,NA,NA
NA,NA,NA,NA,NA,NA,NA
NA,NA,NA,NA,NA,NA,NA
NA,NA,NA,NA,NA,NA,NA
NA,NA,NA,NA,NA,NA,NA
NA,NA,NA,NA,NA,NA,NA
NA,NA,NA,NA,NA,NA,NA
NA,NA,NA,NA,NA,NA,NA
NA,NA,NA,NA,NA,NA,NA
NA,NA,NA,NA,NA,NA,NA
NA,NA,NA,NA,NA,NA,NA
NA,NA,NA,NA,NA,NA,NA
NA,NA,NA,NA,NA,NA,NA
NA,NA,NA,NA,NA,NA,NA
"BC12_BC12_CCGTACTGTCCCTACT-1","BC12","Luminal_Epithelial","aneuploid",TRUE,TRUE,"CNV_supported_malignant_candidate"
"BC12_BC12_CCGTGGACAAGCTGTT-1","BC12","Basal_Like_Epithelial","aneuploid",TRUE,TRUE,"CNV_supported_malignant_candidate"
NA,NA,NA,NA,NA,NA,NA
"BC12_BC12_CCGTGGAGTACCTACA-1","BC12","Luminal_Epithelial","aneuploid",TRUE,TRUE,"CNV_supported_malignant_candidate"
NA,NA,NA,NA,NA,NA,NA
NA,NA,NA,NA,NA,NA,NA
"BC12_BC12_CCGTTCAGTACAGCAG-1","BC12","Luminal_Epithelial","aneuploid",TRUE,TRUE,"CNV_supported_malignant_candidate"
NA,NA,NA,NA,NA,NA,NA
NA,NA,NA,NA,NA,NA,NA
NA,NA,NA,NA,NA,NA,NA
NA,NA,NA,NA,NA,NA,NA
NA,NA,NA,NA,NA,NA,NA
"BC12_BC12_CCTAAAGCATCTGGTA-1","BC12","Luminal_Epithelial","aneuploid",TRUE,TRUE,"CNV_supported_malignant_candidate"
NA,NA,NA,NA,NA,NA,NA
"BC12_BC12_CCTACACGTAGCTTGT-1","BC12","Luminal_Epithelial","aneuploid",TRUE,TRUE,"CNV_supported_malignant_candidate"
NA,NA,NA,NA,NA,NA,NA
"BC12_BC12_CCTACACTCAACACGT-1","BC12","Luminal_Epithelial","aneuploid",TRUE,TRUE,"CNV_supported_malignant_candidate"
"BC12_BC12_CCTACCAGTACTCAAC-1","BC12","Luminal_Epithelial","aneuploid",TRUE,TRUE,"CNV_supported_malignant_candidate"
NA,NA,NA,NA,NA,NA,NA
NA,NA,NA,NA,NA,NA,NA
"BC12_BC12_CCTACCATCAGCTCTC-1","BC12","Luminal_Epithelial","aneuploid",TRUE,TRUE,"CNV_supported_malignant_candidate"
NA,NA,NA,NA,NA,NA,NA
NA,NA,NA,NA,NA,NA,NA
NA,NA,NA,NA,NA,NA,NA
NA,NA,NA,NA,NA,NA,NA
NA,NA,NA,NA,NA,NA,NA
NA,NA,NA,NA,NA,NA,NA
NA,NA,NA,NA,NA,NA,NA
NA,NA,NA,NA,NA,NA,NA
"BC12_BC12_CCTCAGTGTTCCACAA-1","BC12","Luminal_Epithelial","aneuploid",TRUE,TRUE,"CNV_supported_malignant_candidate"
NA,NA,NA,NA,NA,NA,NA
NA,NA,NA,NA,NA,NA,NA
NA,NA,NA,NA,NA,NA,NA
NA,NA,NA,NA,NA,NA,NA
NA,NA,NA,NA,NA,NA,NA
NA,NA,NA,NA,NA,NA,NA
NA,NA,NA,NA,NA,NA,NA
"BC12_BC12_CCTTCCCGTGACTCAT-1","BC12","Basal_Like_Epithelial","aneuploid",TRUE,TRUE,"CNV_supported_malignant_candidate"
NA,NA,NA,NA,NA,NA,NA
NA,NA,NA,NA,NA,NA,NA
NA,NA,NA,NA,NA,NA,NA
NA,NA,NA,NA,NA,NA,NA
NA,NA,NA,NA,NA,NA,NA
NA,NA,NA,NA,NA,NA,NA
NA,NA,NA,NA,NA,NA,NA
"BC12_BC12_CCTTTCTGTCACACGC-1","BC12","Luminal_Epithelial","aneuploid",TRUE,TRUE,"CNV_supported_malignant_candidate"
"BC12_BC12_CCTTTCTTCGATGAGG-1","BC12","Luminal_Epithelial","aneuploid",TRUE,TRUE,"CNV_supported_malignant_candidate"
NA,NA,NA,NA,NA,NA,NA
NA,NA,NA,NA,NA,NA,NA
NA,NA,NA,NA,NA,NA,NA
NA,NA,NA,NA,NA,NA,NA
NA,NA,NA,NA,NA,NA,NA
NA,NA,NA,NA,NA,NA,NA
NA,NA,NA,NA,NA,NA,NA
NA,NA,NA,NA,NA,NA,NA
NA,NA,NA,NA,NA,NA,NA
NA,NA,NA,NA,NA,NA,NA
NA,NA,NA,NA,NA,NA,NA
"BC12_BC12_CGAATGTTCAATCACG-1","BC12","Luminal_Epithelial","aneuploid",TRUE,TRUE,"CNV_supported_malignant_candidate"
NA,NA,NA,NA,NA,NA,NA
"BC12_BC12_CGACCTTAGGACATTA-1","BC12","Luminal_Epithelial","aneuploid",TRUE,TRUE,"CNV_supported_malignant_candidate"
"BC12_BC12_CGACCTTAGGCTAGGT-1","BC12","Specialized_Epithelial","aneuploid",TRUE,TRUE,"CNV_supported_malignant_candidate"
"BC12_BC12_CGACTTCAGTTAGGTA-1","BC12","Luminal_Epithelial","aneuploid",TRUE,TRUE,"CNV_supported_malignant_candidate"
NA,NA,NA,NA,NA,NA,NA
NA,NA,NA,NA,NA,NA,NA
NA,NA,NA,NA,NA,NA,NA
NA,NA,NA,NA,NA,NA,NA
NA,NA,NA,NA,NA,NA,NA
NA,NA,NA,NA,NA,NA,NA
NA,NA,NA,NA,NA,NA,NA
NA,NA,NA,NA,NA,NA,NA
NA,NA,NA,NA,NA,NA,NA
NA,NA,NA,NA,NA,NA,NA
NA,NA,NA,NA,NA,NA,NA
"BC12_BC12_CGAGCACCAGCTCGCA-1","BC12","Basal_Like_Epithelial","aneuploid",TRUE,TRUE,"CNV_supported_malignant_candidate"
NA,NA,NA,NA,NA,NA,NA
NA,NA,NA,NA,NA,NA,NA
NA,NA,NA,NA,NA,NA,NA
NA,NA,NA,NA,NA,NA,NA
NA,NA,NA,NA,NA,NA,NA
NA,NA,NA,NA,NA,NA,NA
NA,NA,NA,NA,NA,NA,NA
NA,NA,NA,NA,NA,NA,NA
"BC12_BC12_CGAGCCATCGCAGGCT-1","BC12","Luminal_Epithelial","aneuploid",TRUE,TRUE,"CNV_supported_malignant_candidate"
NA,NA,NA,NA,NA,NA,NA
NA,NA,NA,NA,NA,NA,NA
NA,NA,NA,NA,NA,NA,NA
NA,NA,NA,NA,NA,NA,NA
NA,NA,NA,NA,NA,NA,NA
NA,NA,NA,NA,NA,NA,NA
NA,NA,NA,NA,NA,NA,NA
NA,NA,NA,NA,NA,NA,NA
NA,NA,NA,NA,NA,NA,NA
"BC12_BC12_CGATGGCGTAGCGCTC-1","BC12","Basal_Like_Epithelial","aneuploid",TRUE,TRUE,"CNV_supported_malignant_candidate"
"BC12_BC12_CGATGGCGTCTAGCGC-1","BC12","Luminal_Epithelial","aneuploid",TRUE,TRUE,"CNV_supported_malignant_candidate"
NA,NA,NA,NA,NA,NA,NA
NA,NA,NA,NA,NA,NA,NA
"BC12_BC12_CGATGTACACACTGCG-1","BC12","Luminal_Epithelial","aneuploid",TRUE,TRUE,"CNV_supported_malignant_candidate"
NA,NA,NA,NA,NA,NA,NA
NA,NA,NA,NA,NA,NA,NA
NA,NA,NA,NA,NA,NA,NA
"BC12_BC12_CGATTGACAATCTACG-1","BC12","Luminal_Epithelial","aneuploid",TRUE,TRUE,"CNV_supported_malignant_candidate"
"BC12_BC12_CGATTGAGTAGTAGTA-1","BC12","Luminal_Epithelial","aneuploid",TRUE,TRUE,"CNV_supported_malignant_candidate"
NA,NA,NA,NA,NA,NA,NA
NA,NA,NA,NA,NA,NA,NA
NA,NA,NA,NA,NA,NA,NA
NA,NA,NA,NA,NA,NA,NA
NA,NA,NA,NA,NA,NA,NA
NA,NA,NA,NA,NA,NA,NA
NA,NA,NA,NA,NA,NA,NA
NA,NA,NA,NA,NA,NA,NA
"BC12_BC12_CGCCAAGCAGGTCTCG-1","BC12","Luminal_Epithelial","aneuploid",TRUE,TRUE,"CNV_supported_malignant_candidate"
NA,NA,NA,NA,NA,NA,NA
NA,NA,NA,NA,NA,NA,NA
NA,NA,NA,NA,NA,NA,NA
NA,NA,NA,NA,NA,NA,NA
"BC12_BC12_CGCCAAGTCCGTCATC-1","BC12","Luminal_Epithelial","aneuploid",TRUE,TRUE,"CNV_supported_malignant_candidate"
NA,NA,NA,NA,NA,NA,NA
"BC12_BC12_CGCGGTAAGGGATACC-1","BC12","Luminal_Epithelial","aneuploid",TRUE,TRUE,"CNV_supported_malignant_candidate"
NA,NA,NA,NA,NA,NA,NA
NA,NA,NA,NA,NA,NA,NA
NA,NA,NA,NA,NA,NA,NA
"BC12_BC12_CGCGGTATCTGACCTC-1","BC12","Luminal_Epithelial","aneuploid",TRUE,TRUE,"CNV_supported_malignant_candidate"
NA,NA,NA,NA,NA,NA,NA
NA,NA,NA,NA,NA,NA,NA
NA,NA,NA,NA,NA,NA,NA
NA,NA,NA,NA,NA,NA,NA
NA,NA,NA,NA,NA,NA,NA
NA,NA,NA,NA,NA,NA,NA
NA,NA,NA,NA,NA,NA,NA
"BC12_BC12_CGCTATCAGTTACCCA-1","BC12","Luminal_Epithelial","aneuploid",TRUE,TRUE,"CNV_supported_malignant_candidate"
NA,NA,NA,NA,NA,NA,NA
"BC12_BC12_CGCTATCGTACGAAAT-1","BC12","Luminal_Epithelial","aneuploid",TRUE,TRUE,"CNV_supported_malignant_candidate"
NA,NA,NA,NA,NA,NA,NA
NA,NA,NA,NA,NA,NA,NA
NA,NA,NA,NA,NA,NA,NA
NA,NA,NA,NA,NA,NA,NA
NA,NA,NA,NA,NA,NA,NA
NA,NA,NA,NA,NA,NA,NA
NA,NA,NA,NA,NA,NA,NA
NA,NA,NA,NA,NA,NA,NA
NA,NA,NA,NA,NA,NA,NA
NA,NA,NA,NA,NA,NA,NA
NA,NA,NA,NA,NA,NA,NA
NA,NA,NA,NA,NA,NA,NA
NA,NA,NA,NA,NA,NA,NA
NA,NA,NA,NA,NA,NA,NA
NA,NA,NA,NA,NA,NA,NA
NA,NA,NA,NA,NA,NA,NA
NA,NA,NA,NA,NA,NA,NA
NA,NA,NA,NA,NA,NA,NA
NA,NA,NA,NA,NA,NA,NA
NA,NA,NA,NA,NA,NA,NA
"BC12_BC12_CGGACTGCACAAGACG-1","BC12","Luminal_Epithelial","aneuploid",TRUE,TRUE,"CNV_supported_malignant_candidate"
NA,NA,NA,NA,NA,NA,NA
NA,NA,NA,NA,NA,NA,NA
"BC12_BC12_CGGAGCTAGCGATAGC-1","BC12","Luminal_Epithelial","aneuploid",TRUE,TRUE,"CNV_supported_malignant_candidate"
NA,NA,NA,NA,NA,NA,NA
NA,NA,NA,NA,NA,NA,NA
NA,NA,NA,NA,NA,NA,NA
NA,NA,NA,NA,NA,NA,NA
"BC12_BC12_CGGAGTCTCGCCGTGA-1","BC12","Luminal_Epithelial","aneuploid",TRUE,TRUE,"CNV_supported_malignant_candidate"
NA,NA,NA,NA,NA,NA,NA
NA,NA,NA,NA,NA,NA,NA
NA,NA,NA,NA,NA,NA,NA
NA,NA,NA,NA,NA,NA,NA
NA,NA,NA,NA,NA,NA,NA
NA,NA,NA,NA,NA,NA,NA
NA,NA,NA,NA,NA,NA,NA
NA,NA,NA,NA,NA,NA,NA
NA,NA,NA,NA,NA,NA,NA
NA,NA,NA,NA,NA,NA,NA
"BC12_BC12_CGGTTAAAGGCGCTCT-1","BC12","Luminal_Epithelial","aneuploid",TRUE,TRUE,"CNV_supported_malignant_candidate"
NA,NA,NA,NA,NA,NA,NA
NA,NA,NA,NA,NA,NA,NA
NA,NA,NA,NA,NA,NA,NA
NA,NA,NA,NA,NA,NA,NA
NA,NA,NA,NA,NA,NA,NA
NA,NA,NA,NA,NA,NA,NA
"BC12_BC12_CGTAGGCAGTGTGAAT-1","BC12","Luminal_Epithelial","aneuploid",TRUE,TRUE,"CNV_supported_malignant_candidate"
"BC12_BC12_CGTAGGCCAATCAGAA-1","BC12","Luminal_Epithelial","aneuploid",TRUE,TRUE,"CNV_supported_malignant_candidate"
NA,NA,NA,NA,NA,NA,NA
NA,NA,NA,NA,NA,NA,NA
NA,NA,NA,NA,NA,NA,NA
"BC12_BC12_CGTCACTCACACCGCA-1","BC12","Basal_Like_Epithelial","aneuploid",TRUE,TRUE,"CNV_supported_malignant_candidate"
NA,NA,NA,NA,NA,NA,NA
"BC12_BC12_CGTCACTGTTAAGTAG-1","BC12","Basal_Like_Epithelial","aneuploid",TRUE,TRUE,"CNV_supported_malignant_candidate"
NA,NA,NA,NA,NA,NA,NA
"BC12_BC12_CGTCCATAGCGTCAAG-1","BC12","Luminal_Epithelial","aneuploid",TRUE,TRUE,"CNV_supported_malignant_candidate"
"BC12_BC12_CGTCCATCACTTCTGC-1","BC12","Basal_Like_Epithelial","aneuploid",TRUE,TRUE,"CNV_supported_malignant_candidate"
NA,NA,NA,NA,NA,NA,NA
NA,NA,NA,NA,NA,NA,NA
NA,NA,NA,NA,NA,NA,NA
NA,NA,NA,NA,NA,NA,NA
NA,NA,NA,NA,NA,NA,NA
NA,NA,NA,NA,NA,NA,NA
NA,NA,NA,NA,NA,NA,NA
NA,NA,NA,NA,NA,NA,NA
NA,NA,NA,NA,NA,NA,NA
NA,NA,NA,NA,NA,NA,NA
"BC12_BC12_CGTGTAAGTCCGAACC-1","BC12","Luminal_Epithelial","aneuploid",TRUE,TRUE,"CNV_supported_malignant_candidate"
NA,NA,NA,NA,NA,NA,NA
NA,NA,NA,NA,NA,NA,NA
NA,NA,NA,NA,NA,NA,NA
NA,NA,NA,NA,NA,NA,NA
NA,NA,NA,NA,NA,NA,NA
NA,NA,NA,NA,NA,NA,NA
"BC12_BC12_CGTTAGAGTCAACTGT-1","BC12","Luminal_Epithelial","aneuploid",TRUE,TRUE,"CNV_supported_malignant_candidate"
"BC12_BC12_CGTTAGATCAAAGACA-1","BC12","Luminal_Epithelial","aneuploid",TRUE,TRUE,"CNV_supported_malignant_candidate"
NA,NA,NA,NA,NA,NA,NA
NA,NA,NA,NA,NA,NA,NA
NA,NA,NA,NA,NA,NA,NA
NA,NA,NA,NA,NA,NA,NA
NA,NA,NA,NA,NA,NA,NA
NA,NA,NA,NA,NA,NA,NA
NA,NA,NA,NA,NA,NA,NA
NA,NA,NA,NA,NA,NA,NA
NA,NA,NA,NA,NA,NA,NA
NA,NA,NA,NA,NA,NA,NA
NA,NA,NA,NA,NA,NA,NA
NA,NA,NA,NA,NA,NA,NA
"BC12_BC12_CTAACTTGTGTAAGTA-1","BC12","Luminal_Epithelial","aneuploid",TRUE,TRUE,"CNV_supported_malignant_candidate"
NA,NA,NA,NA,NA,NA,NA
NA,NA,NA,NA,NA,NA,NA
NA,NA,NA,NA,NA,NA,NA
NA,NA,NA,NA,NA,NA,NA
NA,NA,NA,NA,NA,NA,NA
"BC12_BC12_CTAAGACCAATTGCTG-1","BC12","Basal_Like_Epithelial","aneuploid",TRUE,TRUE,"CNV_supported_malignant_candidate"
NA,NA,NA,NA,NA,NA,NA
"BC12_BC12_CTAAGACGTCAGATAA-1","BC12","Luminal_Epithelial","aneuploid",TRUE,TRUE,"CNV_supported_malignant_candidate"
NA,NA,NA,NA,NA,NA,NA
"BC12_BC12_CTAATGGAGACGACGT-1","BC12","Luminal_Epithelial","aneuploid",TRUE,TRUE,"CNV_supported_malignant_candidate"
NA,NA,NA,NA,NA,NA,NA
"BC12_BC12_CTACACCAGGCATTGG-1","BC12","Luminal_Epithelial","aneuploid",TRUE,TRUE,"CNV_supported_malignant_candidate"
"BC12_BC12_CTACACCAGGGATACC-1","BC12","Luminal_Epithelial","aneuploid",TRUE,TRUE,"CNV_supported_malignant_candidate"
NA,NA,NA,NA,NA,NA,NA
NA,NA,NA,NA,NA,NA,NA
NA,NA,NA,NA,NA,NA,NA
NA,NA,NA,NA,NA,NA,NA
NA,NA,NA,NA,NA,NA,NA
NA,NA,NA,NA,NA,NA,NA
NA,NA,NA,NA,NA,NA,NA
NA,NA,NA,NA,NA,NA,NA
NA,NA,NA,NA,NA,NA,NA
NA,NA,NA,NA,NA,NA,NA
NA,NA,NA,NA,NA,NA,NA
NA,NA,NA,NA,NA,NA,NA
NA,NA,NA,NA,NA,NA,NA
"BC12_BC12_CTAGCCTAGTGAAGAG-1","BC12","Basal_Like_Epithelial","aneuploid",TRUE,TRUE,"CNV_supported_malignant_candidate"
"BC12_BC12_CTAGCCTGTCCTAGCG-1","BC12","Luminal_Epithelial","aneuploid",TRUE,TRUE,"CNV_supported_malignant_candidate"
NA,NA,NA,NA,NA,NA,NA
NA,NA,NA,NA,NA,NA,NA
NA,NA,NA,NA,NA,NA,NA
NA,NA,NA,NA,NA,NA,NA
NA,NA,NA,NA,NA,NA,NA
NA,NA,NA,NA,NA,NA,NA
NA,NA,NA,NA,NA,NA,NA
NA,NA,NA,NA,NA,NA,NA
NA,NA,NA,NA,NA,NA,NA
NA,NA,NA,NA,NA,NA,NA
"BC12_BC12_CTCAGAAAGGCAGTCA-1","BC12","Luminal_Epithelial","aneuploid",TRUE,TRUE,"CNV_supported_malignant_candidate"
NA,NA,NA,NA,NA,NA,NA
NA,NA,NA,NA,NA,NA,NA
NA,NA,NA,NA,NA,NA,NA
NA,NA,NA,NA,NA,NA,NA
NA,NA,NA,NA,NA,NA,NA
NA,NA,NA,NA,NA,NA,NA
NA,NA,NA,NA,NA,NA,NA
"BC12_BC12_CTCGAAAGTGTAATGA-1","BC12","Luminal_Epithelial","aneuploid",TRUE,TRUE,"CNV_supported_malignant_candidate"
NA,NA,NA,NA,NA,NA,NA
NA,NA,NA,NA,NA,NA,NA
NA,NA,NA,NA,NA,NA,NA
NA,NA,NA,NA,NA,NA,NA
NA,NA,NA,NA,NA,NA,NA
NA,NA,NA,NA,NA,NA,NA
NA,NA,NA,NA,NA,NA,NA
NA,NA,NA,NA,NA,NA,NA
NA,NA,NA,NA,NA,NA,NA
NA,NA,NA,NA,NA,NA,NA
NA,NA,NA,NA,NA,NA,NA
NA,NA,NA,NA,NA,NA,NA
"BC12_BC12_CTCGTCACACCGTTGG-1","BC12","Basal_Like_Epithelial","aneuploid",TRUE,TRUE,"CNV_supported_malignant_candidate"
"BC12_BC12_CTCTAATAGTAGTGCG-1","BC12","Basal_Like_Epithelial","aneuploid",TRUE,TRUE,"CNV_supported_malignant_candidate"
NA,NA,NA,NA,NA,NA,NA
NA,NA,NA,NA,NA,NA,NA
NA,NA,NA,NA,NA,NA,NA
NA,NA,NA,NA,NA,NA,NA
NA,NA,NA,NA,NA,NA,NA
"BC12_BC12_CTGAAACGTTCAGGCC-1","BC12","Specialized_Epithelial","aneuploid",TRUE,TRUE,"CNV_supported_malignant_candidate"
NA,NA,NA,NA,NA,NA,NA
NA,NA,NA,NA,NA,NA,NA
NA,NA,NA,NA,NA,NA,NA
NA,NA,NA,NA,NA,NA,NA
"BC12_BC12_CTGAAGTCACCAGTTA-1","BC12","Luminal_Epithelial","aneuploid",TRUE,TRUE,"CNV_supported_malignant_candidate"
NA,NA,NA,NA,NA,NA,NA
NA,NA,NA,NA,NA,NA,NA
NA,NA,NA,NA,NA,NA,NA
NA,NA,NA,NA,NA,NA,NA
"BC12_BC12_CTGATAGGTACAGCAG-1","BC12","Luminal_Epithelial","aneuploid",TRUE,TRUE,"CNV_supported_malignant_candidate"
NA,NA,NA,NA,NA,NA,NA
"BC12_BC12_CTGATCCAGAGACGAA-1","BC12","Luminal_Epithelial","aneuploid",TRUE,TRUE,"CNV_supported_malignant_candidate"
NA,NA,NA,NA,NA,NA,NA
NA,NA,NA,NA,NA,NA,NA
NA,NA,NA,NA,NA,NA,NA
NA,NA,NA,NA,NA,NA,NA
NA,NA,NA,NA,NA,NA,NA
"BC12_BC12_CTGATCCGTTTCCACC-1","BC12","Luminal_Epithelial","aneuploid",TRUE,TRUE,"CNV_supported_malignant_candidate"
NA,NA,NA,NA,NA,NA,NA
NA,NA,NA,NA,NA,NA,NA
NA,NA,NA,NA,NA,NA,NA
"BC12_BC12_CTGCCTACACCTTGTC-1","BC12","Luminal_Epithelial","aneuploid",TRUE,TRUE,"CNV_supported_malignant_candidate"
NA,NA,NA,NA,NA,NA,NA
NA,NA,NA,NA,NA,NA,NA
NA,NA,NA,NA,NA,NA,NA
NA,NA,NA,NA,NA,NA,NA
NA,NA,NA,NA,NA,NA,NA
NA,NA,NA,NA,NA,NA,NA
NA,NA,NA,NA,NA,NA,NA
NA,NA,NA,NA,NA,NA,NA
NA,NA,NA,NA,NA,NA,NA
NA,NA,NA,NA,NA,NA,NA
NA,NA,NA,NA,NA,NA,NA
NA,NA,NA,NA,NA,NA,NA
NA,NA,NA,NA,NA,NA,NA
NA,NA,NA,NA,NA,NA,NA
NA,NA,NA,NA,NA,NA,NA
NA,NA,NA,NA,NA,NA,NA
"BC12_BC12_CTGGTCTGTTCACCTC-1","BC12","Basal_Like_Epithelial","aneuploid",TRUE,TRUE,"CNV_supported_malignant_candidate"
NA,NA,NA,NA,NA,NA,NA
NA,NA,NA,NA,NA,NA,NA
NA,NA,NA,NA,NA,NA,NA
"BC12_BC12_CTGTGCTCACCGTTGG-1","BC12","Luminal_Epithelial","aneuploid",TRUE,TRUE,"CNV_supported_malignant_candidate"
NA,NA,NA,NA,NA,NA,NA
NA,NA,NA,NA,NA,NA,NA
NA,NA,NA,NA,NA,NA,NA
NA,NA,NA,NA,NA,NA,NA
NA,NA,NA,NA,NA,NA,NA
NA,NA,NA,NA,NA,NA,NA
NA,NA,NA,NA,NA,NA,NA
"BC12_BC12_CTGTTTATCTCCGGTT-1","BC12","Basal_Like_Epithelial","aneuploid",TRUE,TRUE,"CNV_supported_malignant_candidate"
NA,NA,NA,NA,NA,NA,NA
"BC12_BC12_CTTAACTGTACGCTGC-1","BC12","Luminal_Epithelial","aneuploid",TRUE,TRUE,"CNV_supported_malignant_candidate"
NA,NA,NA,NA,NA,NA,NA
"BC12_BC12_CTTACCGAGGGAGTAA-1","BC12","Luminal_Epithelial","aneuploid",TRUE,TRUE,"CNV_supported_malignant_candidate"
NA,NA,NA,NA,NA,NA,NA
NA,NA,NA,NA,NA,NA,NA
NA,NA,NA,NA,NA,NA,NA
NA,NA,NA,NA,NA,NA,NA
NA,NA,NA,NA,NA,NA,NA
"BC12_BC12_CTTCTCTCACCCAGTG-1","BC12","Luminal_Epithelial","aneuploid",TRUE,TRUE,"CNV_supported_malignant_candidate"
NA,NA,NA,NA,NA,NA,NA
NA,NA,NA,NA,NA,NA,NA
NA,NA,NA,NA,NA,NA,NA
NA,NA,NA,NA,NA,NA,NA
"BC12_BC12_CTTTGCGTCGAATCCA-1","BC12","Basal_Like_Epithelial","aneuploid",TRUE,TRUE,"CNV_supported_malignant_candidate"
NA,NA,NA,NA,NA,NA,NA
NA,NA,NA,NA,NA,NA,NA
NA,NA,NA,NA,NA,NA,NA
NA,NA,NA,NA,NA,NA,NA
NA,NA,NA,NA,NA,NA,NA
NA,NA,NA,NA,NA,NA,NA
"BC12_BC12_GAAATGACAACTGCTA-1","BC12","Luminal_Epithelial","aneuploid",TRUE,TRUE,"CNV_supported_malignant_candidate"
"BC12_BC12_GAAATGAGTAGAAAGG-1","BC12","Luminal_Epithelial","aneuploid",TRUE,TRUE,"CNV_supported_malignant_candidate"
"BC12_BC12_GAACATCCAGCTCGAC-1","BC12","Luminal_Epithelial","aneuploid",TRUE,TRUE,"CNV_supported_malignant_candidate"
NA,NA,NA,NA,NA,NA,NA
NA,NA,NA,NA,NA,NA,NA
NA,NA,NA,NA,NA,NA,NA
NA,NA,NA,NA,NA,NA,NA
NA,NA,NA,NA,NA,NA,NA
NA,NA,NA,NA,NA,NA,NA
NA,NA,NA,NA,NA,NA,NA
"BC12_BC12_GAACCTAGTTCAGCGC-1","BC12","Luminal_Epithelial","aneuploid",TRUE,TRUE,"CNV_supported_malignant_candidate"
NA,NA,NA,NA,NA,NA,NA
NA,NA,NA,NA,NA,NA,NA
NA,NA,NA,NA,NA,NA,NA
NA,NA,NA,NA,NA,NA,NA
NA,NA,NA,NA,NA,NA,NA
NA,NA,NA,NA,NA,NA,NA
NA,NA,NA,NA,NA,NA,NA
NA,NA,NA,NA,NA,NA,NA
"BC12_BC12_GAATAAGGTGTCTGAT-1","BC12","Basal_Like_Epithelial","aneuploid",TRUE,TRUE,"CNV_supported_malignant_candidate"
NA,NA,NA,NA,NA,NA,NA
NA,NA,NA,NA,NA,NA,NA
NA,NA,NA,NA,NA,NA,NA
NA,NA,NA,NA,NA,NA,NA
NA,NA,NA,NA,NA,NA,NA
"BC12_BC12_GAATGAATCTTGCAAG-1","BC12","Luminal_Epithelial","aneuploid",TRUE,TRUE,"CNV_supported_malignant_candidate"
"BC12_BC12_GACACGCAGAGTTGGC-1","BC12","Luminal_Epithelial","aneuploid",TRUE,TRUE,"CNV_supported_malignant_candidate"
NA,NA,NA,NA,NA,NA,NA
NA,NA,NA,NA,NA,NA,NA
NA,NA,NA,NA,NA,NA,NA
NA,NA,NA,NA,NA,NA,NA
NA,NA,NA,NA,NA,NA,NA
NA,NA,NA,NA,NA,NA,NA
NA,NA,NA,NA,NA,NA,NA
NA,NA,NA,NA,NA,NA,NA
NA,NA,NA,NA,NA,NA,NA
NA,NA,NA,NA,NA,NA,NA
NA,NA,NA,NA,NA,NA,NA
NA,NA,NA,NA,NA,NA,NA
NA,NA,NA,NA,NA,NA,NA
NA,NA,NA,NA,NA,NA,NA
NA,NA,NA,NA,NA,NA,NA
"BC12_BC12_GACGCGTGTGGCGAAT-1","BC12","Luminal_Epithelial","aneuploid",TRUE,TRUE,"CNV_supported_malignant_candidate"
"BC12_BC12_GACGCGTTCTGCAAGT-1","BC12","Basal_Like_Epithelial","aneuploid",TRUE,TRUE,"CNV_supported_malignant_candidate"
NA,NA,NA,NA,NA,NA,NA
"BC12_BC12_GACGGCTTCAACTCTT-1","BC12","Luminal_Epithelial","aneuploid",TRUE,TRUE,"CNV_supported_malignant_candidate"
NA,NA,NA,NA,NA,NA,NA
NA,NA,NA,NA,NA,NA,NA
NA,NA,NA,NA,NA,NA,NA
NA,NA,NA,NA,NA,NA,NA
"BC12_BC12_GACGTGCGTTGGTGGA-1","BC12","Luminal_Epithelial","aneuploid",TRUE,TRUE,"CNV_supported_malignant_candidate"
NA,NA,NA,NA,NA,NA,NA
NA,NA,NA,NA,NA,NA,NA
NA,NA,NA,NA,NA,NA,NA
NA,NA,NA,NA,NA,NA,NA
"BC12_BC12_GACTAACGTCTGATTG-1","BC12","Luminal_Epithelial","aneuploid",TRUE,TRUE,"CNV_supported_malignant_candidate"
"BC12_BC12_GACTAACGTGATGCCC-1","BC12","Luminal_Epithelial","aneuploid",TRUE,TRUE,"CNV_supported_malignant_candidate"
NA,NA,NA,NA,NA,NA,NA
NA,NA,NA,NA,NA,NA,NA
"BC12_BC12_GACTACATCGGAGGTA-1","BC12","Luminal_Epithelial","aneuploid",TRUE,TRUE,"CNV_supported_malignant_candidate"
NA,NA,NA,NA,NA,NA,NA
NA,NA,NA,NA,NA,NA,NA
NA,NA,NA,NA,NA,NA,NA
NA,NA,NA,NA,NA,NA,NA
"BC12_BC12_GACTGCGGTTGCGCAC-1","BC12","Luminal_Epithelial","aneuploid",TRUE,TRUE,"CNV_supported_malignant_candidate"
NA,NA,NA,NA,NA,NA,NA
NA,NA,NA,NA,NA,NA,NA
NA,NA,NA,NA,NA,NA,NA
NA,NA,NA,NA,NA,NA,NA
NA,NA,NA,NA,NA,NA,NA
"BC12_BC12_GAGCAGACAGTGGAGT-1","BC12","Luminal_Epithelial","aneuploid",TRUE,TRUE,"CNV_supported_malignant_candidate"
"BC12_BC12_GAGCAGACATTACCTT-1","BC12","Basal_Like_Epithelial","aneuploid",TRUE,TRUE,"CNV_supported_malignant_candidate"
"BC12_BC12_GAGGTGAAGGTGACCA-1","BC12","Luminal_Epithelial","aneuploid",TRUE,TRUE,"CNV_supported_malignant_candidate"
NA,NA,NA,NA,NA,NA,NA
NA,NA,NA,NA,NA,NA,NA
NA,NA,NA,NA,NA,NA,NA
NA,NA,NA,NA,NA,NA,NA
NA,NA,NA,NA,NA,NA,NA
NA,NA,NA,NA,NA,NA,NA
"BC12_BC12_GATCAGTCAGTGAGTG-1","BC12","Basal_Like_Epithelial","aneuploid",TRUE,TRUE,"CNV_supported_malignant_candidate"
"BC12_BC12_GATCAGTGTCCCTTGT-1","BC12","Luminal_Epithelial","aneuploid",TRUE,TRUE,"CNV_supported_malignant_candidate"
NA,NA,NA,NA,NA,NA,NA
NA,NA,NA,NA,NA,NA,NA
NA,NA,NA,NA,NA,NA,NA
NA,NA,NA,NA,NA,NA,NA
"BC12_BC12_GATCGATGTCGAAAGC-1","BC12","Luminal_Epithelial","aneuploid",TRUE,TRUE,"CNV_supported_malignant_candidate"
NA,NA,NA,NA,NA,NA,NA
NA,NA,NA,NA,NA,NA,NA
"BC12_BC12_GATCGCGTCGTTGACA-1","BC12","Luminal_Epithelial","aneuploid",TRUE,TRUE,"CNV_supported_malignant_candidate"
NA,NA,NA,NA,NA,NA,NA
NA,NA,NA,NA,NA,NA,NA
NA,NA,NA,NA,NA,NA,NA
NA,NA,NA,NA,NA,NA,NA
NA,NA,NA,NA,NA,NA,NA
NA,NA,NA,NA,NA,NA,NA
NA,NA,NA,NA,NA,NA,NA
NA,NA,NA,NA,NA,NA,NA
NA,NA,NA,NA,NA,NA,NA
"BC12_BC12_GATGAGGTCGTGGACC-1","BC12","Luminal_Epithelial","aneuploid",TRUE,TRUE,"CNV_supported_malignant_candidate"
NA,NA,NA,NA,NA,NA,NA
NA,NA,NA,NA,NA,NA,NA
NA,NA,NA,NA,NA,NA,NA
NA,NA,NA,NA,NA,NA,NA
NA,NA,NA,NA,NA,NA,NA
NA,NA,NA,NA,NA,NA,NA
"BC12_BC12_GATGCTATCCAAGTAC-1","BC12","Luminal_Epithelial","aneuploid",TRUE,TRUE,"CNV_supported_malignant_candidate"
NA,NA,NA,NA,NA,NA,NA
"BC12_BC12_GATTCAGGTCCTGCTT-1","BC12","Luminal_Epithelial","aneuploid",TRUE,TRUE,"CNV_supported_malignant_candidate"
NA,NA,NA,NA,NA,NA,NA
NA,NA,NA,NA,NA,NA,NA
NA,NA,NA,NA,NA,NA,NA
NA,NA,NA,NA,NA,NA,NA
NA,NA,NA,NA,NA,NA,NA
NA,NA,NA,NA,NA,NA,NA
NA,NA,NA,NA,NA,NA,NA
NA,NA,NA,NA,NA,NA,NA
NA,NA,NA,NA,NA,NA,NA
NA,NA,NA,NA,NA,NA,NA
NA,NA,NA,NA,NA,NA,NA
NA,NA,NA,NA,NA,NA,NA
NA,NA,NA,NA,NA,NA,NA
NA,NA,NA,NA,NA,NA,NA
NA,NA,NA,NA,NA,NA,NA
"BC12_BC12_GCATACAAGTCACGCC-1","BC12","Basal_Like_Epithelial","aneuploid",TRUE,TRUE,"CNV_supported_malignant_candidate"
NA,NA,NA,NA,NA,NA,NA
NA,NA,NA,NA,NA,NA,NA
NA,NA,NA,NA,NA,NA,NA
NA,NA,NA,NA,NA,NA,NA
"BC12_BC12_GCATGCGGTGCATCTA-1","BC12","Luminal_Epithelial","aneuploid",TRUE,TRUE,"CNV_supported_malignant_candidate"
NA,NA,NA,NA,NA,NA,NA
NA,NA,NA,NA,NA,NA,NA
NA,NA,NA,NA,NA,NA,NA
NA,NA,NA,NA,NA,NA,NA
NA,NA,NA,NA,NA,NA,NA
NA,NA,NA,NA,NA,NA,NA
"BC12_BC12_GCCAAATAGCGGCTTC-1","BC12","Luminal_Epithelial","aneuploid",TRUE,TRUE,"CNV_supported_malignant_candidate"
NA,NA,NA,NA,NA,NA,NA
NA,NA,NA,NA,NA,NA,NA
"BC12_BC12_GCCAAATTCTCCCTGA-1","BC12","Luminal_Epithelial","aneuploid",TRUE,TRUE,"CNV_supported_malignant_candidate"
NA,NA,NA,NA,NA,NA,NA
"BC12_BC12_GCCTCTAAGACTAAGT-1","BC12","Luminal_Epithelial","aneuploid",TRUE,TRUE,"CNV_supported_malignant_candidate"
NA,NA,NA,NA,NA,NA,NA
NA,NA,NA,NA,NA,NA,NA
NA,NA,NA,NA,NA,NA,NA
NA,NA,NA,NA,NA,NA,NA
NA,NA,NA,NA,NA,NA,NA
"BC12_BC12_GCGAGAATCCAGGGCT-1","BC12","Basal_Like_Epithelial","aneuploid",TRUE,TRUE,"CNV_supported_malignant_candidate"
NA,NA,NA,NA,NA,NA,NA
NA,NA,NA,NA,NA,NA,NA
NA,NA,NA,NA,NA,NA,NA
NA,NA,NA,NA,NA,NA,NA
"BC12_BC12_GCGCAGTAGGGTCGAT-1","BC12","Luminal_Epithelial","aneuploid",TRUE,TRUE,"CNV_supported_malignant_candidate"
NA,NA,NA,NA,NA,NA,NA
NA,NA,NA,NA,NA,NA,NA
NA,NA,NA,NA,NA,NA,NA
NA,NA,NA,NA,NA,NA,NA
NA,NA,NA,NA,NA,NA,NA
"BC12_BC12_GCGCCAATCCCTAACC-1","BC12","Luminal_Epithelial","aneuploid",TRUE,TRUE,"CNV_supported_malignant_candidate"
NA,NA,NA,NA,NA,NA,NA
NA,NA,NA,NA,NA,NA,NA
NA,NA,NA,NA,NA,NA,NA
NA,NA,NA,NA,NA,NA,NA
NA,NA,NA,NA,NA,NA,NA
NA,NA,NA,NA,NA,NA,NA
NA,NA,NA,NA,NA,NA,NA
NA,NA,NA,NA,NA,NA,NA
"BC12_BC12_GCTCCTAGTGTGGCTC-1","BC12","Luminal_Epithelial","aneuploid",TRUE,TRUE,"CNV_supported_malignant_candidate"
NA,NA,NA,NA,NA,NA,NA
NA,NA,NA,NA,NA,NA,NA
NA,NA,NA,NA,NA,NA,NA
NA,NA,NA,NA,NA,NA,NA
NA,NA,NA,NA,NA,NA,NA
"BC12_BC12_GCTGCAGTCTAGAGTC-1","BC12","Luminal_Epithelial","aneuploid",TRUE,TRUE,"CNV_supported_malignant_candidate"
"BC12_BC12_GCTGCAGTCTCTGTCG-1","BC12","Basal_Like_Epithelial","aneuploid",TRUE,TRUE,"CNV_supported_malignant_candidate"
"BC12_BC12_GCTGCGAAGGGTCGAT-1","BC12","Luminal_Epithelial","aneuploid",TRUE,TRUE,"CNV_supported_malignant_candidate"
NA,NA,NA,NA,NA,NA,NA
NA,NA,NA,NA,NA,NA,NA
NA,NA,NA,NA,NA,NA,NA
NA,NA,NA,NA,NA,NA,NA
NA,NA,NA,NA,NA,NA,NA
"BC12_BC12_GCTTCCAAGGAATTAC-1","BC12","Luminal_Epithelial","aneuploid",TRUE,TRUE,"CNV_supported_malignant_candidate"
NA,NA,NA,NA,NA,NA,NA
NA,NA,NA,NA,NA,NA,NA
NA,NA,NA,NA,NA,NA,NA
NA,NA,NA,NA,NA,NA,NA
NA,NA,NA,NA,NA,NA,NA
NA,NA,NA,NA,NA,NA,NA
NA,NA,NA,NA,NA,NA,NA
NA,NA,NA,NA,NA,NA,NA
NA,NA,NA,NA,NA,NA,NA
"BC12_BC12_GGAACTTAGTAATCCC-1","BC12","Luminal_Epithelial","aneuploid",TRUE,TRUE,"CNV_supported_malignant_candidate"
NA,NA,NA,NA,NA,NA,NA
NA,NA,NA,NA,NA,NA,NA
NA,NA,NA,NA,NA,NA,NA
NA,NA,NA,NA,NA,NA,NA
NA,NA,NA,NA,NA,NA,NA
NA,NA,NA,NA,NA,NA,NA
NA,NA,NA,NA,NA,NA,NA
NA,NA,NA,NA,NA,NA,NA
"BC12_BC12_GGACAAGCAGTATGCT-1","BC12","Luminal_Epithelial","aneuploid",TRUE,TRUE,"CNV_supported_malignant_candidate"
NA,NA,NA,NA,NA,NA,NA
NA,NA,NA,NA,NA,NA,NA
NA,NA,NA,NA,NA,NA,NA
NA,NA,NA,NA,NA,NA,NA
NA,NA,NA,NA,NA,NA,NA
NA,NA,NA,NA,NA,NA,NA
"BC12_BC12_GGACAGAAGTACGCCC-1","BC12","Luminal_Epithelial","aneuploid",TRUE,TRUE,"CNV_supported_malignant_candidate"
NA,NA,NA,NA,NA,NA,NA
"BC12_BC12_GGACAGACAAGCGATG-1","BC12","Luminal_Epithelial","aneuploid",TRUE,TRUE,"CNV_supported_malignant_candidate"
NA,NA,NA,NA,NA,NA,NA
"BC12_BC12_GGACAGATCCATGAGT-1","BC12","Basal_Like_Epithelial","aneuploid",TRUE,TRUE,"CNV_supported_malignant_candidate"
NA,NA,NA,NA,NA,NA,NA
NA,NA,NA,NA,NA,NA,NA
"BC12_BC12_GGACATTAGGAGTCTG-1","BC12","Luminal_Epithelial","aneuploid",TRUE,TRUE,"CNV_supported_malignant_candidate"
NA,NA,NA,NA,NA,NA,NA
"BC12_BC12_GGACGTCAGTCCATAC-1","BC12","Luminal_Epithelial","aneuploid",TRUE,TRUE,"CNV_supported_malignant_candidate"
NA,NA,NA,NA,NA,NA,NA
"BC12_BC12_GGACGTCCATGGAATA-1","BC12","Luminal_Epithelial","aneuploid",TRUE,TRUE,"CNV_supported_malignant_candidate"
"BC12_BC12_GGACGTCCATGTTGAC-1","BC12","Luminal_Epithelial","aneuploid",TRUE,TRUE,"CNV_supported_malignant_candidate"
NA,NA,NA,NA,NA,NA,NA
NA,NA,NA,NA,NA,NA,NA
NA,NA,NA,NA,NA,NA,NA
NA,NA,NA,NA,NA,NA,NA
NA,NA,NA,NA,NA,NA,NA
NA,NA,NA,NA,NA,NA,NA
NA,NA,NA,NA,NA,NA,NA
NA,NA,NA,NA,NA,NA,NA
NA,NA,NA,NA,NA,NA,NA
NA,NA,NA,NA,NA,NA,NA
NA,NA,NA,NA,NA,NA,NA
"BC12_BC12_GGATGTTTCCAAATGC-1","BC12","Luminal_Epithelial","aneuploid",TRUE,TRUE,"CNV_supported_malignant_candidate"
NA,NA,NA,NA,NA,NA,NA
"BC12_BC12_GGATTACTCAGAAATG-1","BC12","Luminal_Epithelial","aneuploid",TRUE,TRUE,"CNV_supported_malignant_candidate"
NA,NA,NA,NA,NA,NA,NA
NA,NA,NA,NA,NA,NA,NA
NA,NA,NA,NA,NA,NA,NA
NA,NA,NA,NA,NA,NA,NA
"BC12_BC12_GGCAATTTCGTGACAT-1","BC12","Basal_Like_Epithelial","aneuploid",TRUE,TRUE,"CNV_supported_malignant_candidate"
NA,NA,NA,NA,NA,NA,NA
NA,NA,NA,NA,NA,NA,NA
NA,NA,NA,NA,NA,NA,NA
NA,NA,NA,NA,NA,NA,NA
NA,NA,NA,NA,NA,NA,NA
"BC12_BC12_GGCGACTCATCCTAGA-1","BC12","Luminal_Epithelial","aneuploid",TRUE,TRUE,"CNV_supported_malignant_candidate"
NA,NA,NA,NA,NA,NA,NA
NA,NA,NA,NA,NA,NA,NA
NA,NA,NA,NA,NA,NA,NA
NA,NA,NA,NA,NA,NA,NA
NA,NA,NA,NA,NA,NA,NA
NA,NA,NA,NA,NA,NA,NA
"BC12_BC12_GGCTCGAGTCTTCTCG-1","BC12","Luminal_Epithelial","aneuploid",TRUE,TRUE,"CNV_supported_malignant_candidate"
NA,NA,NA,NA,NA,NA,NA
NA,NA,NA,NA,NA,NA,NA
NA,NA,NA,NA,NA,NA,NA
NA,NA,NA,NA,NA,NA,NA
"BC12_BC12_GGGACCTAGAAGGTTT-1","BC12","Basal_Like_Epithelial","aneuploid",TRUE,TRUE,"CNV_supported_malignant_candidate"
NA,NA,NA,NA,NA,NA,NA
NA,NA,NA,NA,NA,NA,NA
NA,NA,NA,NA,NA,NA,NA
NA,NA,NA,NA,NA,NA,NA
"BC12_BC12_GGGATGACAAAGGTGC-1","BC12","Luminal_Epithelial","aneuploid",TRUE,TRUE,"CNV_supported_malignant_candidate"
"BC12_BC12_GGGATGATCGGTTCGG-1","BC12","Specialized_Epithelial","aneuploid",TRUE,TRUE,"CNV_supported_malignant_candidate"
NA,NA,NA,NA,NA,NA,NA
NA,NA,NA,NA,NA,NA,NA
NA,NA,NA,NA,NA,NA,NA
NA,NA,NA,NA,NA,NA,NA
NA,NA,NA,NA,NA,NA,NA
NA,NA,NA,NA,NA,NA,NA
"BC12_BC12_GGGCATCTCTCCAACC-1","BC12","Luminal_Epithelial","aneuploid",TRUE,TRUE,"CNV_supported_malignant_candidate"
NA,NA,NA,NA,NA,NA,NA
NA,NA,NA,NA,NA,NA,NA
NA,NA,NA,NA,NA,NA,NA
NA,NA,NA,NA,NA,NA,NA
NA,NA,NA,NA,NA,NA,NA
"BC12_BC12_GGGTTGCGTCGATTGT-1","BC12","Luminal_Epithelial","aneuploid",TRUE,TRUE,"CNV_supported_malignant_candidate"
NA,NA,NA,NA,NA,NA,NA
NA,NA,NA,NA,NA,NA,NA
NA,NA,NA,NA,NA,NA,NA
NA,NA,NA,NA,NA,NA,NA
NA,NA,NA,NA,NA,NA,NA
NA,NA,NA,NA,NA,NA,NA
NA,NA,NA,NA,NA,NA,NA
NA,NA,NA,NA,NA,NA,NA
NA,NA,NA,NA,NA,NA,NA
NA,NA,NA,NA,NA,NA,NA
NA,NA,NA,NA,NA,NA,NA
NA,NA,NA,NA,NA,NA,NA
NA,NA,NA,NA,NA,NA,NA
NA,NA,NA,NA,NA,NA,NA
NA,NA,NA,NA,NA,NA,NA
NA,NA,NA,NA,NA,NA,NA
NA,NA,NA,NA,NA,NA,NA
NA,NA,NA,NA,NA,NA,NA
NA,NA,NA,NA,NA,NA,NA
NA,NA,NA,NA,NA,NA,NA
NA,NA,NA,NA,NA,NA,NA
NA,NA,NA,NA,NA,NA,NA
NA,NA,NA,NA,NA,NA,NA
NA,NA,NA,NA,NA,NA,NA
NA,NA,NA,NA,NA,NA,NA
NA,NA,NA,NA,NA,NA,NA
NA,NA,NA,NA,NA,NA,NA
NA,NA,NA,NA,NA,NA,NA
NA,NA,NA,NA,NA,NA,NA
NA,NA,NA,NA,NA,NA,NA
NA,NA,NA,NA,NA,NA,NA
"BC12_BC12_GTACTCCCAACACCTA-1","BC12","Basal_Like_Epithelial","aneuploid",TRUE,TRUE,"CNV_supported_malignant_candidate"
"BC12_BC12_GTACTCCGTAATTGGA-1","BC12","Luminal_Epithelial","aneuploid",TRUE,TRUE,"CNV_supported_malignant_candidate"
NA,NA,NA,NA,NA,NA,NA
NA,NA,NA,NA,NA,NA,NA
"BC12_BC12_GTACTTTGTCAGAAGC-1","BC12","Basal_Like_Epithelial","aneuploid",TRUE,TRUE,"CNV_supported_malignant_candidate"
NA,NA,NA,NA,NA,NA,NA
"BC12_BC12_GTAGGCCAGACAAGCC-1","BC12","Basal_Like_Epithelial","aneuploid",TRUE,TRUE,"CNV_supported_malignant_candidate"
NA,NA,NA,NA,NA,NA,NA
NA,NA,NA,NA,NA,NA,NA
NA,NA,NA,NA,NA,NA,NA
NA,NA,NA,NA,NA,NA,NA
"BC12_BC12_GTAGGCCGTCTAGCGC-1","BC12","Luminal_Epithelial","aneuploid",TRUE,TRUE,"CNV_supported_malignant_candidate"
NA,NA,NA,NA,NA,NA,NA
NA,NA,NA,NA,NA,NA,NA
NA,NA,NA,NA,NA,NA,NA
"BC12_BC12_GTAGTCAGTGTGCGTC-1","BC12","Luminal_Epithelial","aneuploid",TRUE,TRUE,"CNV_supported_malignant_candidate"
NA,NA,NA,NA,NA,NA,NA
NA,NA,NA,NA,NA,NA,NA
NA,NA,NA,NA,NA,NA,NA
NA,NA,NA,NA,NA,NA,NA
NA,NA,NA,NA,NA,NA,NA
"BC12_BC12_GTATCTTTCGCAAGCC-1","BC12","Luminal_Epithelial","aneuploid",TRUE,TRUE,"CNV_supported_malignant_candidate"
NA,NA,NA,NA,NA,NA,NA
NA,NA,NA,NA,NA,NA,NA
NA,NA,NA,NA,NA,NA,NA
NA,NA,NA,NA,NA,NA,NA
NA,NA,NA,NA,NA,NA,NA
NA,NA,NA,NA,NA,NA,NA
NA,NA,NA,NA,NA,NA,NA
NA,NA,NA,NA,NA,NA,NA
NA,NA,NA,NA,NA,NA,NA
"BC12_BC12_GTCACAACACGTAAGG-1","BC12","Luminal_Epithelial","aneuploid",TRUE,TRUE,"CNV_supported_malignant_candidate"
NA,NA,NA,NA,NA,NA,NA
NA,NA,NA,NA,NA,NA,NA
NA,NA,NA,NA,NA,NA,NA
NA,NA,NA,NA,NA,NA,NA
NA,NA,NA,NA,NA,NA,NA
NA,NA,NA,NA,NA,NA,NA
NA,NA,NA,NA,NA,NA,NA
NA,NA,NA,NA,NA,NA,NA
NA,NA,NA,NA,NA,NA,NA
NA,NA,NA,NA,NA,NA,NA
NA,NA,NA,NA,NA,NA,NA
NA,NA,NA,NA,NA,NA,NA
"BC12_BC12_GTCTCGTAGATACACA-1","BC12","Luminal_Epithelial","aneuploid",TRUE,TRUE,"CNV_supported_malignant_candidate"
NA,NA,NA,NA,NA,NA,NA
"BC12_BC12_GTCTCGTAGTATGACA-1","BC12","Basal_Like_Epithelial","aneuploid",TRUE,TRUE,"CNV_supported_malignant_candidate"
NA,NA,NA,NA,NA,NA,NA
NA,NA,NA,NA,NA,NA,NA
NA,NA,NA,NA,NA,NA,NA
NA,NA,NA,NA,NA,NA,NA
"BC12_BC12_GTCTTCGCAGCTTCGG-1","BC12","Basal_Like_Epithelial","aneuploid",TRUE,TRUE,"CNV_supported_malignant_candidate"
NA,NA,NA,NA,NA,NA,NA
NA,NA,NA,NA,NA,NA,NA
NA,NA,NA,NA,NA,NA,NA
"BC12_BC12_GTGAAGGCAATCCGAT-1","BC12","Basal_Like_Epithelial","aneuploid",TRUE,TRUE,"CNV_supported_malignant_candidate"
NA,NA,NA,NA,NA,NA,NA
NA,NA,NA,NA,NA,NA,NA
NA,NA,NA,NA,NA,NA,NA
"BC12_BC12_GTGCAGCAGATACACA-1","BC12","Basal_Like_Epithelial","aneuploid",TRUE,TRUE,"CNV_supported_malignant_candidate"
"BC12_BC12_GTGCAGCAGTATCGAA-1","BC12","Basal_Like_Epithelial","aneuploid",TRUE,TRUE,"CNV_supported_malignant_candidate"
"BC12_BC12_GTGCAGCTCCAGAAGG-1","BC12","Basal_Like_Epithelial","aneuploid",TRUE,TRUE,"CNV_supported_malignant_candidate"
NA,NA,NA,NA,NA,NA,NA
NA,NA,NA,NA,NA,NA,NA
NA,NA,NA,NA,NA,NA,NA
NA,NA,NA,NA,NA,NA,NA
"BC12_BC12_GTGCGGTCATTATCTC-1","BC12","Basal_Like_Epithelial","aneuploid",TRUE,TRUE,"CNV_supported_malignant_candidate"
"BC12_BC12_GTGCGGTGTCTAAACC-1","BC12","Luminal_Epithelial","aneuploid",TRUE,TRUE,"CNV_supported_malignant_candidate"
NA,NA,NA,NA,NA,NA,NA
NA,NA,NA,NA,NA,NA,NA
NA,NA,NA,NA,NA,NA,NA
NA,NA,NA,NA,NA,NA,NA
NA,NA,NA,NA,NA,NA,NA
NA,NA,NA,NA,NA,NA,NA
NA,NA,NA,NA,NA,NA,NA
NA,NA,NA,NA,NA,NA,NA
NA,NA,NA,NA,NA,NA,NA
"BC12_BC12_GTGCTTCTCCCGACTT-1","BC12","Basal_Like_Epithelial","aneuploid",TRUE,TRUE,"CNV_supported_malignant_candidate"
NA,NA,NA,NA,NA,NA,NA
NA,NA,NA,NA,NA,NA,NA
NA,NA,NA,NA,NA,NA,NA
"BC12_BC12_GTGGGTCTCCAATGGT-1","BC12","Luminal_Epithelial","aneuploid",TRUE,TRUE,"CNV_supported_malignant_candidate"
"BC12_BC12_GTGTGCGAGAGGGATA-1","BC12","Luminal_Epithelial","aneuploid",TRUE,TRUE,"CNV_supported_malignant_candidate"
NA,NA,NA,NA,NA,NA,NA
NA,NA,NA,NA,NA,NA,NA
NA,NA,NA,NA,NA,NA,NA
NA,NA,NA,NA,NA,NA,NA
NA,NA,NA,NA,NA,NA,NA
NA,NA,NA,NA,NA,NA,NA
"BC12_BC12_GTGTTAGAGTACGTTC-1","BC12","Luminal_Epithelial","aneuploid",TRUE,TRUE,"CNV_supported_malignant_candidate"
NA,NA,NA,NA,NA,NA,NA
NA,NA,NA,NA,NA,NA,NA
"BC12_BC12_GTGTTAGCATAACCTG-1","BC12","Luminal_Epithelial","aneuploid",TRUE,TRUE,"CNV_supported_malignant_candidate"
NA,NA,NA,NA,NA,NA,NA
NA,NA,NA,NA,NA,NA,NA
NA,NA,NA,NA,NA,NA,NA
NA,NA,NA,NA,NA,NA,NA
NA,NA,NA,NA,NA,NA,NA
NA,NA,NA,NA,NA,NA,NA
NA,NA,NA,NA,NA,NA,NA
NA,NA,NA,NA,NA,NA,NA
"BC12_BC12_GTTACAGCATTACGAC-1","BC12","Basal_Like_Epithelial","aneuploid",TRUE,TRUE,"CNV_supported_malignant_candidate"
NA,NA,NA,NA,NA,NA,NA
NA,NA,NA,NA,NA,NA,NA
"BC12_BC12_GTTACAGGTTCGTCTC-1","BC12","Luminal_Epithelial","aneuploid",TRUE,TRUE,"CNV_supported_malignant_candidate"
NA,NA,NA,NA,NA,NA,NA
"BC12_BC12_GTTACAGTCTTGTTTG-1","BC12","Luminal_Epithelial","aneuploid",TRUE,TRUE,"CNV_supported_malignant_candidate"
"BC12_BC12_GTTCATTAGACAAAGG-1","BC12","Luminal_Epithelial","aneuploid",TRUE,TRUE,"CNV_supported_malignant_candidate"
NA,NA,NA,NA,NA,NA,NA
NA,NA,NA,NA,NA,NA,NA
NA,NA,NA,NA,NA,NA,NA
"BC12_BC12_GTTCGGGCAAGAGGCT-1","BC12","Luminal_Epithelial","aneuploid",TRUE,TRUE,"CNV_supported_malignant_candidate"
NA,NA,NA,NA,NA,NA,NA
NA,NA,NA,NA,NA,NA,NA
NA,NA,NA,NA,NA,NA,NA
NA,NA,NA,NA,NA,NA,NA
NA,NA,NA,NA,NA,NA,NA
NA,NA,NA,NA,NA,NA,NA
NA,NA,NA,NA,NA,NA,NA
NA,NA,NA,NA,NA,NA,NA
"BC12_BC12_TAAACCGAGCCTCGTG-1","BC12","Luminal_Epithelial","aneuploid",TRUE,TRUE,"CNV_supported_malignant_candidate"
"BC12_BC12_TAAACCGCATTGGCGC-1","BC12","Specialized_Epithelial","aneuploid",TRUE,TRUE,"CNV_supported_malignant_candidate"
NA,NA,NA,NA,NA,NA,NA
NA,NA,NA,NA,NA,NA,NA
NA,NA,NA,NA,NA,NA,NA
NA,NA,NA,NA,NA,NA,NA
NA,NA,NA,NA,NA,NA,NA
NA,NA,NA,NA,NA,NA,NA
NA,NA,NA,NA,NA,NA,NA
NA,NA,NA,NA,NA,NA,NA
"BC12_BC12_TAAGCGTAGTGTCCAT-1","BC12","Basal_Like_Epithelial","aneuploid",TRUE,TRUE,"CNV_supported_malignant_candidate"
NA,NA,NA,NA,NA,NA,NA
"BC12_BC12_TAAGCGTGTAAGTTCC-1","BC12","Basal_Like_Epithelial","aneuploid",TRUE,TRUE,"CNV_supported_malignant_candidate"
NA,NA,NA,NA,NA,NA,NA
NA,NA,NA,NA,NA,NA,NA
"BC12_BC12_TAAGCGTTCTCCAGGG-1","BC12","Luminal_Epithelial","aneuploid",TRUE,TRUE,"CNV_supported_malignant_candidate"
"BC12_BC12_TAAGTGCCAATCTACG-1","BC12","Basal_Like_Epithelial","aneuploid",TRUE,TRUE,"CNV_supported_malignant_candidate"
NA,NA,NA,NA,NA,NA,NA
NA,NA,NA,NA,NA,NA,NA
NA,NA,NA,NA,NA,NA,NA
NA,NA,NA,NA,NA,NA,NA
NA,NA,NA,NA,NA,NA,NA
NA,NA,NA,NA,NA,NA,NA
NA,NA,NA,NA,NA,NA,NA
NA,NA,NA,NA,NA,NA,NA
NA,NA,NA,NA,NA,NA,NA
NA,NA,NA,NA,NA,NA,NA
NA,NA,NA,NA,NA,NA,NA
NA,NA,NA,NA,NA,NA,NA
NA,NA,NA,NA,NA,NA,NA
NA,NA,NA,NA,NA,NA,NA
NA,NA,NA,NA,NA,NA,NA
NA,NA,NA,NA,NA,NA,NA
NA,NA,NA,NA,NA,NA,NA
"BC12_BC12_TACGGATGTCACACGC-1","BC12","Luminal_Epithelial","aneuploid",TRUE,TRUE,"CNV_supported_malignant_candidate"
NA,NA,NA,NA,NA,NA,NA
"BC12_BC12_TACGGATTCTACTATC-1","BC12","Luminal_Epithelial","aneuploid",TRUE,TRUE,"CNV_supported_malignant_candidate"
NA,NA,NA,NA,NA,NA,NA
NA,NA,NA,NA,NA,NA,NA
NA,NA,NA,NA,NA,NA,NA
"BC12_BC12_TACGGTACACATAACC-1","BC12","Luminal_Epithelial","aneuploid",TRUE,TRUE,"CNV_supported_malignant_candidate"
NA,NA,NA,NA,NA,NA,NA
NA,NA,NA,NA,NA,NA,NA
NA,NA,NA,NA,NA,NA,NA
NA,NA,NA,NA,NA,NA,NA
"BC12_BC12_TACTCATGTTGGACCC-1","BC12","Luminal_Epithelial","aneuploid",TRUE,TRUE,"CNV_supported_malignant_candidate"
NA,NA,NA,NA,NA,NA,NA
NA,NA,NA,NA,NA,NA,NA
NA,NA,NA,NA,NA,NA,NA
"BC12_BC12_TACTCGCCATGCCTAA-1","BC12","Luminal_Epithelial","aneuploid",TRUE,TRUE,"CNV_supported_malignant_candidate"
NA,NA,NA,NA,NA,NA,NA
"BC12_BC12_TACTCGCGTATCAGTC-1","BC12","Luminal_Epithelial","aneuploid",TRUE,TRUE,"CNV_supported_malignant_candidate"
NA,NA,NA,NA,NA,NA,NA
NA,NA,NA,NA,NA,NA,NA
NA,NA,NA,NA,NA,NA,NA
NA,NA,NA,NA,NA,NA,NA
NA,NA,NA,NA,NA,NA,NA
NA,NA,NA,NA,NA,NA,NA
NA,NA,NA,NA,NA,NA,NA
NA,NA,NA,NA,NA,NA,NA
NA,NA,NA,NA,NA,NA,NA
NA,NA,NA,NA,NA,NA,NA
NA,NA,NA,NA,NA,NA,NA
NA,NA,NA,NA,NA,NA,NA
NA,NA,NA,NA,NA,NA,NA
NA,NA,NA,NA,NA,NA,NA
NA,NA,NA,NA,NA,NA,NA
NA,NA,NA,NA,NA,NA,NA
NA,NA,NA,NA,NA,NA,NA
NA,NA,NA,NA,NA,NA,NA
"BC12_BC12_TAGGCATTCTGTCAAG-1","BC12","Specialized_Epithelial","aneuploid",TRUE,TRUE,"CNV_supported_malignant_candidate"
"BC12_BC12_TAGTGGTGTACCGTAT-1","BC12","Basal_Like_Epithelial","aneuploid",TRUE,TRUE,"CNV_supported_malignant_candidate"
NA,NA,NA,NA,NA,NA,NA
NA,NA,NA,NA,NA,NA,NA
NA,NA,NA,NA,NA,NA,NA
NA,NA,NA,NA,NA,NA,NA
NA,NA,NA,NA,NA,NA,NA
"BC12_BC12_TAGTTGGGTATCAGTC-1","BC12","Luminal_Epithelial","aneuploid",TRUE,TRUE,"CNV_supported_malignant_candidate"
NA,NA,NA,NA,NA,NA,NA
"BC12_BC12_TATCAGGAGCTAAACA-1","BC12","Basal_Like_Epithelial","aneuploid",TRUE,TRUE,"CNV_supported_malignant_candidate"
"BC12_BC12_TATCTCAAGGGCACTA-1","BC12","Luminal_Epithelial","aneuploid",TRUE,TRUE,"CNV_supported_malignant_candidate"
NA,NA,NA,NA,NA,NA,NA
NA,NA,NA,NA,NA,NA,NA
"BC12_BC12_TATGCCCTCGCATGAT-1","BC12","Luminal_Epithelial","aneuploid",TRUE,TRUE,"CNV_supported_malignant_candidate"
"BC12_BC12_TATTACCAGGACACCA-1","BC12","Luminal_Epithelial","aneuploid",TRUE,TRUE,"CNV_supported_malignant_candidate"
NA,NA,NA,NA,NA,NA,NA
NA,NA,NA,NA,NA,NA,NA
"BC12_BC12_TATTACCCATTCACTT-1","BC12","Luminal_Epithelial","aneuploid",TRUE,TRUE,"CNV_supported_malignant_candidate"
NA,NA,NA,NA,NA,NA,NA
"BC12_BC12_TATTACCTCAAGGCTT-1","BC12","Basal_Like_Epithelial","aneuploid",TRUE,TRUE,"CNV_supported_malignant_candidate"
"BC12_BC12_TCAACGAAGTACGCGA-1","BC12","Basal_Like_Epithelial","aneuploid",TRUE,TRUE,"CNV_supported_malignant_candidate"
NA,NA,NA,NA,NA,NA,NA
NA,NA,NA,NA,NA,NA,NA
NA,NA,NA,NA,NA,NA,NA
"BC12_BC12_TCAATCTTCTATGTGG-1","BC12","Basal_Like_Epithelial","aneuploid",TRUE,TRUE,"CNV_supported_malignant_candidate"
NA,NA,NA,NA,NA,NA,NA
NA,NA,NA,NA,NA,NA,NA
NA,NA,NA,NA,NA,NA,NA
NA,NA,NA,NA,NA,NA,NA
"BC12_BC12_TCACAAGTCGTTGCCT-1","BC12","Luminal_Epithelial","aneuploid",TRUE,TRUE,"CNV_supported_malignant_candidate"
NA,NA,NA,NA,NA,NA,NA
NA,NA,NA,NA,NA,NA,NA
"BC12_BC12_TCACGAATCATATCGG-1","BC12","Basal_Like_Epithelial","aneuploid",TRUE,TRUE,"CNV_supported_malignant_candidate"
NA,NA,NA,NA,NA,NA,NA
"BC12_BC12_TCAGATGCAGCTGTAT-1","BC12","Luminal_Epithelial","aneuploid",TRUE,TRUE,"CNV_supported_malignant_candidate"
"BC12_BC12_TCAGATGCATTAACCG-1","BC12","Luminal_Epithelial","aneuploid",TRUE,TRUE,"CNV_supported_malignant_candidate"
NA,NA,NA,NA,NA,NA,NA
NA,NA,NA,NA,NA,NA,NA
NA,NA,NA,NA,NA,NA,NA
NA,NA,NA,NA,NA,NA,NA
NA,NA,NA,NA,NA,NA,NA
NA,NA,NA,NA,NA,NA,NA
"BC12_BC12_TCAGCTCGTCATTAGC-1","BC12","Luminal_Epithelial","aneuploid",TRUE,TRUE,"CNV_supported_malignant_candidate"
"BC12_BC12_TCAGGATGTCTAGCGC-1","BC12","Luminal_Epithelial","aneuploid",TRUE,TRUE,"CNV_supported_malignant_candidate"
NA,NA,NA,NA,NA,NA,NA
NA,NA,NA,NA,NA,NA,NA
NA,NA,NA,NA,NA,NA,NA
NA,NA,NA,NA,NA,NA,NA
NA,NA,NA,NA,NA,NA,NA
NA,NA,NA,NA,NA,NA,NA
"BC12_BC12_TCATTACGTTGCGTTA-1","BC12","Luminal_Epithelial","aneuploid",TRUE,TRUE,"CNV_supported_malignant_candidate"
NA,NA,NA,NA,NA,NA,NA
NA,NA,NA,NA,NA,NA,NA
NA,NA,NA,NA,NA,NA,NA
NA,NA,NA,NA,NA,NA,NA
"BC12_BC12_TCATTTGGTCCAGTAT-1","BC12","Luminal_Epithelial","aneuploid",TRUE,TRUE,"CNV_supported_malignant_candidate"
"BC12_BC12_TCCACACAGGATCGCA-1","BC12","Luminal_Epithelial","aneuploid",TRUE,TRUE,"CNV_supported_malignant_candidate"
NA,NA,NA,NA,NA,NA,NA
"BC12_BC12_TCCACACGTTTAGCTG-1","BC12","Basal_Like_Epithelial","aneuploid",TRUE,TRUE,"CNV_supported_malignant_candidate"
NA,NA,NA,NA,NA,NA,NA
NA,NA,NA,NA,NA,NA,NA
"BC12_BC12_TCCACACTCTCTGCTG-1","BC12","Luminal_Epithelial","aneuploid",TRUE,TRUE,"CNV_supported_malignant_candidate"
NA,NA,NA,NA,NA,NA,NA
"BC12_BC12_TCCCGATCACCAGCAC-1","BC12","Luminal_Epithelial","aneuploid",TRUE,TRUE,"CNV_supported_malignant_candidate"
"BC12_BC12_TCCCGATCACGGCGTT-1","BC12","Luminal_Epithelial","aneuploid",TRUE,TRUE,"CNV_supported_malignant_candidate"
NA,NA,NA,NA,NA,NA,NA
NA,NA,NA,NA,NA,NA,NA
NA,NA,NA,NA,NA,NA,NA
NA,NA,NA,NA,NA,NA,NA
"BC12_BC12_TCGCGTTAGCACAGGT-1","BC12","Basal_Like_Epithelial","aneuploid",TRUE,TRUE,"CNV_supported_malignant_candidate"
NA,NA,NA,NA,NA,NA,NA
NA,NA,NA,NA,NA,NA,NA
"BC12_BC12_TCGCGTTCAGTCACTA-1","BC12","Basal_Like_Epithelial","aneuploid",TRUE,TRUE,"CNV_supported_malignant_candidate"
NA,NA,NA,NA,NA,NA,NA
NA,NA,NA,NA,NA,NA,NA
NA,NA,NA,NA,NA,NA,NA
NA,NA,NA,NA,NA,NA,NA
NA,NA,NA,NA,NA,NA,NA
NA,NA,NA,NA,NA,NA,NA
"BC12_BC12_TCGGTAACAAAGTGCG-1","BC12","Luminal_Epithelial","aneuploid",TRUE,TRUE,"CNV_supported_malignant_candidate"
"BC12_BC12_TCGGTAACATACTACG-1","BC12","Basal_Like_Epithelial","aneuploid",TRUE,TRUE,"CNV_supported_malignant_candidate"
NA,NA,NA,NA,NA,NA,NA
NA,NA,NA,NA,NA,NA,NA
NA,NA,NA,NA,NA,NA,NA
"BC12_BC12_TCGGTAATCCTGCAGG-1","BC12","Luminal_Epithelial","aneuploid",TRUE,TRUE,"CNV_supported_malignant_candidate"
"BC12_BC12_TCGTACCAGACGCTTT-1","BC12","Basal_Like_Epithelial","aneuploid",TRUE,TRUE,"CNV_supported_malignant_candidate"
NA,NA,NA,NA,NA,NA,NA
NA,NA,NA,NA,NA,NA,NA
NA,NA,NA,NA,NA,NA,NA
NA,NA,NA,NA,NA,NA,NA
"BC12_BC12_TCGTACCGTTAGAACA-1","BC12","Luminal_Epithelial","aneuploid",TRUE,TRUE,"CNV_supported_malignant_candidate"
NA,NA,NA,NA,NA,NA,NA
NA,NA,NA,NA,NA,NA,NA
NA,NA,NA,NA,NA,NA,NA
NA,NA,NA,NA,NA,NA,NA
"BC12_BC12_TCTATTGCATGTCTCC-1","BC12","Luminal_Epithelial","aneuploid",TRUE,TRUE,"CNV_supported_malignant_candidate"
NA,NA,NA,NA,NA,NA,NA
NA,NA,NA,NA,NA,NA,NA
NA,NA,NA,NA,NA,NA,NA
"BC12_BC12_TCTCATAGTACCGTTA-1","BC12","Luminal_Epithelial","aneuploid",TRUE,TRUE,"CNV_supported_malignant_candidate"
NA,NA,NA,NA,NA,NA,NA
NA,NA,NA,NA,NA,NA,NA
NA,NA,NA,NA,NA,NA,NA
NA,NA,NA,NA,NA,NA,NA
NA,NA,NA,NA,NA,NA,NA
NA,NA,NA,NA,NA,NA,NA
NA,NA,NA,NA,NA,NA,NA
"BC12_BC12_TCTGAGAGTAAGGGCT-1","BC12","Luminal_Epithelial","aneuploid",TRUE,TRUE,"CNV_supported_malignant_candidate"
"BC12_BC12_TCTGAGAGTCGACTGC-1","BC12","Luminal_Epithelial","aneuploid",TRUE,TRUE,"CNV_supported_malignant_candidate"
NA,NA,NA,NA,NA,NA,NA
NA,NA,NA,NA,NA,NA,NA
NA,NA,NA,NA,NA,NA,NA
NA,NA,NA,NA,NA,NA,NA
"BC12_BC12_TCTTTCCAGGACACCA-1","BC12","Basal_Like_Epithelial","aneuploid",TRUE,TRUE,"CNV_supported_malignant_candidate"
"BC12_BC12_TCTTTCCTCACAAACC-1","BC12","Luminal_Epithelial","aneuploid",TRUE,TRUE,"CNV_supported_malignant_candidate"
NA,NA,NA,NA,NA,NA,NA
"BC12_BC12_TGAAAGACACTGAAGG-1","BC12","Basal_Like_Epithelial","aneuploid",TRUE,TRUE,"CNV_supported_malignant_candidate"
NA,NA,NA,NA,NA,NA,NA
NA,NA,NA,NA,NA,NA,NA
"BC12_BC12_TGACAACCACCGCTAG-1","BC12","Basal_Like_Epithelial","aneuploid",TRUE,TRUE,"CNV_supported_malignant_candidate"
NA,NA,NA,NA,NA,NA,NA
"BC12_BC12_TGACAACCATCATCCC-1","BC12","Luminal_Epithelial","aneuploid",TRUE,TRUE,"CNV_supported_malignant_candidate"
NA,NA,NA,NA,NA,NA,NA
NA,NA,NA,NA,NA,NA,NA
NA,NA,NA,NA,NA,NA,NA
NA,NA,NA,NA,NA,NA,NA
NA,NA,NA,NA,NA,NA,NA
"BC12_BC12_TGACGGCGTGGCAAAC-1","BC12","Luminal_Epithelial","aneuploid",TRUE,TRUE,"CNV_supported_malignant_candidate"
NA,NA,NA,NA,NA,NA,NA
NA,NA,NA,NA,NA,NA,NA
NA,NA,NA,NA,NA,NA,NA
NA,NA,NA,NA,NA,NA,NA
NA,NA,NA,NA,NA,NA,NA
NA,NA,NA,NA,NA,NA,NA
NA,NA,NA,NA,NA,NA,NA
NA,NA,NA,NA,NA,NA,NA
NA,NA,NA,NA,NA,NA,NA
NA,NA,NA,NA,NA,NA,NA
NA,NA,NA,NA,NA,NA,NA
NA,NA,NA,NA,NA,NA,NA
NA,NA,NA,NA,NA,NA,NA
NA,NA,NA,NA,NA,NA,NA
NA,NA,NA,NA,NA,NA,NA
NA,NA,NA,NA,NA,NA,NA
NA,NA,NA,NA,NA,NA,NA
NA,NA,NA,NA,NA,NA,NA
NA,NA,NA,NA,NA,NA,NA
NA,NA,NA,NA,NA,NA,NA
NA,NA,NA,NA,NA,NA,NA
NA,NA,NA,NA,NA,NA,NA
NA,NA,NA,NA,NA,NA,NA
"BC12_BC12_TGCACCTAGCTGCAAG-1","BC12","Luminal_Epithelial","aneuploid",TRUE,TRUE,"CNV_supported_malignant_candidate"
NA,NA,NA,NA,NA,NA,NA
NA,NA,NA,NA,NA,NA,NA
NA,NA,NA,NA,NA,NA,NA
"BC12_BC12_TGCACCTGTCCGAAGA-1","BC12","Luminal_Epithelial","aneuploid",TRUE,TRUE,"CNV_supported_malignant_candidate"
NA,NA,NA,NA,NA,NA,NA
NA,NA,NA,NA,NA,NA,NA
NA,NA,NA,NA,NA,NA,NA
NA,NA,NA,NA,NA,NA,NA
NA,NA,NA,NA,NA,NA,NA
NA,NA,NA,NA,NA,NA,NA
NA,NA,NA,NA,NA,NA,NA
"BC12_BC12_TGCCCATTCAGTTCGA-1","BC12","Luminal_Epithelial","aneuploid",TRUE,TRUE,"CNV_supported_malignant_candidate"
NA,NA,NA,NA,NA,NA,NA
NA,NA,NA,NA,NA,NA,NA
NA,NA,NA,NA,NA,NA,NA
NA,NA,NA,NA,NA,NA,NA
NA,NA,NA,NA,NA,NA,NA
NA,NA,NA,NA,NA,NA,NA
"BC12_BC12_TGCGCAGTCGCCTGAG-1","BC12","Luminal_Epithelial","aneuploid",TRUE,TRUE,"CNV_supported_malignant_candidate"
"BC12_BC12_TGCGCAGTCTGTTGAG-1","BC12","Basal_Like_Epithelial","aneuploid",TRUE,TRUE,"CNV_supported_malignant_candidate"
"BC12_BC12_TGCGGGTAGAACTGTA-1","BC12","Luminal_Epithelial","aneuploid",TRUE,TRUE,"CNV_supported_malignant_candidate"
NA,NA,NA,NA,NA,NA,NA
NA,NA,NA,NA,NA,NA,NA
NA,NA,NA,NA,NA,NA,NA
NA,NA,NA,NA,NA,NA,NA
NA,NA,NA,NA,NA,NA,NA
"BC12_BC12_TGCGTGGGTTCTGAAC-1","BC12","Basal_Like_Epithelial","aneuploid",TRUE,TRUE,"CNV_supported_malignant_candidate"
NA,NA,NA,NA,NA,NA,NA
NA,NA,NA,NA,NA,NA,NA
NA,NA,NA,NA,NA,NA,NA
"BC12_BC12_TGCTACCGTCTTCGTC-1","BC12","Luminal_Epithelial","aneuploid",TRUE,TRUE,"CNV_supported_malignant_candidate"
NA,NA,NA,NA,NA,NA,NA
NA,NA,NA,NA,NA,NA,NA
NA,NA,NA,NA,NA,NA,NA
"BC12_BC12_TGGACGCCACGGTGTC-1","BC12","Basal_Like_Epithelial","aneuploid",TRUE,TRUE,"CNV_supported_malignant_candidate"
"BC12_BC12_TGGACGCGTTTAAGCC-1","BC12","Luminal_Epithelial","aneuploid",TRUE,TRUE,"CNV_supported_malignant_candidate"
NA,NA,NA,NA,NA,NA,NA
NA,NA,NA,NA,NA,NA,NA
NA,NA,NA,NA,NA,NA,NA
NA,NA,NA,NA,NA,NA,NA
"BC12_BC12_TGGCTGGCAGCCTTGG-1","BC12","Luminal_Epithelial","aneuploid",TRUE,TRUE,"CNV_supported_malignant_candidate"
NA,NA,NA,NA,NA,NA,NA
NA,NA,NA,NA,NA,NA,NA
"BC12_BC12_TGGCTGGTCACTGGGC-1","BC12","Luminal_Epithelial","aneuploid",TRUE,TRUE,"CNV_supported_malignant_candidate"
NA,NA,NA,NA,NA,NA,NA
"BC12_BC12_TGGGAAGCACATCCAA-1","BC12","Luminal_Epithelial","aneuploid",TRUE,TRUE,"CNV_supported_malignant_candidate"
NA,NA,NA,NA,NA,NA,NA
NA,NA,NA,NA,NA,NA,NA
NA,NA,NA,NA,NA,NA,NA
NA,NA,NA,NA,NA,NA,NA
NA,NA,NA,NA,NA,NA,NA
NA,NA,NA,NA,NA,NA,NA
NA,NA,NA,NA,NA,NA,NA
NA,NA,NA,NA,NA,NA,NA
"BC12_BC12_TGGTTAGGTTGCTCCT-1","BC12","Luminal_Epithelial","aneuploid",TRUE,TRUE,"CNV_supported_malignant_candidate"
"BC12_BC12_TGGTTCCAGGAGTTTA-1","BC12","Luminal_Epithelial","aneuploid",TRUE,TRUE,"CNV_supported_malignant_candidate"
NA,NA,NA,NA,NA,NA,NA
NA,NA,NA,NA,NA,NA,NA
NA,NA,NA,NA,NA,NA,NA
NA,NA,NA,NA,NA,NA,NA
NA,NA,NA,NA,NA,NA,NA
NA,NA,NA,NA,NA,NA,NA
NA,NA,NA,NA,NA,NA,NA
NA,NA,NA,NA,NA,NA,NA
NA,NA,NA,NA,NA,NA,NA
NA,NA,NA,NA,NA,NA,NA
"BC12_BC12_TGTCCCATCCATGCTC-1","BC12","Luminal_Epithelial","aneuploid",TRUE,TRUE,"CNV_supported_malignant_candidate"
NA,NA,NA,NA,NA,NA,NA
NA,NA,NA,NA,NA,NA,NA
NA,NA,NA,NA,NA,NA,NA
NA,NA,NA,NA,NA,NA,NA
NA,NA,NA,NA,NA,NA,NA
NA,NA,NA,NA,NA,NA,NA
NA,NA,NA,NA,NA,NA,NA
NA,NA,NA,NA,NA,NA,NA
"BC12_BC12_TTAACTCTCGTTTAGG-1","BC12","Luminal_Epithelial","aneuploid",TRUE,TRUE,"CNV_supported_malignant_candidate"
NA,NA,NA,NA,NA,NA,NA
NA,NA,NA,NA,NA,NA,NA
NA,NA,NA,NA,NA,NA,NA
NA,NA,NA,NA,NA,NA,NA
NA,NA,NA,NA,NA,NA,NA
NA,NA,NA,NA,NA,NA,NA
"BC12_BC12_TTAGTTCAGTGTACGG-1","BC12","Basal_Like_Epithelial","aneuploid",TRUE,TRUE,"CNV_supported_malignant_candidate"
NA,NA,NA,NA,NA,NA,NA
"BC12_BC12_TTAGTTCTCCAAGTAC-1","BC12","Luminal_Epithelial","aneuploid",TRUE,TRUE,"CNV_supported_malignant_candidate"
"BC12_BC12_TTATGCTAGCTAAGAT-1","BC12","Luminal_Epithelial","aneuploid",TRUE,TRUE,"CNV_supported_malignant_candidate"
NA,NA,NA,NA,NA,NA,NA
NA,NA,NA,NA,NA,NA,NA
NA,NA,NA,NA,NA,NA,NA
NA,NA,NA,NA,NA,NA,NA
NA,NA,NA,NA,NA,NA,NA
NA,NA,NA,NA,NA,NA,NA
NA,NA,NA,NA,NA,NA,NA
"BC12_BC12_TTCCCAGTCAGTACGT-1","BC12","Basal_Like_Epithelial","aneuploid",TRUE,TRUE,"CNV_supported_malignant_candidate"
NA,NA,NA,NA,NA,NA,NA
NA,NA,NA,NA,NA,NA,NA
NA,NA,NA,NA,NA,NA,NA
NA,NA,NA,NA,NA,NA,NA
"BC12_BC12_TTCGGTCCACGAGAGT-1","BC12","Luminal_Epithelial","aneuploid",TRUE,TRUE,"CNV_supported_malignant_candidate"
NA,NA,NA,NA,NA,NA,NA
NA,NA,NA,NA,NA,NA,NA
"BC12_BC12_TTCTACAAGGTGTTAA-1","BC12","Luminal_Epithelial","aneuploid",TRUE,TRUE,"CNV_supported_malignant_candidate"
"BC12_BC12_TTCTCAAAGGTCATCT-1","BC12","Luminal_Epithelial","aneuploid",TRUE,TRUE,"CNV_supported_malignant_candidate"
"BC12_BC12_TTCTCAAAGTAGATGT-1","BC12","Luminal_Epithelial","aneuploid",TRUE,TRUE,"CNV_supported_malignant_candidate"
NA,NA,NA,NA,NA,NA,NA
NA,NA,NA,NA,NA,NA,NA
NA,NA,NA,NA,NA,NA,NA
"BC12_BC12_TTCTCCTCATGTTCCC-1","BC12","Luminal_Epithelial","aneuploid",TRUE,TRUE,"CNV_supported_malignant_candidate"
NA,NA,NA,NA,NA,NA,NA
NA,NA,NA,NA,NA,NA,NA
NA,NA,NA,NA,NA,NA,NA
NA,NA,NA,NA,NA,NA,NA
NA,NA,NA,NA,NA,NA,NA
NA,NA,NA,NA,NA,NA,NA
"BC12_BC12_TTCTTAGGTCGAAAGC-1","BC12","Luminal_Epithelial","aneuploid",TRUE,TRUE,"CNV_supported_malignant_candidate"
NA,NA,NA,NA,NA,NA,NA
NA,NA,NA,NA,NA,NA,NA
NA,NA,NA,NA,NA,NA,NA
NA,NA,NA,NA,NA,NA,NA
NA,NA,NA,NA,NA,NA,NA
NA,NA,NA,NA,NA,NA,NA
NA,NA,NA,NA,NA,NA,NA
NA,NA,NA,NA,NA,NA,NA
NA,NA,NA,NA,NA,NA,NA
NA,NA,NA,NA,NA,NA,NA
NA,NA,NA,NA,NA,NA,NA
NA,NA,NA,NA,NA,NA,NA
NA,NA,NA,NA,NA,NA,NA
NA,NA,NA,NA,NA,NA,NA
NA,NA,NA,NA,NA,NA,NA
NA,NA,NA,NA,NA,NA,NA
NA,NA,NA,NA,NA,NA,NA
NA,NA,NA,NA,NA,NA,NA
"BC12_BC12_TTGCGTCAGCCCTAAT-1","BC12","Basal_Like_Epithelial","aneuploid",TRUE,TRUE,"CNV_supported_malignant_candidate"
NA,NA,NA,NA,NA,NA,NA
NA,NA,NA,NA,NA,NA,NA
NA,NA,NA,NA,NA,NA,NA
NA,NA,NA,NA,NA,NA,NA
NA,NA,NA,NA,NA,NA,NA
NA,NA,NA,NA,NA,NA,NA
NA,NA,NA,NA,NA,NA,NA
NA,NA,NA,NA,NA,NA,NA
"BC12_BC12_TTGTAGGCAACACGCC-1","BC12","Luminal_Epithelial","aneuploid",TRUE,TRUE,"CNV_supported_malignant_candidate"
NA,NA,NA,NA,NA,NA,NA
NA,NA,NA,NA,NA,NA,NA
NA,NA,NA,NA,NA,NA,NA
"BC12_BC12_TTTACTGAGGTTACCT-1","BC12","Basal_Like_Epithelial","aneuploid",TRUE,TRUE,"CNV_supported_malignant_candidate"
"BC12_BC12_TTTACTGCACAGATTC-1","BC12","Basal_Like_Epithelial","aneuploid",TRUE,TRUE,"CNV_supported_malignant_candidate"
NA,NA,NA,NA,NA,NA,NA
NA,NA,NA,NA,NA,NA,NA
"BC12_BC12_TTTATGCTCCGCATCT-1","BC12","Basal_Like_Epithelial","aneuploid",TRUE,TRUE,"CNV_supported_malignant_candidate"
NA,NA,NA,NA,NA,NA,NA
NA,NA,NA,NA,NA,NA,NA
NA,NA,NA,NA,NA,NA,NA
NA,NA,NA,NA,NA,NA,NA
NA,NA,NA,NA,NA,NA,NA
NA,NA,NA,NA,NA,NA,NA
NA,NA,NA,NA,NA,NA,NA
NA,NA,NA,NA,NA,NA,NA
NA,NA,NA,NA,NA,NA,NA
NA,NA,NA,NA,NA,NA,NA
"BC12_BC12_TTTGGTTGTTCGGGCT-1","BC12","Basal_Like_Epithelial","aneuploid",TRUE,TRUE,"CNV_supported_malignant_candidate"
NA,NA,NA,NA,NA,NA,NA
"BC12_BC12_TTTGTCAAGGTGCAAC-1","BC12","Luminal_Epithelial","aneuploid",TRUE,TRUE,"CNV_supported_malignant_candidate"
NA,NA,NA,NA,NA,NA,NA
"BC17_BC17_AAACCTGCAGCCACCA-1","BC17","Luminal_Epithelial","aneuploid",TRUE,TRUE,"CNV_supported_malignant_candidate"
"BC17_BC17_AAACCTGCATGATCCA-1","BC17","Luminal_Epithelial","aneuploid",TRUE,TRUE,"CNV_supported_malignant_candidate"
NA,NA,NA,NA,NA,NA,NA
NA,NA,NA,NA,NA,NA,NA
NA,NA,NA,NA,NA,NA,NA
NA,NA,NA,NA,NA,NA,NA
"BC17_BC17_AAACGGGAGTATGACA-1","BC17","Luminal_Epithelial","aneuploid",TRUE,TRUE,"CNV_supported_malignant_candidate"
NA,NA,NA,NA,NA,NA,NA
NA,NA,NA,NA,NA,NA,NA
NA,NA,NA,NA,NA,NA,NA
NA,NA,NA,NA,NA,NA,NA
NA,NA,NA,NA,NA,NA,NA
NA,NA,NA,NA,NA,NA,NA
NA,NA,NA,NA,NA,NA,NA
"BC17_BC17_AAAGCAAAGATGTAAC-1","BC17","Luminal_Epithelial","aneuploid",TRUE,TRUE,"CNV_supported_malignant_candidate"
NA,NA,NA,NA,NA,NA,NA
"BC17_BC17_AAAGCAAGTCGCTTTC-1","BC17","Basal_Like_Epithelial","aneuploid",TRUE,TRUE,"CNV_supported_malignant_candidate"
"BC17_BC17_AAAGCAAGTGCACCAC-1","BC17","Luminal_Epithelial","aneuploid",TRUE,TRUE,"CNV_supported_malignant_candidate"
NA,NA,NA,NA,NA,NA,NA
NA,NA,NA,NA,NA,NA,NA
"BC17_BC17_AAAGCAATCTGCGGCA-1","BC17","Luminal_Epithelial","aneuploid",TRUE,TRUE,"CNV_supported_malignant_candidate"
NA,NA,NA,NA,NA,NA,NA
NA,NA,NA,NA,NA,NA,NA
NA,NA,NA,NA,NA,NA,NA
NA,NA,NA,NA,NA,NA,NA
NA,NA,NA,NA,NA,NA,NA
NA,NA,NA,NA,NA,NA,NA
NA,NA,NA,NA,NA,NA,NA
NA,NA,NA,NA,NA,NA,NA
NA,NA,NA,NA,NA,NA,NA
NA,NA,NA,NA,NA,NA,NA
NA,NA,NA,NA,NA,NA,NA
NA,NA,NA,NA,NA,NA,NA
NA,NA,NA,NA,NA,NA,NA
NA,NA,NA,NA,NA,NA,NA
NA,NA,NA,NA,NA,NA,NA
NA,NA,NA,NA,NA,NA,NA
NA,NA,NA,NA,NA,NA,NA
NA,NA,NA,NA,NA,NA,NA
NA,NA,NA,NA,NA,NA,NA
NA,NA,NA,NA,NA,NA,NA
NA,NA,NA,NA,NA,NA,NA
NA,NA,NA,NA,NA,NA,NA
NA,NA,NA,NA,NA,NA,NA
NA,NA,NA,NA,NA,NA,NA
NA,NA,NA,NA,NA,NA,NA
NA,NA,NA,NA,NA,NA,NA
NA,NA,NA,NA,NA,NA,NA
NA,NA,NA,NA,NA,NA,NA
NA,NA,NA,NA,NA,NA,NA
"BC17_BC17_AACTGGTAGTGTCTCA-1","BC17","Luminal_Epithelial","aneuploid",TRUE,TRUE,"CNV_supported_malignant_candidate"
NA,NA,NA,NA,NA,NA,NA
"BC17_BC17_AACTGGTTCTACTCAT-1","BC17","Luminal_Epithelial","aneuploid",TRUE,TRUE,"CNV_supported_malignant_candidate"
"BC17_BC17_AACTGGTTCTTGCATT-1","BC17","Luminal_Epithelial","aneuploid",TRUE,TRUE,"CNV_supported_malignant_candidate"
NA,NA,NA,NA,NA,NA,NA
NA,NA,NA,NA,NA,NA,NA
NA,NA,NA,NA,NA,NA,NA
NA,NA,NA,NA,NA,NA,NA
"BC17_BC17_AAGCCGCAGCCATCGC-1","BC17","Luminal_Epithelial","aneuploid",TRUE,TRUE,"CNV_supported_malignant_candidate"
NA,NA,NA,NA,NA,NA,NA
NA,NA,NA,NA,NA,NA,NA
"BC17_BC17_AAGGAGCAGTCGAGTG-1","BC17","Luminal_Epithelial","aneuploid",TRUE,TRUE,"CNV_supported_malignant_candidate"
NA,NA,NA,NA,NA,NA,NA
"BC17_BC17_AAGGAGCGTGTCGCTG-1","BC17","Luminal_Epithelial","aneuploid",TRUE,TRUE,"CNV_supported_malignant_candidate"
NA,NA,NA,NA,NA,NA,NA
"BC17_BC17_AAGGCAGTCGCCTGAG-1","BC17","Luminal_Epithelial","aneuploid",TRUE,TRUE,"CNV_supported_malignant_candidate"
"BC17_BC17_AAGGTTCAGCCACCTG-1","BC17","Luminal_Epithelial","aneuploid",TRUE,TRUE,"CNV_supported_malignant_candidate"
NA,NA,NA,NA,NA,NA,NA
"BC17_BC17_AAGTCTGCAGGGAGAG-1","BC17","Luminal_Epithelial","aneuploid",TRUE,TRUE,"CNV_supported_malignant_candidate"
NA,NA,NA,NA,NA,NA,NA
NA,NA,NA,NA,NA,NA,NA
NA,NA,NA,NA,NA,NA,NA
NA,NA,NA,NA,NA,NA,NA
NA,NA,NA,NA,NA,NA,NA
NA,NA,NA,NA,NA,NA,NA
NA,NA,NA,NA,NA,NA,NA
NA,NA,NA,NA,NA,NA,NA
"BC17_BC17_AATCGGTAGCATCATC-1","BC17","Luminal_Epithelial","aneuploid",TRUE,TRUE,"CNV_supported_malignant_candidate"
NA,NA,NA,NA,NA,NA,NA
"BC17_BC17_ACACCAACAATAGAGT-1","BC17","Luminal_Epithelial","aneuploid",TRUE,TRUE,"CNV_supported_malignant_candidate"
NA,NA,NA,NA,NA,NA,NA
NA,NA,NA,NA,NA,NA,NA
NA,NA,NA,NA,NA,NA,NA
NA,NA,NA,NA,NA,NA,NA
NA,NA,NA,NA,NA,NA,NA
NA,NA,NA,NA,NA,NA,NA
NA,NA,NA,NA,NA,NA,NA
"BC17_BC17_ACACCCTGTCGTTGTA-1","BC17","Luminal_Epithelial","aneuploid",TRUE,TRUE,"CNV_supported_malignant_candidate"
NA,NA,NA,NA,NA,NA,NA
"BC17_BC17_ACACCGGAGGCAGGTT-1","BC17","Luminal_Epithelial","aneuploid",TRUE,TRUE,"CNV_supported_malignant_candidate"
NA,NA,NA,NA,NA,NA,NA
NA,NA,NA,NA,NA,NA,NA
NA,NA,NA,NA,NA,NA,NA
NA,NA,NA,NA,NA,NA,NA
NA,NA,NA,NA,NA,NA,NA
NA,NA,NA,NA,NA,NA,NA
NA,NA,NA,NA,NA,NA,NA
"BC17_BC17_ACACTGAGTCGAGTTT-1","BC17","Luminal_Epithelial","aneuploid",TRUE,TRUE,"CNV_supported_malignant_candidate"
NA,NA,NA,NA,NA,NA,NA
NA,NA,NA,NA,NA,NA,NA
NA,NA,NA,NA,NA,NA,NA
NA,NA,NA,NA,NA,NA,NA
NA,NA,NA,NA,NA,NA,NA
NA,NA,NA,NA,NA,NA,NA
"BC17_BC17_ACAGCTAAGCAGGCTA-1","BC17","Luminal_Epithelial","aneuploid",TRUE,TRUE,"CNV_supported_malignant_candidate"
NA,NA,NA,NA,NA,NA,NA
NA,NA,NA,NA,NA,NA,NA
NA,NA,NA,NA,NA,NA,NA
NA,NA,NA,NA,NA,NA,NA
NA,NA,NA,NA,NA,NA,NA
NA,NA,NA,NA,NA,NA,NA
NA,NA,NA,NA,NA,NA,NA
NA,NA,NA,NA,NA,NA,NA
NA,NA,NA,NA,NA,NA,NA
NA,NA,NA,NA,NA,NA,NA
NA,NA,NA,NA,NA,NA,NA
NA,NA,NA,NA,NA,NA,NA
NA,NA,NA,NA,NA,NA,NA
NA,NA,NA,NA,NA,NA,NA
NA,NA,NA,NA,NA,NA,NA
"BC17_BC17_ACCAGTAAGGGTCTCC-1","BC17","Luminal_Epithelial","aneuploid",TRUE,TRUE,"CNV_supported_malignant_candidate"
NA,NA,NA,NA,NA,NA,NA
"BC17_BC17_ACCAGTATCCAAGCCG-1","BC17","Luminal_Epithelial","aneuploid",TRUE,TRUE,"CNV_supported_malignant_candidate"
NA,NA,NA,NA,NA,NA,NA
NA,NA,NA,NA,NA,NA,NA
NA,NA,NA,NA,NA,NA,NA
NA,NA,NA,NA,NA,NA,NA
NA,NA,NA,NA,NA,NA,NA
"BC17_BC17_ACCGTAACAGTGGAGT-1","BC17","Luminal_Epithelial","aneuploid",TRUE,TRUE,"CNV_supported_malignant_candidate"
NA,NA,NA,NA,NA,NA,NA
NA,NA,NA,NA,NA,NA,NA
NA,NA,NA,NA,NA,NA,NA
NA,NA,NA,NA,NA,NA,NA
NA,NA,NA,NA,NA,NA,NA
"BC17_BC17_ACGAGCCAGCACCGTC-1","BC17","Luminal_Epithelial","aneuploid",TRUE,TRUE,"CNV_supported_malignant_candidate"
"BC17_BC17_ACGAGCCTCAACTCTT-1","BC17","Luminal_Epithelial","aneuploid",TRUE,TRUE,"CNV_supported_malignant_candidate"
NA,NA,NA,NA,NA,NA,NA
NA,NA,NA,NA,NA,NA,NA
NA,NA,NA,NA,NA,NA,NA
NA,NA,NA,NA,NA,NA,NA
NA,NA,NA,NA,NA,NA,NA
NA,NA,NA,NA,NA,NA,NA
NA,NA,NA,NA,NA,NA,NA
NA,NA,NA,NA,NA,NA,NA
NA,NA,NA,NA,NA,NA,NA
NA,NA,NA,NA,NA,NA,NA
"BC17_BC17_ACGATACGTACTTAGC-1","BC17","Luminal_Epithelial","aneuploid",TRUE,TRUE,"CNV_supported_malignant_candidate"
NA,NA,NA,NA,NA,NA,NA
NA,NA,NA,NA,NA,NA,NA
NA,NA,NA,NA,NA,NA,NA
NA,NA,NA,NA,NA,NA,NA
NA,NA,NA,NA,NA,NA,NA
NA,NA,NA,NA,NA,NA,NA
NA,NA,NA,NA,NA,NA,NA
NA,NA,NA,NA,NA,NA,NA
"BC17_BC17_ACGCAGCCACGGACAA-1","BC17","Luminal_Epithelial","aneuploid",TRUE,TRUE,"CNV_supported_malignant_candidate"
NA,NA,NA,NA,NA,NA,NA
NA,NA,NA,NA,NA,NA,NA
NA,NA,NA,NA,NA,NA,NA
NA,NA,NA,NA,NA,NA,NA
NA,NA,NA,NA,NA,NA,NA
NA,NA,NA,NA,NA,NA,NA
NA,NA,NA,NA,NA,NA,NA
NA,NA,NA,NA,NA,NA,NA
NA,NA,NA,NA,NA,NA,NA
NA,NA,NA,NA,NA,NA,NA
NA,NA,NA,NA,NA,NA,NA
NA,NA,NA,NA,NA,NA,NA
NA,NA,NA,NA,NA,NA,NA
"BC17_BC17_ACGCCGATCATTGCGA-1","BC17","Luminal_Epithelial","aneuploid",TRUE,TRUE,"CNV_supported_malignant_candidate"
NA,NA,NA,NA,NA,NA,NA
NA,NA,NA,NA,NA,NA,NA
NA,NA,NA,NA,NA,NA,NA
"BC17_BC17_ACGGAGAAGATCTGAA-1","BC17","Luminal_Epithelial","aneuploid",TRUE,TRUE,"CNV_supported_malignant_candidate"
NA,NA,NA,NA,NA,NA,NA
NA,NA,NA,NA,NA,NA,NA
"BC17_BC17_ACGGAGAGTTATCACG-1","BC17","Luminal_Epithelial","aneuploid",TRUE,TRUE,"CNV_supported_malignant_candidate"
NA,NA,NA,NA,NA,NA,NA
NA,NA,NA,NA,NA,NA,NA
"BC17_BC17_ACGGCCATCATGTAGC-1","BC17","Luminal_Epithelial","aneuploid",TRUE,TRUE,"CNV_supported_malignant_candidate"
NA,NA,NA,NA,NA,NA,NA
"BC17_BC17_ACGGGCTAGATATACG-1","BC17","Luminal_Epithelial","aneuploid",TRUE,TRUE,"CNV_supported_malignant_candidate"
NA,NA,NA,NA,NA,NA,NA
NA,NA,NA,NA,NA,NA,NA
"BC17_BC17_ACGGGCTGTTTGTTGG-1","BC17","Luminal_Epithelial","aneuploid",TRUE,TRUE,"CNV_supported_malignant_candidate"
"BC17_BC17_ACGGGTCTCTTCGGTC-1","BC17","Luminal_Epithelial","aneuploid",TRUE,TRUE,"CNV_supported_malignant_candidate"
NA,NA,NA,NA,NA,NA,NA
NA,NA,NA,NA,NA,NA,NA
"BC17_BC17_ACTATCTAGGCCCTTG-1","BC17","Luminal_Epithelial","aneuploid",TRUE,TRUE,"CNV_supported_malignant_candidate"
NA,NA,NA,NA,NA,NA,NA
NA,NA,NA,NA,NA,NA,NA
"BC17_BC17_ACTATCTCATTCCTCG-1","BC17","Luminal_Epithelial","aneuploid",TRUE,TRUE,"CNV_supported_malignant_candidate"
"BC17_BC17_ACTATCTTCACTCCTG-1","BC17","Luminal_Epithelial","aneuploid",TRUE,TRUE,"CNV_supported_malignant_candidate"
NA,NA,NA,NA,NA,NA,NA
"BC17_BC17_ACTATCTTCGCATGGC-1","BC17","Luminal_Epithelial","aneuploid",TRUE,TRUE,"CNV_supported_malignant_candidate"
NA,NA,NA,NA,NA,NA,NA
NA,NA,NA,NA,NA,NA,NA
"BC17_BC17_ACTGAACCATCCGTGG-1","BC17","Luminal_Epithelial","aneuploid",TRUE,TRUE,"CNV_supported_malignant_candidate"
NA,NA,NA,NA,NA,NA,NA
NA,NA,NA,NA,NA,NA,NA
NA,NA,NA,NA,NA,NA,NA
NA,NA,NA,NA,NA,NA,NA
NA,NA,NA,NA,NA,NA,NA
NA,NA,NA,NA,NA,NA,NA
NA,NA,NA,NA,NA,NA,NA
NA,NA,NA,NA,NA,NA,NA
"BC17_BC17_ACTGATGAGTGAACAT-1","BC17","Luminal_Epithelial","aneuploid",TRUE,TRUE,"CNV_supported_malignant_candidate"
NA,NA,NA,NA,NA,NA,NA
NA,NA,NA,NA,NA,NA,NA
"BC17_BC17_ACTGATGGTATGAAAC-1","BC17","Luminal_Epithelial","aneuploid",TRUE,TRUE,"CNV_supported_malignant_candidate"
NA,NA,NA,NA,NA,NA,NA
NA,NA,NA,NA,NA,NA,NA
NA,NA,NA,NA,NA,NA,NA
NA,NA,NA,NA,NA,NA,NA
NA,NA,NA,NA,NA,NA,NA
NA,NA,NA,NA,NA,NA,NA
NA,NA,NA,NA,NA,NA,NA
NA,NA,NA,NA,NA,NA,NA
NA,NA,NA,NA,NA,NA,NA
NA,NA,NA,NA,NA,NA,NA
NA,NA,NA,NA,NA,NA,NA
NA,NA,NA,NA,NA,NA,NA
"BC17_BC17_ACTTTCATCCATTCTA-1","BC17","Luminal_Epithelial","aneuploid",TRUE,TRUE,"CNV_supported_malignant_candidate"
NA,NA,NA,NA,NA,NA,NA
NA,NA,NA,NA,NA,NA,NA
"BC17_BC17_AGAATAGCAACCGCCA-1","BC17","Luminal_Epithelial","aneuploid",TRUE,TRUE,"CNV_supported_malignant_candidate"
"BC17_BC17_AGAATAGCATCCCATC-1","BC17","Luminal_Epithelial","aneuploid",TRUE,TRUE,"CNV_supported_malignant_candidate"
"BC17_BC17_AGAATAGGTCGATTGT-1","BC17","Luminal_Epithelial","aneuploid",TRUE,TRUE,"CNV_supported_malignant_candidate"
NA,NA,NA,NA,NA,NA,NA
NA,NA,NA,NA,NA,NA,NA
NA,NA,NA,NA,NA,NA,NA
"BC17_BC17_AGAGCGAAGCTAGTCT-1","BC17","Luminal_Epithelial","aneuploid",TRUE,TRUE,"CNV_supported_malignant_candidate"
NA,NA,NA,NA,NA,NA,NA
"BC17_BC17_AGAGCGACACCTCGTT-1","BC17","Luminal_Epithelial","aneuploid",TRUE,TRUE,"CNV_supported_malignant_candidate"
NA,NA,NA,NA,NA,NA,NA
NA,NA,NA,NA,NA,NA,NA
NA,NA,NA,NA,NA,NA,NA
NA,NA,NA,NA,NA,NA,NA
NA,NA,NA,NA,NA,NA,NA
NA,NA,NA,NA,NA,NA,NA
NA,NA,NA,NA,NA,NA,NA
NA,NA,NA,NA,NA,NA,NA
NA,NA,NA,NA,NA,NA,NA
"BC17_BC17_AGATCTGAGTCTCGGC-1","BC17","Basal_Like_Epithelial","aneuploid",TRUE,TRUE,"CNV_supported_malignant_candidate"
NA,NA,NA,NA,NA,NA,NA
NA,NA,NA,NA,NA,NA,NA
NA,NA,NA,NA,NA,NA,NA
NA,NA,NA,NA,NA,NA,NA
"BC17_BC17_AGCAGCCCATACGCTA-1","BC17","Luminal_Epithelial","aneuploid",TRUE,TRUE,"CNV_supported_malignant_candidate"
NA,NA,NA,NA,NA,NA,NA
"BC17_BC17_AGCAGCCGTCAAACTC-1","BC17","Luminal_Epithelial","aneuploid",TRUE,TRUE,"CNV_supported_malignant_candidate"
NA,NA,NA,NA,NA,NA,NA
"BC17_BC17_AGCAGCCGTGAAAGAG-1","BC17","Luminal_Epithelial","aneuploid",TRUE,TRUE,"CNV_supported_malignant_candidate"
NA,NA,NA,NA,NA,NA,NA
NA,NA,NA,NA,NA,NA,NA
NA,NA,NA,NA,NA,NA,NA
"BC17_BC17_AGCATACGTGCACTTA-1","BC17","Luminal_Epithelial","aneuploid",TRUE,TRUE,"CNV_supported_malignant_candidate"
NA,NA,NA,NA,NA,NA,NA
NA,NA,NA,NA,NA,NA,NA
NA,NA,NA,NA,NA,NA,NA
NA,NA,NA,NA,NA,NA,NA
NA,NA,NA,NA,NA,NA,NA
NA,NA,NA,NA,NA,NA,NA
NA,NA,NA,NA,NA,NA,NA
NA,NA,NA,NA,NA,NA,NA
"BC17_BC17_AGCGTCGGTGTTGAGG-1","BC17","Luminal_Epithelial","aneuploid",TRUE,TRUE,"CNV_supported_malignant_candidate"
NA,NA,NA,NA,NA,NA,NA
NA,NA,NA,NA,NA,NA,NA
NA,NA,NA,NA,NA,NA,NA
NA,NA,NA,NA,NA,NA,NA
"BC17_BC17_AGCTCCTGTCCGTGAC-1","BC17","Basal_Like_Epithelial","aneuploid",TRUE,TRUE,"CNV_supported_malignant_candidate"
NA,NA,NA,NA,NA,NA,NA
NA,NA,NA,NA,NA,NA,NA
NA,NA,NA,NA,NA,NA,NA
NA,NA,NA,NA,NA,NA,NA
NA,NA,NA,NA,NA,NA,NA
NA,NA,NA,NA,NA,NA,NA
NA,NA,NA,NA,NA,NA,NA
"BC17_BC17_AGCTTGAGTCCTAGCG-1","BC17","Luminal_Epithelial","aneuploid",TRUE,TRUE,"CNV_supported_malignant_candidate"
NA,NA,NA,NA,NA,NA,NA
"BC17_BC17_AGGCCACGTAACGCGA-1","BC17","Luminal_Epithelial","aneuploid",TRUE,TRUE,"CNV_supported_malignant_candidate"
NA,NA,NA,NA,NA,NA,NA
NA,NA,NA,NA,NA,NA,NA
NA,NA,NA,NA,NA,NA,NA
NA,NA,NA,NA,NA,NA,NA
"BC17_BC17_AGGCCGTGTGTGGCTC-1","BC17","Luminal_Epithelial","aneuploid",TRUE,TRUE,"CNV_supported_malignant_candidate"
NA,NA,NA,NA,NA,NA,NA
"BC17_BC17_AGGGATGAGCTAGCCC-1","BC17","Luminal_Epithelial","aneuploid",TRUE,TRUE,"CNV_supported_malignant_candidate"
NA,NA,NA,NA,NA,NA,NA
NA,NA,NA,NA,NA,NA,NA
"BC17_BC17_AGGGTGAGTTCCAACA-1","BC17","Basal_Like_Epithelial","aneuploid",TRUE,TRUE,"CNV_supported_malignant_candidate"
NA,NA,NA,NA,NA,NA,NA
NA,NA,NA,NA,NA,NA,NA
NA,NA,NA,NA,NA,NA,NA
NA,NA,NA,NA,NA,NA,NA
"BC17_BC17_AGGTCATGTGTGACCC-1","BC17","Luminal_Epithelial","aneuploid",TRUE,TRUE,"CNV_supported_malignant_candidate"
"BC17_BC17_AGGTCATTCATAGCAC-1","BC17","Luminal_Epithelial","aneuploid",TRUE,TRUE,"CNV_supported_malignant_candidate"
NA,NA,NA,NA,NA,NA,NA
NA,NA,NA,NA,NA,NA,NA
NA,NA,NA,NA,NA,NA,NA
NA,NA,NA,NA,NA,NA,NA
"BC17_BC17_AGGTCCGCAATCACAC-1","BC17","Luminal_Epithelial","aneuploid",TRUE,TRUE,"CNV_supported_malignant_candidate"
NA,NA,NA,NA,NA,NA,NA
NA,NA,NA,NA,NA,NA,NA
NA,NA,NA,NA,NA,NA,NA
NA,NA,NA,NA,NA,NA,NA
NA,NA,NA,NA,NA,NA,NA
NA,NA,NA,NA,NA,NA,NA
"BC17_BC17_AGTCTTTCAAAGGTGC-1","BC17","Luminal_Epithelial","aneuploid",TRUE,TRUE,"CNV_supported_malignant_candidate"
NA,NA,NA,NA,NA,NA,NA
NA,NA,NA,NA,NA,NA,NA
NA,NA,NA,NA,NA,NA,NA
NA,NA,NA,NA,NA,NA,NA
NA,NA,NA,NA,NA,NA,NA
NA,NA,NA,NA,NA,NA,NA
NA,NA,NA,NA,NA,NA,NA
NA,NA,NA,NA,NA,NA,NA
NA,NA,NA,NA,NA,NA,NA
NA,NA,NA,NA,NA,NA,NA
NA,NA,NA,NA,NA,NA,NA
"BC17_BC17_AGTGGGAGTCGGGTCT-1","BC17","Luminal_Epithelial","aneuploid",TRUE,TRUE,"CNV_supported_malignant_candidate"
NA,NA,NA,NA,NA,NA,NA
NA,NA,NA,NA,NA,NA,NA
NA,NA,NA,NA,NA,NA,NA
NA,NA,NA,NA,NA,NA,NA
"BC17_BC17_AGTGTCATCTCCCTGA-1","BC17","Luminal_Epithelial","aneuploid",TRUE,TRUE,"CNV_supported_malignant_candidate"
NA,NA,NA,NA,NA,NA,NA
NA,NA,NA,NA,NA,NA,NA
NA,NA,NA,NA,NA,NA,NA
"BC17_BC17_AGTTGGTTCCATGAAC-1","BC17","Luminal_Epithelial","aneuploid",TRUE,TRUE,"CNV_supported_malignant_candidate"
NA,NA,NA,NA,NA,NA,NA
NA,NA,NA,NA,NA,NA,NA
"BC17_BC17_ATAACGCTCCCAAGAT-1","BC17","Luminal_Epithelial","aneuploid",TRUE,TRUE,"CNV_supported_malignant_candidate"
"BC17_BC17_ATAACGCTCGTTTATC-1","BC17","Luminal_Epithelial","aneuploid",TRUE,TRUE,"CNV_supported_malignant_candidate"
NA,NA,NA,NA,NA,NA,NA
NA,NA,NA,NA,NA,NA,NA
"BC17_BC17_ATAAGAGTCCCAAGTA-1","BC17","Luminal_Epithelial","aneuploid",TRUE,TRUE,"CNV_supported_malignant_candidate"
"BC17_BC17_ATAAGAGTCGAGAGCA-1","BC17","Luminal_Epithelial","aneuploid",TRUE,TRUE,"CNV_supported_malignant_candidate"
"BC17_BC17_ATAAGAGTCTACTATC-1","BC17","Luminal_Epithelial","aneuploid",TRUE,TRUE,"CNV_supported_malignant_candidate"
"BC17_BC17_ATAGACCAGAAGATTC-1","BC17","Luminal_Epithelial","aneuploid",TRUE,TRUE,"CNV_supported_malignant_candidate"
NA,NA,NA,NA,NA,NA,NA
NA,NA,NA,NA,NA,NA,NA
NA,NA,NA,NA,NA,NA,NA
NA,NA,NA,NA,NA,NA,NA
NA,NA,NA,NA,NA,NA,NA
NA,NA,NA,NA,NA,NA,NA
NA,NA,NA,NA,NA,NA,NA
NA,NA,NA,NA,NA,NA,NA
NA,NA,NA,NA,NA,NA,NA
NA,NA,NA,NA,NA,NA,NA
"BC17_BC17_ATCCGAACAAATACAG-1","BC17","Luminal_Epithelial","aneuploid",TRUE,TRUE,"CNV_supported_malignant_candidate"
"BC17_BC17_ATCCGAACAAGGGTCA-1","BC17","Luminal_Epithelial","aneuploid",TRUE,TRUE,"CNV_supported_malignant_candidate"
NA,NA,NA,NA,NA,NA,NA
NA,NA,NA,NA,NA,NA,NA
"BC17_BC17_ATCGAGTTCCTAGTGA-1","BC17","Luminal_Epithelial","aneuploid",TRUE,TRUE,"CNV_supported_malignant_candidate"
NA,NA,NA,NA,NA,NA,NA
NA,NA,NA,NA,NA,NA,NA
NA,NA,NA,NA,NA,NA,NA
NA,NA,NA,NA,NA,NA,NA
NA,NA,NA,NA,NA,NA,NA
NA,NA,NA,NA,NA,NA,NA
"BC17_BC17_ATGAGGGAGAATAGGG-1","BC17","Luminal_Epithelial","aneuploid",TRUE,TRUE,"CNV_supported_malignant_candidate"
NA,NA,NA,NA,NA,NA,NA
NA,NA,NA,NA,NA,NA,NA
NA,NA,NA,NA,NA,NA,NA
NA,NA,NA,NA,NA,NA,NA
NA,NA,NA,NA,NA,NA,NA
NA,NA,NA,NA,NA,NA,NA
"BC17_BC17_ATGCGATGTCTCTTTA-1","BC17","Luminal_Epithelial","aneuploid",TRUE,TRUE,"CNV_supported_malignant_candidate"
NA,NA,NA,NA,NA,NA,NA
NA,NA,NA,NA,NA,NA,NA
NA,NA,NA,NA,NA,NA,NA
NA,NA,NA,NA,NA,NA,NA
"BC17_BC17_ATGTGTGCAATCGAAA-1","BC17","Basal_Like_Epithelial","aneuploid",TRUE,TRUE,"CNV_supported_malignant_candidate"
"BC17_BC17_ATGTGTGCAGACAAGC-1","BC17","Luminal_Epithelial","aneuploid",TRUE,TRUE,"CNV_supported_malignant_candidate"
NA,NA,NA,NA,NA,NA,NA
NA,NA,NA,NA,NA,NA,NA
NA,NA,NA,NA,NA,NA,NA
NA,NA,NA,NA,NA,NA,NA
NA,NA,NA,NA,NA,NA,NA
NA,NA,NA,NA,NA,NA,NA
NA,NA,NA,NA,NA,NA,NA
NA,NA,NA,NA,NA,NA,NA
NA,NA,NA,NA,NA,NA,NA
NA,NA,NA,NA,NA,NA,NA
NA,NA,NA,NA,NA,NA,NA
NA,NA,NA,NA,NA,NA,NA
NA,NA,NA,NA,NA,NA,NA
NA,NA,NA,NA,NA,NA,NA
NA,NA,NA,NA,NA,NA,NA
NA,NA,NA,NA,NA,NA,NA
NA,NA,NA,NA,NA,NA,NA
NA,NA,NA,NA,NA,NA,NA
NA,NA,NA,NA,NA,NA,NA
NA,NA,NA,NA,NA,NA,NA
NA,NA,NA,NA,NA,NA,NA
NA,NA,NA,NA,NA,NA,NA
"BC17_BC17_ATTGGTGGTTGGAGGT-1","BC17","Luminal_Epithelial","aneuploid",TRUE,TRUE,"CNV_supported_malignant_candidate"
NA,NA,NA,NA,NA,NA,NA
"BC17_BC17_ATTGGTGTCGTAGATC-1","BC17","Luminal_Epithelial","aneuploid",TRUE,TRUE,"CNV_supported_malignant_candidate"
NA,NA,NA,NA,NA,NA,NA
"BC17_BC17_ATTTCTGCAAGCCGTC-1","BC17","Luminal_Epithelial","aneuploid",TRUE,TRUE,"CNV_supported_malignant_candidate"
NA,NA,NA,NA,NA,NA,NA
NA,NA,NA,NA,NA,NA,NA
"BC17_BC17_CAACCAAGTCTGCAAT-1","BC17","Luminal_Epithelial","aneuploid",TRUE,TRUE,"CNV_supported_malignant_candidate"
"BC17_BC17_CAACCTCAGTGACATA-1","BC17","Luminal_Epithelial","aneuploid",TRUE,TRUE,"CNV_supported_malignant_candidate"
"BC17_BC17_CAACCTCCACTACAGT-1","BC17","Luminal_Epithelial","aneuploid",TRUE,TRUE,"CNV_supported_malignant_candidate"
NA,NA,NA,NA,NA,NA,NA
NA,NA,NA,NA,NA,NA,NA
NA,NA,NA,NA,NA,NA,NA
NA,NA,NA,NA,NA,NA,NA
NA,NA,NA,NA,NA,NA,NA
NA,NA,NA,NA,NA,NA,NA
NA,NA,NA,NA,NA,NA,NA
NA,NA,NA,NA,NA,NA,NA
NA,NA,NA,NA,NA,NA,NA
NA,NA,NA,NA,NA,NA,NA
NA,NA,NA,NA,NA,NA,NA
NA,NA,NA,NA,NA,NA,NA
NA,NA,NA,NA,NA,NA,NA
NA,NA,NA,NA,NA,NA,NA
NA,NA,NA,NA,NA,NA,NA
NA,NA,NA,NA,NA,NA,NA
NA,NA,NA,NA,NA,NA,NA
NA,NA,NA,NA,NA,NA,NA
NA,NA,NA,NA,NA,NA,NA
NA,NA,NA,NA,NA,NA,NA
"BC17_BC17_CAAGTTGCACTTACGA-1","BC17","Luminal_Epithelial","aneuploid",TRUE,TRUE,"CNV_supported_malignant_candidate"
"BC17_BC17_CAAGTTGCATTTCACT-1","BC17","Luminal_Epithelial","aneuploid",TRUE,TRUE,"CNV_supported_malignant_candidate"
NA,NA,NA,NA,NA,NA,NA
NA,NA,NA,NA,NA,NA,NA
NA,NA,NA,NA,NA,NA,NA
NA,NA,NA,NA,NA,NA,NA
"BC17_BC17_CACACAAAGTCAATAG-1","BC17","Luminal_Epithelial","aneuploid",TRUE,TRUE,"CNV_supported_malignant_candidate"
NA,NA,NA,NA,NA,NA,NA
NA,NA,NA,NA,NA,NA,NA
NA,NA,NA,NA,NA,NA,NA
NA,NA,NA,NA,NA,NA,NA
"BC17_BC17_CACACAAGTTGTCTTT-1","BC17","Luminal_Epithelial","aneuploid",TRUE,TRUE,"CNV_supported_malignant_candidate"
NA,NA,NA,NA,NA,NA,NA
NA,NA,NA,NA,NA,NA,NA
NA,NA,NA,NA,NA,NA,NA
"BC17_BC17_CACACCTGTTTGTGTG-1","BC17","Luminal_Epithelial","aneuploid",TRUE,TRUE,"CNV_supported_malignant_candidate"
NA,NA,NA,NA,NA,NA,NA
NA,NA,NA,NA,NA,NA,NA
NA,NA,NA,NA,NA,NA,NA
NA,NA,NA,NA,NA,NA,NA
NA,NA,NA,NA,NA,NA,NA
NA,NA,NA,NA,NA,NA,NA
"BC17_BC17_CACAGTACATTAGGCT-1","BC17","Luminal_Epithelial","aneuploid",TRUE,TRUE,"CNV_supported_malignant_candidate"
NA,NA,NA,NA,NA,NA,NA
NA,NA,NA,NA,NA,NA,NA
NA,NA,NA,NA,NA,NA,NA
NA,NA,NA,NA,NA,NA,NA
"BC17_BC17_CACATTTAGAAGCCCA-1","BC17","Luminal_Epithelial","aneuploid",TRUE,TRUE,"CNV_supported_malignant_candidate"
"BC17_BC17_CACATTTGTTGTACAC-1","BC17","Luminal_Epithelial","aneuploid",TRUE,TRUE,"CNV_supported_malignant_candidate"
NA,NA,NA,NA,NA,NA,NA
"BC17_BC17_CACCACTAGGCAGGTT-1","BC17","Luminal_Epithelial","aneuploid",TRUE,TRUE,"CNV_supported_malignant_candidate"
NA,NA,NA,NA,NA,NA,NA
NA,NA,NA,NA,NA,NA,NA
NA,NA,NA,NA,NA,NA,NA
"BC17_BC17_CACCAGGTCACAATGC-1","BC17","Luminal_Epithelial","aneuploid",TRUE,TRUE,"CNV_supported_malignant_candidate"
NA,NA,NA,NA,NA,NA,NA
NA,NA,NA,NA,NA,NA,NA
NA,NA,NA,NA,NA,NA,NA
NA,NA,NA,NA,NA,NA,NA
NA,NA,NA,NA,NA,NA,NA
NA,NA,NA,NA,NA,NA,NA
"BC17_BC17_CACTCCAAGATTACCC-1","BC17","Basal_Like_Epithelial","aneuploid",TRUE,TRUE,"CNV_supported_malignant_candidate"
NA,NA,NA,NA,NA,NA,NA
NA,NA,NA,NA,NA,NA,NA
NA,NA,NA,NA,NA,NA,NA
NA,NA,NA,NA,NA,NA,NA
NA,NA,NA,NA,NA,NA,NA
"BC17_BC17_CAGAGAGAGGCGTACA-1","BC17","Basal_Like_Epithelial","aneuploid",TRUE,TRUE,"CNV_supported_malignant_candidate"
NA,NA,NA,NA,NA,NA,NA
NA,NA,NA,NA,NA,NA,NA
NA,NA,NA,NA,NA,NA,NA
NA,NA,NA,NA,NA,NA,NA
"BC17_BC17_CAGATCAAGACCTAGG-1","BC17","Luminal_Epithelial","aneuploid",TRUE,TRUE,"CNV_supported_malignant_candidate"
NA,NA,NA,NA,NA,NA,NA
"BC17_BC17_CAGATCATCCGGCACA-1","BC17","Luminal_Epithelial","aneuploid",TRUE,TRUE,"CNV_supported_malignant_candidate"
NA,NA,NA,NA,NA,NA,NA
NA,NA,NA,NA,NA,NA,NA
"BC17_BC17_CAGCAGCCAAGCGAGT-1","BC17","Luminal_Epithelial","aneuploid",TRUE,TRUE,"CNV_supported_malignant_candidate"
NA,NA,NA,NA,NA,NA,NA
"BC17_BC17_CAGCAGCCAGGAATGC-1","BC17","Luminal_Epithelial","aneuploid",TRUE,TRUE,"CNV_supported_malignant_candidate"
NA,NA,NA,NA,NA,NA,NA
NA,NA,NA,NA,NA,NA,NA
"BC17_BC17_CAGCATACAGGAATGC-1","BC17","Luminal_Epithelial","aneuploid",TRUE,TRUE,"CNV_supported_malignant_candidate"
NA,NA,NA,NA,NA,NA,NA
NA,NA,NA,NA,NA,NA,NA
"BC17_BC17_CAGCCGAAGAGACGAA-1","BC17","Luminal_Epithelial","aneuploid",TRUE,TRUE,"CNV_supported_malignant_candidate"
"BC17_BC17_CAGCCGACAAGCGAGT-1","BC17","Luminal_Epithelial","aneuploid",TRUE,TRUE,"CNV_supported_malignant_candidate"
NA,NA,NA,NA,NA,NA,NA
NA,NA,NA,NA,NA,NA,NA
NA,NA,NA,NA,NA,NA,NA
NA,NA,NA,NA,NA,NA,NA
NA,NA,NA,NA,NA,NA,NA
"BC17_BC17_CAGCGACGTCTAGAGG-1","BC17","Luminal_Epithelial","aneuploid",TRUE,TRUE,"CNV_supported_malignant_candidate"
NA,NA,NA,NA,NA,NA,NA
"BC17_BC17_CAGCTGGAGCCACCTG-1","BC17","Luminal_Epithelial","aneuploid",TRUE,TRUE,"CNV_supported_malignant_candidate"
NA,NA,NA,NA,NA,NA,NA
NA,NA,NA,NA,NA,NA,NA
NA,NA,NA,NA,NA,NA,NA
"BC17_BC17_CAGTAACAGCGTGAGT-1","BC17","Luminal_Epithelial","aneuploid",TRUE,TRUE,"CNV_supported_malignant_candidate"
NA,NA,NA,NA,NA,NA,NA
NA,NA,NA,NA,NA,NA,NA
NA,NA,NA,NA,NA,NA,NA
NA,NA,NA,NA,NA,NA,NA
NA,NA,NA,NA,NA,NA,NA
NA,NA,NA,NA,NA,NA,NA
"BC17_BC17_CAGTCCTTCCAAACAC-1","BC17","Luminal_Epithelial","aneuploid",TRUE,TRUE,"CNV_supported_malignant_candidate"
"BC17_BC17_CAGTCCTTCGGACAAG-1","BC17","Luminal_Epithelial","aneuploid",TRUE,TRUE,"CNV_supported_malignant_candidate"
"BC17_BC17_CATATGGCAGTCAGAG-1","BC17","Basal_Like_Epithelial","aneuploid",TRUE,TRUE,"CNV_supported_malignant_candidate"
NA,NA,NA,NA,NA,NA,NA
"BC17_BC17_CATATGGGTCAACATC-1","BC17","Luminal_Epithelial","aneuploid",TRUE,TRUE,"CNV_supported_malignant_candidate"
NA,NA,NA,NA,NA,NA,NA
NA,NA,NA,NA,NA,NA,NA
NA,NA,NA,NA,NA,NA,NA
NA,NA,NA,NA,NA,NA,NA
"BC17_BC17_CATCAAGAGATGTCGG-1","BC17","Luminal_Epithelial","aneuploid",TRUE,TRUE,"CNV_supported_malignant_candidate"
NA,NA,NA,NA,NA,NA,NA
NA,NA,NA,NA,NA,NA,NA
NA,NA,NA,NA,NA,NA,NA
"BC17_BC17_CATCAAGCAAGCCGTC-1","BC17","Luminal_Epithelial","aneuploid",TRUE,TRUE,"CNV_supported_malignant_candidate"
NA,NA,NA,NA,NA,NA,NA
NA,NA,NA,NA,NA,NA,NA
NA,NA,NA,NA,NA,NA,NA
NA,NA,NA,NA,NA,NA,NA
NA,NA,NA,NA,NA,NA,NA
NA,NA,NA,NA,NA,NA,NA
"BC17_BC17_CATCCACCAAACCTAC-1","BC17","Luminal_Epithelial","aneuploid",TRUE,TRUE,"CNV_supported_malignant_candidate"
NA,NA,NA,NA,NA,NA,NA
NA,NA,NA,NA,NA,NA,NA
NA,NA,NA,NA,NA,NA,NA
NA,NA,NA,NA,NA,NA,NA
NA,NA,NA,NA,NA,NA,NA
NA,NA,NA,NA,NA,NA,NA
NA,NA,NA,NA,NA,NA,NA
NA,NA,NA,NA,NA,NA,NA
"BC17_BC17_CATCGGGTCTACCAGA-1","BC17","Luminal_Epithelial","aneuploid",TRUE,TRUE,"CNV_supported_malignant_candidate"
NA,NA,NA,NA,NA,NA,NA
NA,NA,NA,NA,NA,NA,NA
NA,NA,NA,NA,NA,NA,NA
NA,NA,NA,NA,NA,NA,NA
NA,NA,NA,NA,NA,NA,NA
NA,NA,NA,NA,NA,NA,NA
"BC17_BC17_CATGCCTAGAAGGGTA-1","BC17","Luminal_Epithelial","aneuploid",TRUE,TRUE,"CNV_supported_malignant_candidate"
NA,NA,NA,NA,NA,NA,NA
NA,NA,NA,NA,NA,NA,NA
NA,NA,NA,NA,NA,NA,NA
NA,NA,NA,NA,NA,NA,NA
NA,NA,NA,NA,NA,NA,NA
NA,NA,NA,NA,NA,NA,NA
NA,NA,NA,NA,NA,NA,NA
NA,NA,NA,NA,NA,NA,NA
"BC17_BC17_CATGGCGAGTGAAGAG-1","BC17","Luminal_Epithelial","aneuploid",TRUE,TRUE,"CNV_supported_malignant_candidate"
NA,NA,NA,NA,NA,NA,NA
NA,NA,NA,NA,NA,NA,NA
NA,NA,NA,NA,NA,NA,NA
"BC17_BC17_CATTCGCAGTTATCGC-1","BC17","Luminal_Epithelial","aneuploid",TRUE,TRUE,"CNV_supported_malignant_candidate"
NA,NA,NA,NA,NA,NA,NA
NA,NA,NA,NA,NA,NA,NA
"BC17_BC17_CATTCGCTCTTGTTTG-1","BC17","Luminal_Epithelial","aneuploid",TRUE,TRUE,"CNV_supported_malignant_candidate"
NA,NA,NA,NA,NA,NA,NA
NA,NA,NA,NA,NA,NA,NA
NA,NA,NA,NA,NA,NA,NA
NA,NA,NA,NA,NA,NA,NA
NA,NA,NA,NA,NA,NA,NA
NA,NA,NA,NA,NA,NA,NA
NA,NA,NA,NA,NA,NA,NA
"BC17_BC17_CCACTACTCCATGAGT-1","BC17","Luminal_Epithelial","aneuploid",TRUE,TRUE,"CNV_supported_malignant_candidate"
NA,NA,NA,NA,NA,NA,NA
NA,NA,NA,NA,NA,NA,NA
NA,NA,NA,NA,NA,NA,NA
"BC17_BC17_CCAGCGAGTGGTCCGT-1","BC17","Luminal_Epithelial","aneuploid",TRUE,TRUE,"CNV_supported_malignant_candidate"
NA,NA,NA,NA,NA,NA,NA
NA,NA,NA,NA,NA,NA,NA
NA,NA,NA,NA,NA,NA,NA
NA,NA,NA,NA,NA,NA,NA
NA,NA,NA,NA,NA,NA,NA
NA,NA,NA,NA,NA,NA,NA
NA,NA,NA,NA,NA,NA,NA
NA,NA,NA,NA,NA,NA,NA
NA,NA,NA,NA,NA,NA,NA
NA,NA,NA,NA,NA,NA,NA
NA,NA,NA,NA,NA,NA,NA
NA,NA,NA,NA,NA,NA,NA
NA,NA,NA,NA,NA,NA,NA
NA,NA,NA,NA,NA,NA,NA
NA,NA,NA,NA,NA,NA,NA
NA,NA,NA,NA,NA,NA,NA
NA,NA,NA,NA,NA,NA,NA
"BC17_BC17_CCCAGTTCATGTAGTC-1","BC17","Luminal_Epithelial","aneuploid",TRUE,TRUE,"CNV_supported_malignant_candidate"
NA,NA,NA,NA,NA,NA,NA
NA,NA,NA,NA,NA,NA,NA
NA,NA,NA,NA,NA,NA,NA
"BC17_BC17_CCCATACTCGTGGGAA-1","BC17","Luminal_Epithelial","aneuploid",TRUE,TRUE,"CNV_supported_malignant_candidate"
NA,NA,NA,NA,NA,NA,NA
NA,NA,NA,NA,NA,NA,NA
NA,NA,NA,NA,NA,NA,NA
NA,NA,NA,NA,NA,NA,NA
NA,NA,NA,NA,NA,NA,NA
NA,NA,NA,NA,NA,NA,NA
NA,NA,NA,NA,NA,NA,NA
NA,NA,NA,NA,NA,NA,NA
NA,NA,NA,NA,NA,NA,NA
NA,NA,NA,NA,NA,NA,NA
"BC17_BC17_CCGGTAGAGGCTCTTA-1","BC17","Luminal_Epithelial","aneuploid",TRUE,TRUE,"CNV_supported_malignant_candidate"
"BC17_BC17_CCGGTAGCAAACGCGA-1","BC17","Luminal_Epithelial","aneuploid",TRUE,TRUE,"CNV_supported_malignant_candidate"
NA,NA,NA,NA,NA,NA,NA
NA,NA,NA,NA,NA,NA,NA
"BC17_BC17_CCGGTAGTCACATACG-1","BC17","Luminal_Epithelial","aneuploid",TRUE,TRUE,"CNV_supported_malignant_candidate"
NA,NA,NA,NA,NA,NA,NA
NA,NA,NA,NA,NA,NA,NA
NA,NA,NA,NA,NA,NA,NA
NA,NA,NA,NA,NA,NA,NA
NA,NA,NA,NA,NA,NA,NA
NA,NA,NA,NA,NA,NA,NA
NA,NA,NA,NA,NA,NA,NA
NA,NA,NA,NA,NA,NA,NA
"BC17_BC17_CCGTGGAAGTGAACAT-1","BC17","Luminal_Epithelial","aneuploid",TRUE,TRUE,"CNV_supported_malignant_candidate"
NA,NA,NA,NA,NA,NA,NA
NA,NA,NA,NA,NA,NA,NA
NA,NA,NA,NA,NA,NA,NA
NA,NA,NA,NA,NA,NA,NA
NA,NA,NA,NA,NA,NA,NA
NA,NA,NA,NA,NA,NA,NA
NA,NA,NA,NA,NA,NA,NA
NA,NA,NA,NA,NA,NA,NA
NA,NA,NA,NA,NA,NA,NA
NA,NA,NA,NA,NA,NA,NA
NA,NA,NA,NA,NA,NA,NA
"BC17_BC17_CCTACCACATTGGGCC-1","BC17","Luminal_Epithelial","aneuploid",TRUE,TRUE,"CNV_supported_malignant_candidate"
NA,NA,NA,NA,NA,NA,NA
NA,NA,NA,NA,NA,NA,NA
NA,NA,NA,NA,NA,NA,NA
"BC17_BC17_CCTACCATCTAACTTC-1","BC17","Luminal_Epithelial","aneuploid",TRUE,TRUE,"CNV_supported_malignant_candidate"
"BC17_BC17_CCTACCATCTTATCTG-1","BC17","Luminal_Epithelial","aneuploid",TRUE,TRUE,"CNV_supported_malignant_candidate"
NA,NA,NA,NA,NA,NA,NA
"BC17_BC17_CCTAGCTGTAAACACA-1","BC17","Luminal_Epithelial","aneuploid",TRUE,TRUE,"CNV_supported_malignant_candidate"
NA,NA,NA,NA,NA,NA,NA
NA,NA,NA,NA,NA,NA,NA
NA,NA,NA,NA,NA,NA,NA
NA,NA,NA,NA,NA,NA,NA
NA,NA,NA,NA,NA,NA,NA
"BC17_BC17_CCTATTACACACCGAC-1","BC17","Basal_Like_Epithelial","aneuploid",TRUE,TRUE,"CNV_supported_malignant_candidate"
NA,NA,NA,NA,NA,NA,NA
"BC17_BC17_CCTCAGTCATGCCACG-1","BC17","Luminal_Epithelial","aneuploid",TRUE,TRUE,"CNV_supported_malignant_candidate"
"BC17_BC17_CCTCTGAAGCTAGGCA-1","BC17","Luminal_Epithelial","aneuploid",TRUE,TRUE,"CNV_supported_malignant_candidate"
NA,NA,NA,NA,NA,NA,NA
"BC17_BC17_CCTCTGACAATCCGAT-1","BC17","Luminal_Epithelial","aneuploid",TRUE,TRUE,"CNV_supported_malignant_candidate"
"BC17_BC17_CCTTACGAGAAGCCCA-1","BC17","Luminal_Epithelial","aneuploid",TRUE,TRUE,"CNV_supported_malignant_candidate"
"BC17_BC17_CCTTACGAGCCGATTT-1","BC17","Luminal_Epithelial","aneuploid",TRUE,TRUE,"CNV_supported_malignant_candidate"
NA,NA,NA,NA,NA,NA,NA
NA,NA,NA,NA,NA,NA,NA
"BC17_BC17_CCTTACGAGTGTACCT-1","BC17","Luminal_Epithelial","aneuploid",TRUE,TRUE,"CNV_supported_malignant_candidate"
NA,NA,NA,NA,NA,NA,NA
NA,NA,NA,NA,NA,NA,NA
NA,NA,NA,NA,NA,NA,NA
NA,NA,NA,NA,NA,NA,NA
"BC17_BC17_CCTTCCCGTTAAGGGC-1","BC17","Luminal_Epithelial","aneuploid",TRUE,TRUE,"CNV_supported_malignant_candidate"
NA,NA,NA,NA,NA,NA,NA
"BC17_BC17_CCTTCGAAGGAGTAGA-1","BC17","Luminal_Epithelial","aneuploid",TRUE,TRUE,"CNV_supported_malignant_candidate"
NA,NA,NA,NA,NA,NA,NA
NA,NA,NA,NA,NA,NA,NA
NA,NA,NA,NA,NA,NA,NA
NA,NA,NA,NA,NA,NA,NA
"BC17_BC17_CCTTTCTAGAACTGTA-1","BC17","Basal_Like_Epithelial","aneuploid",TRUE,TRUE,"CNV_supported_malignant_candidate"
NA,NA,NA,NA,NA,NA,NA
"BC17_BC17_CCTTTCTCACCGATAT-1","BC17","Luminal_Epithelial","aneuploid",TRUE,TRUE,"CNV_supported_malignant_candidate"
NA,NA,NA,NA,NA,NA,NA
NA,NA,NA,NA,NA,NA,NA
NA,NA,NA,NA,NA,NA,NA
NA,NA,NA,NA,NA,NA,NA
"BC17_BC17_CGAACATTCTAGCACA-1","BC17","Luminal_Epithelial","aneuploid",TRUE,TRUE,"CNV_supported_malignant_candidate"
NA,NA,NA,NA,NA,NA,NA
NA,NA,NA,NA,NA,NA,NA
"BC17_BC17_CGAATGTAGGTACTCT-1","BC17","Luminal_Epithelial","aneuploid",TRUE,TRUE,"CNV_supported_malignant_candidate"
"BC17_BC17_CGAATGTCATCTATGG-1","BC17","Basal_Like_Epithelial","aneuploid",TRUE,TRUE,"CNV_supported_malignant_candidate"
NA,NA,NA,NA,NA,NA,NA
NA,NA,NA,NA,NA,NA,NA
"BC17_BC17_CGAATGTGTTAAGATG-1","BC17","Luminal_Epithelial","aneuploid",TRUE,TRUE,"CNV_supported_malignant_candidate"
"BC17_BC17_CGAATGTTCCTGTAGA-1","BC17","Luminal_Epithelial","aneuploid",TRUE,TRUE,"CNV_supported_malignant_candidate"
NA,NA,NA,NA,NA,NA,NA
"BC17_BC17_CGACCTTGTCCGAATT-1","BC17","Basal_Like_Epithelial","aneuploid",TRUE,TRUE,"CNV_supported_malignant_candidate"
NA,NA,NA,NA,NA,NA,NA
NA,NA,NA,NA,NA,NA,NA
NA,NA,NA,NA,NA,NA,NA
"BC17_BC17_CGACTTCGTATAGGGC-1","BC17","Luminal_Epithelial","aneuploid",TRUE,TRUE,"CNV_supported_malignant_candidate"
NA,NA,NA,NA,NA,NA,NA
NA,NA,NA,NA,NA,NA,NA
"BC17_BC17_CGACTTCGTTCGTTGA-1","BC17","Luminal_Epithelial","aneuploid",TRUE,TRUE,"CNV_supported_malignant_candidate"
NA,NA,NA,NA,NA,NA,NA
NA,NA,NA,NA,NA,NA,NA
NA,NA,NA,NA,NA,NA,NA
NA,NA,NA,NA,NA,NA,NA
"BC17_BC17_CGAGAAGCACCATCCT-1","BC17","Luminal_Epithelial","aneuploid",TRUE,TRUE,"CNV_supported_malignant_candidate"
NA,NA,NA,NA,NA,NA,NA
"BC17_BC17_CGAGAAGGTGCAGGTA-1","BC17","Luminal_Epithelial","aneuploid",TRUE,TRUE,"CNV_supported_malignant_candidate"
NA,NA,NA,NA,NA,NA,NA
NA,NA,NA,NA,NA,NA,NA
"BC17_BC17_CGAGCACTCAGTGTTG-1","BC17","Luminal_Epithelial","aneuploid",TRUE,TRUE,"CNV_supported_malignant_candidate"
NA,NA,NA,NA,NA,NA,NA
NA,NA,NA,NA,NA,NA,NA
"BC17_BC17_CGATCGGGTGTGCGTC-1","BC17","Luminal_Epithelial","aneuploid",TRUE,TRUE,"CNV_supported_malignant_candidate"
NA,NA,NA,NA,NA,NA,NA
"BC17_BC17_CGATCGGTCAGCTCTC-1","BC17","Luminal_Epithelial","aneuploid",TRUE,TRUE,"CNV_supported_malignant_candidate"
NA,NA,NA,NA,NA,NA,NA
NA,NA,NA,NA,NA,NA,NA
NA,NA,NA,NA,NA,NA,NA
NA,NA,NA,NA,NA,NA,NA
NA,NA,NA,NA,NA,NA,NA
"BC17_BC17_CGATTGAGTCGAGATG-1","BC17","Luminal_Epithelial","aneuploid",TRUE,TRUE,"CNV_supported_malignant_candidate"
NA,NA,NA,NA,NA,NA,NA
"BC17_BC17_CGATTGAGTGGCCCTA-1","BC17","Luminal_Epithelial","aneuploid",TRUE,TRUE,"CNV_supported_malignant_candidate"
NA,NA,NA,NA,NA,NA,NA
NA,NA,NA,NA,NA,NA,NA
NA,NA,NA,NA,NA,NA,NA
NA,NA,NA,NA,NA,NA,NA
NA,NA,NA,NA,NA,NA,NA
NA,NA,NA,NA,NA,NA,NA
NA,NA,NA,NA,NA,NA,NA
NA,NA,NA,NA,NA,NA,NA
NA,NA,NA,NA,NA,NA,NA
"BC17_BC17_CGCGTTTCAGTAAGAT-1","BC17","Luminal_Epithelial","aneuploid",TRUE,TRUE,"CNV_supported_malignant_candidate"
"BC17_BC17_CGCGTTTCATTCTTAC-1","BC17","Luminal_Epithelial","aneuploid",TRUE,TRUE,"CNV_supported_malignant_candidate"
NA,NA,NA,NA,NA,NA,NA
NA,NA,NA,NA,NA,NA,NA
"BC17_BC17_CGCTATCAGCTTCGCG-1","BC17","Luminal_Epithelial","aneuploid",TRUE,TRUE,"CNV_supported_malignant_candidate"
NA,NA,NA,NA,NA,NA,NA
NA,NA,NA,NA,NA,NA,NA
NA,NA,NA,NA,NA,NA,NA
NA,NA,NA,NA,NA,NA,NA
NA,NA,NA,NA,NA,NA,NA
NA,NA,NA,NA,NA,NA,NA
"BC17_BC17_CGCTGGATCTACCTGC-1","BC17","Luminal_Epithelial","aneuploid",TRUE,TRUE,"CNV_supported_malignant_candidate"
NA,NA,NA,NA,NA,NA,NA
NA,NA,NA,NA,NA,NA,NA
NA,NA,NA,NA,NA,NA,NA
NA,NA,NA,NA,NA,NA,NA
NA,NA,NA,NA,NA,NA,NA
NA,NA,NA,NA,NA,NA,NA
NA,NA,NA,NA,NA,NA,NA
NA,NA,NA,NA,NA,NA,NA
NA,NA,NA,NA,NA,NA,NA
NA,NA,NA,NA,NA,NA,NA
NA,NA,NA,NA,NA,NA,NA
NA,NA,NA,NA,NA,NA,NA
NA,NA,NA,NA,NA,NA,NA
NA,NA,NA,NA,NA,NA,NA
NA,NA,NA,NA,NA,NA,NA
NA,NA,NA,NA,NA,NA,NA
NA,NA,NA,NA,NA,NA,NA
NA,NA,NA,NA,NA,NA,NA
"BC17_BC17_CGGCTAGCATCACCCT-1","BC17","Luminal_Epithelial","aneuploid",TRUE,TRUE,"CNV_supported_malignant_candidate"
NA,NA,NA,NA,NA,NA,NA
NA,NA,NA,NA,NA,NA,NA
"BC17_BC17_CGGGTCACAAATTGCC-1","BC17","Luminal_Epithelial","aneuploid",TRUE,TRUE,"CNV_supported_malignant_candidate"
"BC17_BC17_CGGGTCATCAGCTCTC-1","BC17","Luminal_Epithelial","aneuploid",TRUE,TRUE,"CNV_supported_malignant_candidate"
NA,NA,NA,NA,NA,NA,NA
NA,NA,NA,NA,NA,NA,NA
NA,NA,NA,NA,NA,NA,NA
NA,NA,NA,NA,NA,NA,NA
"BC17_BC17_CGTAGCGTCTTGACGA-1","BC17","Luminal_Epithelial","aneuploid",TRUE,TRUE,"CNV_supported_malignant_candidate"
NA,NA,NA,NA,NA,NA,NA
NA,NA,NA,NA,NA,NA,NA
NA,NA,NA,NA,NA,NA,NA
"BC17_BC17_CGTCACTAGTTCGCGC-1","BC17","Luminal_Epithelial","aneuploid",TRUE,TRUE,"CNV_supported_malignant_candidate"
NA,NA,NA,NA,NA,NA,NA
NA,NA,NA,NA,NA,NA,NA
NA,NA,NA,NA,NA,NA,NA
NA,NA,NA,NA,NA,NA,NA
"BC17_BC17_CGTCAGGGTCTAAAGA-1","BC17","Luminal_Epithelial","aneuploid",TRUE,TRUE,"CNV_supported_malignant_candidate"
NA,NA,NA,NA,NA,NA,NA
NA,NA,NA,NA,NA,NA,NA
NA,NA,NA,NA,NA,NA,NA
"BC17_BC17_CGTCCATGTCAACTGT-1","BC17","Luminal_Epithelial","aneuploid",TRUE,TRUE,"CNV_supported_malignant_candidate"
NA,NA,NA,NA,NA,NA,NA
NA,NA,NA,NA,NA,NA,NA
NA,NA,NA,NA,NA,NA,NA
NA,NA,NA,NA,NA,NA,NA
NA,NA,NA,NA,NA,NA,NA
"BC17_BC17_CGTCTACTCGTCTGAA-1","BC17","Luminal_Epithelial","aneuploid",TRUE,TRUE,"CNV_supported_malignant_candidate"
"BC17_BC17_CGTGAGCCAAAGGCGT-1","BC17","Luminal_Epithelial","aneuploid",TRUE,TRUE,"CNV_supported_malignant_candidate"
NA,NA,NA,NA,NA,NA,NA
NA,NA,NA,NA,NA,NA,NA
NA,NA,NA,NA,NA,NA,NA
"BC17_BC17_CGTGTCTAGCCACCTG-1","BC17","Luminal_Epithelial","aneuploid",TRUE,TRUE,"CNV_supported_malignant_candidate"
NA,NA,NA,NA,NA,NA,NA
NA,NA,NA,NA,NA,NA,NA
NA,NA,NA,NA,NA,NA,NA
NA,NA,NA,NA,NA,NA,NA
NA,NA,NA,NA,NA,NA,NA
NA,NA,NA,NA,NA,NA,NA
NA,NA,NA,NA,NA,NA,NA
NA,NA,NA,NA,NA,NA,NA
"BC17_BC17_CGTTCTGAGCGACGTA-1","BC17","Luminal_Epithelial","aneuploid",TRUE,TRUE,"CNV_supported_malignant_candidate"
NA,NA,NA,NA,NA,NA,NA
NA,NA,NA,NA,NA,NA,NA
"BC17_BC17_CGTTCTGGTGCACTTA-1","BC17","Luminal_Epithelial","aneuploid",TRUE,TRUE,"CNV_supported_malignant_candidate"
"BC17_BC17_CGTTCTGTCCAGTATG-1","BC17","Luminal_Epithelial","aneuploid",TRUE,TRUE,"CNV_supported_malignant_candidate"
NA,NA,NA,NA,NA,NA,NA
NA,NA,NA,NA,NA,NA,NA
NA,NA,NA,NA,NA,NA,NA
"BC17_BC17_CTAACTTTCATGCTCC-1","BC17","Luminal_Epithelial","aneuploid",TRUE,TRUE,"CNV_supported_malignant_candidate"
NA,NA,NA,NA,NA,NA,NA
NA,NA,NA,NA,NA,NA,NA
"BC17_BC17_CTAAGACCACAACGCC-1","BC17","Luminal_Epithelial","aneuploid",TRUE,TRUE,"CNV_supported_malignant_candidate"
NA,NA,NA,NA,NA,NA,NA
"BC17_BC17_CTAAGACCAGTACACT-1","BC17","Luminal_Epithelial","aneuploid",TRUE,TRUE,"CNV_supported_malignant_candidate"
"BC17_BC17_CTAATGGCAAATACAG-1","BC17","Basal_Like_Epithelial","aneuploid",TRUE,TRUE,"CNV_supported_malignant_candidate"
NA,NA,NA,NA,NA,NA,NA
NA,NA,NA,NA,NA,NA,NA
NA,NA,NA,NA,NA,NA,NA
NA,NA,NA,NA,NA,NA,NA
NA,NA,NA,NA,NA,NA,NA
NA,NA,NA,NA,NA,NA,NA
"BC17_BC17_CTACCCAAGATATGCA-1","BC17","Luminal_Epithelial","aneuploid",TRUE,TRUE,"CNV_supported_malignant_candidate"
NA,NA,NA,NA,NA,NA,NA
NA,NA,NA,NA,NA,NA,NA
NA,NA,NA,NA,NA,NA,NA
NA,NA,NA,NA,NA,NA,NA
NA,NA,NA,NA,NA,NA,NA
NA,NA,NA,NA,NA,NA,NA
"BC17_BC17_CTAGCCTGTCACACGC-1","BC17","Luminal_Epithelial","aneuploid",TRUE,TRUE,"CNV_supported_malignant_candidate"
NA,NA,NA,NA,NA,NA,NA
NA,NA,NA,NA,NA,NA,NA
NA,NA,NA,NA,NA,NA,NA
NA,NA,NA,NA,NA,NA,NA
NA,NA,NA,NA,NA,NA,NA
NA,NA,NA,NA,NA,NA,NA
NA,NA,NA,NA,NA,NA,NA
NA,NA,NA,NA,NA,NA,NA
NA,NA,NA,NA,NA,NA,NA
NA,NA,NA,NA,NA,NA,NA
NA,NA,NA,NA,NA,NA,NA
NA,NA,NA,NA,NA,NA,NA
NA,NA,NA,NA,NA,NA,NA
NA,NA,NA,NA,NA,NA,NA
NA,NA,NA,NA,NA,NA,NA
NA,NA,NA,NA,NA,NA,NA
NA,NA,NA,NA,NA,NA,NA
NA,NA,NA,NA,NA,NA,NA
NA,NA,NA,NA,NA,NA,NA
NA,NA,NA,NA,NA,NA,NA
NA,NA,NA,NA,NA,NA,NA
"BC17_BC17_CTCCTAGCAGGGTACA-1","BC17","Luminal_Epithelial","aneuploid",TRUE,TRUE,"CNV_supported_malignant_candidate"
NA,NA,NA,NA,NA,NA,NA
NA,NA,NA,NA,NA,NA,NA
NA,NA,NA,NA,NA,NA,NA
NA,NA,NA,NA,NA,NA,NA
"BC17_BC17_CTCGAAATCACCCTCA-1","BC17","Luminal_Epithelial","aneuploid",TRUE,TRUE,"CNV_supported_malignant_candidate"
NA,NA,NA,NA,NA,NA,NA
NA,NA,NA,NA,NA,NA,NA
NA,NA,NA,NA,NA,NA,NA
"BC17_BC17_CTCGGAGGTCGAGATG-1","BC17","Luminal_Epithelial","aneuploid",TRUE,TRUE,"CNV_supported_malignant_candidate"
NA,NA,NA,NA,NA,NA,NA
NA,NA,NA,NA,NA,NA,NA
NA,NA,NA,NA,NA,NA,NA
NA,NA,NA,NA,NA,NA,NA
NA,NA,NA,NA,NA,NA,NA
NA,NA,NA,NA,NA,NA,NA
NA,NA,NA,NA,NA,NA,NA
NA,NA,NA,NA,NA,NA,NA
NA,NA,NA,NA,NA,NA,NA
"BC17_BC17_CTCGTCAGTTCCATGA-1","BC17","Luminal_Epithelial","aneuploid",TRUE,TRUE,"CNV_supported_malignant_candidate"
"BC17_BC17_CTCTAATAGCGTCTAT-1","BC17","Luminal_Epithelial","aneuploid",TRUE,TRUE,"CNV_supported_malignant_candidate"
NA,NA,NA,NA,NA,NA,NA
NA,NA,NA,NA,NA,NA,NA
NA,NA,NA,NA,NA,NA,NA
NA,NA,NA,NA,NA,NA,NA
NA,NA,NA,NA,NA,NA,NA
NA,NA,NA,NA,NA,NA,NA
"BC17_BC17_CTCTACGGTGCAACTT-1","BC17","Luminal_Epithelial","aneuploid",TRUE,TRUE,"CNV_supported_malignant_candidate"
NA,NA,NA,NA,NA,NA,NA
"BC17_BC17_CTCTACGTCGTAGGAG-1","BC17","Luminal_Epithelial","aneuploid",TRUE,TRUE,"CNV_supported_malignant_candidate"
NA,NA,NA,NA,NA,NA,NA
NA,NA,NA,NA,NA,NA,NA
NA,NA,NA,NA,NA,NA,NA
NA,NA,NA,NA,NA,NA,NA
NA,NA,NA,NA,NA,NA,NA
NA,NA,NA,NA,NA,NA,NA
NA,NA,NA,NA,NA,NA,NA
NA,NA,NA,NA,NA,NA,NA
NA,NA,NA,NA,NA,NA,NA
NA,NA,NA,NA,NA,NA,NA
NA,NA,NA,NA,NA,NA,NA
NA,NA,NA,NA,NA,NA,NA
NA,NA,NA,NA,NA,NA,NA
NA,NA,NA,NA,NA,NA,NA
NA,NA,NA,NA,NA,NA,NA
NA,NA,NA,NA,NA,NA,NA
NA,NA,NA,NA,NA,NA,NA
NA,NA,NA,NA,NA,NA,NA
"BC17_BC17_CTGATCCGTGTATGGG-1","BC17","Luminal_Epithelial","aneuploid",TRUE,TRUE,"CNV_supported_malignant_candidate"
NA,NA,NA,NA,NA,NA,NA
NA,NA,NA,NA,NA,NA,NA
NA,NA,NA,NA,NA,NA,NA
NA,NA,NA,NA,NA,NA,NA
NA,NA,NA,NA,NA,NA,NA
NA,NA,NA,NA,NA,NA,NA
NA,NA,NA,NA,NA,NA,NA
NA,NA,NA,NA,NA,NA,NA
NA,NA,NA,NA,NA,NA,NA
NA,NA,NA,NA,NA,NA,NA
NA,NA,NA,NA,NA,NA,NA
NA,NA,NA,NA,NA,NA,NA
NA,NA,NA,NA,NA,NA,NA
"BC17_BC17_CTGGTCTCATAGACTC-1","BC17","Luminal_Epithelial","aneuploid",TRUE,TRUE,"CNV_supported_malignant_candidate"
NA,NA,NA,NA,NA,NA,NA
NA,NA,NA,NA,NA,NA,NA
NA,NA,NA,NA,NA,NA,NA
NA,NA,NA,NA,NA,NA,NA
"BC17_BC17_CTTAACTCAGTGGAGT-1","BC17","Luminal_Epithelial","aneuploid",TRUE,TRUE,"CNV_supported_malignant_candidate"
NA,NA,NA,NA,NA,NA,NA
"BC17_BC17_CTTACCGAGTTTGCGT-1","BC17","Luminal_Epithelial","aneuploid",TRUE,TRUE,"CNV_supported_malignant_candidate"
"BC17_BC17_CTTAGGAGTTGTGGCC-1","BC17","Luminal_Epithelial","aneuploid",TRUE,TRUE,"CNV_supported_malignant_candidate"
NA,NA,NA,NA,NA,NA,NA
NA,NA,NA,NA,NA,NA,NA
NA,NA,NA,NA,NA,NA,NA
NA,NA,NA,NA,NA,NA,NA
NA,NA,NA,NA,NA,NA,NA
"BC17_BC17_CTTGGCTGTACCAGTT-1","BC17","Luminal_Epithelial","aneuploid",TRUE,TRUE,"CNV_supported_malignant_candidate"
NA,NA,NA,NA,NA,NA,NA
NA,NA,NA,NA,NA,NA,NA
NA,NA,NA,NA,NA,NA,NA
NA,NA,NA,NA,NA,NA,NA
NA,NA,NA,NA,NA,NA,NA
NA,NA,NA,NA,NA,NA,NA
"BC17_BC17_CTTTGCGCACGAAACG-1","BC17","Luminal_Epithelial","aneuploid",TRUE,TRUE,"CNV_supported_malignant_candidate"
NA,NA,NA,NA,NA,NA,NA
NA,NA,NA,NA,NA,NA,NA
NA,NA,NA,NA,NA,NA,NA
NA,NA,NA,NA,NA,NA,NA
NA,NA,NA,NA,NA,NA,NA
NA,NA,NA,NA,NA,NA,NA
NA,NA,NA,NA,NA,NA,NA
NA,NA,NA,NA,NA,NA,NA
NA,NA,NA,NA,NA,NA,NA
NA,NA,NA,NA,NA,NA,NA
NA,NA,NA,NA,NA,NA,NA
NA,NA,NA,NA,NA,NA,NA
"BC17_BC17_GAACCTAAGTCCAGGA-1","BC17","Luminal_Epithelial","aneuploid",TRUE,TRUE,"CNV_supported_malignant_candidate"
NA,NA,NA,NA,NA,NA,NA
NA,NA,NA,NA,NA,NA,NA
NA,NA,NA,NA,NA,NA,NA
"BC17_BC17_GAAGCAGAGGAGTAGA-1","BC17","Luminal_Epithelial","aneuploid",TRUE,TRUE,"CNV_supported_malignant_candidate"
NA,NA,NA,NA,NA,NA,NA
"BC17_BC17_GAAGCAGAGTACGTTC-1","BC17","Luminal_Epithelial","aneuploid",TRUE,TRUE,"CNV_supported_malignant_candidate"
"BC17_BC17_GAAGCAGCATTGAGCT-1","BC17","Luminal_Epithelial","aneuploid",TRUE,TRUE,"CNV_supported_malignant_candidate"
NA,NA,NA,NA,NA,NA,NA
"BC17_BC17_GAAGCAGGTATCTGCA-1","BC17","Luminal_Epithelial","aneuploid",TRUE,TRUE,"CNV_supported_malignant_candidate"
"BC17_BC17_GAAGCAGGTCGAATCT-1","BC17","Luminal_Epithelial","aneuploid",TRUE,TRUE,"CNV_supported_malignant_candidate"
NA,NA,NA,NA,NA,NA,NA
NA,NA,NA,NA,NA,NA,NA
NA,NA,NA,NA,NA,NA,NA
NA,NA,NA,NA,NA,NA,NA
NA,NA,NA,NA,NA,NA,NA
NA,NA,NA,NA,NA,NA,NA
"BC17_BC17_GAATAAGTCCGTCAAA-1","BC17","Luminal_Epithelial","aneuploid",TRUE,TRUE,"CNV_supported_malignant_candidate"
NA,NA,NA,NA,NA,NA,NA
NA,NA,NA,NA,NA,NA,NA
NA,NA,NA,NA,NA,NA,NA
NA,NA,NA,NA,NA,NA,NA
NA,NA,NA,NA,NA,NA,NA
"BC17_BC17_GAATGAATCGCACTCT-1","BC17","Luminal_Epithelial","aneuploid",TRUE,TRUE,"CNV_supported_malignant_candidate"
NA,NA,NA,NA,NA,NA,NA
NA,NA,NA,NA,NA,NA,NA
NA,NA,NA,NA,NA,NA,NA
NA,NA,NA,NA,NA,NA,NA
NA,NA,NA,NA,NA,NA,NA
NA,NA,NA,NA,NA,NA,NA
NA,NA,NA,NA,NA,NA,NA
NA,NA,NA,NA,NA,NA,NA
NA,NA,NA,NA,NA,NA,NA
NA,NA,NA,NA,NA,NA,NA
"BC17_BC17_GACGGCTGTGTCTGAT-1","BC17","Luminal_Epithelial","aneuploid",TRUE,TRUE,"CNV_supported_malignant_candidate"
"BC17_BC17_GACGGCTTCGGTGTCG-1","BC17","Luminal_Epithelial","aneuploid",TRUE,TRUE,"CNV_supported_malignant_candidate"
NA,NA,NA,NA,NA,NA,NA
NA,NA,NA,NA,NA,NA,NA
NA,NA,NA,NA,NA,NA,NA
NA,NA,NA,NA,NA,NA,NA
"BC17_BC17_GACTAACAGCTCCTCT-1","BC17","Luminal_Epithelial","aneuploid",TRUE,TRUE,"CNV_supported_malignant_candidate"
NA,NA,NA,NA,NA,NA,NA
NA,NA,NA,NA,NA,NA,NA
"BC17_BC17_GACTAACGTGAACCTT-1","BC17","Luminal_Epithelial","aneuploid",TRUE,TRUE,"CNV_supported_malignant_candidate"
"BC17_BC17_GACTAACGTGGTCTCG-1","BC17","Luminal_Epithelial","aneuploid",TRUE,TRUE,"CNV_supported_malignant_candidate"
"BC17_BC17_GACTAACGTTCAACCA-1","BC17","Luminal_Epithelial","aneuploid",TRUE,TRUE,"CNV_supported_malignant_candidate"
NA,NA,NA,NA,NA,NA,NA
NA,NA,NA,NA,NA,NA,NA
NA,NA,NA,NA,NA,NA,NA
NA,NA,NA,NA,NA,NA,NA
NA,NA,NA,NA,NA,NA,NA
NA,NA,NA,NA,NA,NA,NA
NA,NA,NA,NA,NA,NA,NA
NA,NA,NA,NA,NA,NA,NA
NA,NA,NA,NA,NA,NA,NA
NA,NA,NA,NA,NA,NA,NA
NA,NA,NA,NA,NA,NA,NA
NA,NA,NA,NA,NA,NA,NA
"BC17_BC17_GAGTCCGCATGTAGTC-1","BC17","Luminal_Epithelial","aneuploid",TRUE,TRUE,"CNV_supported_malignant_candidate"
NA,NA,NA,NA,NA,NA,NA
NA,NA,NA,NA,NA,NA,NA
NA,NA,NA,NA,NA,NA,NA
NA,NA,NA,NA,NA,NA,NA
NA,NA,NA,NA,NA,NA,NA
NA,NA,NA,NA,NA,NA,NA
NA,NA,NA,NA,NA,NA,NA
NA,NA,NA,NA,NA,NA,NA
NA,NA,NA,NA,NA,NA,NA
NA,NA,NA,NA,NA,NA,NA
NA,NA,NA,NA,NA,NA,NA
NA,NA,NA,NA,NA,NA,NA
NA,NA,NA,NA,NA,NA,NA
"BC17_BC17_GATCTAGGTCCAACTA-1","BC17","Luminal_Epithelial","aneuploid",TRUE,TRUE,"CNV_supported_malignant_candidate"
NA,NA,NA,NA,NA,NA,NA
"BC17_BC17_GATCTAGTCATGTCCC-1","BC17","Luminal_Epithelial","aneuploid",TRUE,TRUE,"CNV_supported_malignant_candidate"
NA,NA,NA,NA,NA,NA,NA
NA,NA,NA,NA,NA,NA,NA
"BC17_BC17_GATGAAAAGATATACG-1","BC17","Luminal_Epithelial","aneuploid",TRUE,TRUE,"CNV_supported_malignant_candidate"
NA,NA,NA,NA,NA,NA,NA
NA,NA,NA,NA,NA,NA,NA
"BC17_BC17_GATGAAATCGACCAGC-1","BC17","Luminal_Epithelial","aneuploid",TRUE,TRUE,"CNV_supported_malignant_candidate"
NA,NA,NA,NA,NA,NA,NA
NA,NA,NA,NA,NA,NA,NA
NA,NA,NA,NA,NA,NA,NA
NA,NA,NA,NA,NA,NA,NA
NA,NA,NA,NA,NA,NA,NA
NA,NA,NA,NA,NA,NA,NA
NA,NA,NA,NA,NA,NA,NA
NA,NA,NA,NA,NA,NA,NA
"BC17_BC17_GATTCAGCAGACAAGC-1","BC17","Luminal_Epithelial","aneuploid",TRUE,TRUE,"CNV_supported_malignant_candidate"
NA,NA,NA,NA,NA,NA,NA
"BC17_BC17_GCAAACTAGGATCGCA-1","BC17","Luminal_Epithelial","aneuploid",TRUE,TRUE,"CNV_supported_malignant_candidate"
NA,NA,NA,NA,NA,NA,NA
NA,NA,NA,NA,NA,NA,NA
"BC17_BC17_GCAAACTGTTTGACTG-1","BC17","Luminal_Epithelial","aneuploid",TRUE,TRUE,"CNV_supported_malignant_candidate"
NA,NA,NA,NA,NA,NA,NA
NA,NA,NA,NA,NA,NA,NA
"BC17_BC17_GCAATCAGTCTGATTG-1","BC17","Luminal_Epithelial","aneuploid",TRUE,TRUE,"CNV_supported_malignant_candidate"
NA,NA,NA,NA,NA,NA,NA
NA,NA,NA,NA,NA,NA,NA
NA,NA,NA,NA,NA,NA,NA
"BC17_BC17_GCACATATCAGTTAGC-1","BC17","Luminal_Epithelial","aneuploid",TRUE,TRUE,"CNV_supported_malignant_candidate"
NA,NA,NA,NA,NA,NA,NA
NA,NA,NA,NA,NA,NA,NA
NA,NA,NA,NA,NA,NA,NA
NA,NA,NA,NA,NA,NA,NA
NA,NA,NA,NA,NA,NA,NA
NA,NA,NA,NA,NA,NA,NA
NA,NA,NA,NA,NA,NA,NA
NA,NA,NA,NA,NA,NA,NA
NA,NA,NA,NA,NA,NA,NA
"BC17_BC17_GCATACAAGTGGACGT-1","BC17","Luminal_Epithelial","aneuploid",TRUE,TRUE,"CNV_supported_malignant_candidate"
NA,NA,NA,NA,NA,NA,NA
NA,NA,NA,NA,NA,NA,NA
"BC17_BC17_GCATACATCCGGGTGT-1","BC17","Luminal_Epithelial","aneuploid",TRUE,TRUE,"CNV_supported_malignant_candidate"
NA,NA,NA,NA,NA,NA,NA
"BC17_BC17_GCATGATCAGAGCCAA-1","BC17","Luminal_Epithelial","aneuploid",TRUE,TRUE,"CNV_supported_malignant_candidate"
NA,NA,NA,NA,NA,NA,NA
NA,NA,NA,NA,NA,NA,NA
"BC17_BC17_GCATGATTCCAAATGC-1","BC17","Luminal_Epithelial","aneuploid",TRUE,TRUE,"CNV_supported_malignant_candidate"
NA,NA,NA,NA,NA,NA,NA
NA,NA,NA,NA,NA,NA,NA
NA,NA,NA,NA,NA,NA,NA
NA,NA,NA,NA,NA,NA,NA
NA,NA,NA,NA,NA,NA,NA
NA,NA,NA,NA,NA,NA,NA
NA,NA,NA,NA,NA,NA,NA
NA,NA,NA,NA,NA,NA,NA
NA,NA,NA,NA,NA,NA,NA
NA,NA,NA,NA,NA,NA,NA
"BC17_BC17_GCCAAATTCAGTACGT-1","BC17","Luminal_Epithelial","aneuploid",TRUE,TRUE,"CNV_supported_malignant_candidate"
"BC17_BC17_GCCAAATTCCCAACGG-1","BC17","Luminal_Epithelial","aneuploid",TRUE,TRUE,"CNV_supported_malignant_candidate"
NA,NA,NA,NA,NA,NA,NA
NA,NA,NA,NA,NA,NA,NA
NA,NA,NA,NA,NA,NA,NA
"BC17_BC17_GCCTCTAGTACACCGC-1","BC17","Luminal_Epithelial","aneuploid",TRUE,TRUE,"CNV_supported_malignant_candidate"
NA,NA,NA,NA,NA,NA,NA
NA,NA,NA,NA,NA,NA,NA
NA,NA,NA,NA,NA,NA,NA
NA,NA,NA,NA,NA,NA,NA
NA,NA,NA,NA,NA,NA,NA
NA,NA,NA,NA,NA,NA,NA
NA,NA,NA,NA,NA,NA,NA
NA,NA,NA,NA,NA,NA,NA
"BC17_BC17_GCGAGAAAGATCCGAG-1","BC17","Luminal_Epithelial","aneuploid",TRUE,TRUE,"CNV_supported_malignant_candidate"
NA,NA,NA,NA,NA,NA,NA
NA,NA,NA,NA,NA,NA,NA
NA,NA,NA,NA,NA,NA,NA
NA,NA,NA,NA,NA,NA,NA
NA,NA,NA,NA,NA,NA,NA
NA,NA,NA,NA,NA,NA,NA
NA,NA,NA,NA,NA,NA,NA
"BC17_BC17_GCGCAGTCAAACGTGG-1","BC17","Luminal_Epithelial","aneuploid",TRUE,TRUE,"CNV_supported_malignant_candidate"
NA,NA,NA,NA,NA,NA,NA
NA,NA,NA,NA,NA,NA,NA
NA,NA,NA,NA,NA,NA,NA
NA,NA,NA,NA,NA,NA,NA
NA,NA,NA,NA,NA,NA,NA
"BC17_BC17_GCGCCAAGTTACCGAT-1","BC17","Luminal_Epithelial","aneuploid",TRUE,TRUE,"CNV_supported_malignant_candidate"
NA,NA,NA,NA,NA,NA,NA
NA,NA,NA,NA,NA,NA,NA
NA,NA,NA,NA,NA,NA,NA
"BC17_BC17_GCGCGATTCCGGCACA-1","BC17","Luminal_Epithelial","aneuploid",TRUE,TRUE,"CNV_supported_malignant_candidate"
"BC17_BC17_GCGCGATTCGAACTGT-1","BC17","Luminal_Epithelial","aneuploid",TRUE,TRUE,"CNV_supported_malignant_candidate"
NA,NA,NA,NA,NA,NA,NA
NA,NA,NA,NA,NA,NA,NA
NA,NA,NA,NA,NA,NA,NA
NA,NA,NA,NA,NA,NA,NA
NA,NA,NA,NA,NA,NA,NA
NA,NA,NA,NA,NA,NA,NA
"BC17_BC17_GCTCTGTTCAACACAC-1","BC17","Luminal_Epithelial","aneuploid",TRUE,TRUE,"CNV_supported_malignant_candidate"
NA,NA,NA,NA,NA,NA,NA
"BC17_BC17_GCTCTGTTCGGCGCTA-1","BC17","Luminal_Epithelial","aneuploid",TRUE,TRUE,"CNV_supported_malignant_candidate"
NA,NA,NA,NA,NA,NA,NA
"BC17_BC17_GCTGCAGAGCTAACTC-1","BC17","Luminal_Epithelial","aneuploid",TRUE,TRUE,"CNV_supported_malignant_candidate"
NA,NA,NA,NA,NA,NA,NA
NA,NA,NA,NA,NA,NA,NA
NA,NA,NA,NA,NA,NA,NA
"BC17_BC17_GCTGCAGTCGTGGGAA-1","BC17","Luminal_Epithelial","aneuploid",TRUE,TRUE,"CNV_supported_malignant_candidate"
NA,NA,NA,NA,NA,NA,NA
"BC17_BC17_GCTGCGACAAGCCCAC-1","BC17","Luminal_Epithelial","aneuploid",TRUE,TRUE,"CNV_supported_malignant_candidate"
NA,NA,NA,NA,NA,NA,NA
"BC17_BC17_GCTGCTTAGGCTCAGA-1","BC17","Luminal_Epithelial","aneuploid",TRUE,TRUE,"CNV_supported_malignant_candidate"
NA,NA,NA,NA,NA,NA,NA
NA,NA,NA,NA,NA,NA,NA
NA,NA,NA,NA,NA,NA,NA
NA,NA,NA,NA,NA,NA,NA
NA,NA,NA,NA,NA,NA,NA
NA,NA,NA,NA,NA,NA,NA
NA,NA,NA,NA,NA,NA,NA
"BC17_BC17_GCTTCCACAAGTTCTG-1","BC17","Luminal_Epithelial","aneuploid",TRUE,TRUE,"CNV_supported_malignant_candidate"
NA,NA,NA,NA,NA,NA,NA
"BC17_BC17_GCTTCCATCCACGTGG-1","BC17","Luminal_Epithelial","aneuploid",TRUE,TRUE,"CNV_supported_malignant_candidate"
"BC17_BC17_GCTTCCATCTATCCCG-1","BC17","Luminal_Epithelial","aneuploid",TRUE,TRUE,"CNV_supported_malignant_candidate"
NA,NA,NA,NA,NA,NA,NA
"BC17_BC17_GGAAAGCGTGAGGCTA-1","BC17","Luminal_Epithelial","aneuploid",TRUE,TRUE,"CNV_supported_malignant_candidate"
NA,NA,NA,NA,NA,NA,NA
NA,NA,NA,NA,NA,NA,NA
NA,NA,NA,NA,NA,NA,NA
NA,NA,NA,NA,NA,NA,NA
"BC17_BC17_GGAATAATCGTAGGAG-1","BC17","Luminal_Epithelial","aneuploid",TRUE,TRUE,"CNV_supported_malignant_candidate"
NA,NA,NA,NA,NA,NA,NA
NA,NA,NA,NA,NA,NA,NA
NA,NA,NA,NA,NA,NA,NA
NA,NA,NA,NA,NA,NA,NA
NA,NA,NA,NA,NA,NA,NA
"BC17_BC17_GGACATTAGGAATGGA-1","BC17","Luminal_Epithelial","aneuploid",TRUE,TRUE,"CNV_supported_malignant_candidate"
NA,NA,NA,NA,NA,NA,NA
"BC17_BC17_GGACATTAGTACGACG-1","BC17","Luminal_Epithelial","aneuploid",TRUE,TRUE,"CNV_supported_malignant_candidate"
NA,NA,NA,NA,NA,NA,NA
"BC17_BC17_GGACATTCAGGGATTG-1","BC17","Luminal_Epithelial","aneuploid",TRUE,TRUE,"CNV_supported_malignant_candidate"
NA,NA,NA,NA,NA,NA,NA
NA,NA,NA,NA,NA,NA,NA
NA,NA,NA,NA,NA,NA,NA
NA,NA,NA,NA,NA,NA,NA
NA,NA,NA,NA,NA,NA,NA
NA,NA,NA,NA,NA,NA,NA
NA,NA,NA,NA,NA,NA,NA
NA,NA,NA,NA,NA,NA,NA
"BC17_BC17_GGATGTTAGCGCCTCA-1","BC17","Luminal_Epithelial","aneuploid",TRUE,TRUE,"CNV_supported_malignant_candidate"
NA,NA,NA,NA,NA,NA,NA
NA,NA,NA,NA,NA,NA,NA
NA,NA,NA,NA,NA,NA,NA
NA,NA,NA,NA,NA,NA,NA
NA,NA,NA,NA,NA,NA,NA
NA,NA,NA,NA,NA,NA,NA
NA,NA,NA,NA,NA,NA,NA
NA,NA,NA,NA,NA,NA,NA
NA,NA,NA,NA,NA,NA,NA
NA,NA,NA,NA,NA,NA,NA
NA,NA,NA,NA,NA,NA,NA
NA,NA,NA,NA,NA,NA,NA
NA,NA,NA,NA,NA,NA,NA
NA,NA,NA,NA,NA,NA,NA
NA,NA,NA,NA,NA,NA,NA
"BC17_BC17_GGCGACTGTTGATTGC-1","BC17","Luminal_Epithelial","aneuploid",TRUE,TRUE,"CNV_supported_malignant_candidate"
NA,NA,NA,NA,NA,NA,NA
NA,NA,NA,NA,NA,NA,NA
NA,NA,NA,NA,NA,NA,NA
NA,NA,NA,NA,NA,NA,NA
NA,NA,NA,NA,NA,NA,NA
NA,NA,NA,NA,NA,NA,NA
NA,NA,NA,NA,NA,NA,NA
NA,NA,NA,NA,NA,NA,NA
"BC17_BC17_GGGAGATCACATTTCT-1","BC17","Luminal_Epithelial","aneuploid",TRUE,TRUE,"CNV_supported_malignant_candidate"
"BC17_BC17_GGGAGATCACGACTCG-1","BC17","Luminal_Epithelial","aneuploid",TRUE,TRUE,"CNV_supported_malignant_candidate"
"BC17_BC17_GGGAGATCATCTACGA-1","BC17","Luminal_Epithelial","aneuploid",TRUE,TRUE,"CNV_supported_malignant_candidate"
"BC17_BC17_GGGAGATTCAACGGGA-1","BC17","Luminal_Epithelial","aneuploid",TRUE,TRUE,"CNV_supported_malignant_candidate"
NA,NA,NA,NA,NA,NA,NA
NA,NA,NA,NA,NA,NA,NA
NA,NA,NA,NA,NA,NA,NA
NA,NA,NA,NA,NA,NA,NA
NA,NA,NA,NA,NA,NA,NA
NA,NA,NA,NA,NA,NA,NA
NA,NA,NA,NA,NA,NA,NA
"BC17_BC17_GGGCACTAGCAGGTCA-1","BC17","Luminal_Epithelial","aneuploid",TRUE,TRUE,"CNV_supported_malignant_candidate"
"BC17_BC17_GGGCACTCACAGCCCA-1","BC17","Luminal_Epithelial","aneuploid",TRUE,TRUE,"CNV_supported_malignant_candidate"
NA,NA,NA,NA,NA,NA,NA
NA,NA,NA,NA,NA,NA,NA
NA,NA,NA,NA,NA,NA,NA
NA,NA,NA,NA,NA,NA,NA
NA,NA,NA,NA,NA,NA,NA
NA,NA,NA,NA,NA,NA,NA
NA,NA,NA,NA,NA,NA,NA
NA,NA,NA,NA,NA,NA,NA
"BC17_BC17_GGGTCTGTCTAACGGT-1","BC17","Luminal_Epithelial","aneuploid",TRUE,TRUE,"CNV_supported_malignant_candidate"
NA,NA,NA,NA,NA,NA,NA
NA,NA,NA,NA,NA,NA,NA
NA,NA,NA,NA,NA,NA,NA
"BC17_BC17_GGGTTGCGTCTTCTCG-1","BC17","Luminal_Epithelial","aneuploid",TRUE,TRUE,"CNV_supported_malignant_candidate"
NA,NA,NA,NA,NA,NA,NA
NA,NA,NA,NA,NA,NA,NA
NA,NA,NA,NA,NA,NA,NA
NA,NA,NA,NA,NA,NA,NA
"BC17_BC17_GGTGAAGCAGTTTACG-1","BC17","Luminal_Epithelial","aneuploid",TRUE,TRUE,"CNV_supported_malignant_candidate"
NA,NA,NA,NA,NA,NA,NA
"BC17_BC17_GGTGAAGGTTCGTCTC-1","BC17","Luminal_Epithelial","aneuploid",TRUE,TRUE,"CNV_supported_malignant_candidate"
NA,NA,NA,NA,NA,NA,NA
"BC17_BC17_GGTGCGTAGTGTACGG-1","BC17","Luminal_Epithelial","aneuploid",TRUE,TRUE,"CNV_supported_malignant_candidate"
NA,NA,NA,NA,NA,NA,NA
NA,NA,NA,NA,NA,NA,NA
"BC17_BC17_GGTGTTAGTAGGCTGA-1","BC17","Luminal_Epithelial","aneuploid",TRUE,TRUE,"CNV_supported_malignant_candidate"
NA,NA,NA,NA,NA,NA,NA
NA,NA,NA,NA,NA,NA,NA
NA,NA,NA,NA,NA,NA,NA
NA,NA,NA,NA,NA,NA,NA
NA,NA,NA,NA,NA,NA,NA
NA,NA,NA,NA,NA,NA,NA
NA,NA,NA,NA,NA,NA,NA
NA,NA,NA,NA,NA,NA,NA
NA,NA,NA,NA,NA,NA,NA
NA,NA,NA,NA,NA,NA,NA
NA,NA,NA,NA,NA,NA,NA
NA,NA,NA,NA,NA,NA,NA
"BC17_BC17_GTACTCCCAACTGGCC-1","BC17","Luminal_Epithelial","aneuploid",TRUE,TRUE,"CNV_supported_malignant_candidate"
NA,NA,NA,NA,NA,NA,NA
NA,NA,NA,NA,NA,NA,NA
NA,NA,NA,NA,NA,NA,NA
NA,NA,NA,NA,NA,NA,NA
NA,NA,NA,NA,NA,NA,NA
NA,NA,NA,NA,NA,NA,NA
"BC17_BC17_GTACTTTTCCAAAGTC-1","BC17","Luminal_Epithelial","aneuploid",TRUE,TRUE,"CNV_supported_malignant_candidate"
NA,NA,NA,NA,NA,NA,NA
NA,NA,NA,NA,NA,NA,NA
NA,NA,NA,NA,NA,NA,NA
NA,NA,NA,NA,NA,NA,NA
NA,NA,NA,NA,NA,NA,NA
NA,NA,NA,NA,NA,NA,NA
"BC17_BC17_GTAGTCACACGGACAA-1","BC17","Luminal_Epithelial","aneuploid",TRUE,TRUE,"CNV_supported_malignant_candidate"
NA,NA,NA,NA,NA,NA,NA
NA,NA,NA,NA,NA,NA,NA
"BC17_BC17_GTAGTCATCCATGAGT-1","BC17","Basal_Like_Epithelial","aneuploid",TRUE,TRUE,"CNV_supported_malignant_candidate"
NA,NA,NA,NA,NA,NA,NA
NA,NA,NA,NA,NA,NA,NA
"BC17_BC17_GTATCTTGTTGCGTTA-1","BC17","Luminal_Epithelial","aneuploid",TRUE,TRUE,"CNV_supported_malignant_candidate"
NA,NA,NA,NA,NA,NA,NA
NA,NA,NA,NA,NA,NA,NA
"BC17_BC17_GTATTCTTCTCTTGAT-1","BC17","Luminal_Epithelial","aneuploid",TRUE,TRUE,"CNV_supported_malignant_candidate"
NA,NA,NA,NA,NA,NA,NA
NA,NA,NA,NA,NA,NA,NA
NA,NA,NA,NA,NA,NA,NA
NA,NA,NA,NA,NA,NA,NA
NA,NA,NA,NA,NA,NA,NA
NA,NA,NA,NA,NA,NA,NA
NA,NA,NA,NA,NA,NA,NA
NA,NA,NA,NA,NA,NA,NA
NA,NA,NA,NA,NA,NA,NA
NA,NA,NA,NA,NA,NA,NA
NA,NA,NA,NA,NA,NA,NA
NA,NA,NA,NA,NA,NA,NA
NA,NA,NA,NA,NA,NA,NA
NA,NA,NA,NA,NA,NA,NA
NA,NA,NA,NA,NA,NA,NA
NA,NA,NA,NA,NA,NA,NA
NA,NA,NA,NA,NA,NA,NA
"BC17_BC17_GTCCTCACAGTCTTCC-1","BC17","Luminal_Epithelial","aneuploid",TRUE,TRUE,"CNV_supported_malignant_candidate"
NA,NA,NA,NA,NA,NA,NA
NA,NA,NA,NA,NA,NA,NA
NA,NA,NA,NA,NA,NA,NA
NA,NA,NA,NA,NA,NA,NA
NA,NA,NA,NA,NA,NA,NA
NA,NA,NA,NA,NA,NA,NA
"BC17_BC17_GTCTCGTGTCTAGCCG-1","BC17","Luminal_Epithelial","aneuploid",TRUE,TRUE,"CNV_supported_malignant_candidate"
"BC17_BC17_GTCTCGTGTTCGCGAC-1","BC17","Luminal_Epithelial","aneuploid",TRUE,TRUE,"CNV_supported_malignant_candidate"
NA,NA,NA,NA,NA,NA,NA
NA,NA,NA,NA,NA,NA,NA
NA,NA,NA,NA,NA,NA,NA
NA,NA,NA,NA,NA,NA,NA
NA,NA,NA,NA,NA,NA,NA
NA,NA,NA,NA,NA,NA,NA
"BC17_BC17_GTGCATAAGCTGCGAA-1","BC17","Luminal_Epithelial","aneuploid",TRUE,TRUE,"CNV_supported_malignant_candidate"
NA,NA,NA,NA,NA,NA,NA
"BC17_BC17_GTGCATAGTTACCAGT-1","BC17","Luminal_Epithelial","aneuploid",TRUE,TRUE,"CNV_supported_malignant_candidate"
"BC17_BC17_GTGCATATCAACGGCC-1","BC17","Luminal_Epithelial","aneuploid",TRUE,TRUE,"CNV_supported_malignant_candidate"
NA,NA,NA,NA,NA,NA,NA
NA,NA,NA,NA,NA,NA,NA
NA,NA,NA,NA,NA,NA,NA
NA,NA,NA,NA,NA,NA,NA
NA,NA,NA,NA,NA,NA,NA
NA,NA,NA,NA,NA,NA,NA
"BC17_BC17_GTGGGTCGTTCATGGT-1","BC17","Luminal_Epithelial","aneuploid",TRUE,TRUE,"CNV_supported_malignant_candidate"
NA,NA,NA,NA,NA,NA,NA
NA,NA,NA,NA,NA,NA,NA
"BC17_BC17_GTGTGCGGTTACGGAG-1","BC17","Luminal_Epithelial","aneuploid",TRUE,TRUE,"CNV_supported_malignant_candidate"
"BC17_BC17_GTGTGCGGTTGCCTCT-1","BC17","Luminal_Epithelial","aneuploid",TRUE,TRUE,"CNV_supported_malignant_candidate"
NA,NA,NA,NA,NA,NA,NA
NA,NA,NA,NA,NA,NA,NA
NA,NA,NA,NA,NA,NA,NA
NA,NA,NA,NA,NA,NA,NA
NA,NA,NA,NA,NA,NA,NA
NA,NA,NA,NA,NA,NA,NA
NA,NA,NA,NA,NA,NA,NA
"BC17_BC17_GTGTTAGTCAGGTAAA-1","BC17","Luminal_Epithelial","aneuploid",TRUE,TRUE,"CNV_supported_malignant_candidate"
NA,NA,NA,NA,NA,NA,NA
NA,NA,NA,NA,NA,NA,NA
NA,NA,NA,NA,NA,NA,NA
NA,NA,NA,NA,NA,NA,NA
NA,NA,NA,NA,NA,NA,NA
NA,NA,NA,NA,NA,NA,NA
NA,NA,NA,NA,NA,NA,NA
NA,NA,NA,NA,NA,NA,NA
NA,NA,NA,NA,NA,NA,NA
NA,NA,NA,NA,NA,NA,NA
NA,NA,NA,NA,NA,NA,NA
"BC17_BC17_GTTCATTTCGGTGTTA-1","BC17","Luminal_Epithelial","aneuploid",TRUE,TRUE,"CNV_supported_malignant_candidate"
NA,NA,NA,NA,NA,NA,NA
NA,NA,NA,NA,NA,NA,NA
NA,NA,NA,NA,NA,NA,NA
NA,NA,NA,NA,NA,NA,NA
NA,NA,NA,NA,NA,NA,NA
NA,NA,NA,NA,NA,NA,NA
NA,NA,NA,NA,NA,NA,NA
NA,NA,NA,NA,NA,NA,NA
NA,NA,NA,NA,NA,NA,NA
NA,NA,NA,NA,NA,NA,NA
NA,NA,NA,NA,NA,NA,NA
NA,NA,NA,NA,NA,NA,NA
NA,NA,NA,NA,NA,NA,NA
"BC17_BC17_GTTTCTACATTCTCAT-1","BC17","Luminal_Epithelial","aneuploid",TRUE,TRUE,"CNV_supported_malignant_candidate"
NA,NA,NA,NA,NA,NA,NA
NA,NA,NA,NA,NA,NA,NA
NA,NA,NA,NA,NA,NA,NA
"BC17_BC17_TAAACCGTCTGCTTGC-1","BC17","Luminal_Epithelial","aneuploid",TRUE,TRUE,"CNV_supported_malignant_candidate"
"BC17_BC17_TAAGAGAAGTAGGTGC-1","BC17","Luminal_Epithelial","aneuploid",TRUE,TRUE,"CNV_supported_malignant_candidate"
"BC17_BC17_TAAGAGACACACGCTG-1","BC17","Basal_Like_Epithelial","aneuploid",TRUE,TRUE,"CNV_supported_malignant_candidate"
"BC17_BC17_TAAGCGTAGATAGTCA-1","BC17","Luminal_Epithelial","aneuploid",TRUE,TRUE,"CNV_supported_malignant_candidate"
NA,NA,NA,NA,NA,NA,NA
"BC17_BC17_TAAGCGTCAATAGCAA-1","BC17","Luminal_Epithelial","aneuploid",TRUE,TRUE,"CNV_supported_malignant_candidate"
NA,NA,NA,NA,NA,NA,NA
NA,NA,NA,NA,NA,NA,NA
"BC17_BC17_TAAGTGCAGACGCAAC-1","BC17","Luminal_Epithelial","aneuploid",TRUE,TRUE,"CNV_supported_malignant_candidate"
NA,NA,NA,NA,NA,NA,NA
"BC17_BC17_TACACGACAATGGACG-1","BC17","Luminal_Epithelial","aneuploid",TRUE,TRUE,"CNV_supported_malignant_candidate"
NA,NA,NA,NA,NA,NA,NA
NA,NA,NA,NA,NA,NA,NA
NA,NA,NA,NA,NA,NA,NA
"BC17_BC17_TACAGTGCAGTGGGAT-1","BC17","Luminal_Epithelial","aneuploid",TRUE,TRUE,"CNV_supported_malignant_candidate"
NA,NA,NA,NA,NA,NA,NA
NA,NA,NA,NA,NA,NA,NA
"BC17_BC17_TACCTATTCTCTAAGG-1","BC17","Luminal_Epithelial","aneuploid",TRUE,TRUE,"CNV_supported_malignant_candidate"
NA,NA,NA,NA,NA,NA,NA
NA,NA,NA,NA,NA,NA,NA
NA,NA,NA,NA,NA,NA,NA
NA,NA,NA,NA,NA,NA,NA
NA,NA,NA,NA,NA,NA,NA
NA,NA,NA,NA,NA,NA,NA
"BC17_BC17_TACGGATAGCTGAAAT-1","BC17","Luminal_Epithelial","aneuploid",TRUE,TRUE,"CNV_supported_malignant_candidate"
NA,NA,NA,NA,NA,NA,NA
"BC17_BC17_TACGGATGTTCCGGCA-1","BC17","Luminal_Epithelial","aneuploid",TRUE,TRUE,"CNV_supported_malignant_candidate"
NA,NA,NA,NA,NA,NA,NA
NA,NA,NA,NA,NA,NA,NA
NA,NA,NA,NA,NA,NA,NA
NA,NA,NA,NA,NA,NA,NA
"BC17_BC17_TACGGTACATAGGATA-1","BC17","Luminal_Epithelial","aneuploid",TRUE,TRUE,"CNV_supported_malignant_candidate"
NA,NA,NA,NA,NA,NA,NA
"BC17_BC17_TACGGTAGTCATACTG-1","BC17","Luminal_Epithelial","aneuploid",TRUE,TRUE,"CNV_supported_malignant_candidate"
NA,NA,NA,NA,NA,NA,NA
NA,NA,NA,NA,NA,NA,NA
NA,NA,NA,NA,NA,NA,NA
NA,NA,NA,NA,NA,NA,NA
NA,NA,NA,NA,NA,NA,NA
NA,NA,NA,NA,NA,NA,NA
NA,NA,NA,NA,NA,NA,NA
NA,NA,NA,NA,NA,NA,NA
NA,NA,NA,NA,NA,NA,NA
"BC17_BC17_TACTTACAGACTGTAA-1","BC17","Luminal_Epithelial","aneuploid",TRUE,TRUE,"CNV_supported_malignant_candidate"
NA,NA,NA,NA,NA,NA,NA
NA,NA,NA,NA,NA,NA,NA
NA,NA,NA,NA,NA,NA,NA
NA,NA,NA,NA,NA,NA,NA
NA,NA,NA,NA,NA,NA,NA
NA,NA,NA,NA,NA,NA,NA
NA,NA,NA,NA,NA,NA,NA
NA,NA,NA,NA,NA,NA,NA
NA,NA,NA,NA,NA,NA,NA
NA,NA,NA,NA,NA,NA,NA
NA,NA,NA,NA,NA,NA,NA
NA,NA,NA,NA,NA,NA,NA
NA,NA,NA,NA,NA,NA,NA
"BC17_BC17_TAGCCGGGTACCGGCT-1","BC17","Luminal_Epithelial","aneuploid",TRUE,TRUE,"CNV_supported_malignant_candidate"
"BC17_BC17_TAGCCGGGTGCATCTA-1","BC17","Luminal_Epithelial","aneuploid",TRUE,TRUE,"CNV_supported_malignant_candidate"
NA,NA,NA,NA,NA,NA,NA
NA,NA,NA,NA,NA,NA,NA
NA,NA,NA,NA,NA,NA,NA
"BC17_BC17_TAGGCATTCCTGCTTG-1","BC17","Luminal_Epithelial","aneuploid",TRUE,TRUE,"CNV_supported_malignant_candidate"
"BC17_BC17_TAGTGGTAGACTTGAA-1","BC17","Luminal_Epithelial","aneuploid",TRUE,TRUE,"CNV_supported_malignant_candidate"
NA,NA,NA,NA,NA,NA,NA
NA,NA,NA,NA,NA,NA,NA
NA,NA,NA,NA,NA,NA,NA
NA,NA,NA,NA,NA,NA,NA
NA,NA,NA,NA,NA,NA,NA
NA,NA,NA,NA,NA,NA,NA
NA,NA,NA,NA,NA,NA,NA
NA,NA,NA,NA,NA,NA,NA
"BC17_BC17_TAGTTGGGTACCAGTT-1","BC17","Basal_Like_Epithelial","aneuploid",TRUE,TRUE,"CNV_supported_malignant_candidate"
"BC17_BC17_TATCAGGAGATCTGCT-1","BC17","Luminal_Epithelial","aneuploid",TRUE,TRUE,"CNV_supported_malignant_candidate"
NA,NA,NA,NA,NA,NA,NA
NA,NA,NA,NA,NA,NA,NA
NA,NA,NA,NA,NA,NA,NA
"BC17_BC17_TATCTCATCAGGATCT-1","BC17","Luminal_Epithelial","aneuploid",TRUE,TRUE,"CNV_supported_malignant_candidate"
NA,NA,NA,NA,NA,NA,NA
NA,NA,NA,NA,NA,NA,NA
NA,NA,NA,NA,NA,NA,NA
NA,NA,NA,NA,NA,NA,NA
NA,NA,NA,NA,NA,NA,NA
"BC17_BC17_TCAATCTTCGTCTGAA-1","BC17","Luminal_Epithelial","aneuploid",TRUE,TRUE,"CNV_supported_malignant_candidate"
NA,NA,NA,NA,NA,NA,NA
"BC17_BC17_TCACAAGAGCCAGGAT-1","BC17","Luminal_Epithelial","aneuploid",TRUE,TRUE,"CNV_supported_malignant_candidate"
NA,NA,NA,NA,NA,NA,NA
NA,NA,NA,NA,NA,NA,NA
NA,NA,NA,NA,NA,NA,NA
"BC17_BC17_TCACGAAGTCCATCCT-1","BC17","Luminal_Epithelial","aneuploid",TRUE,TRUE,"CNV_supported_malignant_candidate"
NA,NA,NA,NA,NA,NA,NA
NA,NA,NA,NA,NA,NA,NA
NA,NA,NA,NA,NA,NA,NA
NA,NA,NA,NA,NA,NA,NA
NA,NA,NA,NA,NA,NA,NA
NA,NA,NA,NA,NA,NA,NA
NA,NA,NA,NA,NA,NA,NA
NA,NA,NA,NA,NA,NA,NA
NA,NA,NA,NA,NA,NA,NA
NA,NA,NA,NA,NA,NA,NA
NA,NA,NA,NA,NA,NA,NA
NA,NA,NA,NA,NA,NA,NA
NA,NA,NA,NA,NA,NA,NA
NA,NA,NA,NA,NA,NA,NA
NA,NA,NA,NA,NA,NA,NA
NA,NA,NA,NA,NA,NA,NA
NA,NA,NA,NA,NA,NA,NA
NA,NA,NA,NA,NA,NA,NA
NA,NA,NA,NA,NA,NA,NA
NA,NA,NA,NA,NA,NA,NA
NA,NA,NA,NA,NA,NA,NA
NA,NA,NA,NA,NA,NA,NA
NA,NA,NA,NA,NA,NA,NA
NA,NA,NA,NA,NA,NA,NA
"BC17_BC17_TCATTTGGTTGATTCG-1","BC17","Luminal_Epithelial","aneuploid",TRUE,TRUE,"CNV_supported_malignant_candidate"
NA,NA,NA,NA,NA,NA,NA
NA,NA,NA,NA,NA,NA,NA
"BC17_BC17_TCCACACAGAGCTGCA-1","BC17","Luminal_Epithelial","aneuploid",TRUE,TRUE,"CNV_supported_malignant_candidate"
NA,NA,NA,NA,NA,NA,NA
"BC17_BC17_TCCACACAGGTAGCTG-1","BC17","Luminal_Epithelial","aneuploid",TRUE,TRUE,"CNV_supported_malignant_candidate"
NA,NA,NA,NA,NA,NA,NA
NA,NA,NA,NA,NA,NA,NA
NA,NA,NA,NA,NA,NA,NA
"BC17_BC17_TCCCGATAGAGTAATC-1","BC17","Luminal_Epithelial","aneuploid",TRUE,TRUE,"CNV_supported_malignant_candidate"
NA,NA,NA,NA,NA,NA,NA
NA,NA,NA,NA,NA,NA,NA
"BC17_BC17_TCGAGGCAGTTAAGTG-1","BC17","Luminal_Epithelial","aneuploid",TRUE,TRUE,"CNV_supported_malignant_candidate"
NA,NA,NA,NA,NA,NA,NA
NA,NA,NA,NA,NA,NA,NA
NA,NA,NA,NA,NA,NA,NA
"BC17_BC17_TCGAGGCGTTTGGGCC-1","BC17","Luminal_Epithelial","aneuploid",TRUE,TRUE,"CNV_supported_malignant_candidate"
NA,NA,NA,NA,NA,NA,NA
NA,NA,NA,NA,NA,NA,NA
NA,NA,NA,NA,NA,NA,NA
"BC17_BC17_TCGCGAGTCATAACCG-1","BC17","Luminal_Epithelial","aneuploid",TRUE,TRUE,"CNV_supported_malignant_candidate"
"BC17_BC17_TCGCGTTAGCTGATAA-1","BC17","Luminal_Epithelial","aneuploid",TRUE,TRUE,"CNV_supported_malignant_candidate"
NA,NA,NA,NA,NA,NA,NA
NA,NA,NA,NA,NA,NA,NA
NA,NA,NA,NA,NA,NA,NA
NA,NA,NA,NA,NA,NA,NA
NA,NA,NA,NA,NA,NA,NA
NA,NA,NA,NA,NA,NA,NA
NA,NA,NA,NA,NA,NA,NA
NA,NA,NA,NA,NA,NA,NA
"BC17_BC17_TCGTAGAGTACACCGC-1","BC17","Luminal_Epithelial","aneuploid",TRUE,TRUE,"CNV_supported_malignant_candidate"
NA,NA,NA,NA,NA,NA,NA
NA,NA,NA,NA,NA,NA,NA
NA,NA,NA,NA,NA,NA,NA
NA,NA,NA,NA,NA,NA,NA
NA,NA,NA,NA,NA,NA,NA
NA,NA,NA,NA,NA,NA,NA
NA,NA,NA,NA,NA,NA,NA
NA,NA,NA,NA,NA,NA,NA
NA,NA,NA,NA,NA,NA,NA
NA,NA,NA,NA,NA,NA,NA
NA,NA,NA,NA,NA,NA,NA
NA,NA,NA,NA,NA,NA,NA
NA,NA,NA,NA,NA,NA,NA
NA,NA,NA,NA,NA,NA,NA
NA,NA,NA,NA,NA,NA,NA
"BC17_BC17_TCTGGAAAGACAATAC-1","BC17","Luminal_Epithelial","aneuploid",TRUE,TRUE,"CNV_supported_malignant_candidate"
NA,NA,NA,NA,NA,NA,NA
NA,NA,NA,NA,NA,NA,NA
"BC17_BC17_TCTGGAAGTATGAAAC-1","BC17","Luminal_Epithelial","aneuploid",TRUE,TRUE,"CNV_supported_malignant_candidate"
NA,NA,NA,NA,NA,NA,NA
NA,NA,NA,NA,NA,NA,NA
NA,NA,NA,NA,NA,NA,NA
NA,NA,NA,NA,NA,NA,NA
NA,NA,NA,NA,NA,NA,NA
NA,NA,NA,NA,NA,NA,NA
NA,NA,NA,NA,NA,NA,NA
NA,NA,NA,NA,NA,NA,NA
NA,NA,NA,NA,NA,NA,NA
NA,NA,NA,NA,NA,NA,NA
NA,NA,NA,NA,NA,NA,NA
NA,NA,NA,NA,NA,NA,NA
NA,NA,NA,NA,NA,NA,NA
NA,NA,NA,NA,NA,NA,NA
NA,NA,NA,NA,NA,NA,NA
"BC17_BC17_TGACTAGAGGGATCTG-1","BC17","Luminal_Epithelial","aneuploid",TRUE,TRUE,"CNV_supported_malignant_candidate"
NA,NA,NA,NA,NA,NA,NA
NA,NA,NA,NA,NA,NA,NA
"BC17_BC17_TGACTAGCACTGTGTA-1","BC17","Luminal_Epithelial","aneuploid",TRUE,TRUE,"CNV_supported_malignant_candidate"
NA,NA,NA,NA,NA,NA,NA
NA,NA,NA,NA,NA,NA,NA
"BC17_BC17_TGACTTTAGACCCACC-1","BC17","Luminal_Epithelial","aneuploid",TRUE,TRUE,"CNV_supported_malignant_candidate"
NA,NA,NA,NA,NA,NA,NA
NA,NA,NA,NA,NA,NA,NA
NA,NA,NA,NA,NA,NA,NA
NA,NA,NA,NA,NA,NA,NA
"BC17_BC17_TGAGAGGGTTCGTTGA-1","BC17","Basal_Like_Epithelial","aneuploid",TRUE,TRUE,"CNV_supported_malignant_candidate"
NA,NA,NA,NA,NA,NA,NA
"BC17_BC17_TGAGAGGTCCTTTCTC-1","BC17","Luminal_Epithelial","aneuploid",TRUE,TRUE,"CNV_supported_malignant_candidate"
NA,NA,NA,NA,NA,NA,NA
NA,NA,NA,NA,NA,NA,NA
NA,NA,NA,NA,NA,NA,NA
NA,NA,NA,NA,NA,NA,NA
NA,NA,NA,NA,NA,NA,NA
NA,NA,NA,NA,NA,NA,NA
NA,NA,NA,NA,NA,NA,NA
NA,NA,NA,NA,NA,NA,NA
NA,NA,NA,NA,NA,NA,NA
NA,NA,NA,NA,NA,NA,NA
NA,NA,NA,NA,NA,NA,NA
"BC17_BC17_TGATTTCCAGACACTT-1","BC17","Luminal_Epithelial","aneuploid",TRUE,TRUE,"CNV_supported_malignant_candidate"
"BC17_BC17_TGATTTCGTAGCGATG-1","BC17","Luminal_Epithelial","aneuploid",TRUE,TRUE,"CNV_supported_malignant_candidate"
NA,NA,NA,NA,NA,NA,NA
"BC17_BC17_TGCACCTGTAGTACCT-1","BC17","Luminal_Epithelial","aneuploid",TRUE,TRUE,"CNV_supported_malignant_candidate"
NA,NA,NA,NA,NA,NA,NA
NA,NA,NA,NA,NA,NA,NA
NA,NA,NA,NA,NA,NA,NA
NA,NA,NA,NA,NA,NA,NA
NA,NA,NA,NA,NA,NA,NA
NA,NA,NA,NA,NA,NA,NA
NA,NA,NA,NA,NA,NA,NA
NA,NA,NA,NA,NA,NA,NA
NA,NA,NA,NA,NA,NA,NA
"BC17_BC17_TGCCCTAGTCTCTCGT-1","BC17","Luminal_Epithelial","aneuploid",TRUE,TRUE,"CNV_supported_malignant_candidate"
"BC17_BC17_TGCGCAGCACACTGCG-1","BC17","Luminal_Epithelial","aneuploid",TRUE,TRUE,"CNV_supported_malignant_candidate"
"BC17_BC17_TGCGGGTAGCTAACAA-1","BC17","Luminal_Epithelial","aneuploid",TRUE,TRUE,"CNV_supported_malignant_candidate"
NA,NA,NA,NA,NA,NA,NA
NA,NA,NA,NA,NA,NA,NA
"BC17_BC17_TGCGGGTTCTCTGTCG-1","BC17","Luminal_Epithelial","aneuploid",TRUE,TRUE,"CNV_supported_malignant_candidate"
NA,NA,NA,NA,NA,NA,NA
NA,NA,NA,NA,NA,NA,NA
NA,NA,NA,NA,NA,NA,NA
"BC17_BC17_TGCTACCGTACAGTTC-1","BC17","Luminal_Epithelial","aneuploid",TRUE,TRUE,"CNV_supported_malignant_candidate"
"BC17_BC17_TGCTACCGTACATGTC-1","BC17","Luminal_Epithelial","aneuploid",TRUE,TRUE,"CNV_supported_malignant_candidate"
"BC17_BC17_TGCTACCGTCCGTGAC-1","BC17","Luminal_Epithelial","aneuploid",TRUE,TRUE,"CNV_supported_malignant_candidate"
NA,NA,NA,NA,NA,NA,NA
NA,NA,NA,NA,NA,NA,NA
NA,NA,NA,NA,NA,NA,NA
NA,NA,NA,NA,NA,NA,NA
NA,NA,NA,NA,NA,NA,NA
NA,NA,NA,NA,NA,NA,NA
NA,NA,NA,NA,NA,NA,NA
NA,NA,NA,NA,NA,NA,NA
NA,NA,NA,NA,NA,NA,NA
NA,NA,NA,NA,NA,NA,NA
"BC17_BC17_TGGACGCGTCACAAGG-1","BC17","Luminal_Epithelial","aneuploid",TRUE,TRUE,"CNV_supported_malignant_candidate"
NA,NA,NA,NA,NA,NA,NA
NA,NA,NA,NA,NA,NA,NA
NA,NA,NA,NA,NA,NA,NA
NA,NA,NA,NA,NA,NA,NA
NA,NA,NA,NA,NA,NA,NA
NA,NA,NA,NA,NA,NA,NA
NA,NA,NA,NA,NA,NA,NA
NA,NA,NA,NA,NA,NA,NA
NA,NA,NA,NA,NA,NA,NA
NA,NA,NA,NA,NA,NA,NA
NA,NA,NA,NA,NA,NA,NA
"BC17_BC17_TGGGAAGAGTACGTTC-1","BC17","Luminal_Epithelial","aneuploid",TRUE,TRUE,"CNV_supported_malignant_candidate"
NA,NA,NA,NA,NA,NA,NA
NA,NA,NA,NA,NA,NA,NA
NA,NA,NA,NA,NA,NA,NA
NA,NA,NA,NA,NA,NA,NA
"BC17_BC17_TGGGAAGTCGGCTTGG-1","BC17","Luminal_Epithelial","aneuploid",TRUE,TRUE,"CNV_supported_malignant_candidate"
NA,NA,NA,NA,NA,NA,NA
"BC17_BC17_TGGGCGTCACCTTGTC-1","BC17","Luminal_Epithelial","aneuploid",TRUE,TRUE,"CNV_supported_malignant_candidate"
NA,NA,NA,NA,NA,NA,NA
NA,NA,NA,NA,NA,NA,NA
NA,NA,NA,NA,NA,NA,NA
NA,NA,NA,NA,NA,NA,NA
"BC17_BC17_TGGTTAGAGCAATATG-1","BC17","Luminal_Epithelial","aneuploid",TRUE,TRUE,"CNV_supported_malignant_candidate"
NA,NA,NA,NA,NA,NA,NA
NA,NA,NA,NA,NA,NA,NA
NA,NA,NA,NA,NA,NA,NA
NA,NA,NA,NA,NA,NA,NA
NA,NA,NA,NA,NA,NA,NA
"BC17_BC17_TGGTTAGGTCAGTGGA-1","BC17","Luminal_Epithelial","aneuploid",TRUE,TRUE,"CNV_supported_malignant_candidate"
NA,NA,NA,NA,NA,NA,NA
NA,NA,NA,NA,NA,NA,NA
NA,NA,NA,NA,NA,NA,NA
NA,NA,NA,NA,NA,NA,NA
NA,NA,NA,NA,NA,NA,NA
NA,NA,NA,NA,NA,NA,NA
NA,NA,NA,NA,NA,NA,NA
"BC17_BC17_TGTATTCTCCCAAGAT-1","BC17","Luminal_Epithelial","aneuploid",TRUE,TRUE,"CNV_supported_malignant_candidate"
NA,NA,NA,NA,NA,NA,NA
"BC17_BC17_TGTCCCAGTGCACCAC-1","BC17","Luminal_Epithelial","aneuploid",TRUE,TRUE,"CNV_supported_malignant_candidate"
NA,NA,NA,NA,NA,NA,NA
NA,NA,NA,NA,NA,NA,NA
NA,NA,NA,NA,NA,NA,NA
NA,NA,NA,NA,NA,NA,NA
NA,NA,NA,NA,NA,NA,NA
NA,NA,NA,NA,NA,NA,NA
NA,NA,NA,NA,NA,NA,NA
"BC17_BC17_TGTGGTATCCGAGCCA-1","BC17","Luminal_Epithelial","aneuploid",TRUE,TRUE,"CNV_supported_malignant_candidate"
NA,NA,NA,NA,NA,NA,NA
NA,NA,NA,NA,NA,NA,NA
NA,NA,NA,NA,NA,NA,NA
NA,NA,NA,NA,NA,NA,NA
NA,NA,NA,NA,NA,NA,NA
NA,NA,NA,NA,NA,NA,NA
"BC17_BC17_TGTTCCGGTCTACCTC-1","BC17","Luminal_Epithelial","aneuploid",TRUE,TRUE,"CNV_supported_malignant_candidate"
NA,NA,NA,NA,NA,NA,NA
NA,NA,NA,NA,NA,NA,NA
NA,NA,NA,NA,NA,NA,NA
NA,NA,NA,NA,NA,NA,NA
NA,NA,NA,NA,NA,NA,NA
NA,NA,NA,NA,NA,NA,NA
NA,NA,NA,NA,NA,NA,NA
NA,NA,NA,NA,NA,NA,NA
NA,NA,NA,NA,NA,NA,NA
"BC17_BC17_TTAGGACCACGCATCG-1","BC17","Luminal_Epithelial","aneuploid",TRUE,TRUE,"CNV_supported_malignant_candidate"
NA,NA,NA,NA,NA,NA,NA
NA,NA,NA,NA,NA,NA,NA
NA,NA,NA,NA,NA,NA,NA
"BC17_BC17_TTAGGCACACACCGCA-1","BC17","Luminal_Epithelial","aneuploid",TRUE,TRUE,"CNV_supported_malignant_candidate"
NA,NA,NA,NA,NA,NA,NA
NA,NA,NA,NA,NA,NA,NA
NA,NA,NA,NA,NA,NA,NA
"BC17_BC17_TTAGTTCTCTCTTGAT-1","BC17","Luminal_Epithelial","aneuploid",TRUE,TRUE,"CNV_supported_malignant_candidate"
NA,NA,NA,NA,NA,NA,NA
NA,NA,NA,NA,NA,NA,NA
NA,NA,NA,NA,NA,NA,NA
NA,NA,NA,NA,NA,NA,NA
NA,NA,NA,NA,NA,NA,NA
NA,NA,NA,NA,NA,NA,NA
NA,NA,NA,NA,NA,NA,NA
NA,NA,NA,NA,NA,NA,NA
"BC17_BC17_TTCGGTCTCCAAATGC-1","BC17","Luminal_Epithelial","aneuploid",TRUE,TRUE,"CNV_supported_malignant_candidate"
NA,NA,NA,NA,NA,NA,NA
"BC17_BC17_TTCTACAAGGTCGGAT-1","BC17","Luminal_Epithelial","aneuploid",TRUE,TRUE,"CNV_supported_malignant_candidate"
NA,NA,NA,NA,NA,NA,NA
NA,NA,NA,NA,NA,NA,NA
NA,NA,NA,NA,NA,NA,NA
NA,NA,NA,NA,NA,NA,NA
NA,NA,NA,NA,NA,NA,NA
NA,NA,NA,NA,NA,NA,NA
NA,NA,NA,NA,NA,NA,NA
NA,NA,NA,NA,NA,NA,NA
NA,NA,NA,NA,NA,NA,NA
NA,NA,NA,NA,NA,NA,NA
NA,NA,NA,NA,NA,NA,NA
NA,NA,NA,NA,NA,NA,NA
NA,NA,NA,NA,NA,NA,NA
"BC17_BC17_TTCTCCTTCCTCAACC-1","BC17","Luminal_Epithelial","aneuploid",TRUE,TRUE,"CNV_supported_malignant_candidate"
"BC17_BC17_TTCTCCTTCGCTTGTC-1","BC17","Luminal_Epithelial","aneuploid",TRUE,TRUE,"CNV_supported_malignant_candidate"
NA,NA,NA,NA,NA,NA,NA
NA,NA,NA,NA,NA,NA,NA
NA,NA,NA,NA,NA,NA,NA
NA,NA,NA,NA,NA,NA,NA
"BC17_BC17_TTGAACGTCGGCCGAT-1","BC17","Luminal_Epithelial","aneuploid",TRUE,TRUE,"CNV_supported_malignant_candidate"
"BC17_BC17_TTGACTTCAAGGACTG-1","BC17","Luminal_Epithelial","aneuploid",TRUE,TRUE,"CNV_supported_malignant_candidate"
NA,NA,NA,NA,NA,NA,NA
NA,NA,NA,NA,NA,NA,NA
NA,NA,NA,NA,NA,NA,NA
"BC17_BC17_TTGACTTGTATATCCG-1","BC17","Luminal_Epithelial","aneuploid",TRUE,TRUE,"CNV_supported_malignant_candidate"
NA,NA,NA,NA,NA,NA,NA
NA,NA,NA,NA,NA,NA,NA
NA,NA,NA,NA,NA,NA,NA
NA,NA,NA,NA,NA,NA,NA
"BC17_BC17_TTGCGTCTCTCCGGTT-1","BC17","Luminal_Epithelial","aneuploid",TRUE,TRUE,"CNV_supported_malignant_candidate"
NA,NA,NA,NA,NA,NA,NA
NA,NA,NA,NA,NA,NA,NA
NA,NA,NA,NA,NA,NA,NA
NA,NA,NA,NA,NA,NA,NA
"BC17_BC17_TTGGCAAAGCTATGCT-1","BC17","Luminal_Epithelial","aneuploid",TRUE,TRUE,"CNV_supported_malignant_candidate"
"BC17_BC17_TTGGCAACAACCGCCA-1","BC17","Luminal_Epithelial","aneuploid",TRUE,TRUE,"CNV_supported_malignant_candidate"
NA,NA,NA,NA,NA,NA,NA
NA,NA,NA,NA,NA,NA,NA
NA,NA,NA,NA,NA,NA,NA
"BC17_BC17_TTGGCAAGTCACACGC-1","BC17","Luminal_Epithelial","aneuploid",TRUE,TRUE,"CNV_supported_malignant_candidate"
NA,NA,NA,NA,NA,NA,NA
"BC17_BC17_TTGTAGGCACGGCGTT-1","BC17","Luminal_Epithelial","aneuploid",TRUE,TRUE,"CNV_supported_malignant_candidate"
NA,NA,NA,NA,NA,NA,NA
NA,NA,NA,NA,NA,NA,NA
NA,NA,NA,NA,NA,NA,NA
"BC17_BC17_TTTACTGGTAATAGCA-1","BC17","Luminal_Epithelial","aneuploid",TRUE,TRUE,"CNV_supported_malignant_candidate"
"BC17_BC17_TTTACTGTCACTCTTA-1","BC17","Luminal_Epithelial","aneuploid",TRUE,TRUE,"CNV_supported_malignant_candidate"
NA,NA,NA,NA,NA,NA,NA
NA,NA,NA,NA,NA,NA,NA
NA,NA,NA,NA,NA,NA,NA
"BC17_BC17_TTTATGCGTTTGTTTC-1","BC17","Luminal_Epithelial","aneuploid",TRUE,TRUE,"CNV_supported_malignant_candidate"
"BC17_BC17_TTTATGCTCAGTGCAT-1","BC17","Luminal_Epithelial","aneuploid",TRUE,TRUE,"CNV_supported_malignant_candidate"
NA,NA,NA,NA,NA,NA,NA
NA,NA,NA,NA,NA,NA,NA
NA,NA,NA,NA,NA,NA,NA
"BC17_BC17_TTTGCGCTCTTGCAAG-1","BC17","Luminal_Epithelial","aneuploid",TRUE,TRUE,"CNV_supported_malignant_candidate"
NA,NA,NA,NA,NA,NA,NA
NA,NA,NA,NA,NA,NA,NA
NA,NA,NA,NA,NA,NA,NA
NA,NA,NA,NA,NA,NA,NA
"BC17_BC17_TTTGTCAAGCCAGGAT-1","BC17","Luminal_Epithelial","aneuploid",TRUE,TRUE,"CNV_supported_malignant_candidate"
NA,NA,NA,NA,NA,NA,NA
NA,NA,NA,NA,NA,NA,NA
